[2025-04-04T15:18:02.002+0000] {manager.py:483} INFO - Processing files using up to 1 processes at a time 
[2025-04-04T15:18:02.003+0000] {manager.py:484} INFO - Process each file at most once every 30 seconds
[2025-04-04T15:18:02.003+0000] {manager.py:485} INFO - Checking for new files in /home/ubuntu/airflow/dags every 300 seconds
[2025-04-04T15:18:02.003+0000] {manager.py:821} INFO - Searching for files in /home/ubuntu/airflow/dags
[2025-04-04T15:18:02.016+0000] {manager.py:824} INFO - There are 57 files in /home/ubuntu/airflow/dags
[2025-04-04T15:18:02.163+0000] {manager.py:997} INFO - 
================================================================================
DAG File Processing Stats

File Path                                                                                                                       PID    Runtime      # DAGs    # Errors  Last Runtime    Last Run               Last # of DB Queries
------------------------------------------------------------------------------------------------------------------------------  -----  ---------  --------  ----------  --------------  -------------------  ----------------------
/home/ubuntu/venv/lib/python3.12/site-packages/airflow/example_dags/subdags/subdag.py                                                                    0           0  0.10s           2025-04-04T15:18:02                       3
/home/ubuntu/venv/lib/python3.12/site-packages/airflow/example_dags/example_branch_python_dop_operator_3.py                                              0           0                                                            0
/home/ubuntu/venv/lib/python3.12/site-packages/airflow/example_dags/example_passing_params_via_test_command.py                                           0           0                                                            0
/home/ubuntu/venv/lib/python3.12/site-packages/airflow/example_dags/example_time_delta_sensor_async.py                                                   0           0                                                            0
/home/ubuntu/venv/lib/python3.12/site-packages/airflow/example_dags/example_dataset_alias_with_no_taskflow.py                                            0           0                                                            0
/home/ubuntu/venv/lib/python3.12/site-packages/airflow/example_dags/example_xcom.py                                                                      0           0                                                            0
/home/ubuntu/venv/lib/python3.12/site-packages/airflow/example_dags/example_subdag_operator.py                                                           0           0                                                            0
/home/ubuntu/venv/lib/python3.12/site-packages/airflow/example_dags/example_latest_only.py                                                               0           0                                                            0
/home/ubuntu/venv/lib/python3.12/site-packages/airflow/example_dags/example_outlet_event_extra.py                                                        0           0                                                            0
/home/ubuntu/venv/lib/python3.12/site-packages/airflow/example_dags/example_sensors.py                                                                   0           0                                                            0
/home/ubuntu/venv/lib/python3.12/site-packages/airflow/example_dags/tutorial_taskflow_templates.py                                                       0           0                                                            0
/home/ubuntu/venv/lib/python3.12/site-packages/airflow/example_dags/example_params_trigger_ui.py                                                         0           0                                                            0
/home/ubuntu/venv/lib/python3.12/site-packages/airflow/example_dags/example_latest_only_with_trigger.py                                                  0           0                                                            0
/home/ubuntu/venv/lib/python3.12/site-packages/airflow/example_dags/example_branch_operator_decorator.py                                                 0           0                                                            0
/home/ubuntu/venv/lib/python3.12/site-packages/airflow/example_dags/example_complex.py                                                                   0           0                                                            0
/home/ubuntu/venv/lib/python3.12/site-packages/airflow/example_dags/example_python_decorator.py                                                          0           0                                                            0
/home/ubuntu/venv/lib/python3.12/site-packages/airflow/example_dags/example_trigger_controller_dag.py                                                    0           0                                                            0
/home/ubuntu/venv/lib/python3.12/site-packages/airflow/example_dags/example_bash_decorator.py                                                            0           0                                                            0
/home/ubuntu/venv/lib/python3.12/site-packages/airflow/example_dags/example_branch_datetime_operator.py                                                  0           0                                                            0
/home/ubuntu/venv/lib/python3.12/site-packages/airflow/example_dags/example_inlet_event_extra.py                                                         0           0                                                            0
/home/ubuntu/venv/lib/python3.12/site-packages/airflow/example_dags/tutorial_taskflow_api_virtualenv.py                                                  0           0                                                            0
/home/ubuntu/venv/lib/python3.12/site-packages/airflow/example_dags/example_dag_decorator.py                                                             0           0                                                            0
/home/ubuntu/venv/lib/python3.12/site-packages/airflow/example_dags/example_nested_branch_dag.py                                                         0           0                                                            0
/home/ubuntu/venv/lib/python3.12/site-packages/airflow/example_dags/tutorial_dag.py                                                                      0           0                                                            0
/home/ubuntu/venv/lib/python3.12/site-packages/airflow/example_dags/tutorial.py                                                                          0           0                                                            0
/home/ubuntu/venv/lib/python3.12/site-packages/airflow/example_dags/example_trigger_target_dag.py                                                        0           0                                                            0
/home/ubuntu/venv/lib/python3.12/site-packages/airflow/example_dags/example_task_group.py                                                                0           0                                                            0
/home/ubuntu/venv/lib/python3.12/site-packages/airflow/example_dags/example_display_name.py                                                              0           0                                                            0
/home/ubuntu/venv/lib/python3.12/site-packages/airflow/example_dags/example_branch_operator.py                                                           0           0                                                            0
/home/ubuntu/venv/lib/python3.12/site-packages/airflow/example_dags/example_params_ui_tutorial.py                                                        0           0                                                            0
/home/ubuntu/venv/lib/python3.12/site-packages/airflow/example_dags/example_short_circuit_decorator.py                                                   0           0                                                            0
/home/ubuntu/venv/lib/python3.12/site-packages/airflow/example_dags/example_local_kubernetes_executor.py                                                 0           0                                                            0
/home/ubuntu/venv/lib/python3.12/site-packages/airflow/example_dags/example_external_task_marker_dag.py                                                  0           0                                                            0
/home/ubuntu/venv/lib/python3.12/site-packages/airflow/example_dags/example_python_operator.py                                                           0           0                                                            0
/home/ubuntu/venv/lib/python3.12/site-packages/airflow/example_dags/example_xcomargs.py                                                                  0           0                                                            0
/home/ubuntu/venv/lib/python3.12/site-packages/airflow/example_dags/tutorial_objectstorage.py                                                            0           0                                                            0
/home/ubuntu/venv/lib/python3.12/site-packages/airflow/example_dags/tutorial_taskflow_api.py                                                             0           0                                                            0
/home/ubuntu/venv/lib/python3.12/site-packages/airflow/example_dags/example_setup_teardown.py                                                            0           0                                                            0
/home/ubuntu/venv/lib/python3.12/site-packages/airflow/example_dags/example_branch_labels.py                                                             0           0                                                            0
/home/ubuntu/venv/lib/python3.12/site-packages/airflow/example_dags/example_task_group_decorator.py                                                      0           0                                                            0
/home/ubuntu/venv/lib/python3.12/site-packages/airflow/example_dags/example_dataset_alias.py                                                             0           0                                                            0
/home/ubuntu/venv/lib/python3.12/site-packages/airflow/example_dags/example_workday_timetable.py                                                         0           0                                                            0
/home/ubuntu/venv/lib/python3.12/site-packages/airflow/example_dags/example_bash_operator.py                                                             0           0                                                            0
/home/ubuntu/venv/lib/python3.12/site-packages/airflow/example_dags/example_branch_day_of_week_operator.py                                               0           0                                                            0
/home/ubuntu/venv/lib/python3.12/site-packages/airflow/example_dags/example_dynamic_task_mapping.py                                                      0           0                                                            0
/home/ubuntu/venv/lib/python3.12/site-packages/airflow/example_dags/example_sla_dag.py                                                                   0           0                                                            0
/home/ubuntu/venv/lib/python3.12/site-packages/airflow/example_dags/example_setup_teardown_taskflow.py                                                   0           0                                                            0
/home/ubuntu/venv/lib/python3.12/site-packages/airflow/example_dags/example_kubernetes_executor.py                                                       0           0                                                            0
/home/ubuntu/venv/lib/python3.12/site-packages/airflow/example_dags/example_skip_dag.py                                                                  0           0                                                            0
/home/ubuntu/venv/lib/python3.12/site-packages/airflow/example_dags/example_dynamic_task_mapping_with_no_taskflow_operators.py                           0           0                                                            0
/home/ubuntu/venv/lib/python3.12/site-packages/airflow/example_dags/example_short_circuit_operator.py                                                    0           0                                                            0
/home/ubuntu/venv/lib/python3.12/site-packages/airflow/example_dags/example_datasets.py                                                                  0           0                                                            0
/home/ubuntu/venv/lib/python3.12/site-packages/airflow/example_dags/example_sensor_decorator.py                                                          0           0                                                            0
/home/ubuntu/venv/lib/python3.12/site-packages/airflow/example_dags/plugins/decreasing_priority_weight_strategy.py                                       0           0                                                            0
/home/ubuntu/venv/lib/python3.12/site-packages/airflow/example_dags/plugins/event_listener.py                                                            0           0                                                            0
/home/ubuntu/venv/lib/python3.12/site-packages/airflow/example_dags/plugins/workday.py                                                                   0           0                                                            0
/home/ubuntu/venv/lib/python3.12/site-packages/airflow/example_dags/plugins/listener_plugin.py                                                           0           0                                                            0
================================================================================
[2025-04-04T15:18:32.751+0000] {manager.py:997} INFO - 
================================================================================
DAG File Processing Stats

File Path                                                                                                                       PID    Runtime      # DAGs    # Errors  Last Runtime    Last Run               Last # of DB Queries
------------------------------------------------------------------------------------------------------------------------------  -----  ---------  --------  ----------  --------------  -------------------  ----------------------
/home/ubuntu/venv/lib/python3.12/site-packages/airflow/example_dags/example_xcomargs.py                                                                  2           0  0.40s           2025-04-04T15:18:17                      79
/home/ubuntu/venv/lib/python3.12/site-packages/airflow/example_dags/tutorial_taskflow_templates.py                                                       1           0  0.31s           2025-04-04T15:18:03                      45
/home/ubuntu/venv/lib/python3.12/site-packages/airflow/example_dags/example_sla_dag.py                                                                   1           0  0.30s           2025-04-04T15:18:26                      45
/home/ubuntu/venv/lib/python3.12/site-packages/airflow/example_dags/example_trigger_target_dag.py                                                        1           0  0.30s           2025-04-04T15:18:16                      43
/home/ubuntu/venv/lib/python3.12/site-packages/airflow/example_dags/example_xcom.py                                                                      1           0  0.30s           2025-04-04T15:18:12                      45
/home/ubuntu/venv/lib/python3.12/site-packages/airflow/example_dags/example_skip_dag.py                                                                  1           0  0.30s           2025-04-04T15:18:27                      45
/home/ubuntu/venv/lib/python3.12/site-packages/airflow/example_dags/example_task_group.py                                                                1           0  0.30s           2025-04-04T15:18:22                      43
/home/ubuntu/venv/lib/python3.12/site-packages/airflow/example_dags/example_time_delta_sensor_async.py                                                   1           0  0.30s           2025-04-04T15:18:11                      43
/home/ubuntu/venv/lib/python3.12/site-packages/airflow/example_dags/example_subdag_operator.py                                                           3           0  0.30s           2025-04-04T15:18:22                      53
/home/ubuntu/venv/lib/python3.12/site-packages/airflow/example_dags/example_sensors.py                                                                   1           0  0.30s           2025-04-04T15:18:30                      43
/home/ubuntu/venv/lib/python3.12/site-packages/airflow/example_dags/example_trigger_controller_dag.py                                                    1           0  0.30s           2025-04-04T15:18:12                      45
/home/ubuntu/venv/lib/python3.12/site-packages/airflow/example_dags/example_workday_timetable.py                                                         1           0  0.30s           2025-04-04T15:18:20                      45
/home/ubuntu/venv/lib/python3.12/site-packages/airflow/example_dags/tutorial_dag.py                                                                      1           0  0.30s           2025-04-04T15:18:14                      43
/home/ubuntu/venv/lib/python3.12/site-packages/airflow/example_dags/tutorial_taskflow_api.py                                                             1           0  0.30s           2025-04-04T15:18:19                      43
/home/ubuntu/venv/lib/python3.12/site-packages/airflow/example_dags/tutorial.py                                                                          1           0  0.30s           2025-04-04T15:18:15                      45
/home/ubuntu/venv/lib/python3.12/site-packages/airflow/example_dags/example_setup_teardown.py                                                            1           0  0.30s           2025-04-04T15:18:31                      43
/home/ubuntu/venv/lib/python3.12/site-packages/airflow/example_dags/tutorial_objectstorage.py                                                            1           0  0.30s           2025-04-04T15:18:18                      43
/home/ubuntu/venv/lib/python3.12/site-packages/airflow/example_dags/example_setup_teardown_taskflow.py                                                   1           0  0.30s           2025-04-04T15:18:32                      43
/home/ubuntu/venv/lib/python3.12/site-packages/airflow/example_dags/example_task_group_decorator.py                                                      1           0  0.30s           2025-04-04T15:18:24                      43
/home/ubuntu/venv/lib/python3.12/site-packages/airflow/example_dags/example_short_circuit_decorator.py                                                   1           0  0.30s           2025-04-04T15:18:23                      43
/home/ubuntu/venv/lib/python3.12/site-packages/airflow/example_dags/example_short_circuit_operator.py                                                    1           0  0.30s           2025-04-04T15:18:28                      43
/home/ubuntu/venv/lib/python3.12/site-packages/airflow/example_dags/subdags/subdag.py                                                                    0           0  0.10s           2025-04-04T15:18:02                       3
/home/ubuntu/venv/lib/python3.12/site-packages/airflow/example_dags/plugins/decreasing_priority_weight_strategy.py                                       0           0  0.10s           2025-04-04T15:18:05                       3
/home/ubuntu/venv/lib/python3.12/site-packages/airflow/example_dags/tutorial_taskflow_api_virtualenv.py                                                  0           0  0.10s           2025-04-04T15:18:04                       3
/home/ubuntu/venv/lib/python3.12/site-packages/airflow/example_dags/plugins/workday.py                                                                   0           0  0.10s           2025-04-04T15:18:08                       3
/home/ubuntu/venv/lib/python3.12/site-packages/airflow/example_dags/plugins/listener_plugin.py                                                           0           0  0.10s           2025-04-04T15:18:09                       3
/home/ubuntu/venv/lib/python3.12/site-packages/airflow/example_dags/plugins/event_listener.py                                                            0           0  0.10s           2025-04-04T15:18:07                       3
/home/ubuntu/venv/lib/python3.12/site-packages/airflow/example_dags/example_branch_python_dop_operator_3.py                                              0           0                                                            0
/home/ubuntu/venv/lib/python3.12/site-packages/airflow/example_dags/example_passing_params_via_test_command.py                                           0           0                                                            0
/home/ubuntu/venv/lib/python3.12/site-packages/airflow/example_dags/example_dataset_alias_with_no_taskflow.py                                            0           0                                                            0
/home/ubuntu/venv/lib/python3.12/site-packages/airflow/example_dags/example_latest_only.py                                                               0           0                                                            0
/home/ubuntu/venv/lib/python3.12/site-packages/airflow/example_dags/example_outlet_event_extra.py                                                        0           0                                                            0
/home/ubuntu/venv/lib/python3.12/site-packages/airflow/example_dags/example_params_trigger_ui.py                                                         0           0                                                            0
/home/ubuntu/venv/lib/python3.12/site-packages/airflow/example_dags/example_latest_only_with_trigger.py                                                  0           0                                                            0
/home/ubuntu/venv/lib/python3.12/site-packages/airflow/example_dags/example_branch_operator_decorator.py                                                 0           0                                                            0
/home/ubuntu/venv/lib/python3.12/site-packages/airflow/example_dags/example_complex.py                                                                   0           0                                                            0
/home/ubuntu/venv/lib/python3.12/site-packages/airflow/example_dags/example_python_decorator.py                                                          0           0                                                            0
/home/ubuntu/venv/lib/python3.12/site-packages/airflow/example_dags/example_bash_decorator.py                                                            0           0                                                            0
/home/ubuntu/venv/lib/python3.12/site-packages/airflow/example_dags/example_branch_datetime_operator.py                                                  0           0                                                            0
/home/ubuntu/venv/lib/python3.12/site-packages/airflow/example_dags/example_inlet_event_extra.py                                                         0           0                                                            0
/home/ubuntu/venv/lib/python3.12/site-packages/airflow/example_dags/example_dag_decorator.py                                                             0           0                                                            0
/home/ubuntu/venv/lib/python3.12/site-packages/airflow/example_dags/example_nested_branch_dag.py                                                         0           0                                                            0
/home/ubuntu/venv/lib/python3.12/site-packages/airflow/example_dags/example_display_name.py                                                              0           0                                                            0
/home/ubuntu/venv/lib/python3.12/site-packages/airflow/example_dags/example_branch_operator.py                                                           0           0                                                            0
/home/ubuntu/venv/lib/python3.12/site-packages/airflow/example_dags/example_params_ui_tutorial.py                                                        0           0                                                            0
/home/ubuntu/venv/lib/python3.12/site-packages/airflow/example_dags/example_local_kubernetes_executor.py                                                 0           0                                                            0
/home/ubuntu/venv/lib/python3.12/site-packages/airflow/example_dags/example_external_task_marker_dag.py                                                  0           0                                                            0
/home/ubuntu/venv/lib/python3.12/site-packages/airflow/example_dags/example_python_operator.py                                                           0           0                                                            0
/home/ubuntu/venv/lib/python3.12/site-packages/airflow/example_dags/example_branch_labels.py                                                             0           0                                                            0
/home/ubuntu/venv/lib/python3.12/site-packages/airflow/example_dags/example_dataset_alias.py                                                             0           0                                                            0
/home/ubuntu/venv/lib/python3.12/site-packages/airflow/example_dags/example_bash_operator.py                                                             0           0                                                            0
/home/ubuntu/venv/lib/python3.12/site-packages/airflow/example_dags/example_branch_day_of_week_operator.py                                               0           0                                                            0
/home/ubuntu/venv/lib/python3.12/site-packages/airflow/example_dags/example_dynamic_task_mapping.py                                                      0           0                                                            0
/home/ubuntu/venv/lib/python3.12/site-packages/airflow/example_dags/example_kubernetes_executor.py                                                       0           0                                                            0
/home/ubuntu/venv/lib/python3.12/site-packages/airflow/example_dags/example_dynamic_task_mapping_with_no_taskflow_operators.py                           0           0                                                            0
/home/ubuntu/venv/lib/python3.12/site-packages/airflow/example_dags/example_datasets.py                                                                  0           0                                                            0
/home/ubuntu/venv/lib/python3.12/site-packages/airflow/example_dags/example_sensor_decorator.py                                                          0           0                                                            0
================================================================================
[2025-04-04T15:19:03.316+0000] {manager.py:997} INFO - 
================================================================================
DAG File Processing Stats

File Path                                                                                                                       PID    Runtime      # DAGs    # Errors  Last Runtime    Last Run               Last # of DB Queries
------------------------------------------------------------------------------------------------------------------------------  -----  ---------  --------  ----------  --------------  -------------------  ----------------------
/home/ubuntu/venv/lib/python3.12/site-packages/airflow/example_dags/example_datasets.py                                                                 10           0  1.20s           2025-04-04T15:18:58                     379
/home/ubuntu/venv/lib/python3.12/site-packages/airflow/example_dags/example_dataset_alias.py                                                             4           0  0.60s           2025-04-04T15:18:53                     157
/home/ubuntu/venv/lib/python3.12/site-packages/airflow/example_dags/example_dataset_alias_with_no_taskflow.py                                            4           0  0.60s           2025-04-04T15:18:47                     157
/home/ubuntu/venv/lib/python3.12/site-packages/airflow/example_dags/example_outlet_event_extra.py                                                        3           0  0.51s           2025-04-04T15:18:36                     118
/home/ubuntu/venv/lib/python3.12/site-packages/airflow/example_dags/example_branch_datetime_operator.py                                                  3           0  0.50s           2025-04-04T15:19:03                     117
/home/ubuntu/venv/lib/python3.12/site-packages/airflow/example_dags/example_inlet_event_extra.py                                                         2           0  0.41s           2025-04-04T15:18:49                      81
/home/ubuntu/venv/lib/python3.12/site-packages/airflow/example_dags/example_external_task_marker_dag.py                                                  2           0  0.40s           2025-04-04T15:18:52                      79
/home/ubuntu/venv/lib/python3.12/site-packages/airflow/example_dags/example_xcomargs.py                                                                  2           0  0.40s           2025-04-04T15:18:17                      79
/home/ubuntu/venv/lib/python3.12/site-packages/airflow/example_dags/tutorial_taskflow_templates.py                                                       1           0  0.31s           2025-04-04T15:18:03                      45
/home/ubuntu/venv/lib/python3.12/site-packages/airflow/example_dags/example_params_trigger_ui.py                                                         1           0  0.30s           2025-04-04T15:18:38                      43
/home/ubuntu/venv/lib/python3.12/site-packages/airflow/example_dags/example_sla_dag.py                                                                   1           0  0.30s           2025-04-04T15:18:26                      45
/home/ubuntu/venv/lib/python3.12/site-packages/airflow/example_dags/example_trigger_target_dag.py                                                        1           0  0.30s           2025-04-04T15:18:16                      43
/home/ubuntu/venv/lib/python3.12/site-packages/airflow/example_dags/example_xcom.py                                                                      1           0  0.30s           2025-04-04T15:18:12                      45
/home/ubuntu/venv/lib/python3.12/site-packages/airflow/example_dags/example_complex.py                                                                   1           0  0.30s           2025-04-04T15:19:01                      43
/home/ubuntu/venv/lib/python3.12/site-packages/airflow/example_dags/example_dag_decorator.py                                                             1           0  0.30s           2025-04-04T15:18:50                      43
/home/ubuntu/venv/lib/python3.12/site-packages/airflow/example_dags/example_latest_only.py                                                               1           0  0.30s           2025-04-04T15:18:35                      45
/home/ubuntu/venv/lib/python3.12/site-packages/airflow/example_dags/example_python_operator.py                                                           1           0  0.30s           2025-04-04T15:18:44                      43
/home/ubuntu/venv/lib/python3.12/site-packages/airflow/example_dags/example_skip_dag.py                                                                  1           0  0.30s           2025-04-04T15:18:27                      45
/home/ubuntu/venv/lib/python3.12/site-packages/airflow/example_dags/example_task_group.py                                                                1           0  0.30s           2025-04-04T15:18:22                      43
/home/ubuntu/venv/lib/python3.12/site-packages/airflow/example_dags/example_time_delta_sensor_async.py                                                   1           0  0.30s           2025-04-04T15:18:11                      43
/home/ubuntu/venv/lib/python3.12/site-packages/airflow/example_dags/example_subdag_operator.py                                                           3           0  0.30s           2025-04-04T15:18:22                      53
/home/ubuntu/venv/lib/python3.12/site-packages/airflow/example_dags/example_dynamic_task_mapping.py                                                      1           0  0.30s           2025-04-04T15:18:55                      43
/home/ubuntu/venv/lib/python3.12/site-packages/airflow/example_dags/example_sensors.py                                                                   1           0  0.30s           2025-04-04T15:18:30                      43
/home/ubuntu/venv/lib/python3.12/site-packages/airflow/example_dags/example_trigger_controller_dag.py                                                    1           0  0.30s           2025-04-04T15:18:12                      45
/home/ubuntu/venv/lib/python3.12/site-packages/airflow/example_dags/example_workday_timetable.py                                                         1           0  0.30s           2025-04-04T15:18:20                      45
/home/ubuntu/venv/lib/python3.12/site-packages/airflow/example_dags/tutorial_dag.py                                                                      1           0  0.30s           2025-04-04T15:18:14                      43
/home/ubuntu/venv/lib/python3.12/site-packages/airflow/example_dags/tutorial_taskflow_api.py                                                             1           0  0.30s           2025-04-04T15:18:19                      43
/home/ubuntu/venv/lib/python3.12/site-packages/airflow/example_dags/example_python_decorator.py                                                          1           0  0.30s           2025-04-04T15:18:40                      43
/home/ubuntu/venv/lib/python3.12/site-packages/airflow/example_dags/example_dynamic_task_mapping_with_no_taskflow_operators.py                           1           0  0.30s           2025-04-04T15:18:56                      43
/home/ubuntu/venv/lib/python3.12/site-packages/airflow/example_dags/example_passing_params_via_test_command.py                                           1           0  0.30s           2025-04-04T15:18:34                      45
/home/ubuntu/venv/lib/python3.12/site-packages/airflow/example_dags/example_sensor_decorator.py                                                          1           0  0.30s           2025-04-04T15:18:46                      43
/home/ubuntu/venv/lib/python3.12/site-packages/airflow/example_dags/tutorial.py                                                                          1           0  0.30s           2025-04-04T15:18:15                      45
/home/ubuntu/venv/lib/python3.12/site-packages/airflow/example_dags/example_display_name.py                                                              1           0  0.30s           2025-04-04T15:18:51                      43
/home/ubuntu/venv/lib/python3.12/site-packages/airflow/example_dags/example_branch_python_dop_operator_3.py                                              1           0  0.30s           2025-04-04T15:19:00                      45
/home/ubuntu/venv/lib/python3.12/site-packages/airflow/example_dags/example_setup_teardown.py                                                            1           0  0.30s           2025-04-04T15:18:31                      43
/home/ubuntu/venv/lib/python3.12/site-packages/airflow/example_dags/example_params_ui_tutorial.py                                                        1           0  0.30s           2025-04-04T15:18:43                      43
/home/ubuntu/venv/lib/python3.12/site-packages/airflow/example_dags/tutorial_objectstorage.py                                                            1           0  0.30s           2025-04-04T15:18:18                      43
/home/ubuntu/venv/lib/python3.12/site-packages/airflow/example_dags/example_setup_teardown_taskflow.py                                                   1           0  0.30s           2025-04-04T15:18:32                      43
/home/ubuntu/venv/lib/python3.12/site-packages/airflow/example_dags/example_latest_only_with_trigger.py                                                  1           0  0.30s           2025-04-04T15:18:39                      45
/home/ubuntu/venv/lib/python3.12/site-packages/airflow/example_dags/example_nested_branch_dag.py                                                         1           0  0.30s           2025-04-04T15:18:42                      45
/home/ubuntu/venv/lib/python3.12/site-packages/airflow/example_dags/example_bash_decorator.py                                                            1           0  0.30s           2025-04-04T15:19:02                      43
/home/ubuntu/venv/lib/python3.12/site-packages/airflow/example_dags/example_task_group_decorator.py                                                      1           0  0.30s           2025-04-04T15:18:24                      43
/home/ubuntu/venv/lib/python3.12/site-packages/airflow/example_dags/example_short_circuit_decorator.py                                                   1           0  0.30s           2025-04-04T15:18:23                      43
/home/ubuntu/venv/lib/python3.12/site-packages/airflow/example_dags/example_short_circuit_operator.py                                                    1           0  0.30s           2025-04-04T15:18:28                      43
/home/ubuntu/venv/lib/python3.12/site-packages/airflow/example_dags/subdags/subdag.py                                                                    0           0  0.10s           2025-04-04T15:18:02                       3
/home/ubuntu/venv/lib/python3.12/site-packages/airflow/example_dags/example_local_kubernetes_executor.py                                                 0           0  0.10s           2025-04-04T15:18:44                       3
/home/ubuntu/venv/lib/python3.12/site-packages/airflow/example_dags/plugins/decreasing_priority_weight_strategy.py                                       0           0  0.10s           2025-04-04T15:18:05                       3
/home/ubuntu/venv/lib/python3.12/site-packages/airflow/example_dags/example_branch_operator_decorator.py                                                 0           0  0.10s           2025-04-04T15:19:00                       3
/home/ubuntu/venv/lib/python3.12/site-packages/airflow/example_dags/tutorial_taskflow_api_virtualenv.py                                                  0           0  0.10s           2025-04-04T15:18:04                       3
/home/ubuntu/venv/lib/python3.12/site-packages/airflow/example_dags/plugins/workday.py                                                                   0           0  0.10s           2025-04-04T15:18:08                       3
/home/ubuntu/venv/lib/python3.12/site-packages/airflow/example_dags/plugins/listener_plugin.py                                                           0           0  0.10s           2025-04-04T15:18:09                       3
/home/ubuntu/venv/lib/python3.12/site-packages/airflow/example_dags/plugins/event_listener.py                                                            0           0  0.10s           2025-04-04T15:18:07                       3
/home/ubuntu/venv/lib/python3.12/site-packages/airflow/example_dags/example_kubernetes_executor.py                                                       0           0  0.10s           2025-04-04T15:18:55                       3
/home/ubuntu/venv/lib/python3.12/site-packages/airflow/example_dags/example_branch_operator.py                                                           0           0                                                            0
/home/ubuntu/venv/lib/python3.12/site-packages/airflow/example_dags/example_branch_labels.py                                                             0           0                                                            0
/home/ubuntu/venv/lib/python3.12/site-packages/airflow/example_dags/example_bash_operator.py                                                             0           0                                                            0
/home/ubuntu/venv/lib/python3.12/site-packages/airflow/example_dags/example_branch_day_of_week_operator.py                                               0           0                                                            0
================================================================================
[2025-04-04T15:19:33.495+0000] {manager.py:997} INFO - 
================================================================================
DAG File Processing Stats

File Path                                                                                                                       PID    Runtime      # DAGs    # Errors  Last Runtime    Last Run               Last # of DB Queries
------------------------------------------------------------------------------------------------------------------------------  -----  ---------  --------  ----------  --------------  -------------------  ----------------------
/home/ubuntu/venv/lib/python3.12/site-packages/airflow/example_dags/example_datasets.py                                                                 10           0  1.20s           2025-04-04T15:18:58                     379
/home/ubuntu/venv/lib/python3.12/site-packages/airflow/example_dags/example_dataset_alias.py                                                             4           0  0.60s           2025-04-04T15:18:53                     157
/home/ubuntu/venv/lib/python3.12/site-packages/airflow/example_dags/example_dataset_alias_with_no_taskflow.py                                            4           0  0.60s           2025-04-04T15:18:47                     157
/home/ubuntu/venv/lib/python3.12/site-packages/airflow/example_dags/example_outlet_event_extra.py                                                        3           0  0.51s           2025-04-04T15:18:36                     118
/home/ubuntu/venv/lib/python3.12/site-packages/airflow/example_dags/example_branch_datetime_operator.py                                                  3           0  0.50s           2025-04-04T15:19:03                     117
/home/ubuntu/venv/lib/python3.12/site-packages/airflow/example_dags/example_inlet_event_extra.py                                                         2           0  0.41s           2025-04-04T15:18:49                      81
/home/ubuntu/venv/lib/python3.12/site-packages/airflow/example_dags/example_external_task_marker_dag.py                                                  2           0  0.40s           2025-04-04T15:18:52                      79
/home/ubuntu/venv/lib/python3.12/site-packages/airflow/example_dags/example_params_trigger_ui.py                                                         1           0  0.30s           2025-04-04T15:18:38                      43
/home/ubuntu/venv/lib/python3.12/site-packages/airflow/example_dags/example_branch_day_of_week_operator.py                                               1           0  0.30s           2025-04-04T15:19:07                      45
/home/ubuntu/venv/lib/python3.12/site-packages/airflow/example_dags/example_complex.py                                                                   1           0  0.30s           2025-04-04T15:19:01                      43
/home/ubuntu/venv/lib/python3.12/site-packages/airflow/example_dags/example_dag_decorator.py                                                             1           0  0.30s           2025-04-04T15:18:50                      43
/home/ubuntu/venv/lib/python3.12/site-packages/airflow/example_dags/example_latest_only.py                                                               1           0  0.30s           2025-04-04T15:18:35                      45
/home/ubuntu/venv/lib/python3.12/site-packages/airflow/example_dags/example_python_operator.py                                                           1           0  0.30s           2025-04-04T15:18:44                      43
/home/ubuntu/venv/lib/python3.12/site-packages/airflow/example_dags/example_dynamic_task_mapping.py                                                      1           0  0.30s           2025-04-04T15:18:55                      43
/home/ubuntu/venv/lib/python3.12/site-packages/airflow/example_dags/example_python_decorator.py                                                          1           0  0.30s           2025-04-04T15:18:40                      43
/home/ubuntu/venv/lib/python3.12/site-packages/airflow/example_dags/example_dynamic_task_mapping_with_no_taskflow_operators.py                           1           0  0.30s           2025-04-04T15:18:56                      43
/home/ubuntu/venv/lib/python3.12/site-packages/airflow/example_dags/example_passing_params_via_test_command.py                                           1           0  0.30s           2025-04-04T15:18:34                      45
/home/ubuntu/venv/lib/python3.12/site-packages/airflow/example_dags/example_sensor_decorator.py                                                          1           0  0.30s           2025-04-04T15:18:46                      43
/home/ubuntu/venv/lib/python3.12/site-packages/airflow/example_dags/example_display_name.py                                                              1           0  0.30s           2025-04-04T15:18:51                      43
/home/ubuntu/venv/lib/python3.12/site-packages/airflow/example_dags/example_branch_python_dop_operator_3.py                                              1           0  0.30s           2025-04-04T15:19:00                      45
/home/ubuntu/venv/lib/python3.12/site-packages/airflow/example_dags/example_branch_labels.py                                                             1           0  0.30s           2025-04-04T15:19:05                      45
/home/ubuntu/venv/lib/python3.12/site-packages/airflow/example_dags/example_params_ui_tutorial.py                                                        1           0  0.30s           2025-04-04T15:18:43                      43
/home/ubuntu/venv/lib/python3.12/site-packages/airflow/example_dags/example_setup_teardown_taskflow.py                                                   1           0  0.30s           2025-04-04T15:18:32                      43
/home/ubuntu/venv/lib/python3.12/site-packages/airflow/example_dags/example_bash_operator.py                                                             1           0  0.30s           2025-04-04T15:19:05                      45
/home/ubuntu/venv/lib/python3.12/site-packages/airflow/example_dags/example_latest_only_with_trigger.py                                                  1           0  0.30s           2025-04-04T15:18:39                      45
/home/ubuntu/venv/lib/python3.12/site-packages/airflow/example_dags/example_nested_branch_dag.py                                                         1           0  0.30s           2025-04-04T15:18:42                      45
/home/ubuntu/venv/lib/python3.12/site-packages/airflow/example_dags/example_bash_decorator.py                                                            1           0  0.30s           2025-04-04T15:19:02                      43
/home/ubuntu/venv/lib/python3.12/site-packages/airflow/example_dags/tutorial.py                                                                          1           0  0.10s           2025-04-04T15:19:19                      12
/home/ubuntu/venv/lib/python3.12/site-packages/airflow/example_dags/example_local_kubernetes_executor.py                                                 0           0  0.10s           2025-04-04T15:18:44                       3
/home/ubuntu/venv/lib/python3.12/site-packages/airflow/example_dags/tutorial_taskflow_api.py                                                             1           0  0.10s           2025-04-04T15:19:23                      10
/home/ubuntu/venv/lib/python3.12/site-packages/airflow/example_dags/tutorial_objectstorage.py                                                            1           0  0.10s           2025-04-04T15:19:22                      10
/home/ubuntu/venv/lib/python3.12/site-packages/airflow/example_dags/tutorial_taskflow_api_virtualenv.py                                                  0           0  0.10s           2025-04-04T15:19:10                       3
/home/ubuntu/venv/lib/python3.12/site-packages/airflow/example_dags/example_xcom.py                                                                      1           0  0.10s           2025-04-04T15:19:16                      12
/home/ubuntu/venv/lib/python3.12/site-packages/airflow/example_dags/example_branch_operator.py                                                           0           0  0.10s           2025-04-04T15:19:03                       3
/home/ubuntu/venv/lib/python3.12/site-packages/airflow/example_dags/example_trigger_controller_dag.py                                                    1           0  0.10s           2025-04-04T15:19:17                      12
/home/ubuntu/venv/lib/python3.12/site-packages/airflow/example_dags/subdags/subdag.py                                                                    0           0  0.10s           2025-04-04T15:19:08                       3
/home/ubuntu/venv/lib/python3.12/site-packages/airflow/example_dags/example_subdag_operator.py                                                           3           0  0.10s           2025-04-04T15:19:25                      20
/home/ubuntu/venv/lib/python3.12/site-packages/airflow/example_dags/example_trigger_target_dag.py                                                        1           0  0.10s           2025-04-04T15:19:20                      10
/home/ubuntu/venv/lib/python3.12/site-packages/airflow/example_dags/plugins/decreasing_priority_weight_strategy.py                                       0           0  0.10s           2025-04-04T15:19:10                       3
/home/ubuntu/venv/lib/python3.12/site-packages/airflow/example_dags/example_branch_operator_decorator.py                                                 0           0  0.10s           2025-04-04T15:19:00                       3
/home/ubuntu/venv/lib/python3.12/site-packages/airflow/example_dags/example_task_group.py                                                                1           0  0.10s           2025-04-04T15:19:26                      10
/home/ubuntu/venv/lib/python3.12/site-packages/airflow/example_dags/plugins/workday.py                                                                   0           0  0.10s           2025-04-04T15:19:13                       3
/home/ubuntu/venv/lib/python3.12/site-packages/airflow/example_dags/example_task_group_decorator.py                                                      1           0  0.10s           2025-04-04T15:19:28                      10
/home/ubuntu/venv/lib/python3.12/site-packages/airflow/example_dags/plugins/listener_plugin.py                                                           0           0  0.10s           2025-04-04T15:19:14                       3
/home/ubuntu/venv/lib/python3.12/site-packages/airflow/example_dags/example_short_circuit_operator.py                                                    1           0  0.10s           2025-04-04T15:19:31                      10
/home/ubuntu/venv/lib/python3.12/site-packages/airflow/example_dags/example_short_circuit_decorator.py                                                   1           0  0.10s           2025-04-04T15:19:27                      10
/home/ubuntu/venv/lib/python3.12/site-packages/airflow/example_dags/example_workday_timetable.py                                                         1           0  0.10s           2025-04-04T15:19:24                      12
/home/ubuntu/venv/lib/python3.12/site-packages/airflow/example_dags/example_sla_dag.py                                                                   1           0  0.10s           2025-04-04T15:19:29                      12
/home/ubuntu/venv/lib/python3.12/site-packages/airflow/example_dags/example_time_delta_sensor_async.py                                                   1           0  0.10s           2025-04-04T15:19:15                      10
/home/ubuntu/venv/lib/python3.12/site-packages/airflow/example_dags/tutorial_taskflow_templates.py                                                       1           0  0.10s           2025-04-04T15:19:09                      12
/home/ubuntu/venv/lib/python3.12/site-packages/airflow/example_dags/example_sensors.py                                                                   1           0  0.10s           2025-04-04T15:19:32                      10
/home/ubuntu/venv/lib/python3.12/site-packages/airflow/example_dags/plugins/event_listener.py                                                            0           0  0.10s           2025-04-04T15:19:12                       3
/home/ubuntu/venv/lib/python3.12/site-packages/airflow/example_dags/example_setup_teardown.py                                                            1           0  0.10s           2025-04-04T15:19:33                      10
/home/ubuntu/venv/lib/python3.12/site-packages/airflow/example_dags/example_xcomargs.py                                                                  2           0  0.10s           2025-04-04T15:19:21                      13
/home/ubuntu/venv/lib/python3.12/site-packages/airflow/example_dags/example_kubernetes_executor.py                                                       0           0  0.10s           2025-04-04T15:18:55                       3
/home/ubuntu/venv/lib/python3.12/site-packages/airflow/example_dags/tutorial_dag.py                                                                      1           0  0.10s           2025-04-04T15:19:18                      10
/home/ubuntu/venv/lib/python3.12/site-packages/airflow/example_dags/example_skip_dag.py                                                                  1           0  0.10s           2025-04-04T15:19:30                      12
================================================================================
[2025-04-04T15:20:03.873+0000] {manager.py:997} INFO - 
================================================================================
DAG File Processing Stats

File Path                                                                                                                       PID    Runtime      # DAGs    # Errors  Last Runtime    Last Run               Last # of DB Queries
------------------------------------------------------------------------------------------------------------------------------  -----  ---------  --------  ----------  --------------  -------------------  ----------------------
/home/ubuntu/venv/lib/python3.12/site-packages/airflow/example_dags/example_datasets.py                                                                 10           0  0.20s           2025-04-04T15:19:55                      49
/home/ubuntu/venv/lib/python3.12/site-packages/airflow/example_dags/example_dag_decorator.py                                                             1           0  0.20s           2025-04-04T15:19:48                      32
/home/ubuntu/venv/lib/python3.12/site-packages/airflow/example_dags/example_dataset_alias_with_no_taskflow.py                                            4           0  0.11s           2025-04-04T15:19:46                      27
/home/ubuntu/venv/lib/python3.12/site-packages/airflow/example_dags/tutorial.py                                                                          1           0  0.10s           2025-04-04T15:19:19                      12
/home/ubuntu/venv/lib/python3.12/site-packages/airflow/example_dags/tutorial_taskflow_api.py                                                             1           0  0.10s           2025-04-04T15:19:23                      10
/home/ubuntu/venv/lib/python3.12/site-packages/airflow/example_dags/tutorial_objectstorage.py                                                            1           0  0.10s           2025-04-04T15:19:22                      10
/home/ubuntu/venv/lib/python3.12/site-packages/airflow/example_dags/tutorial_taskflow_api_virtualenv.py                                                  0           0  0.10s           2025-04-04T15:19:10                       3
/home/ubuntu/venv/lib/python3.12/site-packages/airflow/example_dags/example_branch_operator.py                                                           0           0  0.10s           2025-04-04T15:20:01                       3
/home/ubuntu/venv/lib/python3.12/site-packages/airflow/example_dags/subdags/subdag.py                                                                    0           0  0.10s           2025-04-04T15:19:38                       3
/home/ubuntu/venv/lib/python3.12/site-packages/airflow/example_dags/example_params_trigger_ui.py                                                         1           0  0.10s           2025-04-04T15:19:40                      10
/home/ubuntu/venv/lib/python3.12/site-packages/airflow/example_dags/example_xcom.py                                                                      1           0  0.10s           2025-04-04T15:19:16                      12
/home/ubuntu/venv/lib/python3.12/site-packages/airflow/example_dags/example_params_ui_tutorial.py                                                        1           0  0.10s           2025-04-04T15:19:44                      10
/home/ubuntu/venv/lib/python3.12/site-packages/airflow/example_dags/example_external_task_marker_dag.py                                                  2           0  0.10s           2025-04-04T15:19:51                      13
/home/ubuntu/venv/lib/python3.12/site-packages/airflow/example_dags/example_trigger_controller_dag.py                                                    1           0  0.10s           2025-04-04T15:19:17                      12
/home/ubuntu/venv/lib/python3.12/site-packages/airflow/example_dags/example_kubernetes_executor.py                                                       0           0  0.10s           2025-04-04T15:19:54                       3
/home/ubuntu/venv/lib/python3.12/site-packages/airflow/example_dags/example_branch_day_of_week_operator.py                                               1           0  0.10s           2025-04-04T15:20:03                      12
/home/ubuntu/venv/lib/python3.12/site-packages/airflow/example_dags/example_subdag_operator.py                                                           3           0  0.10s           2025-04-04T15:19:25                      20
/home/ubuntu/venv/lib/python3.12/site-packages/airflow/example_dags/example_latest_only.py                                                               1           0  0.10s           2025-04-04T15:19:36                      12
/home/ubuntu/venv/lib/python3.12/site-packages/airflow/example_dags/example_bash_operator.py                                                             1           0  0.10s           2025-04-04T15:20:02                      12
/home/ubuntu/venv/lib/python3.12/site-packages/airflow/example_dags/example_trigger_target_dag.py                                                        1           0  0.10s           2025-04-04T15:19:20                      10
/home/ubuntu/venv/lib/python3.12/site-packages/airflow/example_dags/example_python_operator.py                                                           1           0  0.10s           2025-04-04T15:19:45                      10
/home/ubuntu/venv/lib/python3.12/site-packages/airflow/example_dags/plugins/decreasing_priority_weight_strategy.py                                       0           0  0.10s           2025-04-04T15:19:10                       3
/home/ubuntu/venv/lib/python3.12/site-packages/airflow/example_dags/tutorial_taskflow_templates.py                                                       1           0  0.10s           2025-04-04T15:20:03                      12
/home/ubuntu/venv/lib/python3.12/site-packages/airflow/example_dags/example_task_group.py                                                                1           0  0.10s           2025-04-04T15:19:26                      10
/home/ubuntu/venv/lib/python3.12/site-packages/airflow/example_dags/plugins/workday.py                                                                   0           0  0.10s           2025-04-04T15:19:13                       3
/home/ubuntu/venv/lib/python3.12/site-packages/airflow/example_dags/example_task_group_decorator.py                                                      1           0  0.10s           2025-04-04T15:19:28                      10
/home/ubuntu/venv/lib/python3.12/site-packages/airflow/example_dags/plugins/listener_plugin.py                                                           0           0  0.10s           2025-04-04T15:19:14                       3
/home/ubuntu/venv/lib/python3.12/site-packages/airflow/example_dags/example_dataset_alias.py                                                             4           0  0.10s           2025-04-04T15:19:52                      27
/home/ubuntu/venv/lib/python3.12/site-packages/airflow/example_dags/example_short_circuit_operator.py                                                    1           0  0.10s           2025-04-04T15:19:31                      10
/home/ubuntu/venv/lib/python3.12/site-packages/airflow/example_dags/example_dynamic_task_mapping_with_no_taskflow_operators.py                           1           0  0.10s           2025-04-04T15:19:54                      10
/home/ubuntu/venv/lib/python3.12/site-packages/airflow/example_dags/example_short_circuit_decorator.py                                                   1           0  0.10s           2025-04-04T15:19:27                      10
/home/ubuntu/venv/lib/python3.12/site-packages/airflow/example_dags/example_inlet_event_extra.py                                                         2           0  0.10s           2025-04-04T15:19:48                      15
/home/ubuntu/venv/lib/python3.12/site-packages/airflow/example_dags/example_workday_timetable.py                                                         1           0  0.10s           2025-04-04T15:19:24                      12
/home/ubuntu/venv/lib/python3.12/site-packages/airflow/example_dags/example_sensor_decorator.py                                                          1           0  0.10s           2025-04-04T15:19:46                      10
/home/ubuntu/venv/lib/python3.12/site-packages/airflow/example_dags/example_sla_dag.py                                                                   1           0  0.10s           2025-04-04T15:19:29                      12
/home/ubuntu/venv/lib/python3.12/site-packages/airflow/example_dags/example_time_delta_sensor_async.py                                                   1           0  0.10s           2025-04-04T15:19:15                      10
/home/ubuntu/venv/lib/python3.12/site-packages/airflow/example_dags/example_sensors.py                                                                   1           0  0.10s           2025-04-04T15:19:32                      10
/home/ubuntu/venv/lib/python3.12/site-packages/airflow/example_dags/example_local_kubernetes_executor.py                                                 0           0  0.10s           2025-04-04T15:19:44                       3
/home/ubuntu/venv/lib/python3.12/site-packages/airflow/example_dags/plugins/event_listener.py                                                            0           0  0.10s           2025-04-04T15:19:12                       3
/home/ubuntu/venv/lib/python3.12/site-packages/airflow/example_dags/example_setup_teardown.py                                                            1           0  0.10s           2025-04-04T15:19:33                      10
/home/ubuntu/venv/lib/python3.12/site-packages/airflow/example_dags/example_branch_datetime_operator.py                                                  3           0  0.10s           2025-04-04T15:20:00                      18
/home/ubuntu/venv/lib/python3.12/site-packages/airflow/example_dags/example_nested_branch_dag.py                                                         1           0  0.10s           2025-04-04T15:19:42                      12
/home/ubuntu/venv/lib/python3.12/site-packages/airflow/example_dags/example_latest_only_with_trigger.py                                                  1           0  0.10s           2025-04-04T15:19:41                      12
/home/ubuntu/venv/lib/python3.12/site-packages/airflow/example_dags/example_display_name.py                                                              1           0  0.10s           2025-04-04T15:19:49                      10
/home/ubuntu/venv/lib/python3.12/site-packages/airflow/example_dags/example_branch_operator_decorator.py                                                 0           0  0.10s           2025-04-04T15:19:57                       3
/home/ubuntu/venv/lib/python3.12/site-packages/airflow/example_dags/example_xcomargs.py                                                                  2           0  0.10s           2025-04-04T15:19:21                      13
/home/ubuntu/venv/lib/python3.12/site-packages/airflow/example_dags/example_python_decorator.py                                                          1           0  0.10s           2025-04-04T15:19:41                      10
/home/ubuntu/venv/lib/python3.12/site-packages/airflow/example_dags/example_passing_params_via_test_command.py                                           1           0  0.10s           2025-04-04T15:19:35                      12
/home/ubuntu/venv/lib/python3.12/site-packages/airflow/example_dags/example_bash_decorator.py                                                            1           0  0.10s           2025-04-04T15:19:59                      10
/home/ubuntu/venv/lib/python3.12/site-packages/airflow/example_dags/example_complex.py                                                                   1           0  0.10s           2025-04-04T15:19:58                      10
/home/ubuntu/venv/lib/python3.12/site-packages/airflow/example_dags/tutorial_dag.py                                                                      1           0  0.10s           2025-04-04T15:19:18                      10
/home/ubuntu/venv/lib/python3.12/site-packages/airflow/example_dags/example_setup_teardown_taskflow.py                                                   1           0  0.10s           2025-04-04T15:19:34                      10
/home/ubuntu/venv/lib/python3.12/site-packages/airflow/example_dags/example_branch_labels.py                                                             1           0  0.10s           2025-04-04T15:20:02                      12
/home/ubuntu/venv/lib/python3.12/site-packages/airflow/example_dags/example_outlet_event_extra.py                                                        3           0  0.10s           2025-04-04T15:19:37                      19
/home/ubuntu/venv/lib/python3.12/site-packages/airflow/example_dags/example_skip_dag.py                                                                  1           0  0.10s           2025-04-04T15:19:30                      12
/home/ubuntu/venv/lib/python3.12/site-packages/airflow/example_dags/example_dynamic_task_mapping.py                                                      1           0  0.10s           2025-04-04T15:19:53                      10
/home/ubuntu/venv/lib/python3.12/site-packages/airflow/example_dags/example_branch_python_dop_operator_3.py                                              1           0  0.10s           2025-04-04T15:19:56                      12
================================================================================
[2025-04-04T15:20:34.061+0000] {manager.py:997} INFO - 
================================================================================
DAG File Processing Stats

File Path                                                                                                                       PID    Runtime      # DAGs    # Errors  Last Runtime    Last Run               Last # of DB Queries
------------------------------------------------------------------------------------------------------------------------------  -----  ---------  --------  ----------  --------------  -------------------  ----------------------
/home/ubuntu/venv/lib/python3.12/site-packages/airflow/example_dags/example_datasets.py                                                                 10           0  0.20s           2025-04-04T15:19:55                      49
/home/ubuntu/venv/lib/python3.12/site-packages/airflow/example_dags/example_dag_decorator.py                                                             1           0  0.20s           2025-04-04T15:19:48                      32
/home/ubuntu/venv/lib/python3.12/site-packages/airflow/example_dags/example_dataset_alias_with_no_taskflow.py                                            4           0  0.11s           2025-04-04T15:19:46                      27
/home/ubuntu/venv/lib/python3.12/site-packages/airflow/example_dags/plugins/listener_plugin.py                                                           0           0  0.10s           2025-04-04T15:20:08                       3
/home/ubuntu/venv/lib/python3.12/site-packages/airflow/example_dags/plugins/event_listener.py                                                            0           0  0.10s           2025-04-04T15:20:06                       3
/home/ubuntu/venv/lib/python3.12/site-packages/airflow/example_dags/example_latest_only.py                                                               1           0  0.10s           2025-04-04T15:20:32                      12
/home/ubuntu/venv/lib/python3.12/site-packages/airflow/example_dags/example_branch_operator.py                                                           0           0  0.10s           2025-04-04T15:20:01                       3
/home/ubuntu/venv/lib/python3.12/site-packages/airflow/example_dags/example_subdag_operator.py                                                           3           0  0.10s           2025-04-04T15:20:20                      20
/home/ubuntu/venv/lib/python3.12/site-packages/airflow/example_dags/example_trigger_target_dag.py                                                        1           0  0.10s           2025-04-04T15:20:14                      10
/home/ubuntu/venv/lib/python3.12/site-packages/airflow/example_dags/example_params_ui_tutorial.py                                                        1           0  0.10s           2025-04-04T15:19:44                      10
/home/ubuntu/venv/lib/python3.12/site-packages/airflow/example_dags/example_external_task_marker_dag.py                                                  2           0  0.10s           2025-04-04T15:19:51                      13
/home/ubuntu/venv/lib/python3.12/site-packages/airflow/example_dags/tutorial_taskflow_api.py                                                             1           0  0.10s           2025-04-04T15:20:17                      10
/home/ubuntu/venv/lib/python3.12/site-packages/airflow/example_dags/example_setup_teardown.py                                                            1           0  0.10s           2025-04-04T15:20:28                      10
/home/ubuntu/venv/lib/python3.12/site-packages/airflow/example_dags/example_task_group_decorator.py                                                      1           0  0.10s           2025-04-04T15:20:22                      10
/home/ubuntu/venv/lib/python3.12/site-packages/airflow/example_dags/example_kubernetes_executor.py                                                       0           0  0.10s           2025-04-04T15:19:54                       3
/home/ubuntu/venv/lib/python3.12/site-packages/airflow/example_dags/example_params_trigger_ui.py                                                         1           0  0.10s           2025-04-04T15:20:34                      10
/home/ubuntu/venv/lib/python3.12/site-packages/airflow/example_dags/example_branch_day_of_week_operator.py                                               1           0  0.10s           2025-04-04T15:20:03                      12
/home/ubuntu/venv/lib/python3.12/site-packages/airflow/example_dags/example_xcom.py                                                                      1           0  0.10s           2025-04-04T15:20:10                      12
/home/ubuntu/venv/lib/python3.12/site-packages/airflow/example_dags/example_sensors.py                                                                   1           0  0.10s           2025-04-04T15:20:27                      10
/home/ubuntu/venv/lib/python3.12/site-packages/airflow/example_dags/example_short_circuit_operator.py                                                    1           0  0.10s           2025-04-04T15:20:26                      10
/home/ubuntu/venv/lib/python3.12/site-packages/airflow/example_dags/example_bash_operator.py                                                             1           0  0.10s           2025-04-04T15:20:02                      12
/home/ubuntu/venv/lib/python3.12/site-packages/airflow/example_dags/plugins/decreasing_priority_weight_strategy.py                                       0           0  0.10s           2025-04-04T15:20:05                       3
/home/ubuntu/venv/lib/python3.12/site-packages/airflow/example_dags/tutorial.py                                                                          1           0  0.10s           2025-04-04T15:20:13                      12
/home/ubuntu/venv/lib/python3.12/site-packages/airflow/example_dags/example_python_operator.py                                                           1           0  0.10s           2025-04-04T15:19:45                      10
/home/ubuntu/venv/lib/python3.12/site-packages/airflow/example_dags/example_setup_teardown_taskflow.py                                                   1           0  0.10s           2025-04-04T15:20:30                      10
/home/ubuntu/venv/lib/python3.12/site-packages/airflow/example_dags/tutorial_objectstorage.py                                                            1           0  0.10s           2025-04-04T15:20:17                      10
/home/ubuntu/venv/lib/python3.12/site-packages/airflow/example_dags/example_time_delta_sensor_async.py                                                   1           0  0.10s           2025-04-04T15:20:09                      10
/home/ubuntu/venv/lib/python3.12/site-packages/airflow/example_dags/tutorial_taskflow_templates.py                                                       1           0  0.10s           2025-04-04T15:20:03                      12
/home/ubuntu/venv/lib/python3.12/site-packages/airflow/example_dags/example_trigger_controller_dag.py                                                    1           0  0.10s           2025-04-04T15:20:12                      12
/home/ubuntu/venv/lib/python3.12/site-packages/airflow/example_dags/example_dataset_alias.py                                                             4           0  0.10s           2025-04-04T15:19:52                      27
/home/ubuntu/venv/lib/python3.12/site-packages/airflow/example_dags/example_workday_timetable.py                                                         1           0  0.10s           2025-04-04T15:20:18                      12
/home/ubuntu/venv/lib/python3.12/site-packages/airflow/example_dags/example_xcomargs.py                                                                  2           0  0.10s           2025-04-04T15:20:16                      13
/home/ubuntu/venv/lib/python3.12/site-packages/airflow/example_dags/example_dynamic_task_mapping_with_no_taskflow_operators.py                           1           0  0.10s           2025-04-04T15:19:54                      10
/home/ubuntu/venv/lib/python3.12/site-packages/airflow/example_dags/tutorial_dag.py                                                                      1           0  0.10s           2025-04-04T15:20:12                      10
/home/ubuntu/venv/lib/python3.12/site-packages/airflow/example_dags/example_inlet_event_extra.py                                                         2           0  0.10s           2025-04-04T15:19:48                      15
/home/ubuntu/venv/lib/python3.12/site-packages/airflow/example_dags/example_sensor_decorator.py                                                          1           0  0.10s           2025-04-04T15:19:46                      10
/home/ubuntu/venv/lib/python3.12/site-packages/airflow/example_dags/subdags/subdag.py                                                                    0           0  0.10s           2025-04-04T15:20:29                       3
/home/ubuntu/venv/lib/python3.12/site-packages/airflow/example_dags/example_local_kubernetes_executor.py                                                 0           0  0.10s           2025-04-04T15:19:44                       3
/home/ubuntu/venv/lib/python3.12/site-packages/airflow/example_dags/example_skip_dag.py                                                                  1           0  0.10s           2025-04-04T15:20:24                      12
/home/ubuntu/venv/lib/python3.12/site-packages/airflow/example_dags/example_sla_dag.py                                                                   1           0  0.10s           2025-04-04T15:20:24                      12
/home/ubuntu/venv/lib/python3.12/site-packages/airflow/example_dags/example_branch_datetime_operator.py                                                  3           0  0.10s           2025-04-04T15:20:00                      18
/home/ubuntu/venv/lib/python3.12/site-packages/airflow/example_dags/example_nested_branch_dag.py                                                         1           0  0.10s           2025-04-04T15:19:42                      12
/home/ubuntu/venv/lib/python3.12/site-packages/airflow/example_dags/example_latest_only_with_trigger.py                                                  1           0  0.10s           2025-04-04T15:19:41                      12
/home/ubuntu/venv/lib/python3.12/site-packages/airflow/example_dags/example_display_name.py                                                              1           0  0.10s           2025-04-04T15:19:49                      10
/home/ubuntu/venv/lib/python3.12/site-packages/airflow/example_dags/example_outlet_event_extra.py                                                        3           0  0.10s           2025-04-04T15:20:33                      19
/home/ubuntu/venv/lib/python3.12/site-packages/airflow/example_dags/example_branch_operator_decorator.py                                                 0           0  0.10s           2025-04-04T15:19:57                       3
/home/ubuntu/venv/lib/python3.12/site-packages/airflow/example_dags/example_python_decorator.py                                                          1           0  0.10s           2025-04-04T15:19:41                      10
/home/ubuntu/venv/lib/python3.12/site-packages/airflow/example_dags/example_task_group.py                                                                1           0  0.10s           2025-04-04T15:20:21                      10
/home/ubuntu/venv/lib/python3.12/site-packages/airflow/example_dags/plugins/workday.py                                                                   0           0  0.10s           2025-04-04T15:20:07                       3
/home/ubuntu/venv/lib/python3.12/site-packages/airflow/example_dags/example_bash_decorator.py                                                            1           0  0.10s           2025-04-04T15:19:59                      10
/home/ubuntu/venv/lib/python3.12/site-packages/airflow/example_dags/example_complex.py                                                                   1           0  0.10s           2025-04-04T15:19:58                      10
/home/ubuntu/venv/lib/python3.12/site-packages/airflow/example_dags/example_passing_params_via_test_command.py                                           1           0  0.10s           2025-04-04T15:20:31                      12
/home/ubuntu/venv/lib/python3.12/site-packages/airflow/example_dags/example_branch_labels.py                                                             1           0  0.10s           2025-04-04T15:20:02                      12
/home/ubuntu/venv/lib/python3.12/site-packages/airflow/example_dags/tutorial_taskflow_api_virtualenv.py                                                  0           0  0.10s           2025-04-04T15:20:04                       3
/home/ubuntu/venv/lib/python3.12/site-packages/airflow/example_dags/example_short_circuit_decorator.py                                                   1           0  0.10s           2025-04-04T15:20:22                      10
/home/ubuntu/venv/lib/python3.12/site-packages/airflow/example_dags/example_dynamic_task_mapping.py                                                      1           0  0.10s           2025-04-04T15:19:53                      10
/home/ubuntu/venv/lib/python3.12/site-packages/airflow/example_dags/example_branch_python_dop_operator_3.py                                              1           0  0.10s           2025-04-04T15:19:56                      12
================================================================================
[2025-04-04T15:21:04.338+0000] {manager.py:997} INFO - 
================================================================================
DAG File Processing Stats

File Path                                                                                                                       PID    Runtime      # DAGs    # Errors  Last Runtime    Last Run               Last # of DB Queries
------------------------------------------------------------------------------------------------------------------------------  -----  ---------  --------  ----------  --------------  -------------------  ----------------------
/home/ubuntu/venv/lib/python3.12/site-packages/airflow/example_dags/example_dag_decorator.py                                                             1           0  0.20s           2025-04-04T15:20:44                      32
/home/ubuntu/venv/lib/python3.12/site-packages/airflow/example_dags/example_datasets.py                                                                 10           0  0.20s           2025-04-04T15:20:51                      49
/home/ubuntu/venv/lib/python3.12/site-packages/airflow/example_dags/example_xcom.py                                                                      1           0  0.10s           2025-04-04T15:21:02                      12
/home/ubuntu/venv/lib/python3.12/site-packages/airflow/example_dags/example_latest_only.py                                                               1           0  0.10s           2025-04-04T15:20:32                      12
/home/ubuntu/venv/lib/python3.12/site-packages/airflow/example_dags/example_branch_operator_decorator.py                                                 0           0  0.10s           2025-04-04T15:20:53                       3
/home/ubuntu/venv/lib/python3.12/site-packages/airflow/example_dags/example_branch_operator.py                                                           0           0  0.10s           2025-04-04T15:20:01                       3
/home/ubuntu/venv/lib/python3.12/site-packages/airflow/example_dags/example_kubernetes_executor.py                                                       0           0  0.10s           2025-04-04T15:20:49                       3
/home/ubuntu/venv/lib/python3.12/site-packages/airflow/example_dags/example_subdag_operator.py                                                           3           0  0.10s           2025-04-04T15:20:20                      20
/home/ubuntu/venv/lib/python3.12/site-packages/airflow/example_dags/example_trigger_target_dag.py                                                        1           0  0.10s           2025-04-04T15:20:14                      10
/home/ubuntu/venv/lib/python3.12/site-packages/airflow/example_dags/tutorial_taskflow_api.py                                                             1           0  0.10s           2025-04-04T15:20:17                      10
/home/ubuntu/venv/lib/python3.12/site-packages/airflow/example_dags/example_setup_teardown.py                                                            1           0  0.10s           2025-04-04T15:20:28                      10
/home/ubuntu/venv/lib/python3.12/site-packages/airflow/example_dags/example_task_group_decorator.py                                                      1           0  0.10s           2025-04-04T15:20:22                      10
/home/ubuntu/venv/lib/python3.12/site-packages/airflow/example_dags/example_params_trigger_ui.py                                                         1           0  0.10s           2025-04-04T15:20:34                      10
/home/ubuntu/venv/lib/python3.12/site-packages/airflow/example_dags/example_branch_day_of_week_operator.py                                               1           0  0.10s           2025-04-04T15:20:03                      12
/home/ubuntu/venv/lib/python3.12/site-packages/airflow/example_dags/plugins/workday.py                                                                   0           0  0.10s           2025-04-04T15:20:59                       3
/home/ubuntu/venv/lib/python3.12/site-packages/airflow/example_dags/example_sensors.py                                                                   1           0  0.10s           2025-04-04T15:20:27                      10
/home/ubuntu/venv/lib/python3.12/site-packages/airflow/example_dags/example_latest_only_with_trigger.py                                                  1           0  0.10s           2025-04-04T15:20:35                      12
/home/ubuntu/venv/lib/python3.12/site-packages/airflow/example_dags/plugins/decreasing_priority_weight_strategy.py                                       0           0  0.10s           2025-04-04T15:20:57                       3
/home/ubuntu/venv/lib/python3.12/site-packages/airflow/example_dags/example_short_circuit_operator.py                                                    1           0  0.10s           2025-04-04T15:20:26                      10
/home/ubuntu/venv/lib/python3.12/site-packages/airflow/example_dags/example_bash_operator.py                                                             1           0  0.10s           2025-04-04T15:20:02                      12
/home/ubuntu/venv/lib/python3.12/site-packages/airflow/example_dags/plugins/event_listener.py                                                            0           0  0.10s           2025-04-04T15:20:58                       3
/home/ubuntu/venv/lib/python3.12/site-packages/airflow/example_dags/example_dynamic_task_mapping.py                                                      1           0  0.10s           2025-04-04T15:20:48                      10
/home/ubuntu/venv/lib/python3.12/site-packages/airflow/example_dags/example_setup_teardown_taskflow.py                                                   1           0  0.10s           2025-04-04T15:20:30                      10
/home/ubuntu/venv/lib/python3.12/site-packages/airflow/example_dags/tutorial_objectstorage.py                                                            1           0  0.10s           2025-04-04T15:20:17                      10
/home/ubuntu/venv/lib/python3.12/site-packages/airflow/example_dags/example_sensor_decorator.py                                                          1           0  0.10s           2025-04-04T15:20:41                      10
/home/ubuntu/venv/lib/python3.12/site-packages/airflow/example_dags/example_python_operator.py                                                           1           0  0.10s           2025-04-04T15:20:40                      10
/home/ubuntu/venv/lib/python3.12/site-packages/airflow/example_dags/example_dataset_alias_with_no_taskflow.py                                            4           0  0.10s           2025-04-04T15:20:42                      27
/home/ubuntu/venv/lib/python3.12/site-packages/airflow/example_dags/example_display_name.py                                                              1           0  0.10s           2025-04-04T15:20:45                      10
/home/ubuntu/venv/lib/python3.12/site-packages/airflow/example_dags/example_external_task_marker_dag.py                                                  2           0  0.10s           2025-04-04T15:20:46                      13
/home/ubuntu/venv/lib/python3.12/site-packages/airflow/example_dags/example_python_decorator.py                                                          1           0  0.10s           2025-04-04T15:20:36                      10
/home/ubuntu/venv/lib/python3.12/site-packages/airflow/example_dags/example_workday_timetable.py                                                         1           0  0.10s           2025-04-04T15:20:18                      12
/home/ubuntu/venv/lib/python3.12/site-packages/airflow/example_dags/example_xcomargs.py                                                                  2           0  0.10s           2025-04-04T15:20:16                      13
/home/ubuntu/venv/lib/python3.12/site-packages/airflow/example_dags/example_time_delta_sensor_async.py                                                   1           0  0.10s           2025-04-04T15:21:02                      10
/home/ubuntu/venv/lib/python3.12/site-packages/airflow/example_dags/example_dynamic_task_mapping_with_no_taskflow_operators.py                           1           0  0.10s           2025-04-04T15:20:50                      10
/home/ubuntu/venv/lib/python3.12/site-packages/airflow/example_dags/tutorial_dag.py                                                                      1           0  0.10s           2025-04-04T15:21:03                      10
/home/ubuntu/venv/lib/python3.12/site-packages/airflow/example_dags/subdags/subdag.py                                                                    0           0  0.10s           2025-04-04T15:20:29                       3
/home/ubuntu/venv/lib/python3.12/site-packages/airflow/example_dags/example_inlet_event_extra.py                                                         2           0  0.10s           2025-04-04T15:20:43                      15
/home/ubuntu/venv/lib/python3.12/site-packages/airflow/example_dags/example_complex.py                                                                   1           0  0.10s           2025-04-04T15:20:54                      10
/home/ubuntu/venv/lib/python3.12/site-packages/airflow/example_dags/plugins/listener_plugin.py                                                           0           0  0.10s           2025-04-04T15:21:01                       3
/home/ubuntu/venv/lib/python3.12/site-packages/airflow/example_dags/tutorial_taskflow_api_virtualenv.py                                                  0           0  0.10s           2025-04-04T15:20:56                       3
/home/ubuntu/venv/lib/python3.12/site-packages/airflow/example_dags/example_local_kubernetes_executor.py                                                 0           0  0.10s           2025-04-04T15:20:39                       3
/home/ubuntu/venv/lib/python3.12/site-packages/airflow/example_dags/example_skip_dag.py                                                                  1           0  0.10s           2025-04-04T15:20:24                      12
/home/ubuntu/venv/lib/python3.12/site-packages/airflow/example_dags/example_sla_dag.py                                                                   1           0  0.10s           2025-04-04T15:20:24                      12
/home/ubuntu/venv/lib/python3.12/site-packages/airflow/example_dags/example_branch_python_dop_operator_3.py                                              1           0  0.10s           2025-04-04T15:20:52                      12
/home/ubuntu/venv/lib/python3.12/site-packages/airflow/example_dags/example_branch_datetime_operator.py                                                  3           0  0.10s           2025-04-04T15:20:00                      18
/home/ubuntu/venv/lib/python3.12/site-packages/airflow/example_dags/example_nested_branch_dag.py                                                         1           0  0.10s           2025-04-04T15:20:37                      12
/home/ubuntu/venv/lib/python3.12/site-packages/airflow/example_dags/example_params_ui_tutorial.py                                                        1           0  0.10s           2025-04-04T15:20:38                      10
/home/ubuntu/venv/lib/python3.12/site-packages/airflow/example_dags/example_outlet_event_extra.py                                                        3           0  0.10s           2025-04-04T15:20:33                      19
/home/ubuntu/venv/lib/python3.12/site-packages/airflow/example_dags/example_task_group.py                                                                1           0  0.10s           2025-04-04T15:20:21                      10
/home/ubuntu/venv/lib/python3.12/site-packages/airflow/example_dags/example_dataset_alias.py                                                             4           0  0.10s           2025-04-04T15:20:47                      27
/home/ubuntu/venv/lib/python3.12/site-packages/airflow/example_dags/example_bash_decorator.py                                                            1           0  0.10s           2025-04-04T15:19:59                      10
/home/ubuntu/venv/lib/python3.12/site-packages/airflow/example_dags/example_trigger_controller_dag.py                                                    1           0  0.10s           2025-04-04T15:21:03                      12
/home/ubuntu/venv/lib/python3.12/site-packages/airflow/example_dags/example_passing_params_via_test_command.py                                           1           0  0.10s           2025-04-04T15:20:31                      12
/home/ubuntu/venv/lib/python3.12/site-packages/airflow/example_dags/example_branch_labels.py                                                             1           0  0.10s           2025-04-04T15:20:02                      12
/home/ubuntu/venv/lib/python3.12/site-packages/airflow/example_dags/example_short_circuit_decorator.py                                                   1           0  0.10s           2025-04-04T15:20:22                      10
/home/ubuntu/venv/lib/python3.12/site-packages/airflow/example_dags/tutorial.py                                                                          1           0  0.10s           2025-04-04T15:21:04                      12
/home/ubuntu/venv/lib/python3.12/site-packages/airflow/example_dags/tutorial_taskflow_templates.py                                                       1           0  0.10s           2025-04-04T15:20:55                      12
================================================================================
[2025-04-04T15:21:34.566+0000] {manager.py:997} INFO - 
================================================================================
DAG File Processing Stats

File Path                                                                                                                       PID    Runtime      # DAGs    # Errors  Last Runtime    Last Run               Last # of DB Queries
------------------------------------------------------------------------------------------------------------------------------  -----  ---------  --------  ----------  --------------  -------------------  ----------------------
/home/ubuntu/venv/lib/python3.12/site-packages/airflow/example_dags/example_dag_decorator.py                                                             1           0  0.20s           2025-04-04T15:20:44                      32
/home/ubuntu/venv/lib/python3.12/site-packages/airflow/example_dags/example_datasets.py                                                                 10           0  0.20s           2025-04-04T15:20:51                      49
/home/ubuntu/venv/lib/python3.12/site-packages/airflow/example_dags/example_xcom.py                                                                      1           0  0.10s           2025-04-04T15:21:02                      12
/home/ubuntu/venv/lib/python3.12/site-packages/airflow/example_dags/example_branch_operator_decorator.py                                                 0           0  0.10s           2025-04-04T15:20:53                       3
/home/ubuntu/venv/lib/python3.12/site-packages/airflow/example_dags/example_kubernetes_executor.py                                                       0           0  0.10s           2025-04-04T15:20:49                       3
/home/ubuntu/venv/lib/python3.12/site-packages/airflow/example_dags/example_params_trigger_ui.py                                                         1           0  0.10s           2025-04-04T15:21:30                      10
/home/ubuntu/venv/lib/python3.12/site-packages/airflow/example_dags/example_sla_dag.py                                                                   1           0  0.10s           2025-04-04T15:21:14                      12
/home/ubuntu/venv/lib/python3.12/site-packages/airflow/example_dags/example_latest_only.py                                                               1           0  0.10s           2025-04-04T15:21:29                      12
/home/ubuntu/venv/lib/python3.12/site-packages/airflow/example_dags/plugins/workday.py                                                                   0           0  0.10s           2025-04-04T15:20:59                       3
/home/ubuntu/venv/lib/python3.12/site-packages/airflow/example_dags/example_short_circuit_decorator.py                                                   1           0  0.10s           2025-04-04T15:21:12                      10
/home/ubuntu/venv/lib/python3.12/site-packages/airflow/example_dags/example_outlet_event_extra.py                                                        3           0  0.10s           2025-04-04T15:21:29                      19
/home/ubuntu/venv/lib/python3.12/site-packages/airflow/example_dags/plugins/decreasing_priority_weight_strategy.py                                       0           0  0.10s           2025-04-04T15:20:57                       3
/home/ubuntu/venv/lib/python3.12/site-packages/airflow/example_dags/plugins/event_listener.py                                                            0           0  0.10s           2025-04-04T15:20:58                       3
/home/ubuntu/venv/lib/python3.12/site-packages/airflow/example_dags/example_bash_decorator.py                                                            1           0  0.10s           2025-04-04T15:21:16                      10
/home/ubuntu/venv/lib/python3.12/site-packages/airflow/example_dags/example_task_group_decorator.py                                                      1           0  0.10s           2025-04-04T15:21:13                      10
/home/ubuntu/venv/lib/python3.12/site-packages/airflow/example_dags/example_dynamic_task_mapping.py                                                      1           0  0.10s           2025-04-04T15:20:48                      10
/home/ubuntu/venv/lib/python3.12/site-packages/airflow/example_dags/example_task_group.py                                                                1           0  0.10s           2025-04-04T15:21:11                      10
/home/ubuntu/venv/lib/python3.12/site-packages/airflow/example_dags/example_sensor_decorator.py                                                          1           0  0.10s           2025-04-04T15:20:41                      10
/home/ubuntu/venv/lib/python3.12/site-packages/airflow/example_dags/example_python_operator.py                                                           1           0  0.10s           2025-04-04T15:20:40                      10
/home/ubuntu/venv/lib/python3.12/site-packages/airflow/example_dags/example_dataset_alias_with_no_taskflow.py                                            4           0  0.10s           2025-04-04T15:20:42                      27
/home/ubuntu/venv/lib/python3.12/site-packages/airflow/example_dags/example_display_name.py                                                              1           0  0.10s           2025-04-04T15:20:45                      10
/home/ubuntu/venv/lib/python3.12/site-packages/airflow/example_dags/example_xcomargs.py                                                                  2           0  0.10s           2025-04-04T15:21:06                      13
/home/ubuntu/venv/lib/python3.12/site-packages/airflow/example_dags/example_external_task_marker_dag.py                                                  2           0  0.10s           2025-04-04T15:20:46                      13
/home/ubuntu/venv/lib/python3.12/site-packages/airflow/example_dags/example_workday_timetable.py                                                         1           0  0.10s           2025-04-04T15:21:09                      12
/home/ubuntu/venv/lib/python3.12/site-packages/airflow/example_dags/example_time_delta_sensor_async.py                                                   1           0  0.10s           2025-04-04T15:21:02                      10
/home/ubuntu/venv/lib/python3.12/site-packages/airflow/example_dags/example_dynamic_task_mapping_with_no_taskflow_operators.py                           1           0  0.10s           2025-04-04T15:20:50                      10
/home/ubuntu/venv/lib/python3.12/site-packages/airflow/example_dags/example_params_ui_tutorial.py                                                        1           0  0.10s           2025-04-04T15:21:34                      10
/home/ubuntu/venv/lib/python3.12/site-packages/airflow/example_dags/tutorial_dag.py                                                                      1           0  0.10s           2025-04-04T15:21:03                      10
/home/ubuntu/venv/lib/python3.12/site-packages/airflow/example_dags/subdags/subdag.py                                                                    0           0  0.10s           2025-04-04T15:21:22                       3
/home/ubuntu/venv/lib/python3.12/site-packages/airflow/example_dags/example_python_decorator.py                                                          1           0  0.10s           2025-04-04T15:21:33                      10
/home/ubuntu/venv/lib/python3.12/site-packages/airflow/example_dags/example_inlet_event_extra.py                                                         2           0  0.10s           2025-04-04T15:20:43                      15
/home/ubuntu/venv/lib/python3.12/site-packages/airflow/example_dags/example_complex.py                                                                   1           0  0.10s           2025-04-04T15:20:54                      10
/home/ubuntu/venv/lib/python3.12/site-packages/airflow/example_dags/example_branch_datetime_operator.py                                                  3           0  0.10s           2025-04-04T15:21:17                      18
/home/ubuntu/venv/lib/python3.12/site-packages/airflow/example_dags/example_subdag_operator.py                                                           3           0  0.10s           2025-04-04T15:21:10                      20
/home/ubuntu/venv/lib/python3.12/site-packages/airflow/example_dags/plugins/listener_plugin.py                                                           0           0  0.10s           2025-04-04T15:21:01                       3
/home/ubuntu/venv/lib/python3.12/site-packages/airflow/example_dags/tutorial_taskflow_api.py                                                             1           0  0.10s           2025-04-04T15:21:08                      10
/home/ubuntu/venv/lib/python3.12/site-packages/airflow/example_dags/tutorial_taskflow_api_virtualenv.py                                                  0           0  0.10s           2025-04-04T15:20:56                       3
/home/ubuntu/venv/lib/python3.12/site-packages/airflow/example_dags/example_local_kubernetes_executor.py                                                 0           0  0.10s           2025-04-04T15:20:39                       3
/home/ubuntu/venv/lib/python3.12/site-packages/airflow/example_dags/example_branch_day_of_week_operator.py                                               1           0  0.10s           2025-04-04T15:21:21                      12
/home/ubuntu/venv/lib/python3.12/site-packages/airflow/example_dags/example_passing_params_via_test_command.py                                           1           0  0.10s           2025-04-04T15:21:27                      12
/home/ubuntu/venv/lib/python3.12/site-packages/airflow/example_dags/example_trigger_target_dag.py                                                        1           0  0.10s           2025-04-04T15:21:05                      10
/home/ubuntu/venv/lib/python3.12/site-packages/airflow/example_dags/tutorial_objectstorage.py                                                            1           0  0.10s           2025-04-04T15:21:07                      10
/home/ubuntu/venv/lib/python3.12/site-packages/airflow/example_dags/example_skip_dag.py                                                                  1           0  0.10s           2025-04-04T15:21:15                      12
/home/ubuntu/venv/lib/python3.12/site-packages/airflow/example_dags/example_setup_teardown.py                                                            1           0  0.10s           2025-04-04T15:21:25                      10
/home/ubuntu/venv/lib/python3.12/site-packages/airflow/example_dags/example_branch_python_dop_operator_3.py                                              1           0  0.10s           2025-04-04T15:20:52                      12
/home/ubuntu/venv/lib/python3.12/site-packages/airflow/example_dags/example_nested_branch_dag.py                                                         1           0  0.10s           2025-04-04T15:21:34                      12
/home/ubuntu/venv/lib/python3.12/site-packages/airflow/example_dags/example_branch_labels.py                                                             1           0  0.10s           2025-04-04T15:21:19                      12
/home/ubuntu/venv/lib/python3.12/site-packages/airflow/example_dags/example_latest_only_with_trigger.py                                                  1           0  0.10s           2025-04-04T15:21:31                      12
/home/ubuntu/venv/lib/python3.12/site-packages/airflow/example_dags/example_short_circuit_operator.py                                                    1           0  0.10s           2025-04-04T15:21:23                      10
/home/ubuntu/venv/lib/python3.12/site-packages/airflow/example_dags/example_dataset_alias.py                                                             4           0  0.10s           2025-04-04T15:20:47                      27
/home/ubuntu/venv/lib/python3.12/site-packages/airflow/example_dags/example_setup_teardown_taskflow.py                                                   1           0  0.10s           2025-04-04T15:21:26                      10
/home/ubuntu/venv/lib/python3.12/site-packages/airflow/example_dags/example_trigger_controller_dag.py                                                    1           0  0.10s           2025-04-04T15:21:03                      12
/home/ubuntu/venv/lib/python3.12/site-packages/airflow/example_dags/example_bash_operator.py                                                             1           0  0.10s           2025-04-04T15:21:20                      12
/home/ubuntu/venv/lib/python3.12/site-packages/airflow/example_dags/example_branch_operator.py                                                           0           0  0.10s           2025-04-04T15:21:18                       3
/home/ubuntu/venv/lib/python3.12/site-packages/airflow/example_dags/example_sensors.py                                                                   1           0  0.10s           2025-04-04T15:21:24                      10
/home/ubuntu/venv/lib/python3.12/site-packages/airflow/example_dags/tutorial.py                                                                          1           0  0.10s           2025-04-04T15:21:04                      12
/home/ubuntu/venv/lib/python3.12/site-packages/airflow/example_dags/tutorial_taskflow_templates.py                                                       1           0  0.10s           2025-04-04T15:20:55                      12
================================================================================
[2025-04-04T15:22:04.849+0000] {manager.py:997} INFO - 
================================================================================
DAG File Processing Stats

File Path                                                                                                                       PID    Runtime      # DAGs    # Errors  Last Runtime    Last Run               Last # of DB Queries
------------------------------------------------------------------------------------------------------------------------------  -----  ---------  --------  ----------  --------------  -------------------  ----------------------
/home/ubuntu/venv/lib/python3.12/site-packages/airflow/example_dags/example_subdag_operator.py                                                           3           0  0.21s           2025-04-04T15:22:03                      20
/home/ubuntu/venv/lib/python3.12/site-packages/airflow/example_dags/example_datasets.py                                                                 10           0  0.20s           2025-04-04T15:21:47                      49
/home/ubuntu/venv/lib/python3.12/site-packages/airflow/example_dags/plugins/listener_plugin.py                                                           0           0  0.11s           2025-04-04T15:21:53                       3
/home/ubuntu/venv/lib/python3.12/site-packages/airflow/example_dags/tutorial_taskflow_api_virtualenv.py                                                  0           0  0.11s           2025-04-04T15:21:49                       3
/home/ubuntu/venv/lib/python3.12/site-packages/airflow/example_dags/example_dag_decorator.py                                                             1           0  0.11s           2025-04-04T15:21:40                      10
/home/ubuntu/venv/lib/python3.12/site-packages/airflow/example_dags/example_time_delta_sensor_async.py                                                   1           0  0.11s           2025-04-04T15:21:54                      10
/home/ubuntu/venv/lib/python3.12/site-packages/airflow/example_dags/example_trigger_target_dag.py                                                        1           0  0.11s           2025-04-04T15:21:59                      10
/home/ubuntu/venv/lib/python3.12/site-packages/airflow/example_dags/example_workday_timetable.py                                                         1           0  0.11s           2025-04-04T15:22:02                      12
/home/ubuntu/venv/lib/python3.12/site-packages/airflow/example_dags/tutorial.py                                                                          1           0  0.11s           2025-04-04T15:21:58                      12
/home/ubuntu/venv/lib/python3.12/site-packages/airflow/example_dags/tutorial_taskflow_api.py                                                             1           0  0.10s           2025-04-04T15:22:02                      10
/home/ubuntu/venv/lib/python3.12/site-packages/airflow/example_dags/plugins/workday.py                                                                   0           0  0.10s           2025-04-04T15:21:52                       3
/home/ubuntu/venv/lib/python3.12/site-packages/airflow/example_dags/example_inlet_event_extra.py                                                         2           0  0.10s           2025-04-04T15:21:39                      15
/home/ubuntu/venv/lib/python3.12/site-packages/airflow/example_dags/tutorial_objectstorage.py                                                            1           0  0.10s           2025-04-04T15:22:01                      10
/home/ubuntu/venv/lib/python3.12/site-packages/airflow/example_dags/example_local_kubernetes_executor.py                                                 0           0  0.10s           2025-04-04T15:21:34                       3
/home/ubuntu/venv/lib/python3.12/site-packages/airflow/example_dags/example_branch_operator_decorator.py                                                 0           0  0.10s           2025-04-04T15:20:53                       3
/home/ubuntu/venv/lib/python3.12/site-packages/airflow/example_dags/example_params_trigger_ui.py                                                         1           0  0.10s           2025-04-04T15:21:30                      10
/home/ubuntu/venv/lib/python3.12/site-packages/airflow/example_dags/example_sla_dag.py                                                                   1           0  0.10s           2025-04-04T15:21:14                      12
/home/ubuntu/venv/lib/python3.12/site-packages/airflow/example_dags/tutorial_dag.py                                                                      1           0  0.10s           2025-04-04T15:21:57                      10
/home/ubuntu/venv/lib/python3.12/site-packages/airflow/example_dags/example_task_group.py                                                                1           0  0.10s           2025-04-04T15:22:04                      10
/home/ubuntu/venv/lib/python3.12/site-packages/airflow/example_dags/example_xcomargs.py                                                                  2           0  0.10s           2025-04-04T15:22:00                      13
/home/ubuntu/venv/lib/python3.12/site-packages/airflow/example_dags/example_dynamic_task_mapping.py                                                      1           0  0.10s           2025-04-04T15:21:44                      10
/home/ubuntu/venv/lib/python3.12/site-packages/airflow/example_dags/example_latest_only.py                                                               1           0  0.10s           2025-04-04T15:21:29                      12
/home/ubuntu/venv/lib/python3.12/site-packages/airflow/example_dags/example_short_circuit_decorator.py                                                   1           0  0.10s           2025-04-04T15:21:12                      10
/home/ubuntu/venv/lib/python3.12/site-packages/airflow/example_dags/example_outlet_event_extra.py                                                        3           0  0.10s           2025-04-04T15:21:29                      19
/home/ubuntu/venv/lib/python3.12/site-packages/airflow/example_dags/example_python_operator.py                                                           1           0  0.10s           2025-04-04T15:21:35                      10
/home/ubuntu/venv/lib/python3.12/site-packages/airflow/example_dags/example_bash_decorator.py                                                            1           0  0.10s           2025-04-04T15:21:16                      10
/home/ubuntu/venv/lib/python3.12/site-packages/airflow/example_dags/example_display_name.py                                                              1           0  0.10s           2025-04-04T15:21:41                      10
/home/ubuntu/venv/lib/python3.12/site-packages/airflow/example_dags/example_task_group_decorator.py                                                      1           0  0.10s           2025-04-04T15:21:13                      10
/home/ubuntu/venv/lib/python3.12/site-packages/airflow/example_dags/example_xcom.py                                                                      1           0  0.10s           2025-04-04T15:21:55                      12
/home/ubuntu/venv/lib/python3.12/site-packages/airflow/example_dags/example_external_task_marker_dag.py                                                  2           0  0.10s           2025-04-04T15:21:42                      13
/home/ubuntu/venv/lib/python3.12/site-packages/airflow/example_dags/example_dataset_alias.py                                                             4           0  0.10s           2025-04-04T15:21:43                      27
/home/ubuntu/venv/lib/python3.12/site-packages/airflow/example_dags/example_params_ui_tutorial.py                                                        1           0  0.10s           2025-04-04T15:21:34                      10
/home/ubuntu/venv/lib/python3.12/site-packages/airflow/example_dags/subdags/subdag.py                                                                    0           0  0.10s           2025-04-04T15:21:22                       3
/home/ubuntu/venv/lib/python3.12/site-packages/airflow/example_dags/example_python_decorator.py                                                          1           0  0.10s           2025-04-04T15:21:33                      10
/home/ubuntu/venv/lib/python3.12/site-packages/airflow/example_dags/example_dynamic_task_mapping_with_no_taskflow_operators.py                           1           0  0.10s           2025-04-04T15:21:45                      10
/home/ubuntu/venv/lib/python3.12/site-packages/airflow/example_dags/example_complex.py                                                                   1           0  0.10s           2025-04-04T15:20:54                      10
/home/ubuntu/venv/lib/python3.12/site-packages/airflow/example_dags/example_branch_datetime_operator.py                                                  3           0  0.10s           2025-04-04T15:21:17                      18
/home/ubuntu/venv/lib/python3.12/site-packages/airflow/example_dags/example_sensor_decorator.py                                                          1           0  0.10s           2025-04-04T15:21:36                      10
/home/ubuntu/venv/lib/python3.12/site-packages/airflow/example_dags/example_branch_day_of_week_operator.py                                               1           0  0.10s           2025-04-04T15:21:21                      12
/home/ubuntu/venv/lib/python3.12/site-packages/airflow/example_dags/example_passing_params_via_test_command.py                                           1           0  0.10s           2025-04-04T15:21:27                      12
/home/ubuntu/venv/lib/python3.12/site-packages/airflow/example_dags/example_kubernetes_executor.py                                                       0           0  0.10s           2025-04-04T15:21:45                       3
/home/ubuntu/venv/lib/python3.12/site-packages/airflow/example_dags/example_skip_dag.py                                                                  1           0  0.10s           2025-04-04T15:21:15                      12
/home/ubuntu/venv/lib/python3.12/site-packages/airflow/example_dags/example_setup_teardown.py                                                            1           0  0.10s           2025-04-04T15:21:25                      10
/home/ubuntu/venv/lib/python3.12/site-packages/airflow/example_dags/plugins/decreasing_priority_weight_strategy.py                                       0           0  0.10s           2025-04-04T15:21:50                       3
/home/ubuntu/venv/lib/python3.12/site-packages/airflow/example_dags/example_nested_branch_dag.py                                                         1           0  0.10s           2025-04-04T15:21:34                      12
/home/ubuntu/venv/lib/python3.12/site-packages/airflow/example_dags/example_trigger_controller_dag.py                                                    1           0  0.10s           2025-04-04T15:21:56                      12
/home/ubuntu/venv/lib/python3.12/site-packages/airflow/example_dags/example_branch_labels.py                                                             1           0  0.10s           2025-04-04T15:21:19                      12
/home/ubuntu/venv/lib/python3.12/site-packages/airflow/example_dags/example_latest_only_with_trigger.py                                                  1           0  0.10s           2025-04-04T15:21:31                      12
/home/ubuntu/venv/lib/python3.12/site-packages/airflow/example_dags/example_short_circuit_operator.py                                                    1           0  0.10s           2025-04-04T15:21:23                      10
/home/ubuntu/venv/lib/python3.12/site-packages/airflow/example_dags/example_setup_teardown_taskflow.py                                                   1           0  0.10s           2025-04-04T15:21:26                      10
/home/ubuntu/venv/lib/python3.12/site-packages/airflow/example_dags/plugins/event_listener.py                                                            0           0  0.10s           2025-04-04T15:21:51                       3
/home/ubuntu/venv/lib/python3.12/site-packages/airflow/example_dags/example_bash_operator.py                                                             1           0  0.10s           2025-04-04T15:21:20                      12
/home/ubuntu/venv/lib/python3.12/site-packages/airflow/example_dags/example_branch_operator.py                                                           0           0  0.10s           2025-04-04T15:21:18                       3
/home/ubuntu/venv/lib/python3.12/site-packages/airflow/example_dags/example_sensors.py                                                                   1           0  0.10s           2025-04-04T15:21:24                      10
/home/ubuntu/venv/lib/python3.12/site-packages/airflow/example_dags/tutorial_taskflow_templates.py                                                       1           0  0.10s           2025-04-04T15:21:49                      12
/home/ubuntu/venv/lib/python3.12/site-packages/airflow/example_dags/example_dataset_alias_with_no_taskflow.py                                            4           0  0.10s           2025-04-04T15:21:38                      27
/home/ubuntu/venv/lib/python3.12/site-packages/airflow/example_dags/example_branch_python_dop_operator_3.py                                              1           0  0.10s           2025-04-04T15:21:48                      12
================================================================================
[2025-04-04T15:22:35.143+0000] {manager.py:997} INFO - 
================================================================================
DAG File Processing Stats

File Path                                                                                                                       PID    Runtime      # DAGs    # Errors  Last Runtime    Last Run               Last # of DB Queries
------------------------------------------------------------------------------------------------------------------------------  -----  ---------  --------  ----------  --------------  -------------------  ----------------------
/home/ubuntu/venv/lib/python3.12/site-packages/airflow/example_dags/example_dag_decorator.py                                                             1           0  0.30s           2025-04-04T15:22:31                      32
/home/ubuntu/venv/lib/python3.12/site-packages/airflow/example_dags/example_subdag_operator.py                                                           3           0  0.21s           2025-04-04T15:22:03                      20
/home/ubuntu/venv/lib/python3.12/site-packages/airflow/example_dags/example_dataset_alias.py                                                             4           0  0.21s           2025-04-04T15:22:35                      27
/home/ubuntu/venv/lib/python3.12/site-packages/airflow/example_dags/example_datasets.py                                                                 10           0  0.20s           2025-04-04T15:21:47                      49
/home/ubuntu/venv/lib/python3.12/site-packages/airflow/example_dags/example_display_name.py                                                              1           0  0.11s           2025-04-04T15:22:32                      10
/home/ubuntu/venv/lib/python3.12/site-packages/airflow/example_dags/example_complex.py                                                                   1           0  0.11s           2025-04-04T15:22:10                      10
/home/ubuntu/venv/lib/python3.12/site-packages/airflow/example_dags/plugins/listener_plugin.py                                                           0           0  0.11s           2025-04-04T15:21:53                       3
/home/ubuntu/venv/lib/python3.12/site-packages/airflow/example_dags/tutorial_taskflow_api_virtualenv.py                                                  0           0  0.11s           2025-04-04T15:21:49                       3
/home/ubuntu/venv/lib/python3.12/site-packages/airflow/example_dags/example_time_delta_sensor_async.py                                                   1           0  0.11s           2025-04-04T15:21:54                      10
/home/ubuntu/venv/lib/python3.12/site-packages/airflow/example_dags/example_trigger_target_dag.py                                                        1           0  0.11s           2025-04-04T15:21:59                      10
/home/ubuntu/venv/lib/python3.12/site-packages/airflow/example_dags/example_workday_timetable.py                                                         1           0  0.11s           2025-04-04T15:22:02                      12
/home/ubuntu/venv/lib/python3.12/site-packages/airflow/example_dags/tutorial.py                                                                          1           0  0.11s           2025-04-04T15:21:58                      12
/home/ubuntu/venv/lib/python3.12/site-packages/airflow/example_dags/example_branch_operator_decorator.py                                                 0           0  0.10s           2025-04-04T15:22:09                       3
/home/ubuntu/venv/lib/python3.12/site-packages/airflow/example_dags/tutorial_taskflow_api.py                                                             1           0  0.10s           2025-04-04T15:22:02                      10
/home/ubuntu/venv/lib/python3.12/site-packages/airflow/example_dags/example_params_trigger_ui.py                                                         1           0  0.10s           2025-04-04T15:22:22                      10
/home/ubuntu/venv/lib/python3.12/site-packages/airflow/example_dags/plugins/workday.py                                                                   0           0  0.10s           2025-04-04T15:21:52                       3
/home/ubuntu/venv/lib/python3.12/site-packages/airflow/example_dags/subdags/subdag.py                                                                    0           0  0.10s           2025-04-04T15:22:15                       3
/home/ubuntu/venv/lib/python3.12/site-packages/airflow/example_dags/example_bash_decorator.py                                                            1           0  0.10s           2025-04-04T15:22:11                      10
/home/ubuntu/venv/lib/python3.12/site-packages/airflow/example_dags/tutorial_objectstorage.py                                                            1           0  0.10s           2025-04-04T15:22:01                      10
/home/ubuntu/venv/lib/python3.12/site-packages/airflow/example_dags/example_dataset_alias_with_no_taskflow.py                                            4           0  0.10s           2025-04-04T15:22:29                      27
/home/ubuntu/venv/lib/python3.12/site-packages/airflow/example_dags/example_short_circuit_decorator.py                                                   1           0  0.10s           2025-04-04T15:22:05                      10
/home/ubuntu/venv/lib/python3.12/site-packages/airflow/example_dags/tutorial_dag.py                                                                      1           0  0.10s           2025-04-04T15:21:57                      10
/home/ubuntu/venv/lib/python3.12/site-packages/airflow/example_dags/example_python_operator.py                                                           1           0  0.10s           2025-04-04T15:22:27                      10
/home/ubuntu/venv/lib/python3.12/site-packages/airflow/example_dags/example_task_group.py                                                                1           0  0.10s           2025-04-04T15:22:04                      10
/home/ubuntu/venv/lib/python3.12/site-packages/airflow/example_dags/example_setup_teardown.py                                                            1           0  0.10s           2025-04-04T15:22:17                      10
/home/ubuntu/venv/lib/python3.12/site-packages/airflow/example_dags/example_xcomargs.py                                                                  2           0  0.10s           2025-04-04T15:22:00                      13
/home/ubuntu/venv/lib/python3.12/site-packages/airflow/example_dags/example_dynamic_task_mapping.py                                                      1           0  0.10s           2025-04-04T15:21:44                      10
/home/ubuntu/venv/lib/python3.12/site-packages/airflow/example_dags/example_outlet_event_extra.py                                                        3           0  0.10s           2025-04-04T15:22:21                      19
/home/ubuntu/venv/lib/python3.12/site-packages/airflow/example_dags/example_setup_teardown_taskflow.py                                                   1           0  0.10s           2025-04-04T15:22:18                      10
/home/ubuntu/venv/lib/python3.12/site-packages/airflow/example_dags/example_xcom.py                                                                      1           0  0.10s           2025-04-04T15:21:55                      12
/home/ubuntu/venv/lib/python3.12/site-packages/airflow/example_dags/example_python_decorator.py                                                          1           0  0.10s           2025-04-04T15:22:24                      10
/home/ubuntu/venv/lib/python3.12/site-packages/airflow/example_dags/example_branch_datetime_operator.py                                                  3           0  0.10s           2025-04-04T15:22:13                      18
/home/ubuntu/venv/lib/python3.12/site-packages/airflow/example_dags/example_latest_only_with_trigger.py                                                  1           0  0.10s           2025-04-04T15:22:23                      12
/home/ubuntu/venv/lib/python3.12/site-packages/airflow/example_dags/example_branch_operator.py                                                           0           0  0.10s           2025-04-04T15:22:14                       3
/home/ubuntu/venv/lib/python3.12/site-packages/airflow/example_dags/example_dynamic_task_mapping_with_no_taskflow_operators.py                           1           0  0.10s           2025-04-04T15:21:45                      10
/home/ubuntu/venv/lib/python3.12/site-packages/airflow/example_dags/example_local_kubernetes_executor.py                                                 0           0  0.10s           2025-04-04T15:22:26                       3
/home/ubuntu/venv/lib/python3.12/site-packages/airflow/example_dags/example_sla_dag.py                                                                   1           0  0.10s           2025-04-04T15:22:07                      12
/home/ubuntu/venv/lib/python3.12/site-packages/airflow/example_dags/example_branch_day_of_week_operator.py                                               1           0  0.10s           2025-04-04T15:21:21                      12
/home/ubuntu/venv/lib/python3.12/site-packages/airflow/example_dags/example_skip_dag.py                                                                  1           0  0.10s           2025-04-04T15:22:08                      12
/home/ubuntu/venv/lib/python3.12/site-packages/airflow/example_dags/example_kubernetes_executor.py                                                       0           0  0.10s           2025-04-04T15:21:45                       3
/home/ubuntu/venv/lib/python3.12/site-packages/airflow/example_dags/plugins/decreasing_priority_weight_strategy.py                                       0           0  0.10s           2025-04-04T15:21:50                       3
/home/ubuntu/venv/lib/python3.12/site-packages/airflow/example_dags/example_trigger_controller_dag.py                                                    1           0  0.10s           2025-04-04T15:21:56                      12
/home/ubuntu/venv/lib/python3.12/site-packages/airflow/example_dags/example_sensor_decorator.py                                                          1           0  0.10s           2025-04-04T15:22:28                      10
/home/ubuntu/venv/lib/python3.12/site-packages/airflow/example_dags/example_branch_labels.py                                                             1           0  0.10s           2025-04-04T15:21:19                      12
/home/ubuntu/venv/lib/python3.12/site-packages/airflow/example_dags/example_short_circuit_operator.py                                                    1           0  0.10s           2025-04-04T15:22:15                      10
/home/ubuntu/venv/lib/python3.12/site-packages/airflow/example_dags/plugins/event_listener.py                                                            0           0  0.10s           2025-04-04T15:21:51                       3
/home/ubuntu/venv/lib/python3.12/site-packages/airflow/example_dags/example_task_group_decorator.py                                                      1           0  0.10s           2025-04-04T15:22:06                      10
/home/ubuntu/venv/lib/python3.12/site-packages/airflow/example_dags/example_bash_operator.py                                                             1           0  0.10s           2025-04-04T15:21:20                      12
/home/ubuntu/venv/lib/python3.12/site-packages/airflow/example_dags/example_inlet_event_extra.py                                                         2           0  0.10s           2025-04-04T15:22:31                      15
/home/ubuntu/venv/lib/python3.12/site-packages/airflow/example_dags/example_external_task_marker_dag.py                                                  2           0  0.10s           2025-04-04T15:22:33                      13
/home/ubuntu/venv/lib/python3.12/site-packages/airflow/example_dags/example_params_ui_tutorial.py                                                        1           0  0.10s           2025-04-04T15:22:26                      10
/home/ubuntu/venv/lib/python3.12/site-packages/airflow/example_dags/example_latest_only.py                                                               1           0  0.10s           2025-04-04T15:22:19                      12
/home/ubuntu/venv/lib/python3.12/site-packages/airflow/example_dags/tutorial_taskflow_templates.py                                                       1           0  0.10s           2025-04-04T15:21:49                      12
/home/ubuntu/venv/lib/python3.12/site-packages/airflow/example_dags/example_sensors.py                                                                   1           0  0.10s           2025-04-04T15:22:16                      10
/home/ubuntu/venv/lib/python3.12/site-packages/airflow/example_dags/example_passing_params_via_test_command.py                                           1           0  0.10s           2025-04-04T15:22:19                      12
/home/ubuntu/venv/lib/python3.12/site-packages/airflow/example_dags/example_nested_branch_dag.py                                                         1           0  0.10s           2025-04-04T15:22:25                      12
/home/ubuntu/venv/lib/python3.12/site-packages/airflow/example_dags/example_branch_python_dop_operator_3.py                                              1           0  0.10s           2025-04-04T15:21:48                      12
================================================================================
[2025-04-04T15:22:55.043+0000] {manager.py:465} INFO - Exiting gracefully upon receiving signal 15
[2025-04-04T15:23:04.116+0000] {manager.py:483} INFO - Processing files using up to 1 processes at a time 
[2025-04-04T15:23:04.116+0000] {manager.py:484} INFO - Process each file at most once every 30 seconds
[2025-04-04T15:23:04.116+0000] {manager.py:485} INFO - Checking for new files in /home/ubuntu/airflow/dags every 300 seconds
[2025-04-04T15:23:04.117+0000] {manager.py:821} INFO - Searching for files in /home/ubuntu/airflow/dags
[2025-04-04T15:23:04.117+0000] {manager.py:824} INFO - There are 0 files in /home/ubuntu/airflow/dags
[2025-04-04T15:28:04.197+0000] {manager.py:821} INFO - Searching for files in /home/ubuntu/airflow/dags
[2025-04-04T15:28:04.198+0000] {manager.py:824} INFO - There are 0 files in /home/ubuntu/airflow/dags
[2025-04-04T15:33:04.226+0000] {manager.py:821} INFO - Searching for files in /home/ubuntu/airflow/dags
[2025-04-04T15:33:04.227+0000] {manager.py:824} INFO - There are 0 files in /home/ubuntu/airflow/dags
[2025-04-05T02:33:54.255+0000] {manager.py:483} INFO - Processing files using up to 1 processes at a time 
[2025-04-05T02:33:54.256+0000] {manager.py:484} INFO - Process each file at most once every 30 seconds
[2025-04-05T02:33:54.257+0000] {manager.py:485} INFO - Checking for new files in /home/ubuntu/airflow/dags every 300 seconds
[2025-04-05T02:33:54.257+0000] {manager.py:821} INFO - Searching for files in /home/ubuntu/airflow/dags
[2025-04-05T02:33:54.258+0000] {manager.py:824} INFO - There are 0 files in /home/ubuntu/airflow/dags
[2025-04-05T02:38:54.268+0000] {manager.py:821} INFO - Searching for files in /home/ubuntu/airflow/dags
[2025-04-05T02:38:54.268+0000] {manager.py:824} INFO - There are 1 files in /home/ubuntu/airflow/dags
[2025-04-05T02:38:56.170+0000] {manager.py:997} INFO - 
================================================================================
DAG File Processing Stats

File Path                                     PID    Runtime      # DAGs    # Errors  Last Runtime    Last Run               Last # of DB Queries
--------------------------------------------  -----  ---------  --------  ----------  --------------  -------------------  ----------------------
/home/ubuntu/airflow/dags/zillowanalytics.py                           0           0  0.10s           2025-04-05T02:38:54                       3
================================================================================
[2025-04-05T02:39:26.259+0000] {manager.py:997} INFO - 
================================================================================
DAG File Processing Stats

File Path                                     PID    Runtime      # DAGs    # Errors  Last Runtime    Last Run               Last # of DB Queries
--------------------------------------------  -----  ---------  --------  ----------  --------------  -------------------  ----------------------
/home/ubuntu/airflow/dags/zillowanalytics.py                           0           1  0.10s           2025-04-05T02:39:19                       3
================================================================================
[2025-04-05T02:39:56.350+0000] {manager.py:997} INFO - 
================================================================================
DAG File Processing Stats

File Path                                     PID    Runtime      # DAGs    # Errors  Last Runtime    Last Run               Last # of DB Queries
--------------------------------------------  -----  ---------  --------  ----------  --------------  -------------------  ----------------------
/home/ubuntu/airflow/dags/zillowanalytics.py                           0           1  0.10s           2025-04-05T02:39:50                       5
================================================================================
[2025-04-05T02:40:26.440+0000] {manager.py:997} INFO - 
================================================================================
DAG File Processing Stats

File Path                                     PID    Runtime      # DAGs    # Errors  Last Runtime    Last Run               Last # of DB Queries
--------------------------------------------  -----  ---------  --------  ----------  --------------  -------------------  ----------------------
/home/ubuntu/airflow/dags/zillowanalytics.py                           0           1  0.10s           2025-04-05T02:40:20                       5
================================================================================
[2025-04-05T02:40:56.529+0000] {manager.py:997} INFO - 
================================================================================
DAG File Processing Stats

File Path                                     PID    Runtime      # DAGs    # Errors  Last Runtime    Last Run               Last # of DB Queries
--------------------------------------------  -----  ---------  --------  ----------  --------------  -------------------  ----------------------
/home/ubuntu/airflow/dags/zillowanalytics.py                           0           1  0.10s           2025-04-05T02:40:50                       5
================================================================================
[2025-04-05T02:41:26.621+0000] {manager.py:997} INFO - 
================================================================================
DAG File Processing Stats

File Path                                     PID    Runtime      # DAGs    # Errors  Last Runtime    Last Run               Last # of DB Queries
--------------------------------------------  -----  ---------  --------  ----------  --------------  -------------------  ----------------------
/home/ubuntu/airflow/dags/zillowanalytics.py                           0           1  0.10s           2025-04-05T02:41:20                       5
================================================================================
[2025-04-05T02:41:56.712+0000] {manager.py:997} INFO - 
================================================================================
DAG File Processing Stats

File Path                                     PID    Runtime      # DAGs    # Errors  Last Runtime    Last Run               Last # of DB Queries
--------------------------------------------  -----  ---------  --------  ----------  --------------  -------------------  ----------------------
/home/ubuntu/airflow/dags/zillowanalytics.py                           0           1  0.10s           2025-04-05T02:41:51                       5
================================================================================
[2025-04-05T02:42:26.804+0000] {manager.py:997} INFO - 
================================================================================
DAG File Processing Stats

File Path                                     PID    Runtime      # DAGs    # Errors  Last Runtime    Last Run               Last # of DB Queries
--------------------------------------------  -----  ---------  --------  ----------  --------------  -------------------  ----------------------
/home/ubuntu/airflow/dags/zillowanalytics.py                           0           1  0.10s           2025-04-05T02:42:21                       5
================================================================================
[2025-04-05T02:42:56.894+0000] {manager.py:997} INFO - 
================================================================================
DAG File Processing Stats

File Path                                     PID    Runtime      # DAGs    # Errors  Last Runtime    Last Run               Last # of DB Queries
--------------------------------------------  -----  ---------  --------  ----------  --------------  -------------------  ----------------------
/home/ubuntu/airflow/dags/zillowanalytics.py                           0           1  0.10s           2025-04-05T02:42:51                       5
================================================================================
[2025-04-05T02:43:26.985+0000] {manager.py:997} INFO - 
================================================================================
DAG File Processing Stats

File Path                                     PID    Runtime      # DAGs    # Errors  Last Runtime    Last Run               Last # of DB Queries
--------------------------------------------  -----  ---------  --------  ----------  --------------  -------------------  ----------------------
/home/ubuntu/airflow/dags/zillowanalytics.py                           0           1  0.10s           2025-04-05T02:43:21                       5
================================================================================
[2025-04-05T02:43:54.391+0000] {manager.py:821} INFO - Searching for files in /home/ubuntu/airflow/dags
[2025-04-05T02:43:54.392+0000] {manager.py:824} INFO - There are 1 files in /home/ubuntu/airflow/dags
[2025-04-05T02:43:57.075+0000] {manager.py:997} INFO - 
================================================================================
DAG File Processing Stats

File Path                                     PID    Runtime      # DAGs    # Errors  Last Runtime    Last Run               Last # of DB Queries
--------------------------------------------  -----  ---------  --------  ----------  --------------  -------------------  ----------------------
/home/ubuntu/airflow/dags/zillowanalytics.py                           0           1  0.10s           2025-04-05T02:43:51                       5
================================================================================
[2025-04-05T02:44:27.167+0000] {manager.py:997} INFO - 
================================================================================
DAG File Processing Stats

File Path                                     PID    Runtime      # DAGs    # Errors  Last Runtime    Last Run               Last # of DB Queries
--------------------------------------------  -----  ---------  --------  ----------  --------------  -------------------  ----------------------
/home/ubuntu/airflow/dags/zillowanalytics.py                           0           1  0.10s           2025-04-05T02:44:22                       5
================================================================================
[2025-04-05T02:44:57.258+0000] {manager.py:997} INFO - 
================================================================================
DAG File Processing Stats

File Path                                     PID    Runtime      # DAGs    # Errors  Last Runtime    Last Run               Last # of DB Queries
--------------------------------------------  -----  ---------  --------  ----------  --------------  -------------------  ----------------------
/home/ubuntu/airflow/dags/zillowanalytics.py                           0           1  0.10s           2025-04-05T02:44:52                       5
================================================================================
[2025-04-05T02:45:27.346+0000] {manager.py:997} INFO - 
================================================================================
DAG File Processing Stats

File Path                                     PID    Runtime      # DAGs    # Errors  Last Runtime    Last Run               Last # of DB Queries
--------------------------------------------  -----  ---------  --------  ----------  --------------  -------------------  ----------------------
/home/ubuntu/airflow/dags/zillowanalytics.py                           0           1  0.10s           2025-04-05T02:45:22                       5
================================================================================
[2025-04-05T02:45:57.436+0000] {manager.py:997} INFO - 
================================================================================
DAG File Processing Stats

File Path                                     PID    Runtime      # DAGs    # Errors  Last Runtime    Last Run               Last # of DB Queries
--------------------------------------------  -----  ---------  --------  ----------  --------------  -------------------  ----------------------
/home/ubuntu/airflow/dags/zillowanalytics.py                           0           1  0.10s           2025-04-05T02:45:52                       5
================================================================================
[2025-04-05T02:46:27.527+0000] {manager.py:997} INFO - 
================================================================================
DAG File Processing Stats

File Path                                     PID    Runtime      # DAGs    # Errors  Last Runtime    Last Run               Last # of DB Queries
--------------------------------------------  -----  ---------  --------  ----------  --------------  -------------------  ----------------------
/home/ubuntu/airflow/dags/zillowanalytics.py                           0           1  0.10s           2025-04-05T02:46:23                       5
================================================================================
[2025-04-05T02:46:57.619+0000] {manager.py:997} INFO - 
================================================================================
DAG File Processing Stats

File Path                                     PID    Runtime      # DAGs    # Errors  Last Runtime    Last Run               Last # of DB Queries
--------------------------------------------  -----  ---------  --------  ----------  --------------  -------------------  ----------------------
/home/ubuntu/airflow/dags/zillowanalytics.py                           0           1  0.10s           2025-04-05T02:46:53                       5
================================================================================
[2025-04-05T02:47:27.709+0000] {manager.py:997} INFO - 
================================================================================
DAG File Processing Stats

File Path                                     PID    Runtime      # DAGs    # Errors  Last Runtime    Last Run               Last # of DB Queries
--------------------------------------------  -----  ---------  --------  ----------  --------------  -------------------  ----------------------
/home/ubuntu/airflow/dags/zillowanalytics.py                           0           1  0.10s           2025-04-05T02:47:23                       5
================================================================================
[2025-04-05T02:47:57.801+0000] {manager.py:997} INFO - 
================================================================================
DAG File Processing Stats

File Path                                     PID    Runtime      # DAGs    # Errors  Last Runtime    Last Run               Last # of DB Queries
--------------------------------------------  -----  ---------  --------  ----------  --------------  -------------------  ----------------------
/home/ubuntu/airflow/dags/zillowanalytics.py                           0           1  0.10s           2025-04-05T02:47:53                       5
================================================================================
[2025-04-05T02:48:27.893+0000] {manager.py:997} INFO - 
================================================================================
DAG File Processing Stats

File Path                                     PID    Runtime      # DAGs    # Errors  Last Runtime    Last Run               Last # of DB Queries
--------------------------------------------  -----  ---------  --------  ----------  --------------  -------------------  ----------------------
/home/ubuntu/airflow/dags/zillowanalytics.py                           0           1  0.10s           2025-04-05T02:48:24                       5
================================================================================
[2025-04-05T02:48:54.440+0000] {manager.py:821} INFO - Searching for files in /home/ubuntu/airflow/dags
[2025-04-05T02:48:54.441+0000] {manager.py:824} INFO - There are 1 files in /home/ubuntu/airflow/dags
[2025-04-05T02:48:57.982+0000] {manager.py:997} INFO - 
================================================================================
DAG File Processing Stats

File Path                                     PID    Runtime      # DAGs    # Errors  Last Runtime    Last Run               Last # of DB Queries
--------------------------------------------  -----  ---------  --------  ----------  --------------  -------------------  ----------------------
/home/ubuntu/airflow/dags/zillowanalytics.py                           0           1  0.10s           2025-04-05T02:48:54                       5
================================================================================
[2025-04-05T02:49:28.073+0000] {manager.py:997} INFO - 
================================================================================
DAG File Processing Stats

File Path                                     PID    Runtime      # DAGs    # Errors  Last Runtime    Last Run               Last # of DB Queries
--------------------------------------------  -----  ---------  --------  ----------  --------------  -------------------  ----------------------
/home/ubuntu/airflow/dags/zillowanalytics.py                           0           1  0.10s           2025-04-05T02:49:24                       5
================================================================================
[2025-04-05T02:49:58.163+0000] {manager.py:997} INFO - 
================================================================================
DAG File Processing Stats

File Path                                     PID    Runtime      # DAGs    # Errors  Last Runtime    Last Run               Last # of DB Queries
--------------------------------------------  -----  ---------  --------  ----------  --------------  -------------------  ----------------------
/home/ubuntu/airflow/dags/zillowanalytics.py                           0           1  0.10s           2025-04-05T02:49:54                       5
================================================================================
[2025-04-05T02:50:28.250+0000] {manager.py:997} INFO - 
================================================================================
DAG File Processing Stats

File Path                                     PID    Runtime      # DAGs    # Errors  Last Runtime    Last Run               Last # of DB Queries
--------------------------------------------  -----  ---------  --------  ----------  --------------  -------------------  ----------------------
/home/ubuntu/airflow/dags/zillowanalytics.py                           0           1  0.10s           2025-04-05T02:50:25                       5
================================================================================
[2025-04-05T02:50:58.341+0000] {manager.py:997} INFO - 
================================================================================
DAG File Processing Stats

File Path                                     PID    Runtime      # DAGs    # Errors  Last Runtime    Last Run               Last # of DB Queries
--------------------------------------------  -----  ---------  --------  ----------  --------------  -------------------  ----------------------
/home/ubuntu/airflow/dags/zillowanalytics.py                           0           1  0.10s           2025-04-05T02:50:55                       5
================================================================================
[2025-04-05T02:51:28.413+0000] {manager.py:997} INFO - 
================================================================================
DAG File Processing Stats

File Path                                     PID    Runtime      # DAGs    # Errors  Last Runtime    Last Run               Last # of DB Queries
--------------------------------------------  -----  ---------  --------  ----------  --------------  -------------------  ----------------------
/home/ubuntu/airflow/dags/zillowanalytics.py                           0           1  0.10s           2025-04-05T02:51:26                       5
================================================================================
[2025-04-05T02:51:58.649+0000] {manager.py:997} INFO - 
================================================================================
DAG File Processing Stats

File Path                                     PID    Runtime      # DAGs    # Errors  Last Runtime    Last Run               Last # of DB Queries
--------------------------------------------  -----  ---------  --------  ----------  --------------  -------------------  ----------------------
/home/ubuntu/airflow/dags/zillowanalytics.py                           0           1  0.10s           2025-04-05T02:51:56                       5
================================================================================
[2025-04-05T02:52:28.888+0000] {manager.py:997} INFO - 
================================================================================
DAG File Processing Stats

File Path                                     PID    Runtime      # DAGs    # Errors  Last Runtime    Last Run               Last # of DB Queries
--------------------------------------------  -----  ---------  --------  ----------  --------------  -------------------  ----------------------
/home/ubuntu/airflow/dags/zillowanalytics.py                           0           1  0.10s           2025-04-05T02:52:04                       5
================================================================================
[2025-04-05T02:52:59.130+0000] {manager.py:997} INFO - 
================================================================================
DAG File Processing Stats

File Path                                     PID    Runtime      # DAGs    # Errors  Last Runtime    Last Run               Last # of DB Queries
--------------------------------------------  -----  ---------  --------  ----------  --------------  -------------------  ----------------------
/home/ubuntu/airflow/dags/zillowanalytics.py                           0           1  0.10s           2025-04-05T02:52:35                       5
================================================================================
[2025-04-05T02:53:29.371+0000] {manager.py:997} INFO - 
================================================================================
DAG File Processing Stats

File Path                                     PID    Runtime      # DAGs    # Errors  Last Runtime    Last Run               Last # of DB Queries
--------------------------------------------  -----  ---------  --------  ----------  --------------  -------------------  ----------------------
/home/ubuntu/airflow/dags/zillowanalytics.py                           0           1  0.10s           2025-04-05T02:53:05                       5
================================================================================
[2025-04-05T02:53:54.486+0000] {manager.py:821} INFO - Searching for files in /home/ubuntu/airflow/dags
[2025-04-05T02:53:54.487+0000] {manager.py:824} INFO - There are 1 files in /home/ubuntu/airflow/dags
[2025-04-05T02:53:59.615+0000] {manager.py:997} INFO - 
================================================================================
DAG File Processing Stats

File Path                                     PID    Runtime      # DAGs    # Errors  Last Runtime    Last Run               Last # of DB Queries
--------------------------------------------  -----  ---------  --------  ----------  --------------  -------------------  ----------------------
/home/ubuntu/airflow/dags/zillowanalytics.py                           0           1  0.10s           2025-04-05T02:53:35                       5
================================================================================
[2025-04-05T02:54:29.857+0000] {manager.py:997} INFO - 
================================================================================
DAG File Processing Stats

File Path                                     PID    Runtime      # DAGs    # Errors  Last Runtime    Last Run               Last # of DB Queries
--------------------------------------------  -----  ---------  --------  ----------  --------------  -------------------  ----------------------
/home/ubuntu/airflow/dags/zillowanalytics.py                           0           1  0.10s           2025-04-05T02:54:05                       5
================================================================================
[2025-04-05T02:55:00.071+0000] {manager.py:997} INFO - 
================================================================================
DAG File Processing Stats

File Path                                     PID    Runtime      # DAGs    # Errors  Last Runtime    Last Run               Last # of DB Queries
--------------------------------------------  -----  ---------  --------  ----------  --------------  -------------------  ----------------------
/home/ubuntu/airflow/dags/zillowanalytics.py                           0           1  0.10s           2025-04-05T02:54:36                       5
================================================================================
[2025-04-05T02:55:30.305+0000] {manager.py:997} INFO - 
================================================================================
DAG File Processing Stats

File Path                                     PID    Runtime      # DAGs    # Errors  Last Runtime    Last Run               Last # of DB Queries
--------------------------------------------  -----  ---------  --------  ----------  --------------  -------------------  ----------------------
/home/ubuntu/airflow/dags/zillowanalytics.py                           0           1  0.10s           2025-04-05T02:55:06                       5
================================================================================
[2025-04-05T02:56:00.540+0000] {manager.py:997} INFO - 
================================================================================
DAG File Processing Stats

File Path                                     PID    Runtime      # DAGs    # Errors  Last Runtime    Last Run               Last # of DB Queries
--------------------------------------------  -----  ---------  --------  ----------  --------------  -------------------  ----------------------
/home/ubuntu/airflow/dags/zillowanalytics.py                           0           1  0.10s           2025-04-05T02:55:36                       5
================================================================================
[2025-04-05T02:56:30.776+0000] {manager.py:997} INFO - 
================================================================================
DAG File Processing Stats

File Path                                     PID    Runtime      # DAGs    # Errors  Last Runtime    Last Run               Last # of DB Queries
--------------------------------------------  -----  ---------  --------  ----------  --------------  -------------------  ----------------------
/home/ubuntu/airflow/dags/zillowanalytics.py                           0           1  0.10s           2025-04-05T02:56:06                       5
================================================================================
[2025-04-05T02:57:01.015+0000] {manager.py:997} INFO - 
================================================================================
DAG File Processing Stats

File Path                                     PID    Runtime      # DAGs    # Errors  Last Runtime    Last Run               Last # of DB Queries
--------------------------------------------  -----  ---------  --------  ----------  --------------  -------------------  ----------------------
/home/ubuntu/airflow/dags/zillowanalytics.py                           0           1  0.10s           2025-04-05T02:56:36                       5
================================================================================
[2025-04-05T02:57:31.252+0000] {manager.py:997} INFO - 
================================================================================
DAG File Processing Stats

File Path                                     PID    Runtime      # DAGs    # Errors  Last Runtime    Last Run               Last # of DB Queries
--------------------------------------------  -----  ---------  --------  ----------  --------------  -------------------  ----------------------
/home/ubuntu/airflow/dags/zillowanalytics.py                           0           1  0.10s           2025-04-05T02:57:07                       5
================================================================================
[2025-04-05T02:58:01.491+0000] {manager.py:997} INFO - 
================================================================================
DAG File Processing Stats

File Path                                     PID    Runtime      # DAGs    # Errors  Last Runtime    Last Run               Last # of DB Queries
--------------------------------------------  -----  ---------  --------  ----------  --------------  -------------------  ----------------------
/home/ubuntu/airflow/dags/zillowanalytics.py                           0           1  0.10s           2025-04-05T02:57:37                       5
================================================================================
[2025-04-05T02:58:31.728+0000] {manager.py:997} INFO - 
================================================================================
DAG File Processing Stats

File Path                                     PID    Runtime      # DAGs    # Errors  Last Runtime    Last Run               Last # of DB Queries
--------------------------------------------  -----  ---------  --------  ----------  --------------  -------------------  ----------------------
/home/ubuntu/airflow/dags/zillowanalytics.py                           0           1  0.10s           2025-04-05T02:58:07                       5
================================================================================
[2025-04-05T02:58:54.529+0000] {manager.py:821} INFO - Searching for files in /home/ubuntu/airflow/dags
[2025-04-05T02:58:54.531+0000] {manager.py:824} INFO - There are 1 files in /home/ubuntu/airflow/dags
[2025-04-05T02:59:01.937+0000] {manager.py:997} INFO - 
================================================================================
DAG File Processing Stats

File Path                                     PID    Runtime      # DAGs    # Errors  Last Runtime    Last Run               Last # of DB Queries
--------------------------------------------  -----  ---------  --------  ----------  --------------  -------------------  ----------------------
/home/ubuntu/airflow/dags/zillowanalytics.py                           0           1  0.10s           2025-04-05T02:58:37                       5
================================================================================
[2025-04-05T02:59:32.173+0000] {manager.py:997} INFO - 
================================================================================
DAG File Processing Stats

File Path                                     PID    Runtime      # DAGs    # Errors  Last Runtime    Last Run               Last # of DB Queries
--------------------------------------------  -----  ---------  --------  ----------  --------------  -------------------  ----------------------
/home/ubuntu/airflow/dags/zillowanalytics.py                           0           1  0.10s           2025-04-05T02:59:08                       5
================================================================================
[2025-04-05T03:00:02.417+0000] {manager.py:997} INFO - 
================================================================================
DAG File Processing Stats

File Path                                     PID    Runtime      # DAGs    # Errors  Last Runtime    Last Run               Last # of DB Queries
--------------------------------------------  -----  ---------  --------  ----------  --------------  -------------------  ----------------------
/home/ubuntu/airflow/dags/zillowanalytics.py                           0           1  0.10s           2025-04-05T02:59:38                       5
================================================================================
[2025-04-05T03:00:32.654+0000] {manager.py:997} INFO - 
================================================================================
DAG File Processing Stats

File Path                                     PID    Runtime      # DAGs    # Errors  Last Runtime    Last Run               Last # of DB Queries
--------------------------------------------  -----  ---------  --------  ----------  --------------  -------------------  ----------------------
/home/ubuntu/airflow/dags/zillowanalytics.py                           0           1  0.10s           2025-04-05T03:00:08                       5
================================================================================
[2025-04-05T03:01:02.890+0000] {manager.py:997} INFO - 
================================================================================
DAG File Processing Stats

File Path                                     PID    Runtime      # DAGs    # Errors  Last Runtime    Last Run               Last # of DB Queries
--------------------------------------------  -----  ---------  --------  ----------  --------------  -------------------  ----------------------
/home/ubuntu/airflow/dags/zillowanalytics.py                           0           1  0.10s           2025-04-05T03:00:38                       5
================================================================================
[2025-04-05T03:01:33.161+0000] {manager.py:997} INFO - 
================================================================================
DAG File Processing Stats

File Path                                     PID    Runtime      # DAGs    # Errors  Last Runtime    Last Run               Last # of DB Queries
--------------------------------------------  -----  ---------  --------  ----------  --------------  -------------------  ----------------------
/home/ubuntu/airflow/dags/zillowanalytics.py                           0           1  0.10s           2025-04-05T03:01:09                       5
================================================================================
[2025-04-05T03:02:03.401+0000] {manager.py:997} INFO - 
================================================================================
DAG File Processing Stats

File Path                                     PID    Runtime      # DAGs    # Errors  Last Runtime    Last Run               Last # of DB Queries
--------------------------------------------  -----  ---------  --------  ----------  --------------  -------------------  ----------------------
/home/ubuntu/airflow/dags/zillowanalytics.py                           0           1  0.10s           2025-04-05T03:01:39                       5
================================================================================
[2025-04-05T03:02:33.635+0000] {manager.py:997} INFO - 
================================================================================
DAG File Processing Stats

File Path                                     PID    Runtime      # DAGs    # Errors  Last Runtime    Last Run               Last # of DB Queries
--------------------------------------------  -----  ---------  --------  ----------  --------------  -------------------  ----------------------
/home/ubuntu/airflow/dags/zillowanalytics.py                           0           1  0.10s           2025-04-05T03:02:09                       5
================================================================================
[2025-04-05T03:03:03.878+0000] {manager.py:997} INFO - 
================================================================================
DAG File Processing Stats

File Path                                     PID    Runtime      # DAGs    # Errors  Last Runtime    Last Run               Last # of DB Queries
--------------------------------------------  -----  ---------  --------  ----------  --------------  -------------------  ----------------------
/home/ubuntu/airflow/dags/zillowanalytics.py                           0           1  0.10s           2025-04-05T03:02:39                       5
================================================================================
[2025-04-05T03:03:34.099+0000] {manager.py:997} INFO - 
================================================================================
DAG File Processing Stats

File Path                                     PID    Runtime      # DAGs    # Errors  Last Runtime    Last Run               Last # of DB Queries
--------------------------------------------  -----  ---------  --------  ----------  --------------  -------------------  ----------------------
/home/ubuntu/airflow/dags/zillowanalytics.py                           0           1  0.10s           2025-04-05T03:03:09                       5
================================================================================
[2025-04-05T03:03:54.576+0000] {manager.py:821} INFO - Searching for files in /home/ubuntu/airflow/dags
[2025-04-05T03:03:54.577+0000] {manager.py:824} INFO - There are 1 files in /home/ubuntu/airflow/dags
[2025-04-05T03:04:04.337+0000] {manager.py:997} INFO - 
================================================================================
DAG File Processing Stats

File Path                                     PID    Runtime      # DAGs    # Errors  Last Runtime    Last Run               Last # of DB Queries
--------------------------------------------  -----  ---------  --------  ----------  --------------  -------------------  ----------------------
/home/ubuntu/airflow/dags/zillowanalytics.py                           0           1  0.10s           2025-04-05T03:03:40                       5
================================================================================
[2025-04-05T03:04:34.576+0000] {manager.py:997} INFO - 
================================================================================
DAG File Processing Stats

File Path                                     PID    Runtime      # DAGs    # Errors  Last Runtime    Last Run               Last # of DB Queries
--------------------------------------------  -----  ---------  --------  ----------  --------------  -------------------  ----------------------
/home/ubuntu/airflow/dags/zillowanalytics.py                           0           1  0.10s           2025-04-05T03:04:10                       5
================================================================================
[2025-04-05T03:05:04.819+0000] {manager.py:997} INFO - 
================================================================================
DAG File Processing Stats

File Path                                     PID    Runtime      # DAGs    # Errors  Last Runtime    Last Run               Last # of DB Queries
--------------------------------------------  -----  ---------  --------  ----------  --------------  -------------------  ----------------------
/home/ubuntu/airflow/dags/zillowanalytics.py                           0           1  0.10s           2025-04-05T03:04:40                       5
================================================================================
[2025-04-05T03:05:35.058+0000] {manager.py:997} INFO - 
================================================================================
DAG File Processing Stats

File Path                                     PID    Runtime      # DAGs    # Errors  Last Runtime    Last Run               Last # of DB Queries
--------------------------------------------  -----  ---------  --------  ----------  --------------  -------------------  ----------------------
/home/ubuntu/airflow/dags/zillowanalytics.py                           0           1  0.10s           2025-04-05T03:05:10                       5
================================================================================
[2025-04-05T03:06:05.299+0000] {manager.py:997} INFO - 
================================================================================
DAG File Processing Stats

File Path                                     PID    Runtime      # DAGs    # Errors  Last Runtime    Last Run               Last # of DB Queries
--------------------------------------------  -----  ---------  --------  ----------  --------------  -------------------  ----------------------
/home/ubuntu/airflow/dags/zillowanalytics.py                           0           1  0.10s           2025-04-05T03:05:40                       5
================================================================================
[2025-04-05T03:06:35.525+0000] {manager.py:997} INFO - 
================================================================================
DAG File Processing Stats

File Path                                     PID    Runtime      # DAGs    # Errors  Last Runtime    Last Run               Last # of DB Queries
--------------------------------------------  -----  ---------  --------  ----------  --------------  -------------------  ----------------------
/home/ubuntu/airflow/dags/zillowanalytics.py                           0           1  0.10s           2025-04-05T03:06:11                       5
================================================================================
[2025-04-05T03:07:05.772+0000] {manager.py:997} INFO - 
================================================================================
DAG File Processing Stats

File Path                                     PID    Runtime      # DAGs    # Errors  Last Runtime    Last Run               Last # of DB Queries
--------------------------------------------  -----  ---------  --------  ----------  --------------  -------------------  ----------------------
/home/ubuntu/airflow/dags/zillowanalytics.py                           0           1  0.10s           2025-04-05T03:06:41                       5
================================================================================
[2025-04-05T03:07:36.010+0000] {manager.py:997} INFO - 
================================================================================
DAG File Processing Stats

File Path                                     PID    Runtime      # DAGs    # Errors  Last Runtime    Last Run               Last # of DB Queries
--------------------------------------------  -----  ---------  --------  ----------  --------------  -------------------  ----------------------
/home/ubuntu/airflow/dags/zillowanalytics.py                           0           1  0.10s           2025-04-05T03:07:18                       5
================================================================================
[2025-04-05T03:08:06.251+0000] {manager.py:997} INFO - 
================================================================================
DAG File Processing Stats

File Path                                     PID    Runtime      # DAGs    # Errors  Last Runtime    Last Run               Last # of DB Queries
--------------------------------------------  -----  ---------  --------  ----------  --------------  -------------------  ----------------------
/home/ubuntu/airflow/dags/zillowanalytics.py                           0           1  0.10s           2025-04-05T03:07:48                       5
================================================================================
[2025-04-05T03:08:36.488+0000] {manager.py:997} INFO - 
================================================================================
DAG File Processing Stats

File Path                                     PID    Runtime      # DAGs    # Errors  Last Runtime    Last Run               Last # of DB Queries
--------------------------------------------  -----  ---------  --------  ----------  --------------  -------------------  ----------------------
/home/ubuntu/airflow/dags/zillowanalytics.py                           0           1  0.10s           2025-04-05T03:08:18                       5
================================================================================
[2025-04-05T03:08:54.622+0000] {manager.py:821} INFO - Searching for files in /home/ubuntu/airflow/dags
[2025-04-05T03:08:54.624+0000] {manager.py:824} INFO - There are 1 files in /home/ubuntu/airflow/dags
[2025-04-05T03:09:06.724+0000] {manager.py:997} INFO - 
================================================================================
DAG File Processing Stats

File Path                                     PID    Runtime      # DAGs    # Errors  Last Runtime    Last Run               Last # of DB Queries
--------------------------------------------  -----  ---------  --------  ----------  --------------  -------------------  ----------------------
/home/ubuntu/airflow/dags/zillowanalytics.py                           0           1  0.10s           2025-04-05T03:08:48                       5
================================================================================
[2025-04-05T03:09:36.961+0000] {manager.py:997} INFO - 
================================================================================
DAG File Processing Stats

File Path                                     PID    Runtime      # DAGs    # Errors  Last Runtime    Last Run               Last # of DB Queries
--------------------------------------------  -----  ---------  --------  ----------  --------------  -------------------  ----------------------
/home/ubuntu/airflow/dags/zillowanalytics.py                           0           1  0.10s           2025-04-05T03:09:18                       5
================================================================================
[2025-04-05T03:10:07.205+0000] {manager.py:997} INFO - 
================================================================================
DAG File Processing Stats

File Path                                     PID    Runtime      # DAGs    # Errors  Last Runtime    Last Run               Last # of DB Queries
--------------------------------------------  -----  ---------  --------  ----------  --------------  -------------------  ----------------------
/home/ubuntu/airflow/dags/zillowanalytics.py                           0           1  0.10s           2025-04-05T03:09:49                       5
================================================================================
[2025-04-05T03:10:37.445+0000] {manager.py:997} INFO - 
================================================================================
DAG File Processing Stats

File Path                                     PID    Runtime      # DAGs    # Errors  Last Runtime    Last Run               Last # of DB Queries
--------------------------------------------  -----  ---------  --------  ----------  --------------  -------------------  ----------------------
/home/ubuntu/airflow/dags/zillowanalytics.py                           0           1  0.10s           2025-04-05T03:10:19                       5
================================================================================
[2025-04-05T03:11:07.686+0000] {manager.py:997} INFO - 
================================================================================
DAG File Processing Stats

File Path                                     PID    Runtime      # DAGs    # Errors  Last Runtime    Last Run               Last # of DB Queries
--------------------------------------------  -----  ---------  --------  ----------  --------------  -------------------  ----------------------
/home/ubuntu/airflow/dags/zillowanalytics.py                           0           1  0.10s           2025-04-05T03:10:49                       5
================================================================================
[2025-04-05T03:11:37.927+0000] {manager.py:997} INFO - 
================================================================================
DAG File Processing Stats

File Path                                     PID    Runtime      # DAGs    # Errors  Last Runtime    Last Run               Last # of DB Queries
--------------------------------------------  -----  ---------  --------  ----------  --------------  -------------------  ----------------------
/home/ubuntu/airflow/dags/zillowanalytics.py                           0           1  0.10s           2025-04-05T03:11:19                       5
================================================================================
[2025-04-05T03:12:08.166+0000] {manager.py:997} INFO - 
================================================================================
DAG File Processing Stats

File Path                                     PID    Runtime      # DAGs    # Errors  Last Runtime    Last Run               Last # of DB Queries
--------------------------------------------  -----  ---------  --------  ----------  --------------  -------------------  ----------------------
/home/ubuntu/airflow/dags/zillowanalytics.py                           0           1  0.10s           2025-04-05T03:11:50                       5
================================================================================
[2025-04-05T03:12:38.406+0000] {manager.py:997} INFO - 
================================================================================
DAG File Processing Stats

File Path                                     PID    Runtime      # DAGs    # Errors  Last Runtime    Last Run               Last # of DB Queries
--------------------------------------------  -----  ---------  --------  ----------  --------------  -------------------  ----------------------
/home/ubuntu/airflow/dags/zillowanalytics.py                           0           1  0.10s           2025-04-05T03:12:20                       5
================================================================================
[2025-04-05T03:13:08.635+0000] {manager.py:997} INFO - 
================================================================================
DAG File Processing Stats

File Path                                     PID    Runtime      # DAGs    # Errors  Last Runtime    Last Run               Last # of DB Queries
--------------------------------------------  -----  ---------  --------  ----------  --------------  -------------------  ----------------------
/home/ubuntu/airflow/dags/zillowanalytics.py                           0           1  0.10s           2025-04-05T03:12:50                       5
================================================================================
[2025-04-05T03:13:38.873+0000] {manager.py:997} INFO - 
================================================================================
DAG File Processing Stats

File Path                                     PID    Runtime      # DAGs    # Errors  Last Runtime    Last Run               Last # of DB Queries
--------------------------------------------  -----  ---------  --------  ----------  --------------  -------------------  ----------------------
/home/ubuntu/airflow/dags/zillowanalytics.py                           0           1  0.10s           2025-04-05T03:13:20                       5
================================================================================
[2025-04-05T03:13:54.667+0000] {manager.py:821} INFO - Searching for files in /home/ubuntu/airflow/dags
[2025-04-05T03:13:54.668+0000] {manager.py:824} INFO - There are 1 files in /home/ubuntu/airflow/dags
[2025-04-05T03:14:09.112+0000] {manager.py:997} INFO - 
================================================================================
DAG File Processing Stats

File Path                                     PID    Runtime      # DAGs    # Errors  Last Runtime    Last Run               Last # of DB Queries
--------------------------------------------  -----  ---------  --------  ----------  --------------  -------------------  ----------------------
/home/ubuntu/airflow/dags/zillowanalytics.py                           0           1  0.10s           2025-04-05T03:13:51                       5
================================================================================
[2025-04-05T03:14:39.348+0000] {manager.py:997} INFO - 
================================================================================
DAG File Processing Stats

File Path                                     PID    Runtime      # DAGs    # Errors  Last Runtime    Last Run               Last # of DB Queries
--------------------------------------------  -----  ---------  --------  ----------  --------------  -------------------  ----------------------
/home/ubuntu/airflow/dags/zillowanalytics.py                           0           1  0.10s           2025-04-05T03:14:21                       5
================================================================================
[2025-04-05T03:15:09.587+0000] {manager.py:997} INFO - 
================================================================================
DAG File Processing Stats

File Path                                     PID    Runtime      # DAGs    # Errors  Last Runtime    Last Run               Last # of DB Queries
--------------------------------------------  -----  ---------  --------  ----------  --------------  -------------------  ----------------------
/home/ubuntu/airflow/dags/zillowanalytics.py                           0           1  0.10s           2025-04-05T03:14:51                       5
================================================================================
[2025-04-05T03:15:39.824+0000] {manager.py:997} INFO - 
================================================================================
DAG File Processing Stats

File Path                                     PID    Runtime      # DAGs    # Errors  Last Runtime    Last Run               Last # of DB Queries
--------------------------------------------  -----  ---------  --------  ----------  --------------  -------------------  ----------------------
/home/ubuntu/airflow/dags/zillowanalytics.py                           0           1  0.10s           2025-04-05T03:15:21                       5
================================================================================
[2025-04-05T03:16:10.066+0000] {manager.py:997} INFO - 
================================================================================
DAG File Processing Stats

File Path                                     PID    Runtime      # DAGs    # Errors  Last Runtime    Last Run               Last # of DB Queries
--------------------------------------------  -----  ---------  --------  ----------  --------------  -------------------  ----------------------
/home/ubuntu/airflow/dags/zillowanalytics.py                           0           1  0.10s           2025-04-05T03:15:52                       5
================================================================================
[2025-04-05T03:16:40.306+0000] {manager.py:997} INFO - 
================================================================================
DAG File Processing Stats

File Path                                     PID    Runtime      # DAGs    # Errors  Last Runtime    Last Run               Last # of DB Queries
--------------------------------------------  -----  ---------  --------  ----------  --------------  -------------------  ----------------------
/home/ubuntu/airflow/dags/zillowanalytics.py                           0           1  0.10s           2025-04-05T03:16:22                       5
================================================================================
[2025-04-05T03:17:10.545+0000] {manager.py:997} INFO - 
================================================================================
DAG File Processing Stats

File Path                                     PID    Runtime      # DAGs    # Errors  Last Runtime    Last Run               Last # of DB Queries
--------------------------------------------  -----  ---------  --------  ----------  --------------  -------------------  ----------------------
/home/ubuntu/airflow/dags/zillowanalytics.py                           0           1  0.10s           2025-04-05T03:16:52                       5
================================================================================
[2025-04-05T03:17:40.750+0000] {manager.py:997} INFO - 
================================================================================
DAG File Processing Stats

File Path                                     PID    Runtime      # DAGs    # Errors  Last Runtime    Last Run               Last # of DB Queries
--------------------------------------------  -----  ---------  --------  ----------  --------------  -------------------  ----------------------
/home/ubuntu/airflow/dags/zillowanalytics.py                           0           1  0.10s           2025-04-05T03:17:22                       5
================================================================================
[2025-04-05T03:18:11.000+0000] {manager.py:997} INFO - 
================================================================================
DAG File Processing Stats

File Path                                     PID    Runtime      # DAGs    # Errors  Last Runtime    Last Run               Last # of DB Queries
--------------------------------------------  -----  ---------  --------  ----------  --------------  -------------------  ----------------------
/home/ubuntu/airflow/dags/zillowanalytics.py                           0           1  0.10s           2025-04-05T03:17:52                       5
================================================================================
[2025-04-05T03:18:41.242+0000] {manager.py:997} INFO - 
================================================================================
DAG File Processing Stats

File Path                                     PID    Runtime      # DAGs    # Errors  Last Runtime    Last Run               Last # of DB Queries
--------------------------------------------  -----  ---------  --------  ----------  --------------  -------------------  ----------------------
/home/ubuntu/airflow/dags/zillowanalytics.py                           0           1  0.11s           2025-04-05T03:18:23                       5
================================================================================
[2025-04-05T03:18:54.711+0000] {manager.py:821} INFO - Searching for files in /home/ubuntu/airflow/dags
[2025-04-05T03:18:54.713+0000] {manager.py:824} INFO - There are 1 files in /home/ubuntu/airflow/dags
[2025-04-05T03:19:11.591+0000] {manager.py:997} INFO - 
================================================================================
DAG File Processing Stats

File Path                                     PID    Runtime      # DAGs    # Errors  Last Runtime    Last Run               Last # of DB Queries
--------------------------------------------  -----  ---------  --------  ----------  --------------  -------------------  ----------------------
/home/ubuntu/airflow/dags/zillowanalytics.py                           0           1  0.10s           2025-04-05T03:19:11                       5
================================================================================
[2025-04-05T03:19:41.728+0000] {manager.py:997} INFO - 
================================================================================
DAG File Processing Stats

File Path                                     PID    Runtime      # DAGs    # Errors  Last Runtime    Last Run               Last # of DB Queries
--------------------------------------------  -----  ---------  --------  ----------  --------------  -------------------  ----------------------
/home/ubuntu/airflow/dags/zillowanalytics.py                           0           1  0.10s           2025-04-05T03:19:19                       5
================================================================================
[2025-04-05T03:20:11.928+0000] {manager.py:997} INFO - 
================================================================================
DAG File Processing Stats

File Path                                     PID    Runtime      # DAGs    # Errors  Last Runtime    Last Run               Last # of DB Queries
--------------------------------------------  -----  ---------  --------  ----------  --------------  -------------------  ----------------------
/home/ubuntu/airflow/dags/zillowanalytics.py                           0           1  0.10s           2025-04-05T03:19:49                       5
================================================================================
[2025-04-05T03:20:42.140+0000] {manager.py:997} INFO - 
================================================================================
DAG File Processing Stats

File Path                                     PID    Runtime      # DAGs    # Errors  Last Runtime    Last Run               Last # of DB Queries
--------------------------------------------  -----  ---------  --------  ----------  --------------  -------------------  ----------------------
/home/ubuntu/airflow/dags/zillowanalytics.py                           0           1  0.10s           2025-04-05T03:20:20                       5
================================================================================
[2025-04-05T03:21:12.380+0000] {manager.py:997} INFO - 
================================================================================
DAG File Processing Stats

File Path                                     PID    Runtime      # DAGs    # Errors  Last Runtime    Last Run               Last # of DB Queries
--------------------------------------------  -----  ---------  --------  ----------  --------------  -------------------  ----------------------
/home/ubuntu/airflow/dags/zillowanalytics.py                           0           1  0.10s           2025-04-05T03:20:50                       5
================================================================================
[2025-04-05T03:21:42.623+0000] {manager.py:997} INFO - 
================================================================================
DAG File Processing Stats

File Path                                     PID    Runtime      # DAGs    # Errors  Last Runtime    Last Run               Last # of DB Queries
--------------------------------------------  -----  ---------  --------  ----------  --------------  -------------------  ----------------------
/home/ubuntu/airflow/dags/zillowanalytics.py                           0           1  0.10s           2025-04-05T03:21:20                       5
================================================================================
[2025-04-05T03:22:12.862+0000] {manager.py:997} INFO - 
================================================================================
DAG File Processing Stats

File Path                                     PID    Runtime      # DAGs    # Errors  Last Runtime    Last Run               Last # of DB Queries
--------------------------------------------  -----  ---------  --------  ----------  --------------  -------------------  ----------------------
/home/ubuntu/airflow/dags/zillowanalytics.py                           0           1  0.10s           2025-04-05T03:21:50                       5
================================================================================
[2025-04-05T03:22:43.108+0000] {manager.py:997} INFO - 
================================================================================
DAG File Processing Stats

File Path                                     PID    Runtime      # DAGs    # Errors  Last Runtime    Last Run               Last # of DB Queries
--------------------------------------------  -----  ---------  --------  ----------  --------------  -------------------  ----------------------
/home/ubuntu/airflow/dags/zillowanalytics.py                           0           1  0.10s           2025-04-05T03:22:21                       5
================================================================================
[2025-04-05T03:23:13.351+0000] {manager.py:997} INFO - 
================================================================================
DAG File Processing Stats

File Path                                     PID    Runtime      # DAGs    # Errors  Last Runtime    Last Run               Last # of DB Queries
--------------------------------------------  -----  ---------  --------  ----------  --------------  -------------------  ----------------------
/home/ubuntu/airflow/dags/zillowanalytics.py                           0           1  0.10s           2025-04-05T03:22:51                       5
================================================================================
[2025-04-05T03:23:43.592+0000] {manager.py:997} INFO - 
================================================================================
DAG File Processing Stats

File Path                                     PID    Runtime      # DAGs    # Errors  Last Runtime    Last Run               Last # of DB Queries
--------------------------------------------  -----  ---------  --------  ----------  --------------  -------------------  ----------------------
/home/ubuntu/airflow/dags/zillowanalytics.py                           0           1  0.10s           2025-04-05T03:23:15                       5
================================================================================
[2025-04-05T03:23:54.757+0000] {manager.py:821} INFO - Searching for files in /home/ubuntu/airflow/dags
[2025-04-05T03:23:54.758+0000] {manager.py:824} INFO - There are 1 files in /home/ubuntu/airflow/dags
[2025-04-05T03:24:13.839+0000] {manager.py:997} INFO - 
================================================================================
DAG File Processing Stats

File Path                                     PID    Runtime      # DAGs    # Errors  Last Runtime    Last Run               Last # of DB Queries
--------------------------------------------  -----  ---------  --------  ----------  --------------  -------------------  ----------------------
/home/ubuntu/airflow/dags/zillowanalytics.py                           0           1  0.10s           2025-04-05T03:23:45                       5
================================================================================
[2025-04-05T03:24:44.072+0000] {manager.py:997} INFO - 
================================================================================
DAG File Processing Stats

File Path                                     PID    Runtime      # DAGs    # Errors  Last Runtime    Last Run               Last # of DB Queries
--------------------------------------------  -----  ---------  --------  ----------  --------------  -------------------  ----------------------
/home/ubuntu/airflow/dags/zillowanalytics.py                           0           1  0.10s           2025-04-05T03:24:15                       5
================================================================================
[2025-04-05T03:25:14.310+0000] {manager.py:997} INFO - 
================================================================================
DAG File Processing Stats

File Path                                     PID    Runtime      # DAGs    # Errors  Last Runtime    Last Run               Last # of DB Queries
--------------------------------------------  -----  ---------  --------  ----------  --------------  -------------------  ----------------------
/home/ubuntu/airflow/dags/zillowanalytics.py                           0           1  0.10s           2025-04-05T03:24:45                       5
================================================================================
[2025-04-05T03:25:44.544+0000] {manager.py:997} INFO - 
================================================================================
DAG File Processing Stats

File Path                                     PID    Runtime      # DAGs    # Errors  Last Runtime    Last Run               Last # of DB Queries
--------------------------------------------  -----  ---------  --------  ----------  --------------  -------------------  ----------------------
/home/ubuntu/airflow/dags/zillowanalytics.py                           0           1  0.10s           2025-04-05T03:25:16                       5
================================================================================
[2025-04-05T03:26:14.779+0000] {manager.py:997} INFO - 
================================================================================
DAG File Processing Stats

File Path                                     PID    Runtime      # DAGs    # Errors  Last Runtime    Last Run               Last # of DB Queries
--------------------------------------------  -----  ---------  --------  ----------  --------------  -------------------  ----------------------
/home/ubuntu/airflow/dags/zillowanalytics.py                           0           1  0.10s           2025-04-05T03:25:46                       5
================================================================================
[2025-04-05T03:26:45.017+0000] {manager.py:997} INFO - 
================================================================================
DAG File Processing Stats

File Path                                     PID    Runtime      # DAGs    # Errors  Last Runtime    Last Run               Last # of DB Queries
--------------------------------------------  -----  ---------  --------  ----------  --------------  -------------------  ----------------------
/home/ubuntu/airflow/dags/zillowanalytics.py                           0           1  0.10s           2025-04-05T03:26:16                       5
================================================================================
[2025-04-05T03:27:15.110+0000] {manager.py:997} INFO - 
================================================================================
DAG File Processing Stats

File Path                                     PID    Runtime      # DAGs    # Errors  Last Runtime    Last Run               Last # of DB Queries
--------------------------------------------  -----  ---------  --------  ----------  --------------  -------------------  ----------------------
/home/ubuntu/airflow/dags/zillowanalytics.py                           0           1  0.10s           2025-04-05T03:26:46                       5
================================================================================
[2025-04-05T03:27:45.199+0000] {manager.py:997} INFO - 
================================================================================
DAG File Processing Stats

File Path                                     PID    Runtime      # DAGs    # Errors  Last Runtime    Last Run               Last # of DB Queries
--------------------------------------------  -----  ---------  --------  ----------  --------------  -------------------  ----------------------
/home/ubuntu/airflow/dags/zillowanalytics.py                           0           1  0.10s           2025-04-05T03:27:16                       5
================================================================================
[2025-04-05T03:28:15.290+0000] {manager.py:997} INFO - 
================================================================================
DAG File Processing Stats

File Path                                     PID    Runtime      # DAGs    # Errors  Last Runtime    Last Run               Last # of DB Queries
--------------------------------------------  -----  ---------  --------  ----------  --------------  -------------------  ----------------------
/home/ubuntu/airflow/dags/zillowanalytics.py                           0           1  0.10s           2025-04-05T03:27:46                       5
================================================================================
[2025-04-05T03:28:45.384+0000] {manager.py:997} INFO - 
================================================================================
DAG File Processing Stats

File Path                                     PID    Runtime      # DAGs    # Errors  Last Runtime    Last Run               Last # of DB Queries
--------------------------------------------  -----  ---------  --------  ----------  --------------  -------------------  ----------------------
/home/ubuntu/airflow/dags/zillowanalytics.py                           0           1  0.10s           2025-04-05T03:28:17                       5
================================================================================
[2025-04-05T03:28:54.803+0000] {manager.py:821} INFO - Searching for files in /home/ubuntu/airflow/dags
[2025-04-05T03:28:54.804+0000] {manager.py:824} INFO - There are 1 files in /home/ubuntu/airflow/dags
[2025-04-05T03:29:15.477+0000] {manager.py:997} INFO - 
================================================================================
DAG File Processing Stats

File Path                                     PID    Runtime      # DAGs    # Errors  Last Runtime    Last Run               Last # of DB Queries
--------------------------------------------  -----  ---------  --------  ----------  --------------  -------------------  ----------------------
/home/ubuntu/airflow/dags/zillowanalytics.py                           0           1  0.10s           2025-04-05T03:28:47                       5
================================================================================
[2025-04-05T03:29:45.567+0000] {manager.py:997} INFO - 
================================================================================
DAG File Processing Stats

File Path                                     PID    Runtime      # DAGs    # Errors  Last Runtime    Last Run               Last # of DB Queries
--------------------------------------------  -----  ---------  --------  ----------  --------------  -------------------  ----------------------
/home/ubuntu/airflow/dags/zillowanalytics.py                           0           1  0.11s           2025-04-05T03:29:17                       5
================================================================================
[2025-04-05T03:30:15.657+0000] {manager.py:997} INFO - 
================================================================================
DAG File Processing Stats

File Path                                     PID    Runtime      # DAGs    # Errors  Last Runtime    Last Run               Last # of DB Queries
--------------------------------------------  -----  ---------  --------  ----------  --------------  -------------------  ----------------------
/home/ubuntu/airflow/dags/zillowanalytics.py                           0           1  0.10s           2025-04-05T03:30:06                       5
================================================================================
[2025-04-05T03:30:45.758+0000] {manager.py:997} INFO - 
================================================================================
DAG File Processing Stats

File Path                                     PID    Runtime      # DAGs    # Errors  Last Runtime    Last Run               Last # of DB Queries
--------------------------------------------  -----  ---------  --------  ----------  --------------  -------------------  ----------------------
/home/ubuntu/airflow/dags/zillowanalytics.py                           0           1  0.10s           2025-04-05T03:30:36                       5
================================================================================
[2025-04-05T03:31:15.849+0000] {manager.py:997} INFO - 
================================================================================
DAG File Processing Stats

File Path                                     PID    Runtime      # DAGs    # Errors  Last Runtime    Last Run               Last # of DB Queries
--------------------------------------------  -----  ---------  --------  ----------  --------------  -------------------  ----------------------
/home/ubuntu/airflow/dags/zillowanalytics.py                           0           1  0.10s           2025-04-05T03:31:07                       5
================================================================================
[2025-04-05T03:31:45.939+0000] {manager.py:997} INFO - 
================================================================================
DAG File Processing Stats

File Path                                     PID    Runtime      # DAGs    # Errors  Last Runtime    Last Run               Last # of DB Queries
--------------------------------------------  -----  ---------  --------  ----------  --------------  -------------------  ----------------------
/home/ubuntu/airflow/dags/zillowanalytics.py                           0           1  0.10s           2025-04-05T03:31:37                       5
================================================================================
[2025-04-05T03:32:16.030+0000] {manager.py:997} INFO - 
================================================================================
DAG File Processing Stats

File Path                                     PID    Runtime      # DAGs    # Errors  Last Runtime    Last Run               Last # of DB Queries
--------------------------------------------  -----  ---------  --------  ----------  --------------  -------------------  ----------------------
/home/ubuntu/airflow/dags/zillowanalytics.py                           0           1  0.10s           2025-04-05T03:32:11                       5
================================================================================
[2025-04-05T03:32:46.124+0000] {manager.py:997} INFO - 
================================================================================
DAG File Processing Stats

File Path                                     PID    Runtime      # DAGs    # Errors  Last Runtime    Last Run               Last # of DB Queries
--------------------------------------------  -----  ---------  --------  ----------  --------------  -------------------  ----------------------
/home/ubuntu/airflow/dags/zillowanalytics.py                           0           1  0.10s           2025-04-05T03:32:42                       5
================================================================================
[2025-04-05T03:33:16.190+0000] {manager.py:997} INFO - 
================================================================================
DAG File Processing Stats

File Path                                     PID    Runtime      # DAGs    # Errors  Last Runtime    Last Run               Last # of DB Queries
--------------------------------------------  -----  ---------  --------  ----------  --------------  -------------------  ----------------------
/home/ubuntu/airflow/dags/zillowanalytics.py                           0           1  0.10s           2025-04-05T03:33:12                       5
================================================================================
[2025-04-05T03:33:46.283+0000] {manager.py:997} INFO - 
================================================================================
DAG File Processing Stats

File Path                                     PID    Runtime      # DAGs    # Errors  Last Runtime    Last Run               Last # of DB Queries
--------------------------------------------  -----  ---------  --------  ----------  --------------  -------------------  ----------------------
/home/ubuntu/airflow/dags/zillowanalytics.py                           0           1  0.10s           2025-04-05T03:33:29                       5
================================================================================
[2025-04-05T03:33:54.845+0000] {manager.py:821} INFO - Searching for files in /home/ubuntu/airflow/dags
[2025-04-05T03:33:54.847+0000] {manager.py:824} INFO - There are 1 files in /home/ubuntu/airflow/dags
[2025-04-05T03:34:16.373+0000] {manager.py:997} INFO - 
================================================================================
DAG File Processing Stats

File Path                                     PID    Runtime      # DAGs    # Errors  Last Runtime    Last Run               Last # of DB Queries
--------------------------------------------  -----  ---------  --------  ----------  --------------  -------------------  ----------------------
/home/ubuntu/airflow/dags/zillowanalytics.py                           0           1  0.10s           2025-04-05T03:33:59                       5
================================================================================
[2025-04-05T03:34:46.463+0000] {manager.py:997} INFO - 
================================================================================
DAG File Processing Stats

File Path                                     PID    Runtime      # DAGs    # Errors  Last Runtime    Last Run               Last # of DB Queries
--------------------------------------------  -----  ---------  --------  ----------  --------------  -------------------  ----------------------
/home/ubuntu/airflow/dags/zillowanalytics.py                           0           1  0.10s           2025-04-05T03:34:30                       5
================================================================================
[2025-04-05T03:35:16.556+0000] {manager.py:997} INFO - 
================================================================================
DAG File Processing Stats

File Path                                     PID    Runtime      # DAGs    # Errors  Last Runtime    Last Run               Last # of DB Queries
--------------------------------------------  -----  ---------  --------  ----------  --------------  -------------------  ----------------------
/home/ubuntu/airflow/dags/zillowanalytics.py                           0           1  0.10s           2025-04-05T03:35:00                       5
================================================================================
[2025-04-05T03:35:46.647+0000] {manager.py:997} INFO - 
================================================================================
DAG File Processing Stats

File Path                                     PID    Runtime      # DAGs    # Errors  Last Runtime    Last Run               Last # of DB Queries
--------------------------------------------  -----  ---------  --------  ----------  --------------  -------------------  ----------------------
/home/ubuntu/airflow/dags/zillowanalytics.py                           0           1  0.10s           2025-04-05T03:35:30                       5
================================================================================
[2025-04-05T03:36:16.739+0000] {manager.py:997} INFO - 
================================================================================
DAG File Processing Stats

File Path                                     PID    Runtime      # DAGs    # Errors  Last Runtime    Last Run               Last # of DB Queries
--------------------------------------------  -----  ---------  --------  ----------  --------------  -------------------  ----------------------
/home/ubuntu/airflow/dags/zillowanalytics.py                           0           1  0.10s           2025-04-05T03:36:00                       5
================================================================================
[2025-04-05T03:36:46.831+0000] {manager.py:997} INFO - 
================================================================================
DAG File Processing Stats

File Path                                     PID    Runtime      # DAGs    # Errors  Last Runtime    Last Run               Last # of DB Queries
--------------------------------------------  -----  ---------  --------  ----------  --------------  -------------------  ----------------------
/home/ubuntu/airflow/dags/zillowanalytics.py                           0           1  0.10s           2025-04-05T03:36:31                       5
================================================================================
[2025-04-05T03:37:16.925+0000] {manager.py:997} INFO - 
================================================================================
DAG File Processing Stats

File Path                                     PID    Runtime      # DAGs    # Errors  Last Runtime    Last Run               Last # of DB Queries
--------------------------------------------  -----  ---------  --------  ----------  --------------  -------------------  ----------------------
/home/ubuntu/airflow/dags/zillowanalytics.py                           0           1  0.10s           2025-04-05T03:37:01                       5
================================================================================
[2025-04-05T03:37:47.016+0000] {manager.py:997} INFO - 
================================================================================
DAG File Processing Stats

File Path                                     PID    Runtime      # DAGs    # Errors  Last Runtime    Last Run               Last # of DB Queries
--------------------------------------------  -----  ---------  --------  ----------  --------------  -------------------  ----------------------
/home/ubuntu/airflow/dags/zillowanalytics.py                           0           1  0.10s           2025-04-05T03:37:31                       5
================================================================================
[2025-04-05T03:38:17.106+0000] {manager.py:997} INFO - 
================================================================================
DAG File Processing Stats

File Path                                     PID    Runtime      # DAGs    # Errors  Last Runtime    Last Run               Last # of DB Queries
--------------------------------------------  -----  ---------  --------  ----------  --------------  -------------------  ----------------------
/home/ubuntu/airflow/dags/zillowanalytics.py                           0           1  0.10s           2025-04-05T03:38:01                       5
================================================================================
[2025-04-05T03:38:47.196+0000] {manager.py:997} INFO - 
================================================================================
DAG File Processing Stats

File Path                                     PID    Runtime      # DAGs    # Errors  Last Runtime    Last Run               Last # of DB Queries
--------------------------------------------  -----  ---------  --------  ----------  --------------  -------------------  ----------------------
/home/ubuntu/airflow/dags/zillowanalytics.py                           0           1  0.10s           2025-04-05T03:38:25                       5
================================================================================
[2025-04-05T03:38:54.890+0000] {manager.py:821} INFO - Searching for files in /home/ubuntu/airflow/dags
[2025-04-05T03:38:54.891+0000] {manager.py:824} INFO - There are 1 files in /home/ubuntu/airflow/dags
[2025-04-05T03:39:17.262+0000] {manager.py:997} INFO - 
================================================================================
DAG File Processing Stats

File Path                                     PID    Runtime      # DAGs    # Errors  Last Runtime    Last Run               Last # of DB Queries
--------------------------------------------  -----  ---------  --------  ----------  --------------  -------------------  ----------------------
/home/ubuntu/airflow/dags/zillowanalytics.py                           1           0  0.40s           2025-04-05T03:39:08                      45
================================================================================
[2025-04-05T03:39:48.159+0000] {manager.py:997} INFO - 
================================================================================
DAG File Processing Stats

File Path                                     PID    Runtime      # DAGs    # Errors  Last Runtime    Last Run               Last # of DB Queries
--------------------------------------------  -----  ---------  --------  ----------  --------------  -------------------  ----------------------
/home/ubuntu/airflow/dags/zillowanalytics.py                           1           0  0.30s           2025-04-05T03:39:39                      34
================================================================================
[2025-04-05T03:40:18.399+0000] {manager.py:997} INFO - 
================================================================================
DAG File Processing Stats

File Path                                     PID    Runtime      # DAGs    # Errors  Last Runtime    Last Run               Last # of DB Queries
--------------------------------------------  -----  ---------  --------  ----------  --------------  -------------------  ----------------------
/home/ubuntu/airflow/dags/zillowanalytics.py                           1           0  0.30s           2025-04-05T03:40:10                      34
================================================================================
[2025-04-05T03:40:48.641+0000] {manager.py:997} INFO - 
================================================================================
DAG File Processing Stats

File Path                                     PID    Runtime      # DAGs    # Errors  Last Runtime    Last Run               Last # of DB Queries
--------------------------------------------  -----  ---------  --------  ----------  --------------  -------------------  ----------------------
/home/ubuntu/airflow/dags/zillowanalytics.py                           1           0  0.30s           2025-04-05T03:40:41                      34
================================================================================
[2025-04-05T03:41:18.885+0000] {manager.py:997} INFO - 
================================================================================
DAG File Processing Stats

File Path                                     PID    Runtime      # DAGs    # Errors  Last Runtime    Last Run               Last # of DB Queries
--------------------------------------------  -----  ---------  --------  ----------  --------------  -------------------  ----------------------
/home/ubuntu/airflow/dags/zillowanalytics.py                           1           0  0.30s           2025-04-05T03:41:12                      34
================================================================================
[2025-04-05T03:41:48.985+0000] {manager.py:997} INFO - 
================================================================================
DAG File Processing Stats

File Path                                     PID    Runtime      # DAGs    # Errors  Last Runtime    Last Run               Last # of DB Queries
--------------------------------------------  -----  ---------  --------  ----------  --------------  -------------------  ----------------------
/home/ubuntu/airflow/dags/zillowanalytics.py                           1           0  0.30s           2025-04-05T03:41:43                      34
================================================================================
[2025-04-05T03:42:19.049+0000] {manager.py:997} INFO - 
================================================================================
DAG File Processing Stats

File Path                                     PID    Runtime      # DAGs    # Errors  Last Runtime    Last Run               Last # of DB Queries
--------------------------------------------  -----  ---------  --------  ----------  --------------  -------------------  ----------------------
/home/ubuntu/airflow/dags/zillowanalytics.py                           1           0  0.30s           2025-04-05T03:42:13                      34
================================================================================
[2025-04-05T03:42:49.111+0000] {manager.py:997} INFO - 
================================================================================
DAG File Processing Stats

File Path                                     PID    Runtime      # DAGs    # Errors  Last Runtime    Last Run               Last # of DB Queries
--------------------------------------------  -----  ---------  --------  ----------  --------------  -------------------  ----------------------
/home/ubuntu/airflow/dags/zillowanalytics.py                           1           0  0.30s           2025-04-05T03:42:43                      34
================================================================================
[2025-04-05T03:43:19.173+0000] {manager.py:997} INFO - 
================================================================================
DAG File Processing Stats

File Path                                     PID    Runtime      # DAGs    # Errors  Last Runtime    Last Run               Last # of DB Queries
--------------------------------------------  -----  ---------  --------  ----------  --------------  -------------------  ----------------------
/home/ubuntu/airflow/dags/zillowanalytics.py                           1           0  0.30s           2025-04-05T03:43:14                      34
================================================================================
[2025-04-05T03:43:49.233+0000] {manager.py:997} INFO - 
================================================================================
DAG File Processing Stats

File Path                                     PID    Runtime      # DAGs    # Errors  Last Runtime    Last Run               Last # of DB Queries
--------------------------------------------  -----  ---------  --------  ----------  --------------  -------------------  ----------------------
/home/ubuntu/airflow/dags/zillowanalytics.py                           1           0  0.30s           2025-04-05T03:43:44                      34
================================================================================
[2025-04-05T03:43:54.936+0000] {manager.py:821} INFO - Searching for files in /home/ubuntu/airflow/dags
[2025-04-05T03:43:54.937+0000] {manager.py:824} INFO - There are 1 files in /home/ubuntu/airflow/dags
[2025-04-05T03:44:19.296+0000] {manager.py:997} INFO - 
================================================================================
DAG File Processing Stats

File Path                                     PID    Runtime      # DAGs    # Errors  Last Runtime    Last Run               Last # of DB Queries
--------------------------------------------  -----  ---------  --------  ----------  --------------  -------------------  ----------------------
/home/ubuntu/airflow/dags/zillowanalytics.py                           1           0  0.30s           2025-04-05T03:44:15                      34
================================================================================
[2025-04-05T03:44:49.331+0000] {manager.py:997} INFO - 
================================================================================
DAG File Processing Stats

File Path                                     PID    Runtime      # DAGs    # Errors  Last Runtime    Last Run               Last # of DB Queries
--------------------------------------------  -----  ---------  --------  ----------  --------------  -------------------  ----------------------
/home/ubuntu/airflow/dags/zillowanalytics.py                           1           0  0.30s           2025-04-05T03:44:45                      34
================================================================================
[2025-04-05T03:45:19.394+0000] {manager.py:997} INFO - 
================================================================================
DAG File Processing Stats

File Path                                     PID    Runtime      # DAGs    # Errors  Last Runtime    Last Run               Last # of DB Queries
--------------------------------------------  -----  ---------  --------  ----------  --------------  -------------------  ----------------------
/home/ubuntu/airflow/dags/zillowanalytics.py                           1           0  0.30s           2025-04-05T03:45:15                      34
================================================================================
[2025-04-05T03:45:49.456+0000] {manager.py:997} INFO - 
================================================================================
DAG File Processing Stats

File Path                                     PID    Runtime      # DAGs    # Errors  Last Runtime    Last Run               Last # of DB Queries
--------------------------------------------  -----  ---------  --------  ----------  --------------  -------------------  ----------------------
/home/ubuntu/airflow/dags/zillowanalytics.py                           1           0  0.30s           2025-04-05T03:45:46                      34
================================================================================
[2025-04-05T03:46:19.518+0000] {manager.py:997} INFO - 
================================================================================
DAG File Processing Stats

File Path                                     PID    Runtime      # DAGs    # Errors  Last Runtime    Last Run               Last # of DB Queries
--------------------------------------------  -----  ---------  --------  ----------  --------------  -------------------  ----------------------
/home/ubuntu/airflow/dags/zillowanalytics.py                           1           0  0.30s           2025-04-05T03:46:16                      34
================================================================================
[2025-04-05T03:46:49.579+0000] {manager.py:997} INFO - 
================================================================================
DAG File Processing Stats

File Path                                     PID    Runtime      # DAGs    # Errors  Last Runtime    Last Run               Last # of DB Queries
--------------------------------------------  -----  ---------  --------  ----------  --------------  -------------------  ----------------------
/home/ubuntu/airflow/dags/zillowanalytics.py                           1           0  0.30s           2025-04-05T03:46:47                      34
================================================================================
[2025-04-05T03:47:19.590+0000] {manager.py:997} INFO - 
================================================================================
DAG File Processing Stats

File Path                                     PID    Runtime      # DAGs    # Errors  Last Runtime    Last Run               Last # of DB Queries
--------------------------------------------  -----  ---------  --------  ----------  --------------  -------------------  ----------------------
/home/ubuntu/airflow/dags/zillowanalytics.py                           1           0  0.30s           2025-04-05T03:47:17                      34
================================================================================
[2025-04-05T03:47:49.702+0000] {manager.py:997} INFO - 
================================================================================
DAG File Processing Stats

File Path                                     PID    Runtime      # DAGs    # Errors  Last Runtime    Last Run               Last # of DB Queries
--------------------------------------------  -----  ---------  --------  ----------  --------------  -------------------  ----------------------
/home/ubuntu/airflow/dags/zillowanalytics.py                           1           0  0.30s           2025-04-05T03:47:47                      34
================================================================================
[2025-04-05T03:48:19.764+0000] {manager.py:997} INFO - 
================================================================================
DAG File Processing Stats

File Path                                     PID    Runtime      # DAGs    # Errors  Last Runtime    Last Run               Last # of DB Queries
--------------------------------------------  -----  ---------  --------  ----------  --------------  -------------------  ----------------------
/home/ubuntu/airflow/dags/zillowanalytics.py                           1           0  0.30s           2025-04-05T03:48:18                      34
================================================================================
[2025-04-05T03:48:49.781+0000] {manager.py:997} INFO - 
================================================================================
DAG File Processing Stats

File Path                                     PID    Runtime      # DAGs    # Errors  Last Runtime    Last Run               Last # of DB Queries
--------------------------------------------  -----  ---------  --------  ----------  --------------  -------------------  ----------------------
/home/ubuntu/airflow/dags/zillowanalytics.py                           1           0  0.30s           2025-04-05T03:48:48                      34
================================================================================
[2025-04-05T03:48:54.981+0000] {manager.py:821} INFO - Searching for files in /home/ubuntu/airflow/dags
[2025-04-05T03:48:54.982+0000] {manager.py:824} INFO - There are 1 files in /home/ubuntu/airflow/dags
[2025-04-05T03:49:19.887+0000] {manager.py:997} INFO - 
================================================================================
DAG File Processing Stats

File Path                                     PID    Runtime      # DAGs    # Errors  Last Runtime    Last Run               Last # of DB Queries
--------------------------------------------  -----  ---------  --------  ----------  --------------  -------------------  ----------------------
/home/ubuntu/airflow/dags/zillowanalytics.py                           1           0  0.30s           2025-04-05T03:49:19                      34
================================================================================
[2025-04-05T03:49:49.950+0000] {manager.py:997} INFO - 
================================================================================
DAG File Processing Stats

File Path                                     PID    Runtime      # DAGs    # Errors  Last Runtime    Last Run               Last # of DB Queries
--------------------------------------------  -----  ---------  --------  ----------  --------------  -------------------  ----------------------
/home/ubuntu/airflow/dags/zillowanalytics.py                           1           0  0.30s           2025-04-05T03:49:49                      34
================================================================================
[2025-04-05T03:50:19.959+0000] {manager.py:997} INFO - 
================================================================================
DAG File Processing Stats

File Path                                     PID    Runtime      # DAGs    # Errors  Last Runtime    Last Run               Last # of DB Queries
--------------------------------------------  -----  ---------  --------  ----------  --------------  -------------------  ----------------------
/home/ubuntu/airflow/dags/zillowanalytics.py                           1           0  0.30s           2025-04-05T03:50:19                      34
================================================================================
[2025-04-05T03:50:50.367+0000] {manager.py:997} INFO - 
================================================================================
DAG File Processing Stats

File Path                                     PID    Runtime      # DAGs    # Errors  Last Runtime    Last Run               Last # of DB Queries
--------------------------------------------  -----  ---------  --------  ----------  --------------  -------------------  ----------------------
/home/ubuntu/airflow/dags/zillowanalytics.py                           1           0  0.30s           2025-04-05T03:50:50                      34
================================================================================
[2025-04-05T03:51:20.746+0000] {manager.py:997} INFO - 
================================================================================
DAG File Processing Stats

File Path                                     PID    Runtime      # DAGs    # Errors  Last Runtime    Last Run               Last # of DB Queries
--------------------------------------------  -----  ---------  --------  ----------  --------------  -------------------  ----------------------
/home/ubuntu/airflow/dags/zillowanalytics.py                           1           0  0.30s           2025-04-05T03:51:20                      34
================================================================================
[2025-04-05T03:51:51.125+0000] {manager.py:997} INFO - 
================================================================================
DAG File Processing Stats

File Path                                     PID    Runtime      # DAGs    # Errors  Last Runtime    Last Run               Last # of DB Queries
--------------------------------------------  -----  ---------  --------  ----------  --------------  -------------------  ----------------------
/home/ubuntu/airflow/dags/zillowanalytics.py                           1           0  0.30s           2025-04-05T03:51:51                      34
================================================================================
[2025-04-05T03:52:21.504+0000] {manager.py:997} INFO - 
================================================================================
DAG File Processing Stats

File Path                                     PID    Runtime      # DAGs    # Errors  Last Runtime    Last Run               Last # of DB Queries
--------------------------------------------  -----  ---------  --------  ----------  --------------  -------------------  ----------------------
/home/ubuntu/airflow/dags/zillowanalytics.py                           1           0  0.30s           2025-04-05T03:52:21                      34
================================================================================
[2025-04-05T03:52:51.881+0000] {manager.py:997} INFO - 
================================================================================
DAG File Processing Stats

File Path                                     PID    Runtime      # DAGs    # Errors  Last Runtime    Last Run               Last # of DB Queries
--------------------------------------------  -----  ---------  --------  ----------  --------------  -------------------  ----------------------
/home/ubuntu/airflow/dags/zillowanalytics.py                           1           0  0.30s           2025-04-05T03:52:51                      34
================================================================================
[2025-04-05T03:53:22.259+0000] {manager.py:997} INFO - 
================================================================================
DAG File Processing Stats

File Path                                     PID    Runtime      # DAGs    # Errors  Last Runtime    Last Run               Last # of DB Queries
--------------------------------------------  -----  ---------  --------  ----------  --------------  -------------------  ----------------------
/home/ubuntu/airflow/dags/zillowanalytics.py                           1           0  0.30s           2025-04-05T03:53:22                      34
================================================================================
[2025-04-05T03:53:52.635+0000] {manager.py:997} INFO - 
================================================================================
DAG File Processing Stats

File Path                                     PID    Runtime      # DAGs    # Errors  Last Runtime    Last Run               Last # of DB Queries
--------------------------------------------  -----  ---------  --------  ----------  --------------  -------------------  ----------------------
/home/ubuntu/airflow/dags/zillowanalytics.py                           1           0  0.30s           2025-04-05T03:53:52                      34
================================================================================
[2025-04-05T03:53:55.027+0000] {manager.py:821} INFO - Searching for files in /home/ubuntu/airflow/dags
[2025-04-05T03:53:55.029+0000] {manager.py:824} INFO - There are 1 files in /home/ubuntu/airflow/dags
[2025-04-05T03:54:23.012+0000] {manager.py:997} INFO - 
================================================================================
DAG File Processing Stats

File Path                                     PID    Runtime      # DAGs    # Errors  Last Runtime    Last Run               Last # of DB Queries
--------------------------------------------  -----  ---------  --------  ----------  --------------  -------------------  ----------------------
/home/ubuntu/airflow/dags/zillowanalytics.py                           1           0  0.30s           2025-04-05T03:54:23                      34
================================================================================
[2025-04-05T03:54:53.387+0000] {manager.py:997} INFO - 
================================================================================
DAG File Processing Stats

File Path                                     PID    Runtime      # DAGs    # Errors  Last Runtime    Last Run               Last # of DB Queries
--------------------------------------------  -----  ---------  --------  ----------  --------------  -------------------  ----------------------
/home/ubuntu/airflow/dags/zillowanalytics.py                           1           0  0.30s           2025-04-05T03:54:53                      34
================================================================================
[2025-04-05T03:55:23.766+0000] {manager.py:997} INFO - 
================================================================================
DAG File Processing Stats

File Path                                     PID    Runtime      # DAGs    # Errors  Last Runtime    Last Run               Last # of DB Queries
--------------------------------------------  -----  ---------  --------  ----------  --------------  -------------------  ----------------------
/home/ubuntu/airflow/dags/zillowanalytics.py                           1           0  0.30s           2025-04-05T03:55:23                      34
================================================================================
[2025-04-05T03:55:54.143+0000] {manager.py:997} INFO - 
================================================================================
DAG File Processing Stats

File Path                                     PID    Runtime      # DAGs    # Errors  Last Runtime    Last Run               Last # of DB Queries
--------------------------------------------  -----  ---------  --------  ----------  --------------  -------------------  ----------------------
/home/ubuntu/airflow/dags/zillowanalytics.py                           1           0  0.30s           2025-04-05T03:55:54                      34
================================================================================
[2025-04-05T03:56:24.522+0000] {manager.py:997} INFO - 
================================================================================
DAG File Processing Stats

File Path                                     PID    Runtime      # DAGs    # Errors  Last Runtime    Last Run               Last # of DB Queries
--------------------------------------------  -----  ---------  --------  ----------  --------------  -------------------  ----------------------
/home/ubuntu/airflow/dags/zillowanalytics.py                           1           0  0.30s           2025-04-05T03:56:24                      34
================================================================================
[2025-04-05T03:56:54.597+0000] {manager.py:997} INFO - 
================================================================================
DAG File Processing Stats

File Path                                     PID    Runtime      # DAGs    # Errors  Last Runtime    Last Run               Last # of DB Queries
--------------------------------------------  -----  ---------  --------  ----------  --------------  -------------------  ----------------------
/home/ubuntu/airflow/dags/zillowanalytics.py                           1           0  0.10s           2025-04-05T03:56:53                      11
================================================================================
[2025-04-05T03:57:24.721+0000] {manager.py:997} INFO - 
================================================================================
DAG File Processing Stats

File Path                                     PID    Runtime      # DAGs    # Errors  Last Runtime    Last Run               Last # of DB Queries
--------------------------------------------  -----  ---------  --------  ----------  --------------  -------------------  ----------------------
/home/ubuntu/airflow/dags/zillowanalytics.py                           1           0  0.30s           2025-04-05T03:57:24                      34
================================================================================
[2025-04-05T03:57:55.088+0000] {manager.py:997} INFO - 
================================================================================
DAG File Processing Stats

File Path                                     PID    Runtime      # DAGs    # Errors  Last Runtime    Last Run               Last # of DB Queries
--------------------------------------------  -----  ---------  --------  ----------  --------------  -------------------  ----------------------
/home/ubuntu/airflow/dags/zillowanalytics.py                           1           0  0.30s           2025-04-05T03:57:55                      34
================================================================================
[2025-04-05T03:58:25.457+0000] {manager.py:997} INFO - 
================================================================================
DAG File Processing Stats

File Path                                     PID    Runtime      # DAGs    # Errors  Last Runtime    Last Run               Last # of DB Queries
--------------------------------------------  -----  ---------  --------  ----------  --------------  -------------------  ----------------------
/home/ubuntu/airflow/dags/zillowanalytics.py                           1           0  0.30s           2025-04-05T03:58:25                      34
================================================================================
[2025-04-05T03:58:55.073+0000] {manager.py:821} INFO - Searching for files in /home/ubuntu/airflow/dags
[2025-04-05T03:58:55.074+0000] {manager.py:824} INFO - There are 1 files in /home/ubuntu/airflow/dags
[2025-04-05T03:58:55.823+0000] {manager.py:997} INFO - 
================================================================================
DAG File Processing Stats

File Path                                     PID    Runtime      # DAGs    # Errors  Last Runtime    Last Run               Last # of DB Queries
--------------------------------------------  -----  ---------  --------  ----------  --------------  -------------------  ----------------------
/home/ubuntu/airflow/dags/zillowanalytics.py                           1           0  0.30s           2025-04-05T03:58:55                      34
================================================================================
[2025-04-05T03:59:26.190+0000] {manager.py:997} INFO - 
================================================================================
DAG File Processing Stats

File Path                                     PID    Runtime      # DAGs    # Errors  Last Runtime    Last Run               Last # of DB Queries
--------------------------------------------  -----  ---------  --------  ----------  --------------  -------------------  ----------------------
/home/ubuntu/airflow/dags/zillowanalytics.py                           1           0  0.30s           2025-04-05T03:59:26                      34
================================================================================
[2025-04-05T03:59:56.557+0000] {manager.py:997} INFO - 
================================================================================
DAG File Processing Stats

File Path                                     PID    Runtime      # DAGs    # Errors  Last Runtime    Last Run               Last # of DB Queries
--------------------------------------------  -----  ---------  --------  ----------  --------------  -------------------  ----------------------
/home/ubuntu/airflow/dags/zillowanalytics.py                           1           0  0.30s           2025-04-05T03:59:56                      34
================================================================================
[2025-04-05T04:00:26.921+0000] {manager.py:997} INFO - 
================================================================================
DAG File Processing Stats

File Path                                     PID    Runtime      # DAGs    # Errors  Last Runtime    Last Run               Last # of DB Queries
--------------------------------------------  -----  ---------  --------  ----------  --------------  -------------------  ----------------------
/home/ubuntu/airflow/dags/zillowanalytics.py                           1           0  0.30s           2025-04-05T04:00:26                      34
================================================================================
[2025-04-05T04:00:57.260+0000] {manager.py:997} INFO - 
================================================================================
DAG File Processing Stats

File Path                                     PID    Runtime      # DAGs    # Errors  Last Runtime    Last Run               Last # of DB Queries
--------------------------------------------  -----  ---------  --------  ----------  --------------  -------------------  ----------------------
/home/ubuntu/airflow/dags/zillowanalytics.py                           1           0  0.30s           2025-04-05T04:00:57                      34
================================================================================
[2025-04-05T04:01:27.630+0000] {manager.py:997} INFO - 
================================================================================
DAG File Processing Stats

File Path                                     PID    Runtime      # DAGs    # Errors  Last Runtime    Last Run               Last # of DB Queries
--------------------------------------------  -----  ---------  --------  ----------  --------------  -------------------  ----------------------
/home/ubuntu/airflow/dags/zillowanalytics.py                           1           0  0.30s           2025-04-05T04:01:27                      34
================================================================================
[2025-04-05T04:01:57.995+0000] {manager.py:997} INFO - 
================================================================================
DAG File Processing Stats

File Path                                     PID    Runtime      # DAGs    # Errors  Last Runtime    Last Run               Last # of DB Queries
--------------------------------------------  -----  ---------  --------  ----------  --------------  -------------------  ----------------------
/home/ubuntu/airflow/dags/zillowanalytics.py                           1           0  0.30s           2025-04-05T04:01:57                      34
================================================================================
[2025-04-05T04:02:28.362+0000] {manager.py:997} INFO - 
================================================================================
DAG File Processing Stats

File Path                                     PID    Runtime      # DAGs    # Errors  Last Runtime    Last Run               Last # of DB Queries
--------------------------------------------  -----  ---------  --------  ----------  --------------  -------------------  ----------------------
/home/ubuntu/airflow/dags/zillowanalytics.py                           1           0  0.30s           2025-04-05T04:02:28                      34
================================================================================
[2025-04-05T04:02:58.727+0000] {manager.py:997} INFO - 
================================================================================
DAG File Processing Stats

File Path                                     PID    Runtime      # DAGs    # Errors  Last Runtime    Last Run               Last # of DB Queries
--------------------------------------------  -----  ---------  --------  ----------  --------------  -------------------  ----------------------
/home/ubuntu/airflow/dags/zillowanalytics.py                           1           0  0.30s           2025-04-05T04:02:58                      34
================================================================================
[2025-04-05T04:03:29.093+0000] {manager.py:997} INFO - 
================================================================================
DAG File Processing Stats

File Path                                     PID    Runtime      # DAGs    # Errors  Last Runtime    Last Run               Last # of DB Queries
--------------------------------------------  -----  ---------  --------  ----------  --------------  -------------------  ----------------------
/home/ubuntu/airflow/dags/zillowanalytics.py                           1           0  0.30s           2025-04-05T04:03:29                      34
================================================================================
[2025-04-05T04:03:55.118+0000] {manager.py:821} INFO - Searching for files in /home/ubuntu/airflow/dags
[2025-04-05T04:03:55.120+0000] {manager.py:824} INFO - There are 1 files in /home/ubuntu/airflow/dags
[2025-04-05T04:03:59.456+0000] {manager.py:997} INFO - 
================================================================================
DAG File Processing Stats

File Path                                     PID    Runtime      # DAGs    # Errors  Last Runtime    Last Run               Last # of DB Queries
--------------------------------------------  -----  ---------  --------  ----------  --------------  -------------------  ----------------------
/home/ubuntu/airflow/dags/zillowanalytics.py                           1           0  0.30s           2025-04-05T04:03:59                      34
================================================================================
[2025-04-05T04:04:29.822+0000] {manager.py:997} INFO - 
================================================================================
DAG File Processing Stats

File Path                                     PID    Runtime      # DAGs    # Errors  Last Runtime    Last Run               Last # of DB Queries
--------------------------------------------  -----  ---------  --------  ----------  --------------  -------------------  ----------------------
/home/ubuntu/airflow/dags/zillowanalytics.py                           1           0  0.30s           2025-04-05T04:04:29                      34
================================================================================
[2025-04-05T04:05:00.190+0000] {manager.py:997} INFO - 
================================================================================
DAG File Processing Stats

File Path                                     PID    Runtime      # DAGs    # Errors  Last Runtime    Last Run               Last # of DB Queries
--------------------------------------------  -----  ---------  --------  ----------  --------------  -------------------  ----------------------
/home/ubuntu/airflow/dags/zillowanalytics.py                           1           0  0.30s           2025-04-05T04:05:00                      34
================================================================================
[2025-04-05T04:05:30.557+0000] {manager.py:997} INFO - 
================================================================================
DAG File Processing Stats

File Path                                     PID    Runtime      # DAGs    # Errors  Last Runtime    Last Run               Last # of DB Queries
--------------------------------------------  -----  ---------  --------  ----------  --------------  -------------------  ----------------------
/home/ubuntu/airflow/dags/zillowanalytics.py                           1           0  0.30s           2025-04-05T04:05:30                      34
================================================================================
[2025-04-05T04:06:00.923+0000] {manager.py:997} INFO - 
================================================================================
DAG File Processing Stats

File Path                                     PID    Runtime      # DAGs    # Errors  Last Runtime    Last Run               Last # of DB Queries
--------------------------------------------  -----  ---------  --------  ----------  --------------  -------------------  ----------------------
/home/ubuntu/airflow/dags/zillowanalytics.py                           1           0  0.30s           2025-04-05T04:06:00                      34
================================================================================
[2025-04-05T04:06:31.289+0000] {manager.py:997} INFO - 
================================================================================
DAG File Processing Stats

File Path                                     PID    Runtime      # DAGs    # Errors  Last Runtime    Last Run               Last # of DB Queries
--------------------------------------------  -----  ---------  --------  ----------  --------------  -------------------  ----------------------
/home/ubuntu/airflow/dags/zillowanalytics.py                           1           0  0.30s           2025-04-05T04:06:31                      34
================================================================================
[2025-04-05T04:07:01.657+0000] {manager.py:997} INFO - 
================================================================================
DAG File Processing Stats

File Path                                     PID    Runtime      # DAGs    # Errors  Last Runtime    Last Run               Last # of DB Queries
--------------------------------------------  -----  ---------  --------  ----------  --------------  -------------------  ----------------------
/home/ubuntu/airflow/dags/zillowanalytics.py                           1           0  0.30s           2025-04-05T04:07:01                      34
================================================================================
[2025-04-05T04:07:32.026+0000] {manager.py:997} INFO - 
================================================================================
DAG File Processing Stats

File Path                                     PID    Runtime      # DAGs    # Errors  Last Runtime    Last Run               Last # of DB Queries
--------------------------------------------  -----  ---------  --------  ----------  --------------  -------------------  ----------------------
/home/ubuntu/airflow/dags/zillowanalytics.py                           1           0  0.30s           2025-04-05T04:07:32                      34
================================================================================
[2025-04-05T04:08:02.393+0000] {manager.py:997} INFO - 
================================================================================
DAG File Processing Stats

File Path                                     PID    Runtime      # DAGs    # Errors  Last Runtime    Last Run               Last # of DB Queries
--------------------------------------------  -----  ---------  --------  ----------  --------------  -------------------  ----------------------
/home/ubuntu/airflow/dags/zillowanalytics.py                           1           0  0.30s           2025-04-05T04:08:02                      34
================================================================================
[2025-04-05T04:08:32.760+0000] {manager.py:997} INFO - 
================================================================================
DAG File Processing Stats

File Path                                     PID    Runtime      # DAGs    # Errors  Last Runtime    Last Run               Last # of DB Queries
--------------------------------------------  -----  ---------  --------  ----------  --------------  -------------------  ----------------------
/home/ubuntu/airflow/dags/zillowanalytics.py                           1           0  0.30s           2025-04-05T04:08:32                      34
================================================================================
[2025-04-05T04:08:55.165+0000] {manager.py:821} INFO - Searching for files in /home/ubuntu/airflow/dags
[2025-04-05T04:08:55.166+0000] {manager.py:824} INFO - There are 1 files in /home/ubuntu/airflow/dags
[2025-04-05T04:09:03.128+0000] {manager.py:997} INFO - 
================================================================================
DAG File Processing Stats

File Path                                     PID    Runtime      # DAGs    # Errors  Last Runtime    Last Run               Last # of DB Queries
--------------------------------------------  -----  ---------  --------  ----------  --------------  -------------------  ----------------------
/home/ubuntu/airflow/dags/zillowanalytics.py                           1           0  0.30s           2025-04-05T04:09:03                      34
================================================================================
[2025-04-05T04:09:33.493+0000] {manager.py:997} INFO - 
================================================================================
DAG File Processing Stats

File Path                                     PID    Runtime      # DAGs    # Errors  Last Runtime    Last Run               Last # of DB Queries
--------------------------------------------  -----  ---------  --------  ----------  --------------  -------------------  ----------------------
/home/ubuntu/airflow/dags/zillowanalytics.py                           1           0  0.30s           2025-04-05T04:09:33                      34
================================================================================
[2025-04-05T04:10:03.859+0000] {manager.py:997} INFO - 
================================================================================
DAG File Processing Stats

File Path                                     PID    Runtime      # DAGs    # Errors  Last Runtime    Last Run               Last # of DB Queries
--------------------------------------------  -----  ---------  --------  ----------  --------------  -------------------  ----------------------
/home/ubuntu/airflow/dags/zillowanalytics.py                           1           0  0.30s           2025-04-05T04:10:03                      34
================================================================================
[2025-04-05T04:10:34.226+0000] {manager.py:997} INFO - 
================================================================================
DAG File Processing Stats

File Path                                     PID    Runtime      # DAGs    # Errors  Last Runtime    Last Run               Last # of DB Queries
--------------------------------------------  -----  ---------  --------  ----------  --------------  -------------------  ----------------------
/home/ubuntu/airflow/dags/zillowanalytics.py                           1           0  0.30s           2025-04-05T04:10:34                      34
================================================================================
[2025-04-05T04:11:04.591+0000] {manager.py:997} INFO - 
================================================================================
DAG File Processing Stats

File Path                                     PID    Runtime      # DAGs    # Errors  Last Runtime    Last Run               Last # of DB Queries
--------------------------------------------  -----  ---------  --------  ----------  --------------  -------------------  ----------------------
/home/ubuntu/airflow/dags/zillowanalytics.py                           1           0  0.30s           2025-04-05T04:11:04                      34
================================================================================
[2025-04-05T04:11:34.959+0000] {manager.py:997} INFO - 
================================================================================
DAG File Processing Stats

File Path                                     PID    Runtime      # DAGs    # Errors  Last Runtime    Last Run               Last # of DB Queries
--------------------------------------------  -----  ---------  --------  ----------  --------------  -------------------  ----------------------
/home/ubuntu/airflow/dags/zillowanalytics.py                           1           0  0.30s           2025-04-05T04:11:34                      34
================================================================================
[2025-04-05T04:12:05.325+0000] {manager.py:997} INFO - 
================================================================================
DAG File Processing Stats

File Path                                     PID    Runtime      # DAGs    # Errors  Last Runtime    Last Run               Last # of DB Queries
--------------------------------------------  -----  ---------  --------  ----------  --------------  -------------------  ----------------------
/home/ubuntu/airflow/dags/zillowanalytics.py                           1           0  0.30s           2025-04-05T04:12:05                      34
================================================================================
[2025-04-05T04:12:35.704+0000] {manager.py:997} INFO - 
================================================================================
DAG File Processing Stats

File Path                                     PID    Runtime      # DAGs    # Errors  Last Runtime    Last Run               Last # of DB Queries
--------------------------------------------  -----  ---------  --------  ----------  --------------  -------------------  ----------------------
/home/ubuntu/airflow/dags/zillowanalytics.py                           1           0  0.30s           2025-04-05T04:12:35                      34
================================================================================
[2025-04-05T04:13:06.078+0000] {manager.py:997} INFO - 
================================================================================
DAG File Processing Stats

File Path                                     PID    Runtime      # DAGs    # Errors  Last Runtime    Last Run               Last # of DB Queries
--------------------------------------------  -----  ---------  --------  ----------  --------------  -------------------  ----------------------
/home/ubuntu/airflow/dags/zillowanalytics.py                           1           0  0.30s           2025-04-05T04:13:06                      34
================================================================================
[2025-04-05T04:13:36.453+0000] {manager.py:997} INFO - 
================================================================================
DAG File Processing Stats

File Path                                     PID    Runtime      # DAGs    # Errors  Last Runtime    Last Run               Last # of DB Queries
--------------------------------------------  -----  ---------  --------  ----------  --------------  -------------------  ----------------------
/home/ubuntu/airflow/dags/zillowanalytics.py                           1           0  0.30s           2025-04-05T04:13:36                      34
================================================================================
[2025-04-05T04:13:55.211+0000] {manager.py:821} INFO - Searching for files in /home/ubuntu/airflow/dags
[2025-04-05T04:13:55.212+0000] {manager.py:824} INFO - There are 1 files in /home/ubuntu/airflow/dags
[2025-04-05T04:14:06.829+0000] {manager.py:997} INFO - 
================================================================================
DAG File Processing Stats

File Path                                     PID    Runtime      # DAGs    # Errors  Last Runtime    Last Run               Last # of DB Queries
--------------------------------------------  -----  ---------  --------  ----------  --------------  -------------------  ----------------------
/home/ubuntu/airflow/dags/zillowanalytics.py                           1           0  0.30s           2025-04-05T04:14:06                      34
================================================================================
[2025-04-05T04:14:37.208+0000] {manager.py:997} INFO - 
================================================================================
DAG File Processing Stats

File Path                                     PID    Runtime      # DAGs    # Errors  Last Runtime    Last Run               Last # of DB Queries
--------------------------------------------  -----  ---------  --------  ----------  --------------  -------------------  ----------------------
/home/ubuntu/airflow/dags/zillowanalytics.py                           1           0  0.30s           2025-04-05T04:14:37                      34
================================================================================
[2025-04-05T04:15:07.584+0000] {manager.py:997} INFO - 
================================================================================
DAG File Processing Stats

File Path                                     PID    Runtime      # DAGs    # Errors  Last Runtime    Last Run               Last # of DB Queries
--------------------------------------------  -----  ---------  --------  ----------  --------------  -------------------  ----------------------
/home/ubuntu/airflow/dags/zillowanalytics.py                           1           0  0.30s           2025-04-05T04:15:07                      34
================================================================================
[2025-04-05T04:15:37.960+0000] {manager.py:997} INFO - 
================================================================================
DAG File Processing Stats

File Path                                     PID    Runtime      # DAGs    # Errors  Last Runtime    Last Run               Last # of DB Queries
--------------------------------------------  -----  ---------  --------  ----------  --------------  -------------------  ----------------------
/home/ubuntu/airflow/dags/zillowanalytics.py                           1           0  0.30s           2025-04-05T04:15:37                      34
================================================================================
[2025-04-05T04:16:08.337+0000] {manager.py:997} INFO - 
================================================================================
DAG File Processing Stats

File Path                                     PID    Runtime      # DAGs    # Errors  Last Runtime    Last Run               Last # of DB Queries
--------------------------------------------  -----  ---------  --------  ----------  --------------  -------------------  ----------------------
/home/ubuntu/airflow/dags/zillowanalytics.py                           1           0  0.30s           2025-04-05T04:16:08                      34
================================================================================
[2025-04-05T04:16:38.713+0000] {manager.py:997} INFO - 
================================================================================
DAG File Processing Stats

File Path                                     PID    Runtime      # DAGs    # Errors  Last Runtime    Last Run               Last # of DB Queries
--------------------------------------------  -----  ---------  --------  ----------  --------------  -------------------  ----------------------
/home/ubuntu/airflow/dags/zillowanalytics.py                           1           0  0.30s           2025-04-05T04:16:38                      34
================================================================================
[2025-04-05T04:17:09.089+0000] {manager.py:997} INFO - 
================================================================================
DAG File Processing Stats

File Path                                     PID    Runtime      # DAGs    # Errors  Last Runtime    Last Run               Last # of DB Queries
--------------------------------------------  -----  ---------  --------  ----------  --------------  -------------------  ----------------------
/home/ubuntu/airflow/dags/zillowanalytics.py                           1           0  0.30s           2025-04-05T04:17:09                      34
================================================================================
[2025-04-05T04:17:39.464+0000] {manager.py:997} INFO - 
================================================================================
DAG File Processing Stats

File Path                                     PID    Runtime      # DAGs    # Errors  Last Runtime    Last Run               Last # of DB Queries
--------------------------------------------  -----  ---------  --------  ----------  --------------  -------------------  ----------------------
/home/ubuntu/airflow/dags/zillowanalytics.py                           1           0  0.30s           2025-04-05T04:17:39                      34
================================================================================
[2025-04-05T04:18:09.841+0000] {manager.py:997} INFO - 
================================================================================
DAG File Processing Stats

File Path                                     PID    Runtime      # DAGs    # Errors  Last Runtime    Last Run               Last # of DB Queries
--------------------------------------------  -----  ---------  --------  ----------  --------------  -------------------  ----------------------
/home/ubuntu/airflow/dags/zillowanalytics.py                           1           0  0.30s           2025-04-05T04:18:09                      34
================================================================================
[2025-04-05T04:18:40.216+0000] {manager.py:997} INFO - 
================================================================================
DAG File Processing Stats

File Path                                     PID    Runtime      # DAGs    # Errors  Last Runtime    Last Run               Last # of DB Queries
--------------------------------------------  -----  ---------  --------  ----------  --------------  -------------------  ----------------------
/home/ubuntu/airflow/dags/zillowanalytics.py                           1           0  0.30s           2025-04-05T04:18:40                      34
================================================================================
[2025-04-05T04:18:55.254+0000] {manager.py:821} INFO - Searching for files in /home/ubuntu/airflow/dags
[2025-04-05T04:18:55.256+0000] {manager.py:824} INFO - There are 1 files in /home/ubuntu/airflow/dags
[2025-04-05T04:19:10.605+0000] {manager.py:997} INFO - 
================================================================================
DAG File Processing Stats

File Path                                     PID    Runtime      # DAGs    # Errors  Last Runtime    Last Run               Last # of DB Queries
--------------------------------------------  -----  ---------  --------  ----------  --------------  -------------------  ----------------------
/home/ubuntu/airflow/dags/zillowanalytics.py                           1           0  0.30s           2025-04-05T04:19:10                      34
================================================================================
[2025-04-05T04:19:40.980+0000] {manager.py:997} INFO - 
================================================================================
DAG File Processing Stats

File Path                                     PID    Runtime      # DAGs    # Errors  Last Runtime    Last Run               Last # of DB Queries
--------------------------------------------  -----  ---------  --------  ----------  --------------  -------------------  ----------------------
/home/ubuntu/airflow/dags/zillowanalytics.py                           1           0  0.30s           2025-04-05T04:19:40                      34
================================================================================
[2025-04-05T04:20:11.356+0000] {manager.py:997} INFO - 
================================================================================
DAG File Processing Stats

File Path                                     PID    Runtime      # DAGs    # Errors  Last Runtime    Last Run               Last # of DB Queries
--------------------------------------------  -----  ---------  --------  ----------  --------------  -------------------  ----------------------
/home/ubuntu/airflow/dags/zillowanalytics.py                           1           0  0.30s           2025-04-05T04:20:11                      34
================================================================================
[2025-04-05T04:20:41.733+0000] {manager.py:997} INFO - 
================================================================================
DAG File Processing Stats

File Path                                     PID    Runtime      # DAGs    # Errors  Last Runtime    Last Run               Last # of DB Queries
--------------------------------------------  -----  ---------  --------  ----------  --------------  -------------------  ----------------------
/home/ubuntu/airflow/dags/zillowanalytics.py                           1           0  0.30s           2025-04-05T04:20:41                      34
================================================================================
[2025-04-05T04:21:12.108+0000] {manager.py:997} INFO - 
================================================================================
DAG File Processing Stats

File Path                                     PID    Runtime      # DAGs    # Errors  Last Runtime    Last Run               Last # of DB Queries
--------------------------------------------  -----  ---------  --------  ----------  --------------  -------------------  ----------------------
/home/ubuntu/airflow/dags/zillowanalytics.py                           1           0  0.30s           2025-04-05T04:21:12                      34
================================================================================
[2025-04-05T04:21:42.490+0000] {manager.py:997} INFO - 
================================================================================
DAG File Processing Stats

File Path                                     PID    Runtime      # DAGs    # Errors  Last Runtime    Last Run               Last # of DB Queries
--------------------------------------------  -----  ---------  --------  ----------  --------------  -------------------  ----------------------
/home/ubuntu/airflow/dags/zillowanalytics.py                           1           0  0.31s           2025-04-05T04:21:42                      34
================================================================================
[2025-04-05T04:22:12.866+0000] {manager.py:997} INFO - 
================================================================================
DAG File Processing Stats

File Path                                     PID    Runtime      # DAGs    # Errors  Last Runtime    Last Run               Last # of DB Queries
--------------------------------------------  -----  ---------  --------  ----------  --------------  -------------------  ----------------------
/home/ubuntu/airflow/dags/zillowanalytics.py                           1           0  0.30s           2025-04-05T04:22:12                      34
================================================================================
[2025-04-05T04:22:43.243+0000] {manager.py:997} INFO - 
================================================================================
DAG File Processing Stats

File Path                                     PID    Runtime      # DAGs    # Errors  Last Runtime    Last Run               Last # of DB Queries
--------------------------------------------  -----  ---------  --------  ----------  --------------  -------------------  ----------------------
/home/ubuntu/airflow/dags/zillowanalytics.py                           1           0  0.30s           2025-04-05T04:22:43                      34
================================================================================
[2025-04-05T04:23:13.618+0000] {manager.py:997} INFO - 
================================================================================
DAG File Processing Stats

File Path                                     PID    Runtime      # DAGs    # Errors  Last Runtime    Last Run               Last # of DB Queries
--------------------------------------------  -----  ---------  --------  ----------  --------------  -------------------  ----------------------
/home/ubuntu/airflow/dags/zillowanalytics.py                           1           0  0.30s           2025-04-05T04:23:13                      34
================================================================================
[2025-04-05T04:23:43.996+0000] {manager.py:997} INFO - 
================================================================================
DAG File Processing Stats

File Path                                     PID    Runtime      # DAGs    # Errors  Last Runtime    Last Run               Last # of DB Queries
--------------------------------------------  -----  ---------  --------  ----------  --------------  -------------------  ----------------------
/home/ubuntu/airflow/dags/zillowanalytics.py                           1           0  0.30s           2025-04-05T04:23:43                      34
================================================================================
[2025-04-05T04:23:55.302+0000] {manager.py:821} INFO - Searching for files in /home/ubuntu/airflow/dags
[2025-04-05T04:23:55.304+0000] {manager.py:824} INFO - There are 1 files in /home/ubuntu/airflow/dags
[2025-04-05T04:24:14.371+0000] {manager.py:997} INFO - 
================================================================================
DAG File Processing Stats

File Path                                     PID    Runtime      # DAGs    # Errors  Last Runtime    Last Run               Last # of DB Queries
--------------------------------------------  -----  ---------  --------  ----------  --------------  -------------------  ----------------------
/home/ubuntu/airflow/dags/zillowanalytics.py                           1           0  0.30s           2025-04-05T04:24:14                      34
================================================================================
[2025-04-05T04:24:44.747+0000] {manager.py:997} INFO - 
================================================================================
DAG File Processing Stats

File Path                                     PID    Runtime      # DAGs    # Errors  Last Runtime    Last Run               Last # of DB Queries
--------------------------------------------  -----  ---------  --------  ----------  --------------  -------------------  ----------------------
/home/ubuntu/airflow/dags/zillowanalytics.py                           1           0  0.30s           2025-04-05T04:24:44                      34
================================================================================
[2025-04-05T04:25:15.128+0000] {manager.py:997} INFO - 
================================================================================
DAG File Processing Stats

File Path                                     PID    Runtime      # DAGs    # Errors  Last Runtime    Last Run               Last # of DB Queries
--------------------------------------------  -----  ---------  --------  ----------  --------------  -------------------  ----------------------
/home/ubuntu/airflow/dags/zillowanalytics.py                           1           0  0.30s           2025-04-05T04:25:15                      34
================================================================================
[2025-04-05T04:25:45.508+0000] {manager.py:997} INFO - 
================================================================================
DAG File Processing Stats

File Path                                     PID    Runtime      # DAGs    # Errors  Last Runtime    Last Run               Last # of DB Queries
--------------------------------------------  -----  ---------  --------  ----------  --------------  -------------------  ----------------------
/home/ubuntu/airflow/dags/zillowanalytics.py                           1           0  0.30s           2025-04-05T04:25:45                      34
================================================================================
[2025-04-05T04:26:15.885+0000] {manager.py:997} INFO - 
================================================================================
DAG File Processing Stats

File Path                                     PID    Runtime      # DAGs    # Errors  Last Runtime    Last Run               Last # of DB Queries
--------------------------------------------  -----  ---------  --------  ----------  --------------  -------------------  ----------------------
/home/ubuntu/airflow/dags/zillowanalytics.py                           1           0  0.30s           2025-04-05T04:26:15                      34
================================================================================
[2025-04-05T04:26:46.259+0000] {manager.py:997} INFO - 
================================================================================
DAG File Processing Stats

File Path                                     PID    Runtime      # DAGs    # Errors  Last Runtime    Last Run               Last # of DB Queries
--------------------------------------------  -----  ---------  --------  ----------  --------------  -------------------  ----------------------
/home/ubuntu/airflow/dags/zillowanalytics.py                           1           0  0.30s           2025-04-05T04:26:46                      34
================================================================================
[2025-04-05T04:27:16.636+0000] {manager.py:997} INFO - 
================================================================================
DAG File Processing Stats

File Path                                     PID    Runtime      # DAGs    # Errors  Last Runtime    Last Run               Last # of DB Queries
--------------------------------------------  -----  ---------  --------  ----------  --------------  -------------------  ----------------------
/home/ubuntu/airflow/dags/zillowanalytics.py                           1           0  0.30s           2025-04-05T04:27:16                      34
================================================================================
[2025-04-05T04:27:47.010+0000] {manager.py:997} INFO - 
================================================================================
DAG File Processing Stats

File Path                                     PID    Runtime      # DAGs    # Errors  Last Runtime    Last Run               Last # of DB Queries
--------------------------------------------  -----  ---------  --------  ----------  --------------  -------------------  ----------------------
/home/ubuntu/airflow/dags/zillowanalytics.py                           1           0  0.30s           2025-04-05T04:27:47                      34
================================================================================
[2025-04-05T04:28:17.386+0000] {manager.py:997} INFO - 
================================================================================
DAG File Processing Stats

File Path                                     PID    Runtime      # DAGs    # Errors  Last Runtime    Last Run               Last # of DB Queries
--------------------------------------------  -----  ---------  --------  ----------  --------------  -------------------  ----------------------
/home/ubuntu/airflow/dags/zillowanalytics.py                           1           0  0.30s           2025-04-05T04:28:17                      34
================================================================================
[2025-04-05T04:28:47.764+0000] {manager.py:997} INFO - 
================================================================================
DAG File Processing Stats

File Path                                     PID    Runtime      # DAGs    # Errors  Last Runtime    Last Run               Last # of DB Queries
--------------------------------------------  -----  ---------  --------  ----------  --------------  -------------------  ----------------------
/home/ubuntu/airflow/dags/zillowanalytics.py                           1           0  0.30s           2025-04-05T04:28:47                      34
================================================================================
[2025-04-05T04:28:55.427+0000] {manager.py:821} INFO - Searching for files in /home/ubuntu/airflow/dags
[2025-04-05T04:28:55.428+0000] {manager.py:824} INFO - There are 1 files in /home/ubuntu/airflow/dags
[2025-04-05T04:29:18.139+0000] {manager.py:997} INFO - 
================================================================================
DAG File Processing Stats

File Path                                     PID    Runtime      # DAGs    # Errors  Last Runtime    Last Run               Last # of DB Queries
--------------------------------------------  -----  ---------  --------  ----------  --------------  -------------------  ----------------------
/home/ubuntu/airflow/dags/zillowanalytics.py                           1           0  0.30s           2025-04-05T04:29:18                      34
================================================================================
[2025-04-05T04:29:48.516+0000] {manager.py:997} INFO - 
================================================================================
DAG File Processing Stats

File Path                                     PID    Runtime      # DAGs    # Errors  Last Runtime    Last Run               Last # of DB Queries
--------------------------------------------  -----  ---------  --------  ----------  --------------  -------------------  ----------------------
/home/ubuntu/airflow/dags/zillowanalytics.py                           1           0  0.30s           2025-04-05T04:29:48                      34
================================================================================
[2025-04-05T04:30:18.891+0000] {manager.py:997} INFO - 
================================================================================
DAG File Processing Stats

File Path                                     PID    Runtime      # DAGs    # Errors  Last Runtime    Last Run               Last # of DB Queries
--------------------------------------------  -----  ---------  --------  ----------  --------------  -------------------  ----------------------
/home/ubuntu/airflow/dags/zillowanalytics.py                           1           0  0.30s           2025-04-05T04:30:18                      34
================================================================================
[2025-04-05T04:30:49.267+0000] {manager.py:997} INFO - 
================================================================================
DAG File Processing Stats

File Path                                     PID    Runtime      # DAGs    # Errors  Last Runtime    Last Run               Last # of DB Queries
--------------------------------------------  -----  ---------  --------  ----------  --------------  -------------------  ----------------------
/home/ubuntu/airflow/dags/zillowanalytics.py                           1           0  0.30s           2025-04-05T04:30:49                      34
================================================================================
[2025-04-05T04:31:19.644+0000] {manager.py:997} INFO - 
================================================================================
DAG File Processing Stats

File Path                                     PID    Runtime      # DAGs    # Errors  Last Runtime    Last Run               Last # of DB Queries
--------------------------------------------  -----  ---------  --------  ----------  --------------  -------------------  ----------------------
/home/ubuntu/airflow/dags/zillowanalytics.py                           1           0  0.30s           2025-04-05T04:31:19                      34
================================================================================
[2025-04-05T04:31:50.020+0000] {manager.py:997} INFO - 
================================================================================
DAG File Processing Stats

File Path                                     PID    Runtime      # DAGs    # Errors  Last Runtime    Last Run               Last # of DB Queries
--------------------------------------------  -----  ---------  --------  ----------  --------------  -------------------  ----------------------
/home/ubuntu/airflow/dags/zillowanalytics.py                           1           0  0.30s           2025-04-05T04:31:50                      34
================================================================================
[2025-04-05T04:32:20.398+0000] {manager.py:997} INFO - 
================================================================================
DAG File Processing Stats

File Path                                     PID    Runtime      # DAGs    # Errors  Last Runtime    Last Run               Last # of DB Queries
--------------------------------------------  -----  ---------  --------  ----------  --------------  -------------------  ----------------------
/home/ubuntu/airflow/dags/zillowanalytics.py                           1           0  0.30s           2025-04-05T04:32:20                      34
================================================================================
[2025-04-05T04:32:50.775+0000] {manager.py:997} INFO - 
================================================================================
DAG File Processing Stats

File Path                                     PID    Runtime      # DAGs    # Errors  Last Runtime    Last Run               Last # of DB Queries
--------------------------------------------  -----  ---------  --------  ----------  --------------  -------------------  ----------------------
/home/ubuntu/airflow/dags/zillowanalytics.py                           1           0  0.30s           2025-04-05T04:32:50                      34
================================================================================
[2025-04-05T04:33:21.152+0000] {manager.py:997} INFO - 
================================================================================
DAG File Processing Stats

File Path                                     PID    Runtime      # DAGs    # Errors  Last Runtime    Last Run               Last # of DB Queries
--------------------------------------------  -----  ---------  --------  ----------  --------------  -------------------  ----------------------
/home/ubuntu/airflow/dags/zillowanalytics.py                           1           0  0.30s           2025-04-05T04:33:21                      34
================================================================================
[2025-04-05T04:33:51.525+0000] {manager.py:997} INFO - 
================================================================================
DAG File Processing Stats

File Path                                     PID    Runtime      # DAGs    # Errors  Last Runtime    Last Run               Last # of DB Queries
--------------------------------------------  -----  ---------  --------  ----------  --------------  -------------------  ----------------------
/home/ubuntu/airflow/dags/zillowanalytics.py                           1           0  0.30s           2025-04-05T04:33:51                      34
================================================================================
[2025-04-05T04:33:55.474+0000] {manager.py:821} INFO - Searching for files in /home/ubuntu/airflow/dags
[2025-04-05T04:33:55.476+0000] {manager.py:824} INFO - There are 1 files in /home/ubuntu/airflow/dags
[2025-04-05T04:34:21.903+0000] {manager.py:997} INFO - 
================================================================================
DAG File Processing Stats

File Path                                     PID    Runtime      # DAGs    # Errors  Last Runtime    Last Run               Last # of DB Queries
--------------------------------------------  -----  ---------  --------  ----------  --------------  -------------------  ----------------------
/home/ubuntu/airflow/dags/zillowanalytics.py                           1           0  0.30s           2025-04-05T04:34:21                      34
================================================================================
[2025-04-05T04:34:51.977+0000] {manager.py:997} INFO - 
================================================================================
DAG File Processing Stats

File Path                                     PID    Runtime      # DAGs    # Errors  Last Runtime    Last Run               Last # of DB Queries
--------------------------------------------  -----  ---------  --------  ----------  --------------  -------------------  ----------------------
/home/ubuntu/airflow/dags/zillowanalytics.py                           0           1  0.10s           2025-04-05T04:34:35                       3
================================================================================
[2025-04-05T04:35:22.038+0000] {manager.py:997} INFO - 
================================================================================
DAG File Processing Stats

File Path                                     PID    Runtime      # DAGs    # Errors  Last Runtime    Last Run               Last # of DB Queries
--------------------------------------------  -----  ---------  --------  ----------  --------------  -------------------  ----------------------
/home/ubuntu/airflow/dags/zillowanalytics.py                           0           1  0.10s           2025-04-05T04:35:05                       5
================================================================================
[2025-04-05T04:35:52.098+0000] {manager.py:997} INFO - 
================================================================================
DAG File Processing Stats

File Path                                     PID    Runtime      # DAGs    # Errors  Last Runtime    Last Run               Last # of DB Queries
--------------------------------------------  -----  ---------  --------  ----------  --------------  -------------------  ----------------------
/home/ubuntu/airflow/dags/zillowanalytics.py                           0           1  0.10s           2025-04-05T04:35:35                       5
================================================================================
[2025-04-05T04:36:22.161+0000] {manager.py:997} INFO - 
================================================================================
DAG File Processing Stats

File Path                                     PID    Runtime      # DAGs    # Errors  Last Runtime    Last Run               Last # of DB Queries
--------------------------------------------  -----  ---------  --------  ----------  --------------  -------------------  ----------------------
/home/ubuntu/airflow/dags/zillowanalytics.py                           0           1  0.10s           2025-04-05T04:36:05                       5
================================================================================
[2025-04-05T04:36:52.186+0000] {manager.py:997} INFO - 
================================================================================
DAG File Processing Stats

File Path                                     PID    Runtime      # DAGs    # Errors  Last Runtime    Last Run               Last # of DB Queries
--------------------------------------------  -----  ---------  --------  ----------  --------------  -------------------  ----------------------
/home/ubuntu/airflow/dags/zillowanalytics.py                           0           1  0.10s           2025-04-05T04:36:36                       5
================================================================================
[2025-04-05T04:37:22.251+0000] {manager.py:997} INFO - 
================================================================================
DAG File Processing Stats

File Path                                     PID    Runtime      # DAGs    # Errors  Last Runtime    Last Run               Last # of DB Queries
--------------------------------------------  -----  ---------  --------  ----------  --------------  -------------------  ----------------------
/home/ubuntu/airflow/dags/zillowanalytics.py                           0           1  0.20s           2025-04-05T04:37:06                       5
================================================================================
[2025-04-05T04:37:52.316+0000] {manager.py:997} INFO - 
================================================================================
DAG File Processing Stats

File Path                                     PID    Runtime      # DAGs    # Errors  Last Runtime    Last Run               Last # of DB Queries
--------------------------------------------  -----  ---------  --------  ----------  --------------  -------------------  ----------------------
/home/ubuntu/airflow/dags/zillowanalytics.py                           0           1  0.10s           2025-04-05T04:37:36                       5
================================================================================
[2025-04-05T04:38:22.379+0000] {manager.py:997} INFO - 
================================================================================
DAG File Processing Stats

File Path                                     PID    Runtime      # DAGs    # Errors  Last Runtime    Last Run               Last # of DB Queries
--------------------------------------------  -----  ---------  --------  ----------  --------------  -------------------  ----------------------
/home/ubuntu/airflow/dags/zillowanalytics.py                           0           1  0.10s           2025-04-05T04:38:06                       5
================================================================================
[2025-04-05T04:38:52.444+0000] {manager.py:997} INFO - 
================================================================================
DAG File Processing Stats

File Path                                     PID    Runtime      # DAGs    # Errors  Last Runtime    Last Run               Last # of DB Queries
--------------------------------------------  -----  ---------  --------  ----------  --------------  -------------------  ----------------------
/home/ubuntu/airflow/dags/zillowanalytics.py                           0           1  0.10s           2025-04-05T04:38:37                       5
================================================================================
[2025-04-05T04:38:55.520+0000] {manager.py:821} INFO - Searching for files in /home/ubuntu/airflow/dags
[2025-04-05T04:38:55.521+0000] {manager.py:824} INFO - There are 1 files in /home/ubuntu/airflow/dags
[2025-04-05T04:39:22.503+0000] {manager.py:997} INFO - 
================================================================================
DAG File Processing Stats

File Path                                     PID    Runtime      # DAGs    # Errors  Last Runtime    Last Run               Last # of DB Queries
--------------------------------------------  -----  ---------  --------  ----------  --------------  -------------------  ----------------------
/home/ubuntu/airflow/dags/zillowanalytics.py                           0           1  0.10s           2025-04-05T04:39:02                       5
================================================================================
[2025-04-05T04:39:52.562+0000] {manager.py:997} INFO - 
================================================================================
DAG File Processing Stats

File Path                                     PID    Runtime      # DAGs    # Errors  Last Runtime    Last Run               Last # of DB Queries
--------------------------------------------  -----  ---------  --------  ----------  --------------  -------------------  ----------------------
/home/ubuntu/airflow/dags/zillowanalytics.py                           0           1  0.10s           2025-04-05T04:39:44                       5
================================================================================
[2025-04-05T04:40:22.622+0000] {manager.py:997} INFO - 
================================================================================
DAG File Processing Stats

File Path                                     PID    Runtime      # DAGs    # Errors  Last Runtime    Last Run               Last # of DB Queries
--------------------------------------------  -----  ---------  --------  ----------  --------------  -------------------  ----------------------
/home/ubuntu/airflow/dags/zillowanalytics.py                           0           1  0.10s           2025-04-05T04:40:14                       5
================================================================================
[2025-04-05T04:40:52.681+0000] {manager.py:997} INFO - 
================================================================================
DAG File Processing Stats

File Path                                     PID    Runtime      # DAGs    # Errors  Last Runtime    Last Run               Last # of DB Queries
--------------------------------------------  -----  ---------  --------  ----------  --------------  -------------------  ----------------------
/home/ubuntu/airflow/dags/zillowanalytics.py                           0           1  0.10s           2025-04-05T04:40:45                       5
================================================================================
[2025-04-05T04:41:22.685+0000] {manager.py:997} INFO - 
================================================================================
DAG File Processing Stats

File Path                                     PID    Runtime      # DAGs    # Errors  Last Runtime    Last Run               Last # of DB Queries
--------------------------------------------  -----  ---------  --------  ----------  --------------  -------------------  ----------------------
/home/ubuntu/airflow/dags/zillowanalytics.py                           0           1  0.10s           2025-04-05T04:41:15                       5
================================================================================
[2025-04-05T04:41:52.804+0000] {manager.py:997} INFO - 
================================================================================
DAG File Processing Stats

File Path                                     PID    Runtime      # DAGs    # Errors  Last Runtime    Last Run               Last # of DB Queries
--------------------------------------------  -----  ---------  --------  ----------  --------------  -------------------  ----------------------
/home/ubuntu/airflow/dags/zillowanalytics.py                           0           1  0.10s           2025-04-05T04:41:45                       5
================================================================================
[2025-04-05T04:42:22.865+0000] {manager.py:997} INFO - 
================================================================================
DAG File Processing Stats

File Path                                     PID    Runtime      # DAGs    # Errors  Last Runtime    Last Run               Last # of DB Queries
--------------------------------------------  -----  ---------  --------  ----------  --------------  -------------------  ----------------------
/home/ubuntu/airflow/dags/zillowanalytics.py                           0           1  0.10s           2025-04-05T04:42:16                       5
================================================================================
[2025-04-05T04:42:52.927+0000] {manager.py:997} INFO - 
================================================================================
DAG File Processing Stats

File Path                                     PID    Runtime      # DAGs    # Errors  Last Runtime    Last Run               Last # of DB Queries
--------------------------------------------  -----  ---------  --------  ----------  --------------  -------------------  ----------------------
/home/ubuntu/airflow/dags/zillowanalytics.py                           0           1  0.10s           2025-04-05T04:42:46                       5
================================================================================
[2025-04-05T04:43:22.987+0000] {manager.py:997} INFO - 
================================================================================
DAG File Processing Stats

File Path                                     PID    Runtime      # DAGs    # Errors  Last Runtime    Last Run               Last # of DB Queries
--------------------------------------------  -----  ---------  --------  ----------  --------------  -------------------  ----------------------
/home/ubuntu/airflow/dags/zillowanalytics.py                           0           1  0.10s           2025-04-05T04:43:16                       5
================================================================================
[2025-04-05T04:43:53.049+0000] {manager.py:997} INFO - 
================================================================================
DAG File Processing Stats

File Path                                     PID    Runtime      # DAGs    # Errors  Last Runtime    Last Run               Last # of DB Queries
--------------------------------------------  -----  ---------  --------  ----------  --------------  -------------------  ----------------------
/home/ubuntu/airflow/dags/zillowanalytics.py                           0           1  0.10s           2025-04-05T04:43:47                       5
================================================================================
[2025-04-05T04:43:55.566+0000] {manager.py:821} INFO - Searching for files in /home/ubuntu/airflow/dags
[2025-04-05T04:43:55.567+0000] {manager.py:824} INFO - There are 1 files in /home/ubuntu/airflow/dags
[2025-04-05T04:44:23.112+0000] {manager.py:997} INFO - 
================================================================================
DAG File Processing Stats

File Path                                     PID    Runtime      # DAGs    # Errors  Last Runtime    Last Run               Last # of DB Queries
--------------------------------------------  -----  ---------  --------  ----------  --------------  -------------------  ----------------------
/home/ubuntu/airflow/dags/zillowanalytics.py                           0           1  0.10s           2025-04-05T04:44:17                       5
================================================================================
[2025-04-05T04:44:53.177+0000] {manager.py:997} INFO - 
================================================================================
DAG File Processing Stats

File Path                                     PID    Runtime      # DAGs    # Errors  Last Runtime    Last Run               Last # of DB Queries
--------------------------------------------  -----  ---------  --------  ----------  --------------  -------------------  ----------------------
/home/ubuntu/airflow/dags/zillowanalytics.py                           0           1  0.10s           2025-04-05T04:44:47                       5
================================================================================
[2025-04-05T04:45:23.237+0000] {manager.py:997} INFO - 
================================================================================
DAG File Processing Stats

File Path                                     PID    Runtime      # DAGs    # Errors  Last Runtime    Last Run               Last # of DB Queries
--------------------------------------------  -----  ---------  --------  ----------  --------------  -------------------  ----------------------
/home/ubuntu/airflow/dags/zillowanalytics.py                           0           1  0.10s           2025-04-05T04:45:13                       5
================================================================================
[2025-04-05T04:45:53.299+0000] {manager.py:997} INFO - 
================================================================================
DAG File Processing Stats

File Path                                     PID    Runtime      # DAGs    # Errors  Last Runtime    Last Run               Last # of DB Queries
--------------------------------------------  -----  ---------  --------  ----------  --------------  -------------------  ----------------------
/home/ubuntu/airflow/dags/zillowanalytics.py                           0           1  0.11s           2025-04-05T04:45:43                       5
================================================================================
[2025-04-05T04:46:23.361+0000] {manager.py:997} INFO - 
================================================================================
DAG File Processing Stats

File Path                                     PID    Runtime      # DAGs    # Errors  Last Runtime    Last Run               Last # of DB Queries
--------------------------------------------  -----  ---------  --------  ----------  --------------  -------------------  ----------------------
/home/ubuntu/airflow/dags/zillowanalytics.py                           1           0  0.21s           2025-04-05T04:46:22                      34
================================================================================
[2025-04-05T04:46:53.428+0000] {manager.py:997} INFO - 
================================================================================
DAG File Processing Stats

File Path                                     PID    Runtime      # DAGs    # Errors  Last Runtime    Last Run               Last # of DB Queries
--------------------------------------------  -----  ---------  --------  ----------  --------------  -------------------  ----------------------
/home/ubuntu/airflow/dags/zillowanalytics.py                           1           0  0.20s           2025-04-05T04:46:53                      34
================================================================================
[2025-04-05T04:47:23.489+0000] {manager.py:997} INFO - 
================================================================================
DAG File Processing Stats

File Path                                     PID    Runtime      # DAGs    # Errors  Last Runtime    Last Run               Last # of DB Queries
--------------------------------------------  -----  ---------  --------  ----------  --------------  -------------------  ----------------------
/home/ubuntu/airflow/dags/zillowanalytics.py                           1           0  0.10s           2025-04-05T04:47:15                      11
================================================================================
[2025-04-05T04:47:53.550+0000] {manager.py:997} INFO - 
================================================================================
DAG File Processing Stats

File Path                                     PID    Runtime      # DAGs    # Errors  Last Runtime    Last Run               Last # of DB Queries
--------------------------------------------  -----  ---------  --------  ----------  --------------  -------------------  ----------------------
/home/ubuntu/airflow/dags/zillowanalytics.py                           1           0  0.20s           2025-04-05T04:47:46                      34
================================================================================
[2025-04-05T04:48:24.690+0000] {manager.py:997} INFO - 
================================================================================
DAG File Processing Stats

File Path                                     PID    Runtime      # DAGs    # Errors  Last Runtime    Last Run               Last # of DB Queries
--------------------------------------------  -----  ---------  --------  ----------  --------------  -------------------  ----------------------
/home/ubuntu/airflow/dags/zillowanalytics.py                           1           0  0.10s           2025-04-05T04:48:09                      11
================================================================================
[2025-04-05T04:48:54.720+0000] {manager.py:997} INFO - 
================================================================================
DAG File Processing Stats

File Path                                     PID    Runtime      # DAGs    # Errors  Last Runtime    Last Run               Last # of DB Queries
--------------------------------------------  -----  ---------  --------  ----------  --------------  -------------------  ----------------------
/home/ubuntu/airflow/dags/zillowanalytics.py                           1           0  0.20s           2025-04-05T04:48:40                      34
================================================================================
[2025-04-05T04:48:55.614+0000] {manager.py:821} INFO - Searching for files in /home/ubuntu/airflow/dags
[2025-04-05T04:48:55.615+0000] {manager.py:824} INFO - There are 1 files in /home/ubuntu/airflow/dags
[2025-04-05T04:49:24.781+0000] {manager.py:997} INFO - 
================================================================================
DAG File Processing Stats

File Path                                     PID    Runtime      # DAGs    # Errors  Last Runtime    Last Run               Last # of DB Queries
--------------------------------------------  -----  ---------  --------  ----------  --------------  -------------------  ----------------------
/home/ubuntu/airflow/dags/zillowanalytics.py                           1           0  0.20s           2025-04-05T04:49:11                      34
================================================================================
[2025-04-05T04:49:54.842+0000] {manager.py:997} INFO - 
================================================================================
DAG File Processing Stats

File Path                                     PID    Runtime      # DAGs    # Errors  Last Runtime    Last Run               Last # of DB Queries
--------------------------------------------  -----  ---------  --------  ----------  --------------  -------------------  ----------------------
/home/ubuntu/airflow/dags/zillowanalytics.py                           1           0  0.20s           2025-04-05T04:49:42                      34
================================================================================
[2025-04-05T04:50:24.904+0000] {manager.py:997} INFO - 
================================================================================
DAG File Processing Stats

File Path                                     PID    Runtime      # DAGs    # Errors  Last Runtime    Last Run               Last # of DB Queries
--------------------------------------------  -----  ---------  --------  ----------  --------------  -------------------  ----------------------
/home/ubuntu/airflow/dags/zillowanalytics.py                           1           0  0.20s           2025-04-05T04:50:12                      34
================================================================================
[2025-04-05T04:50:54.965+0000] {manager.py:997} INFO - 
================================================================================
DAG File Processing Stats

File Path                                     PID    Runtime      # DAGs    # Errors  Last Runtime    Last Run               Last # of DB Queries
--------------------------------------------  -----  ---------  --------  ----------  --------------  -------------------  ----------------------
/home/ubuntu/airflow/dags/zillowanalytics.py                           1           0  0.21s           2025-04-05T04:50:43                      34
================================================================================
[2025-04-05T04:51:25.027+0000] {manager.py:997} INFO - 
================================================================================
DAG File Processing Stats

File Path                                     PID    Runtime      # DAGs    # Errors  Last Runtime    Last Run               Last # of DB Queries
--------------------------------------------  -----  ---------  --------  ----------  --------------  -------------------  ----------------------
/home/ubuntu/airflow/dags/zillowanalytics.py                           1           0  0.21s           2025-04-05T04:51:13                      34
================================================================================
[2025-04-05T04:51:55.090+0000] {manager.py:997} INFO - 
================================================================================
DAG File Processing Stats

File Path                                     PID    Runtime      # DAGs    # Errors  Last Runtime    Last Run               Last # of DB Queries
--------------------------------------------  -----  ---------  --------  ----------  --------------  -------------------  ----------------------
/home/ubuntu/airflow/dags/zillowanalytics.py                           1           0  0.20s           2025-04-05T04:51:44                      34
================================================================================
[2025-04-05T04:52:25.150+0000] {manager.py:997} INFO - 
================================================================================
DAG File Processing Stats

File Path                                     PID    Runtime      # DAGs    # Errors  Last Runtime    Last Run               Last # of DB Queries
--------------------------------------------  -----  ---------  --------  ----------  --------------  -------------------  ----------------------
/home/ubuntu/airflow/dags/zillowanalytics.py                           1           0  0.20s           2025-04-05T04:52:14                      34
================================================================================
[2025-04-05T04:52:55.215+0000] {manager.py:997} INFO - 
================================================================================
DAG File Processing Stats

File Path                                     PID    Runtime      # DAGs    # Errors  Last Runtime    Last Run               Last # of DB Queries
--------------------------------------------  -----  ---------  --------  ----------  --------------  -------------------  ----------------------
/home/ubuntu/airflow/dags/zillowanalytics.py                           1           0  0.20s           2025-04-05T04:52:44                      34
================================================================================
[2025-04-05T04:53:25.276+0000] {manager.py:997} INFO - 
================================================================================
DAG File Processing Stats

File Path                                     PID    Runtime      # DAGs    # Errors  Last Runtime    Last Run               Last # of DB Queries
--------------------------------------------  -----  ---------  --------  ----------  --------------  -------------------  ----------------------
/home/ubuntu/airflow/dags/zillowanalytics.py                           1           0  0.20s           2025-04-05T04:53:15                      34
================================================================================
[2025-04-05T04:53:55.340+0000] {manager.py:997} INFO - 
================================================================================
DAG File Processing Stats

File Path                                     PID    Runtime      # DAGs    # Errors  Last Runtime    Last Run               Last # of DB Queries
--------------------------------------------  -----  ---------  --------  ----------  --------------  -------------------  ----------------------
/home/ubuntu/airflow/dags/zillowanalytics.py                           1           0  0.20s           2025-04-05T04:53:45                      34
================================================================================
[2025-04-05T04:53:55.660+0000] {manager.py:821} INFO - Searching for files in /home/ubuntu/airflow/dags
[2025-04-05T04:53:55.661+0000] {manager.py:824} INFO - There are 1 files in /home/ubuntu/airflow/dags
[2025-04-05T04:54:25.401+0000] {manager.py:997} INFO - 
================================================================================
DAG File Processing Stats

File Path                                     PID    Runtime      # DAGs    # Errors  Last Runtime    Last Run               Last # of DB Queries
--------------------------------------------  -----  ---------  --------  ----------  --------------  -------------------  ----------------------
/home/ubuntu/airflow/dags/zillowanalytics.py                           1           0  0.20s           2025-04-05T04:54:16                      34
================================================================================
[2025-04-05T04:54:55.461+0000] {manager.py:997} INFO - 
================================================================================
DAG File Processing Stats

File Path                                     PID    Runtime      # DAGs    # Errors  Last Runtime    Last Run               Last # of DB Queries
--------------------------------------------  -----  ---------  --------  ----------  --------------  -------------------  ----------------------
/home/ubuntu/airflow/dags/zillowanalytics.py                           1           0  0.20s           2025-04-05T04:54:46                      34
================================================================================
[2025-04-05T04:55:25.524+0000] {manager.py:997} INFO - 
================================================================================
DAG File Processing Stats

File Path                                     PID    Runtime      # DAGs    # Errors  Last Runtime    Last Run               Last # of DB Queries
--------------------------------------------  -----  ---------  --------  ----------  --------------  -------------------  ----------------------
/home/ubuntu/airflow/dags/zillowanalytics.py                           1           0  0.20s           2025-04-05T04:55:16                      34
================================================================================
[2025-04-05T04:55:55.589+0000] {manager.py:997} INFO - 
================================================================================
DAG File Processing Stats

File Path                                     PID    Runtime      # DAGs    # Errors  Last Runtime    Last Run               Last # of DB Queries
--------------------------------------------  -----  ---------  --------  ----------  --------------  -------------------  ----------------------
/home/ubuntu/airflow/dags/zillowanalytics.py                           1           0  0.20s           2025-04-05T04:55:46                      34
================================================================================
[2025-04-05T04:56:25.651+0000] {manager.py:997} INFO - 
================================================================================
DAG File Processing Stats

File Path                                     PID    Runtime      # DAGs    # Errors  Last Runtime    Last Run               Last # of DB Queries
--------------------------------------------  -----  ---------  --------  ----------  --------------  -------------------  ----------------------
/home/ubuntu/airflow/dags/zillowanalytics.py                           1           0  0.20s           2025-04-05T04:56:17                      34
================================================================================
[2025-04-05T04:56:55.714+0000] {manager.py:997} INFO - 
================================================================================
DAG File Processing Stats

File Path                                     PID    Runtime      # DAGs    # Errors  Last Runtime    Last Run               Last # of DB Queries
--------------------------------------------  -----  ---------  --------  ----------  --------------  -------------------  ----------------------
/home/ubuntu/airflow/dags/zillowanalytics.py                           1           0  0.20s           2025-04-05T04:56:47                      34
================================================================================
[2025-04-05T04:57:25.774+0000] {manager.py:997} INFO - 
================================================================================
DAG File Processing Stats

File Path                                     PID    Runtime      # DAGs    # Errors  Last Runtime    Last Run               Last # of DB Queries
--------------------------------------------  -----  ---------  --------  ----------  --------------  -------------------  ----------------------
/home/ubuntu/airflow/dags/zillowanalytics.py                           1           0  0.21s           2025-04-05T04:57:17                      34
================================================================================
[2025-04-05T04:57:55.836+0000] {manager.py:997} INFO - 
================================================================================
DAG File Processing Stats

File Path                                     PID    Runtime      # DAGs    # Errors  Last Runtime    Last Run               Last # of DB Queries
--------------------------------------------  -----  ---------  --------  ----------  --------------  -------------------  ----------------------
/home/ubuntu/airflow/dags/zillowanalytics.py                           1           0  0.21s           2025-04-05T04:57:48                      34
================================================================================
[2025-04-05T04:58:25.900+0000] {manager.py:997} INFO - 
================================================================================
DAG File Processing Stats

File Path                                     PID    Runtime      # DAGs    # Errors  Last Runtime    Last Run               Last # of DB Queries
--------------------------------------------  -----  ---------  --------  ----------  --------------  -------------------  ----------------------
/home/ubuntu/airflow/dags/zillowanalytics.py                           1           0  0.20s           2025-04-05T04:58:18                      34
================================================================================
[2025-04-05T04:58:55.706+0000] {manager.py:821} INFO - Searching for files in /home/ubuntu/airflow/dags
[2025-04-05T04:58:55.707+0000] {manager.py:824} INFO - There are 1 files in /home/ubuntu/airflow/dags
[2025-04-05T04:58:55.961+0000] {manager.py:997} INFO - 
================================================================================
DAG File Processing Stats

File Path                                     PID    Runtime      # DAGs    # Errors  Last Runtime    Last Run               Last # of DB Queries
--------------------------------------------  -----  ---------  --------  ----------  --------------  -------------------  ----------------------
/home/ubuntu/airflow/dags/zillowanalytics.py                           1           0  0.20s           2025-04-05T04:58:48                      34
================================================================================
[2025-04-05T04:59:26.022+0000] {manager.py:997} INFO - 
================================================================================
DAG File Processing Stats

File Path                                     PID    Runtime      # DAGs    # Errors  Last Runtime    Last Run               Last # of DB Queries
--------------------------------------------  -----  ---------  --------  ----------  --------------  -------------------  ----------------------
/home/ubuntu/airflow/dags/zillowanalytics.py                           1           0  0.20s           2025-04-05T04:59:19                      34
================================================================================
[2025-04-05T04:59:56.085+0000] {manager.py:997} INFO - 
================================================================================
DAG File Processing Stats

File Path                                     PID    Runtime      # DAGs    # Errors  Last Runtime    Last Run               Last # of DB Queries
--------------------------------------------  -----  ---------  --------  ----------  --------------  -------------------  ----------------------
/home/ubuntu/airflow/dags/zillowanalytics.py                           1           0  0.20s           2025-04-05T04:59:49                      34
================================================================================
[2025-04-05T05:00:26.147+0000] {manager.py:997} INFO - 
================================================================================
DAG File Processing Stats

File Path                                     PID    Runtime      # DAGs    # Errors  Last Runtime    Last Run               Last # of DB Queries
--------------------------------------------  -----  ---------  --------  ----------  --------------  -------------------  ----------------------
/home/ubuntu/airflow/dags/zillowanalytics.py                           1           0  0.20s           2025-04-05T05:00:19                      34
================================================================================
[2025-04-05T05:00:56.211+0000] {manager.py:997} INFO - 
================================================================================
DAG File Processing Stats

File Path                                     PID    Runtime      # DAGs    # Errors  Last Runtime    Last Run               Last # of DB Queries
--------------------------------------------  -----  ---------  --------  ----------  --------------  -------------------  ----------------------
/home/ubuntu/airflow/dags/zillowanalytics.py                           1           0  0.20s           2025-04-05T05:00:50                      34
================================================================================
[2025-04-05T05:01:26.273+0000] {manager.py:997} INFO - 
================================================================================
DAG File Processing Stats

File Path                                     PID    Runtime      # DAGs    # Errors  Last Runtime    Last Run               Last # of DB Queries
--------------------------------------------  -----  ---------  --------  ----------  --------------  -------------------  ----------------------
/home/ubuntu/airflow/dags/zillowanalytics.py                           1           0  0.20s           2025-04-05T05:01:20                      34
================================================================================
[2025-04-05T05:01:56.335+0000] {manager.py:997} INFO - 
================================================================================
DAG File Processing Stats

File Path                                     PID    Runtime      # DAGs    # Errors  Last Runtime    Last Run               Last # of DB Queries
--------------------------------------------  -----  ---------  --------  ----------  --------------  -------------------  ----------------------
/home/ubuntu/airflow/dags/zillowanalytics.py                           1           0  0.20s           2025-04-05T05:01:50                      34
================================================================================
[2025-04-05T05:02:26.397+0000] {manager.py:997} INFO - 
================================================================================
DAG File Processing Stats

File Path                                     PID    Runtime      # DAGs    # Errors  Last Runtime    Last Run               Last # of DB Queries
--------------------------------------------  -----  ---------  --------  ----------  --------------  -------------------  ----------------------
/home/ubuntu/airflow/dags/zillowanalytics.py                           1           0  0.21s           2025-04-05T05:02:20                      34
================================================================================
[2025-04-05T05:02:56.458+0000] {manager.py:997} INFO - 
================================================================================
DAG File Processing Stats

File Path                                     PID    Runtime      # DAGs    # Errors  Last Runtime    Last Run               Last # of DB Queries
--------------------------------------------  -----  ---------  --------  ----------  --------------  -------------------  ----------------------
/home/ubuntu/airflow/dags/zillowanalytics.py                           1           0  0.20s           2025-04-05T05:02:51                      34
================================================================================
[2025-04-05T05:03:26.519+0000] {manager.py:997} INFO - 
================================================================================
DAG File Processing Stats

File Path                                     PID    Runtime      # DAGs    # Errors  Last Runtime    Last Run               Last # of DB Queries
--------------------------------------------  -----  ---------  --------  ----------  --------------  -------------------  ----------------------
/home/ubuntu/airflow/dags/zillowanalytics.py                           1           0  0.20s           2025-04-05T05:03:21                      34
================================================================================
[2025-04-05T05:03:55.751+0000] {manager.py:821} INFO - Searching for files in /home/ubuntu/airflow/dags
[2025-04-05T05:03:55.752+0000] {manager.py:824} INFO - There are 1 files in /home/ubuntu/airflow/dags
[2025-04-05T05:03:56.582+0000] {manager.py:997} INFO - 
================================================================================
DAG File Processing Stats

File Path                                     PID    Runtime      # DAGs    # Errors  Last Runtime    Last Run               Last # of DB Queries
--------------------------------------------  -----  ---------  --------  ----------  --------------  -------------------  ----------------------
/home/ubuntu/airflow/dags/zillowanalytics.py                           1           0  0.20s           2025-04-05T05:03:51                      34
================================================================================
[2025-04-05T05:04:26.643+0000] {manager.py:997} INFO - 
================================================================================
DAG File Processing Stats

File Path                                     PID    Runtime      # DAGs    # Errors  Last Runtime    Last Run               Last # of DB Queries
--------------------------------------------  -----  ---------  --------  ----------  --------------  -------------------  ----------------------
/home/ubuntu/airflow/dags/zillowanalytics.py                           1           0  0.20s           2025-04-05T05:04:22                      34
================================================================================
[2025-04-05T05:04:56.706+0000] {manager.py:997} INFO - 
================================================================================
DAG File Processing Stats

File Path                                     PID    Runtime      # DAGs    # Errors  Last Runtime    Last Run               Last # of DB Queries
--------------------------------------------  -----  ---------  --------  ----------  --------------  -------------------  ----------------------
/home/ubuntu/airflow/dags/zillowanalytics.py                           1           0  0.20s           2025-04-05T05:04:52                      34
================================================================================
[2025-04-05T05:05:26.768+0000] {manager.py:997} INFO - 
================================================================================
DAG File Processing Stats

File Path                                     PID    Runtime      # DAGs    # Errors  Last Runtime    Last Run               Last # of DB Queries
--------------------------------------------  -----  ---------  --------  ----------  --------------  -------------------  ----------------------
/home/ubuntu/airflow/dags/zillowanalytics.py                           1           0  0.21s           2025-04-05T05:05:22                      34
================================================================================
[2025-04-05T05:05:56.829+0000] {manager.py:997} INFO - 
================================================================================
DAG File Processing Stats

File Path                                     PID    Runtime      # DAGs    # Errors  Last Runtime    Last Run               Last # of DB Queries
--------------------------------------------  -----  ---------  --------  ----------  --------------  -------------------  ----------------------
/home/ubuntu/airflow/dags/zillowanalytics.py                           1           0  0.20s           2025-04-05T05:05:53                      34
================================================================================
[2025-04-05T05:06:26.890+0000] {manager.py:997} INFO - 
================================================================================
DAG File Processing Stats

File Path                                     PID    Runtime      # DAGs    # Errors  Last Runtime    Last Run               Last # of DB Queries
--------------------------------------------  -----  ---------  --------  ----------  --------------  -------------------  ----------------------
/home/ubuntu/airflow/dags/zillowanalytics.py                           1           0  0.20s           2025-04-05T05:06:23                      34
================================================================================
[2025-04-05T05:06:56.955+0000] {manager.py:997} INFO - 
================================================================================
DAG File Processing Stats

File Path                                     PID    Runtime      # DAGs    # Errors  Last Runtime    Last Run               Last # of DB Queries
--------------------------------------------  -----  ---------  --------  ----------  --------------  -------------------  ----------------------
/home/ubuntu/airflow/dags/zillowanalytics.py                           1           0  0.20s           2025-04-05T05:06:53                      34
================================================================================
[2025-04-05T05:07:27.016+0000] {manager.py:997} INFO - 
================================================================================
DAG File Processing Stats

File Path                                     PID    Runtime      # DAGs    # Errors  Last Runtime    Last Run               Last # of DB Queries
--------------------------------------------  -----  ---------  --------  ----------  --------------  -------------------  ----------------------
/home/ubuntu/airflow/dags/zillowanalytics.py                           1           0  0.20s           2025-04-05T05:07:24                      34
================================================================================
[2025-04-05T05:07:57.077+0000] {manager.py:997} INFO - 
================================================================================
DAG File Processing Stats

File Path                                     PID    Runtime      # DAGs    # Errors  Last Runtime    Last Run               Last # of DB Queries
--------------------------------------------  -----  ---------  --------  ----------  --------------  -------------------  ----------------------
/home/ubuntu/airflow/dags/zillowanalytics.py                           1           0  0.20s           2025-04-05T05:07:54                      34
================================================================================
[2025-04-05T05:08:27.142+0000] {manager.py:997} INFO - 
================================================================================
DAG File Processing Stats

File Path                                     PID    Runtime      # DAGs    # Errors  Last Runtime    Last Run               Last # of DB Queries
--------------------------------------------  -----  ---------  --------  ----------  --------------  -------------------  ----------------------
/home/ubuntu/airflow/dags/zillowanalytics.py                           1           0  0.20s           2025-04-05T05:08:24                      34
================================================================================
[2025-04-05T05:08:55.800+0000] {manager.py:821} INFO - Searching for files in /home/ubuntu/airflow/dags
[2025-04-05T05:08:55.802+0000] {manager.py:824} INFO - There are 1 files in /home/ubuntu/airflow/dags
[2025-04-05T05:08:57.206+0000] {manager.py:997} INFO - 
================================================================================
DAG File Processing Stats

File Path                                     PID    Runtime      # DAGs    # Errors  Last Runtime    Last Run               Last # of DB Queries
--------------------------------------------  -----  ---------  --------  ----------  --------------  -------------------  ----------------------
/home/ubuntu/airflow/dags/zillowanalytics.py                           1           0  0.20s           2025-04-05T05:08:54                      34
================================================================================
[2025-04-05T05:09:27.269+0000] {manager.py:997} INFO - 
================================================================================
DAG File Processing Stats

File Path                                     PID    Runtime      # DAGs    # Errors  Last Runtime    Last Run               Last # of DB Queries
--------------------------------------------  -----  ---------  --------  ----------  --------------  -------------------  ----------------------
/home/ubuntu/airflow/dags/zillowanalytics.py                           1           0  0.20s           2025-04-05T05:09:25                      34
================================================================================
[2025-04-05T05:09:57.332+0000] {manager.py:997} INFO - 
================================================================================
DAG File Processing Stats

File Path                                     PID    Runtime      # DAGs    # Errors  Last Runtime    Last Run               Last # of DB Queries
--------------------------------------------  -----  ---------  --------  ----------  --------------  -------------------  ----------------------
/home/ubuntu/airflow/dags/zillowanalytics.py                           1           0  0.20s           2025-04-05T05:09:55                      34
================================================================================
[2025-04-05T05:10:27.395+0000] {manager.py:997} INFO - 
================================================================================
DAG File Processing Stats

File Path                                     PID    Runtime      # DAGs    # Errors  Last Runtime    Last Run               Last # of DB Queries
--------------------------------------------  -----  ---------  --------  ----------  --------------  -------------------  ----------------------
/home/ubuntu/airflow/dags/zillowanalytics.py                           1           0  0.21s           2025-04-05T05:10:25                      34
================================================================================
[2025-04-05T05:10:57.459+0000] {manager.py:997} INFO - 
================================================================================
DAG File Processing Stats

File Path                                     PID    Runtime      # DAGs    # Errors  Last Runtime    Last Run               Last # of DB Queries
--------------------------------------------  -----  ---------  --------  ----------  --------------  -------------------  ----------------------
/home/ubuntu/airflow/dags/zillowanalytics.py                           1           0  0.20s           2025-04-05T05:10:56                      34
================================================================================
[2025-04-05T05:11:27.532+0000] {manager.py:997} INFO - 
================================================================================
DAG File Processing Stats

File Path                                     PID    Runtime      # DAGs    # Errors  Last Runtime    Last Run               Last # of DB Queries
--------------------------------------------  -----  ---------  --------  ----------  --------------  -------------------  ----------------------
/home/ubuntu/airflow/dags/zillowanalytics.py                           1           0  0.20s           2025-04-05T05:11:26                      34
================================================================================
[2025-04-05T05:11:57.598+0000] {manager.py:997} INFO - 
================================================================================
DAG File Processing Stats

File Path                                     PID    Runtime      # DAGs    # Errors  Last Runtime    Last Run               Last # of DB Queries
--------------------------------------------  -----  ---------  --------  ----------  --------------  -------------------  ----------------------
/home/ubuntu/airflow/dags/zillowanalytics.py                           1           0  0.20s           2025-04-05T05:11:56                      34
================================================================================
[2025-04-05T05:12:27.661+0000] {manager.py:997} INFO - 
================================================================================
DAG File Processing Stats

File Path                                     PID    Runtime      # DAGs    # Errors  Last Runtime    Last Run               Last # of DB Queries
--------------------------------------------  -----  ---------  --------  ----------  --------------  -------------------  ----------------------
/home/ubuntu/airflow/dags/zillowanalytics.py                           1           0  0.20s           2025-04-05T05:12:27                      34
================================================================================
[2025-04-05T05:12:57.726+0000] {manager.py:997} INFO - 
================================================================================
DAG File Processing Stats

File Path                                     PID    Runtime      # DAGs    # Errors  Last Runtime    Last Run               Last # of DB Queries
--------------------------------------------  -----  ---------  --------  ----------  --------------  -------------------  ----------------------
/home/ubuntu/airflow/dags/zillowanalytics.py                           1           0  0.20s           2025-04-05T05:12:57                      34
================================================================================
[2025-04-05T05:13:27.789+0000] {manager.py:997} INFO - 
================================================================================
DAG File Processing Stats

File Path                                     PID    Runtime      # DAGs    # Errors  Last Runtime    Last Run               Last # of DB Queries
--------------------------------------------  -----  ---------  --------  ----------  --------------  -------------------  ----------------------
/home/ubuntu/airflow/dags/zillowanalytics.py                           1           0  0.20s           2025-04-05T05:13:27                      34
================================================================================
[2025-04-05T05:13:55.847+0000] {manager.py:821} INFO - Searching for files in /home/ubuntu/airflow/dags
[2025-04-05T05:13:55.848+0000] {manager.py:824} INFO - There are 1 files in /home/ubuntu/airflow/dags
[2025-04-05T05:13:58.016+0000] {manager.py:997} INFO - 
================================================================================
DAG File Processing Stats

File Path                                     PID    Runtime      # DAGs    # Errors  Last Runtime    Last Run               Last # of DB Queries
--------------------------------------------  -----  ---------  --------  ----------  --------------  -------------------  ----------------------
/home/ubuntu/airflow/dags/zillowanalytics.py                           1           0  0.20s           2025-04-05T05:13:58                      34
================================================================================
[2025-04-05T05:14:28.295+0000] {manager.py:997} INFO - 
================================================================================
DAG File Processing Stats

File Path                                     PID    Runtime      # DAGs    # Errors  Last Runtime    Last Run               Last # of DB Queries
--------------------------------------------  -----  ---------  --------  ----------  --------------  -------------------  ----------------------
/home/ubuntu/airflow/dags/zillowanalytics.py                           1           0  0.20s           2025-04-05T05:14:28                      34
================================================================================
[2025-04-05T05:14:58.575+0000] {manager.py:997} INFO - 
================================================================================
DAG File Processing Stats

File Path                                     PID    Runtime      # DAGs    # Errors  Last Runtime    Last Run               Last # of DB Queries
--------------------------------------------  -----  ---------  --------  ----------  --------------  -------------------  ----------------------
/home/ubuntu/airflow/dags/zillowanalytics.py                           1           0  0.20s           2025-04-05T05:14:58                      34
================================================================================
[2025-04-05T05:15:28.853+0000] {manager.py:997} INFO - 
================================================================================
DAG File Processing Stats

File Path                                     PID    Runtime      # DAGs    # Errors  Last Runtime    Last Run               Last # of DB Queries
--------------------------------------------  -----  ---------  --------  ----------  --------------  -------------------  ----------------------
/home/ubuntu/airflow/dags/zillowanalytics.py                           1           0  0.20s           2025-04-05T05:15:28                      34
================================================================================
[2025-04-05T05:15:59.128+0000] {manager.py:997} INFO - 
================================================================================
DAG File Processing Stats

File Path                                     PID    Runtime      # DAGs    # Errors  Last Runtime    Last Run               Last # of DB Queries
--------------------------------------------  -----  ---------  --------  ----------  --------------  -------------------  ----------------------
/home/ubuntu/airflow/dags/zillowanalytics.py                           1           0  0.20s           2025-04-05T05:15:59                      34
================================================================================
[2025-04-05T05:16:29.406+0000] {manager.py:997} INFO - 
================================================================================
DAG File Processing Stats

File Path                                     PID    Runtime      # DAGs    # Errors  Last Runtime    Last Run               Last # of DB Queries
--------------------------------------------  -----  ---------  --------  ----------  --------------  -------------------  ----------------------
/home/ubuntu/airflow/dags/zillowanalytics.py                           1           0  0.20s           2025-04-05T05:16:29                      34
================================================================================
[2025-04-05T05:16:59.685+0000] {manager.py:997} INFO - 
================================================================================
DAG File Processing Stats

File Path                                     PID    Runtime      # DAGs    # Errors  Last Runtime    Last Run               Last # of DB Queries
--------------------------------------------  -----  ---------  --------  ----------  --------------  -------------------  ----------------------
/home/ubuntu/airflow/dags/zillowanalytics.py                           1           0  0.20s           2025-04-05T05:16:59                      34
================================================================================
[2025-04-05T05:17:29.965+0000] {manager.py:997} INFO - 
================================================================================
DAG File Processing Stats

File Path                                     PID    Runtime      # DAGs    # Errors  Last Runtime    Last Run               Last # of DB Queries
--------------------------------------------  -----  ---------  --------  ----------  --------------  -------------------  ----------------------
/home/ubuntu/airflow/dags/zillowanalytics.py                           1           0  0.20s           2025-04-05T05:17:29                      34
================================================================================
[2025-04-05T05:18:00.245+0000] {manager.py:997} INFO - 
================================================================================
DAG File Processing Stats

File Path                                     PID    Runtime      # DAGs    # Errors  Last Runtime    Last Run               Last # of DB Queries
--------------------------------------------  -----  ---------  --------  ----------  --------------  -------------------  ----------------------
/home/ubuntu/airflow/dags/zillowanalytics.py                           1           0  0.20s           2025-04-05T05:18:00                      34
================================================================================
[2025-04-05T05:18:30.523+0000] {manager.py:997} INFO - 
================================================================================
DAG File Processing Stats

File Path                                     PID    Runtime      # DAGs    # Errors  Last Runtime    Last Run               Last # of DB Queries
--------------------------------------------  -----  ---------  --------  ----------  --------------  -------------------  ----------------------
/home/ubuntu/airflow/dags/zillowanalytics.py                           1           0  0.20s           2025-04-05T05:18:30                      34
================================================================================
[2025-04-05T05:18:55.892+0000] {manager.py:821} INFO - Searching for files in /home/ubuntu/airflow/dags
[2025-04-05T05:18:55.893+0000] {manager.py:824} INFO - There are 1 files in /home/ubuntu/airflow/dags
[2025-04-05T05:19:00.799+0000] {manager.py:997} INFO - 
================================================================================
DAG File Processing Stats

File Path                                     PID    Runtime      # DAGs    # Errors  Last Runtime    Last Run               Last # of DB Queries
--------------------------------------------  -----  ---------  --------  ----------  --------------  -------------------  ----------------------
/home/ubuntu/airflow/dags/zillowanalytics.py                           1           0  0.20s           2025-04-05T05:19:00                      34
================================================================================
[2025-04-05T05:19:31.079+0000] {manager.py:997} INFO - 
================================================================================
DAG File Processing Stats

File Path                                     PID    Runtime      # DAGs    # Errors  Last Runtime    Last Run               Last # of DB Queries
--------------------------------------------  -----  ---------  --------  ----------  --------------  -------------------  ----------------------
/home/ubuntu/airflow/dags/zillowanalytics.py                           1           0  0.20s           2025-04-05T05:19:31                      34
================================================================================
[2025-04-05T05:20:01.354+0000] {manager.py:997} INFO - 
================================================================================
DAG File Processing Stats

File Path                                     PID    Runtime      # DAGs    # Errors  Last Runtime    Last Run               Last # of DB Queries
--------------------------------------------  -----  ---------  --------  ----------  --------------  -------------------  ----------------------
/home/ubuntu/airflow/dags/zillowanalytics.py                           1           0  0.20s           2025-04-05T05:20:01                      34
================================================================================
[2025-04-05T05:20:31.631+0000] {manager.py:997} INFO - 
================================================================================
DAG File Processing Stats

File Path                                     PID    Runtime      # DAGs    # Errors  Last Runtime    Last Run               Last # of DB Queries
--------------------------------------------  -----  ---------  --------  ----------  --------------  -------------------  ----------------------
/home/ubuntu/airflow/dags/zillowanalytics.py                           1           0  0.20s           2025-04-05T05:20:31                      34
================================================================================
[2025-04-05T05:21:01.910+0000] {manager.py:997} INFO - 
================================================================================
DAG File Processing Stats

File Path                                     PID    Runtime      # DAGs    # Errors  Last Runtime    Last Run               Last # of DB Queries
--------------------------------------------  -----  ---------  --------  ----------  --------------  -------------------  ----------------------
/home/ubuntu/airflow/dags/zillowanalytics.py                           1           0  0.21s           2025-04-05T05:21:01                      34
================================================================================
[2025-04-05T05:21:32.186+0000] {manager.py:997} INFO - 
================================================================================
DAG File Processing Stats

File Path                                     PID    Runtime      # DAGs    # Errors  Last Runtime    Last Run               Last # of DB Queries
--------------------------------------------  -----  ---------  --------  ----------  --------------  -------------------  ----------------------
/home/ubuntu/airflow/dags/zillowanalytics.py                           1           0  0.20s           2025-04-05T05:21:32                      34
================================================================================
[2025-04-05T05:22:02.465+0000] {manager.py:997} INFO - 
================================================================================
DAG File Processing Stats

File Path                                     PID    Runtime      # DAGs    # Errors  Last Runtime    Last Run               Last # of DB Queries
--------------------------------------------  -----  ---------  --------  ----------  --------------  -------------------  ----------------------
/home/ubuntu/airflow/dags/zillowanalytics.py                           1           0  0.20s           2025-04-05T05:22:02                      34
================================================================================
[2025-04-05T05:22:32.742+0000] {manager.py:997} INFO - 
================================================================================
DAG File Processing Stats

File Path                                     PID    Runtime      # DAGs    # Errors  Last Runtime    Last Run               Last # of DB Queries
--------------------------------------------  -----  ---------  --------  ----------  --------------  -------------------  ----------------------
/home/ubuntu/airflow/dags/zillowanalytics.py                           1           0  0.20s           2025-04-05T05:22:32                      34
================================================================================
[2025-04-05T05:23:03.019+0000] {manager.py:997} INFO - 
================================================================================
DAG File Processing Stats

File Path                                     PID    Runtime      # DAGs    # Errors  Last Runtime    Last Run               Last # of DB Queries
--------------------------------------------  -----  ---------  --------  ----------  --------------  -------------------  ----------------------
/home/ubuntu/airflow/dags/zillowanalytics.py                           1           0  0.20s           2025-04-05T05:23:03                      34
================================================================================
[2025-04-05T05:23:33.299+0000] {manager.py:997} INFO - 
================================================================================
DAG File Processing Stats

File Path                                     PID    Runtime      # DAGs    # Errors  Last Runtime    Last Run               Last # of DB Queries
--------------------------------------------  -----  ---------  --------  ----------  --------------  -------------------  ----------------------
/home/ubuntu/airflow/dags/zillowanalytics.py                           1           0  0.20s           2025-04-05T05:23:33                      34
================================================================================
[2025-04-05T05:23:55.938+0000] {manager.py:821} INFO - Searching for files in /home/ubuntu/airflow/dags
[2025-04-05T05:23:55.939+0000] {manager.py:824} INFO - There are 1 files in /home/ubuntu/airflow/dags
[2025-04-05T05:24:03.576+0000] {manager.py:997} INFO - 
================================================================================
DAG File Processing Stats

File Path                                     PID    Runtime      # DAGs    # Errors  Last Runtime    Last Run               Last # of DB Queries
--------------------------------------------  -----  ---------  --------  ----------  --------------  -------------------  ----------------------
/home/ubuntu/airflow/dags/zillowanalytics.py                           1           0  0.20s           2025-04-05T05:24:03                      34
================================================================================
[2025-04-05T10:28:50.990+0000] {manager.py:483} INFO - Processing files using up to 1 processes at a time 
[2025-04-05T10:28:50.992+0000] {manager.py:484} INFO - Process each file at most once every 30 seconds
[2025-04-05T10:28:50.993+0000] {manager.py:485} INFO - Checking for new files in /home/ubuntu/airflow/dags every 300 seconds
[2025-04-05T10:28:50.994+0000] {manager.py:821} INFO - Searching for files in /home/ubuntu/airflow/dags
[2025-04-05T10:28:50.999+0000] {manager.py:824} INFO - There are 1 files in /home/ubuntu/airflow/dags
[2025-04-05T10:28:51.281+0000] {manager.py:997} INFO - 
================================================================================
DAG File Processing Stats

File Path                                     PID    Runtime      # DAGs    # Errors  Last Runtime    Last Run               Last # of DB Queries
--------------------------------------------  -----  ---------  --------  ----------  --------------  -------------------  ----------------------
/home/ubuntu/airflow/dags/zillowanalytics.py                           1           0  0.21s           2025-04-05T10:28:51                      34
================================================================================
[2025-04-05T10:29:22.484+0000] {manager.py:997} INFO - 
================================================================================
DAG File Processing Stats

File Path                                     PID    Runtime      # DAGs    # Errors  Last Runtime    Last Run               Last # of DB Queries
--------------------------------------------  -----  ---------  --------  ----------  --------------  -------------------  ----------------------
/home/ubuntu/airflow/dags/zillowanalytics.py                           1           0  0.20s           2025-04-05T10:29:22                      34
================================================================================
[2025-04-05T10:29:52.747+0000] {manager.py:997} INFO - 
================================================================================
DAG File Processing Stats

File Path                                     PID    Runtime      # DAGs    # Errors  Last Runtime    Last Run               Last # of DB Queries
--------------------------------------------  -----  ---------  --------  ----------  --------------  -------------------  ----------------------
/home/ubuntu/airflow/dags/zillowanalytics.py                           1           0  0.20s           2025-04-05T10:29:52                      34
================================================================================
[2025-04-05T10:30:22.991+0000] {manager.py:997} INFO - 
================================================================================
DAG File Processing Stats

File Path                                     PID    Runtime      # DAGs    # Errors  Last Runtime    Last Run               Last # of DB Queries
--------------------------------------------  -----  ---------  --------  ----------  --------------  -------------------  ----------------------
/home/ubuntu/airflow/dags/zillowanalytics.py                           1           0  0.20s           2025-04-05T10:30:22                      34
================================================================================
[2025-04-05T10:30:53.230+0000] {manager.py:997} INFO - 
================================================================================
DAG File Processing Stats

File Path                                     PID    Runtime      # DAGs    # Errors  Last Runtime    Last Run               Last # of DB Queries
--------------------------------------------  -----  ---------  --------  ----------  --------------  -------------------  ----------------------
/home/ubuntu/airflow/dags/zillowanalytics.py                           1           0  0.20s           2025-04-05T10:30:53                      34
================================================================================
[2025-04-05T10:31:23.472+0000] {manager.py:997} INFO - 
================================================================================
DAG File Processing Stats

File Path                                     PID    Runtime      # DAGs    # Errors  Last Runtime    Last Run               Last # of DB Queries
--------------------------------------------  -----  ---------  --------  ----------  --------------  -------------------  ----------------------
/home/ubuntu/airflow/dags/zillowanalytics.py                           1           0  0.20s           2025-04-05T10:31:23                      34
================================================================================
[2025-04-05T10:31:53.697+0000] {manager.py:997} INFO - 
================================================================================
DAG File Processing Stats

File Path                                     PID    Runtime      # DAGs    # Errors  Last Runtime    Last Run               Last # of DB Queries
--------------------------------------------  -----  ---------  --------  ----------  --------------  -------------------  ----------------------
/home/ubuntu/airflow/dags/zillowanalytics.py                           1           0  0.20s           2025-04-05T10:31:53                      34
================================================================================
[2025-04-05T10:32:23.934+0000] {manager.py:997} INFO - 
================================================================================
DAG File Processing Stats

File Path                                     PID    Runtime      # DAGs    # Errors  Last Runtime    Last Run               Last # of DB Queries
--------------------------------------------  -----  ---------  --------  ----------  --------------  -------------------  ----------------------
/home/ubuntu/airflow/dags/zillowanalytics.py                           1           0  0.20s           2025-04-05T10:32:23                      34
================================================================================
[2025-04-05T10:32:54.167+0000] {manager.py:997} INFO - 
================================================================================
DAG File Processing Stats

File Path                                     PID    Runtime      # DAGs    # Errors  Last Runtime    Last Run               Last # of DB Queries
--------------------------------------------  -----  ---------  --------  ----------  --------------  -------------------  ----------------------
/home/ubuntu/airflow/dags/zillowanalytics.py                           1           0  0.20s           2025-04-05T10:32:54                      34
================================================================================
[2025-04-05T10:33:24.407+0000] {manager.py:997} INFO - 
================================================================================
DAG File Processing Stats

File Path                                     PID    Runtime      # DAGs    # Errors  Last Runtime    Last Run               Last # of DB Queries
--------------------------------------------  -----  ---------  --------  ----------  --------------  -------------------  ----------------------
/home/ubuntu/airflow/dags/zillowanalytics.py                           1           0  0.20s           2025-04-05T10:33:24                      34
================================================================================
[2025-04-05T10:33:51.000+0000] {manager.py:821} INFO - Searching for files in /home/ubuntu/airflow/dags
[2025-04-05T10:33:51.001+0000] {manager.py:824} INFO - There are 1 files in /home/ubuntu/airflow/dags
[2025-04-05T10:33:54.642+0000] {manager.py:997} INFO - 
================================================================================
DAG File Processing Stats

File Path                                     PID    Runtime      # DAGs    # Errors  Last Runtime    Last Run               Last # of DB Queries
--------------------------------------------  -----  ---------  --------  ----------  --------------  -------------------  ----------------------
/home/ubuntu/airflow/dags/zillowanalytics.py                           1           0  0.20s           2025-04-05T10:33:54                      34
================================================================================
[2025-04-05T10:34:24.884+0000] {manager.py:997} INFO - 
================================================================================
DAG File Processing Stats

File Path                                     PID    Runtime      # DAGs    # Errors  Last Runtime    Last Run               Last # of DB Queries
--------------------------------------------  -----  ---------  --------  ----------  --------------  -------------------  ----------------------
/home/ubuntu/airflow/dags/zillowanalytics.py                           1           0  0.20s           2025-04-05T10:34:24                      34
================================================================================
[2025-04-05T10:34:54.886+0000] {manager.py:997} INFO - 
================================================================================
DAG File Processing Stats

File Path                                     PID    Runtime      # DAGs    # Errors  Last Runtime    Last Run               Last # of DB Queries
--------------------------------------------  -----  ---------  --------  ----------  --------------  -------------------  ----------------------
/home/ubuntu/airflow/dags/zillowanalytics.py                           1           0  0.20s           2025-04-05T10:34:24                      34
================================================================================
[2025-04-05T10:35:25.133+0000] {manager.py:997} INFO - 
================================================================================
DAG File Processing Stats

File Path                                     PID    Runtime      # DAGs    # Errors  Last Runtime    Last Run               Last # of DB Queries
--------------------------------------------  -----  ---------  --------  ----------  --------------  -------------------  ----------------------
/home/ubuntu/airflow/dags/zillowanalytics.py                           1           0  0.20s           2025-04-05T10:34:56                      34
================================================================================
[2025-04-05T10:35:55.376+0000] {manager.py:997} INFO - 
================================================================================
DAG File Processing Stats

File Path                                     PID    Runtime      # DAGs    # Errors  Last Runtime    Last Run               Last # of DB Queries
--------------------------------------------  -----  ---------  --------  ----------  --------------  -------------------  ----------------------
/home/ubuntu/airflow/dags/zillowanalytics.py                           1           0  0.20s           2025-04-05T10:35:26                      34
================================================================================
[2025-04-05T10:36:25.621+0000] {manager.py:997} INFO - 
================================================================================
DAG File Processing Stats

File Path                                     PID    Runtime      # DAGs    # Errors  Last Runtime    Last Run               Last # of DB Queries
--------------------------------------------  -----  ---------  --------  ----------  --------------  -------------------  ----------------------
/home/ubuntu/airflow/dags/zillowanalytics.py                           1           0  0.20s           2025-04-05T10:35:56                      34
================================================================================
[2025-04-05T10:36:55.856+0000] {manager.py:997} INFO - 
================================================================================
DAG File Processing Stats

File Path                                     PID    Runtime      # DAGs    # Errors  Last Runtime    Last Run               Last # of DB Queries
--------------------------------------------  -----  ---------  --------  ----------  --------------  -------------------  ----------------------
/home/ubuntu/airflow/dags/zillowanalytics.py                           1           0  0.20s           2025-04-05T10:36:26                      34
================================================================================
[2025-04-05T10:37:26.094+0000] {manager.py:997} INFO - 
================================================================================
DAG File Processing Stats

File Path                                     PID    Runtime      # DAGs    # Errors  Last Runtime    Last Run               Last # of DB Queries
--------------------------------------------  -----  ---------  --------  ----------  --------------  -------------------  ----------------------
/home/ubuntu/airflow/dags/zillowanalytics.py                           1           0  0.20s           2025-04-05T10:36:57                      34
================================================================================
[2025-04-05T10:37:56.330+0000] {manager.py:997} INFO - 
================================================================================
DAG File Processing Stats

File Path                                     PID    Runtime      # DAGs    # Errors  Last Runtime    Last Run               Last # of DB Queries
--------------------------------------------  -----  ---------  --------  ----------  --------------  -------------------  ----------------------
/home/ubuntu/airflow/dags/zillowanalytics.py                           1           0  0.20s           2025-04-05T10:37:27                      34
================================================================================
[2025-04-05T10:38:26.575+0000] {manager.py:997} INFO - 
================================================================================
DAG File Processing Stats

File Path                                     PID    Runtime      # DAGs    # Errors  Last Runtime    Last Run               Last # of DB Queries
--------------------------------------------  -----  ---------  --------  ----------  --------------  -------------------  ----------------------
/home/ubuntu/airflow/dags/zillowanalytics.py                           1           0  0.20s           2025-04-05T10:37:57                      34
================================================================================
[2025-04-05T10:38:51.046+0000] {manager.py:821} INFO - Searching for files in /home/ubuntu/airflow/dags
[2025-04-05T10:38:51.048+0000] {manager.py:824} INFO - There are 1 files in /home/ubuntu/airflow/dags
[2025-04-05T10:38:56.823+0000] {manager.py:997} INFO - 
================================================================================
DAG File Processing Stats

File Path                                     PID    Runtime      # DAGs    # Errors  Last Runtime    Last Run               Last # of DB Queries
--------------------------------------------  -----  ---------  --------  ----------  --------------  -------------------  ----------------------
/home/ubuntu/airflow/dags/zillowanalytics.py                           1           0  0.21s           2025-04-05T10:38:27                      34
================================================================================
[2025-04-05T10:39:27.025+0000] {manager.py:997} INFO - 
================================================================================
DAG File Processing Stats

File Path                                     PID    Runtime      # DAGs    # Errors  Last Runtime    Last Run               Last # of DB Queries
--------------------------------------------  -----  ---------  --------  ----------  --------------  -------------------  ----------------------
/home/ubuntu/airflow/dags/zillowanalytics.py                           1           0  0.20s           2025-04-05T10:38:58                      34
================================================================================
[2025-04-05T10:39:57.255+0000] {manager.py:997} INFO - 
================================================================================
DAG File Processing Stats

File Path                                     PID    Runtime      # DAGs    # Errors  Last Runtime    Last Run               Last # of DB Queries
--------------------------------------------  -----  ---------  --------  ----------  --------------  -------------------  ----------------------
/home/ubuntu/airflow/dags/zillowanalytics.py                           1           0  0.20s           2025-04-05T10:39:29                      34
================================================================================
[2025-04-05T10:40:27.496+0000] {manager.py:997} INFO - 
================================================================================
DAG File Processing Stats

File Path                                     PID    Runtime      # DAGs    # Errors  Last Runtime    Last Run               Last # of DB Queries
--------------------------------------------  -----  ---------  --------  ----------  --------------  -------------------  ----------------------
/home/ubuntu/airflow/dags/zillowanalytics.py                           1           0  0.20s           2025-04-05T10:39:59                      34
================================================================================
[2025-04-05T10:40:57.737+0000] {manager.py:997} INFO - 
================================================================================
DAG File Processing Stats

File Path                                     PID    Runtime      # DAGs    # Errors  Last Runtime    Last Run               Last # of DB Queries
--------------------------------------------  -----  ---------  --------  ----------  --------------  -------------------  ----------------------
/home/ubuntu/airflow/dags/zillowanalytics.py                           1           0  0.20s           2025-04-05T10:40:29                      34
================================================================================
[2025-04-05T10:41:27.976+0000] {manager.py:997} INFO - 
================================================================================
DAG File Processing Stats

File Path                                     PID    Runtime      # DAGs    # Errors  Last Runtime    Last Run               Last # of DB Queries
--------------------------------------------  -----  ---------  --------  ----------  --------------  -------------------  ----------------------
/home/ubuntu/airflow/dags/zillowanalytics.py                           1           0  0.20s           2025-04-05T10:40:59                      34
================================================================================
[2025-04-05T10:41:58.214+0000] {manager.py:997} INFO - 
================================================================================
DAG File Processing Stats

File Path                                     PID    Runtime      # DAGs    # Errors  Last Runtime    Last Run               Last # of DB Queries
--------------------------------------------  -----  ---------  --------  ----------  --------------  -------------------  ----------------------
/home/ubuntu/airflow/dags/zillowanalytics.py                           1           0  0.20s           2025-04-05T10:41:30                      34
================================================================================
[2025-04-05T10:42:28.455+0000] {manager.py:997} INFO - 
================================================================================
DAG File Processing Stats

File Path                                     PID    Runtime      # DAGs    # Errors  Last Runtime    Last Run               Last # of DB Queries
--------------------------------------------  -----  ---------  --------  ----------  --------------  -------------------  ----------------------
/home/ubuntu/airflow/dags/zillowanalytics.py                           1           0  0.20s           2025-04-05T10:42:00                      34
================================================================================
[2025-04-05T10:42:58.696+0000] {manager.py:997} INFO - 
================================================================================
DAG File Processing Stats

File Path                                     PID    Runtime      # DAGs    # Errors  Last Runtime    Last Run               Last # of DB Queries
--------------------------------------------  -----  ---------  --------  ----------  --------------  -------------------  ----------------------
/home/ubuntu/airflow/dags/zillowanalytics.py                           1           0  0.20s           2025-04-05T10:42:30                      34
================================================================================
[2025-04-05T10:43:28.934+0000] {manager.py:997} INFO - 
================================================================================
DAG File Processing Stats

File Path                                     PID    Runtime      # DAGs    # Errors  Last Runtime    Last Run               Last # of DB Queries
--------------------------------------------  -----  ---------  --------  ----------  --------------  -------------------  ----------------------
/home/ubuntu/airflow/dags/zillowanalytics.py                           1           0  0.20s           2025-04-05T10:43:00                      34
================================================================================
[2025-04-05T10:43:51.106+0000] {manager.py:821} INFO - Searching for files in /home/ubuntu/airflow/dags
[2025-04-05T10:43:51.110+0000] {manager.py:824} INFO - There are 1 files in /home/ubuntu/airflow/dags
[2025-04-05T10:43:59.175+0000] {manager.py:997} INFO - 
================================================================================
DAG File Processing Stats

File Path                                     PID    Runtime      # DAGs    # Errors  Last Runtime    Last Run               Last # of DB Queries
--------------------------------------------  -----  ---------  --------  ----------  --------------  -------------------  ----------------------
/home/ubuntu/airflow/dags/zillowanalytics.py                           1           0  0.20s           2025-04-05T10:43:31                      34
================================================================================
[2025-04-05T10:44:29.414+0000] {manager.py:997} INFO - 
================================================================================
DAG File Processing Stats

File Path                                     PID    Runtime      # DAGs    # Errors  Last Runtime    Last Run               Last # of DB Queries
--------------------------------------------  -----  ---------  --------  ----------  --------------  -------------------  ----------------------
/home/ubuntu/airflow/dags/zillowanalytics.py                           1           0  0.20s           2025-04-05T10:44:01                      34
================================================================================
[2025-04-05T10:44:59.654+0000] {manager.py:997} INFO - 
================================================================================
DAG File Processing Stats

File Path                                     PID    Runtime      # DAGs    # Errors  Last Runtime    Last Run               Last # of DB Queries
--------------------------------------------  -----  ---------  --------  ----------  --------------  -------------------  ----------------------
/home/ubuntu/airflow/dags/zillowanalytics.py                           1           0  0.20s           2025-04-05T10:44:31                      34
================================================================================
[2025-04-05T10:45:29.898+0000] {manager.py:997} INFO - 
================================================================================
DAG File Processing Stats

File Path                                     PID    Runtime      # DAGs    # Errors  Last Runtime    Last Run               Last # of DB Queries
--------------------------------------------  -----  ---------  --------  ----------  --------------  -------------------  ----------------------
/home/ubuntu/airflow/dags/zillowanalytics.py                           1           0  0.20s           2025-04-05T10:45:01                      34
================================================================================
[2025-04-05T10:46:00.099+0000] {manager.py:997} INFO - 
================================================================================
DAG File Processing Stats

File Path                                     PID    Runtime      # DAGs    # Errors  Last Runtime    Last Run               Last # of DB Queries
--------------------------------------------  -----  ---------  --------  ----------  --------------  -------------------  ----------------------
/home/ubuntu/airflow/dags/zillowanalytics.py                           1           0  0.30s           2025-04-05T10:45:32                      34
================================================================================
[2025-04-05T10:46:30.336+0000] {manager.py:997} INFO - 
================================================================================
DAG File Processing Stats

File Path                                     PID    Runtime      # DAGs    # Errors  Last Runtime    Last Run               Last # of DB Queries
--------------------------------------------  -----  ---------  --------  ----------  --------------  -------------------  ----------------------
/home/ubuntu/airflow/dags/zillowanalytics.py                           1           0  0.30s           2025-04-05T10:46:03                      34
================================================================================
[2025-04-05T10:47:00.665+0000] {manager.py:997} INFO - 
================================================================================
DAG File Processing Stats

File Path                                     PID    Runtime      # DAGs    # Errors  Last Runtime    Last Run               Last # of DB Queries
--------------------------------------------  -----  ---------  --------  ----------  --------------  -------------------  ----------------------
/home/ubuntu/airflow/dags/zillowanalytics.py                           1           0  0.30s           2025-04-05T10:46:34                      34
================================================================================
[2025-04-05T10:47:31.070+0000] {manager.py:997} INFO - 
================================================================================
DAG File Processing Stats

File Path                                     PID    Runtime      # DAGs    # Errors  Last Runtime    Last Run               Last # of DB Queries
--------------------------------------------  -----  ---------  --------  ----------  --------------  -------------------  ----------------------
/home/ubuntu/airflow/dags/zillowanalytics.py                           1           0  0.30s           2025-04-05T10:47:04                      34
================================================================================
[2025-04-05T10:48:01.446+0000] {manager.py:997} INFO - 
================================================================================
DAG File Processing Stats

File Path                                     PID    Runtime      # DAGs    # Errors  Last Runtime    Last Run               Last # of DB Queries
--------------------------------------------  -----  ---------  --------  ----------  --------------  -------------------  ----------------------
/home/ubuntu/airflow/dags/zillowanalytics.py                           1           0  0.30s           2025-04-05T10:47:35                      34
================================================================================
[2025-04-05T10:48:31.879+0000] {manager.py:997} INFO - 
================================================================================
DAG File Processing Stats

File Path                                     PID    Runtime      # DAGs    # Errors  Last Runtime    Last Run               Last # of DB Queries
--------------------------------------------  -----  ---------  --------  ----------  --------------  -------------------  ----------------------
/home/ubuntu/airflow/dags/zillowanalytics.py                           1           0  0.30s           2025-04-05T10:48:05                      34
================================================================================
[2025-04-05T10:48:51.155+0000] {manager.py:821} INFO - Searching for files in /home/ubuntu/airflow/dags
[2025-04-05T10:48:51.156+0000] {manager.py:824} INFO - There are 1 files in /home/ubuntu/airflow/dags
[2025-04-05T10:49:02.290+0000] {manager.py:997} INFO - 
================================================================================
DAG File Processing Stats

File Path                                     PID    Runtime      # DAGs    # Errors  Last Runtime    Last Run               Last # of DB Queries
--------------------------------------------  -----  ---------  --------  ----------  --------------  -------------------  ----------------------
/home/ubuntu/airflow/dags/zillowanalytics.py                           1           0  0.30s           2025-04-05T10:48:36                      34
================================================================================
[2025-04-05T10:49:32.656+0000] {manager.py:997} INFO - 
================================================================================
DAG File Processing Stats

File Path                                     PID    Runtime      # DAGs    # Errors  Last Runtime    Last Run               Last # of DB Queries
--------------------------------------------  -----  ---------  --------  ----------  --------------  -------------------  ----------------------
/home/ubuntu/airflow/dags/zillowanalytics.py                           1           0  0.30s           2025-04-05T10:49:06                      34
================================================================================
[2025-04-05T10:50:03.092+0000] {manager.py:997} INFO - 
================================================================================
DAG File Processing Stats

File Path                                     PID    Runtime      # DAGs    # Errors  Last Runtime    Last Run               Last # of DB Queries
--------------------------------------------  -----  ---------  --------  ----------  --------------  -------------------  ----------------------
/home/ubuntu/airflow/dags/zillowanalytics.py                           1           0  0.30s           2025-04-05T10:49:36                      34
================================================================================
[2025-04-05T10:50:33.494+0000] {manager.py:997} INFO - 
================================================================================
DAG File Processing Stats

File Path                                     PID    Runtime      # DAGs    # Errors  Last Runtime    Last Run               Last # of DB Queries
--------------------------------------------  -----  ---------  --------  ----------  --------------  -------------------  ----------------------
/home/ubuntu/airflow/dags/zillowanalytics.py                           1           0  0.30s           2025-04-05T10:50:07                      34
================================================================================
[2025-04-05T10:51:03.858+0000] {manager.py:997} INFO - 
================================================================================
DAG File Processing Stats

File Path                                     PID    Runtime      # DAGs    # Errors  Last Runtime    Last Run               Last # of DB Queries
--------------------------------------------  -----  ---------  --------  ----------  --------------  -------------------  ----------------------
/home/ubuntu/airflow/dags/zillowanalytics.py                           1           0  0.30s           2025-04-05T10:50:37                      34
================================================================================
[2025-04-05T10:51:34.304+0000] {manager.py:997} INFO - 
================================================================================
DAG File Processing Stats

File Path                                     PID    Runtime      # DAGs    # Errors  Last Runtime    Last Run               Last # of DB Queries
--------------------------------------------  -----  ---------  --------  ----------  --------------  -------------------  ----------------------
/home/ubuntu/airflow/dags/zillowanalytics.py                           1           0  0.30s           2025-04-05T10:51:08                      34
================================================================================
[2025-04-05T10:52:04.719+0000] {manager.py:997} INFO - 
================================================================================
DAG File Processing Stats

File Path                                     PID    Runtime      # DAGs    # Errors  Last Runtime    Last Run               Last # of DB Queries
--------------------------------------------  -----  ---------  --------  ----------  --------------  -------------------  ----------------------
/home/ubuntu/airflow/dags/zillowanalytics.py                           1           0  0.30s           2025-04-05T10:51:38                      34
================================================================================
[2025-04-05T10:52:35.126+0000] {manager.py:997} INFO - 
================================================================================
DAG File Processing Stats

File Path                                     PID    Runtime      # DAGs    # Errors  Last Runtime    Last Run               Last # of DB Queries
--------------------------------------------  -----  ---------  --------  ----------  --------------  -------------------  ----------------------
/home/ubuntu/airflow/dags/zillowanalytics.py                           1           0  0.30s           2025-04-05T10:52:08                      34
================================================================================
[2025-04-05T10:53:05.501+0000] {manager.py:997} INFO - 
================================================================================
DAG File Processing Stats

File Path                                     PID    Runtime      # DAGs    # Errors  Last Runtime    Last Run               Last # of DB Queries
--------------------------------------------  -----  ---------  --------  ----------  --------------  -------------------  ----------------------
/home/ubuntu/airflow/dags/zillowanalytics.py                           1           0  0.30s           2025-04-05T10:52:39                      34
================================================================================
[2025-04-05T10:53:35.880+0000] {manager.py:997} INFO - 
================================================================================
DAG File Processing Stats

File Path                                     PID    Runtime      # DAGs    # Errors  Last Runtime    Last Run               Last # of DB Queries
--------------------------------------------  -----  ---------  --------  ----------  --------------  -------------------  ----------------------
/home/ubuntu/airflow/dags/zillowanalytics.py                           1           0  0.30s           2025-04-05T10:53:09                      34
================================================================================
[2025-04-05T10:53:51.209+0000] {manager.py:821} INFO - Searching for files in /home/ubuntu/airflow/dags
[2025-04-05T10:53:51.210+0000] {manager.py:824} INFO - There are 1 files in /home/ubuntu/airflow/dags
[2025-04-05T10:54:06.260+0000] {manager.py:997} INFO - 
================================================================================
DAG File Processing Stats

File Path                                     PID    Runtime      # DAGs    # Errors  Last Runtime    Last Run               Last # of DB Queries
--------------------------------------------  -----  ---------  --------  ----------  --------------  -------------------  ----------------------
/home/ubuntu/airflow/dags/zillowanalytics.py                           1           0  0.30s           2025-04-05T10:53:40                      34
================================================================================
[2025-04-05T10:54:36.638+0000] {manager.py:997} INFO - 
================================================================================
DAG File Processing Stats

File Path                                     PID    Runtime      # DAGs    # Errors  Last Runtime    Last Run               Last # of DB Queries
--------------------------------------------  -----  ---------  --------  ----------  --------------  -------------------  ----------------------
/home/ubuntu/airflow/dags/zillowanalytics.py                           1           0  0.30s           2025-04-05T10:54:10                      34
================================================================================
[2025-04-05T10:55:07.014+0000] {manager.py:997} INFO - 
================================================================================
DAG File Processing Stats

File Path                                     PID    Runtime      # DAGs    # Errors  Last Runtime    Last Run               Last # of DB Queries
--------------------------------------------  -----  ---------  --------  ----------  --------------  -------------------  ----------------------
/home/ubuntu/airflow/dags/zillowanalytics.py                           1           0  0.30s           2025-04-05T10:54:40                      34
================================================================================
[2025-04-05T10:55:37.387+0000] {manager.py:997} INFO - 
================================================================================
DAG File Processing Stats

File Path                                     PID    Runtime      # DAGs    # Errors  Last Runtime    Last Run               Last # of DB Queries
--------------------------------------------  -----  ---------  --------  ----------  --------------  -------------------  ----------------------
/home/ubuntu/airflow/dags/zillowanalytics.py                           1           0  0.30s           2025-04-05T10:55:11                      34
================================================================================
[2025-04-05T10:56:07.768+0000] {manager.py:997} INFO - 
================================================================================
DAG File Processing Stats

File Path                                     PID    Runtime      # DAGs    # Errors  Last Runtime    Last Run               Last # of DB Queries
--------------------------------------------  -----  ---------  --------  ----------  --------------  -------------------  ----------------------
/home/ubuntu/airflow/dags/zillowanalytics.py                           1           0  0.30s           2025-04-05T10:55:41                      34
================================================================================
[2025-04-05T10:56:38.137+0000] {manager.py:997} INFO - 
================================================================================
DAG File Processing Stats

File Path                                     PID    Runtime      # DAGs    # Errors  Last Runtime    Last Run               Last # of DB Queries
--------------------------------------------  -----  ---------  --------  ----------  --------------  -------------------  ----------------------
/home/ubuntu/airflow/dags/zillowanalytics.py                           1           0  0.30s           2025-04-05T10:56:11                      34
================================================================================
[2025-04-05T10:57:08.507+0000] {manager.py:997} INFO - 
================================================================================
DAG File Processing Stats

File Path                                     PID    Runtime      # DAGs    # Errors  Last Runtime    Last Run               Last # of DB Queries
--------------------------------------------  -----  ---------  --------  ----------  --------------  -------------------  ----------------------
/home/ubuntu/airflow/dags/zillowanalytics.py                           1           0  0.30s           2025-04-05T10:56:42                      34
================================================================================
[2025-04-05T10:57:38.888+0000] {manager.py:997} INFO - 
================================================================================
DAG File Processing Stats

File Path                                     PID    Runtime      # DAGs    # Errors  Last Runtime    Last Run               Last # of DB Queries
--------------------------------------------  -----  ---------  --------  ----------  --------------  -------------------  ----------------------
/home/ubuntu/airflow/dags/zillowanalytics.py                           1           0  0.30s           2025-04-05T10:57:12                      34
================================================================================
[2025-04-05T10:58:09.259+0000] {manager.py:997} INFO - 
================================================================================
DAG File Processing Stats

File Path                                     PID    Runtime      # DAGs    # Errors  Last Runtime    Last Run               Last # of DB Queries
--------------------------------------------  -----  ---------  --------  ----------  --------------  -------------------  ----------------------
/home/ubuntu/airflow/dags/zillowanalytics.py                           1           0  0.30s           2025-04-05T10:57:43                      34
================================================================================
[2025-04-05T10:58:39.634+0000] {manager.py:997} INFO - 
================================================================================
DAG File Processing Stats

File Path                                     PID    Runtime      # DAGs    # Errors  Last Runtime    Last Run               Last # of DB Queries
--------------------------------------------  -----  ---------  --------  ----------  --------------  -------------------  ----------------------
/home/ubuntu/airflow/dags/zillowanalytics.py                           1           0  0.30s           2025-04-05T10:58:13                      34
================================================================================
[2025-04-05T10:58:51.254+0000] {manager.py:821} INFO - Searching for files in /home/ubuntu/airflow/dags
[2025-04-05T10:58:51.255+0000] {manager.py:824} INFO - There are 1 files in /home/ubuntu/airflow/dags
[2025-04-05T10:59:10.012+0000] {manager.py:997} INFO - 
================================================================================
DAG File Processing Stats

File Path                                     PID    Runtime      # DAGs    # Errors  Last Runtime    Last Run               Last # of DB Queries
--------------------------------------------  -----  ---------  --------  ----------  --------------  -------------------  ----------------------
/home/ubuntu/airflow/dags/zillowanalytics.py                           1           0  0.30s           2025-04-05T10:58:43                      34
================================================================================
[2025-04-05T10:59:40.383+0000] {manager.py:997} INFO - 
================================================================================
DAG File Processing Stats

File Path                                     PID    Runtime      # DAGs    # Errors  Last Runtime    Last Run               Last # of DB Queries
--------------------------------------------  -----  ---------  --------  ----------  --------------  -------------------  ----------------------
/home/ubuntu/airflow/dags/zillowanalytics.py                           1           0  0.30s           2025-04-05T10:59:14                      34
================================================================================
[2025-04-05T11:00:11.242+0000] {manager.py:997} INFO - 
================================================================================
DAG File Processing Stats

File Path                                     PID    Runtime      # DAGs    # Errors  Last Runtime    Last Run               Last # of DB Queries
--------------------------------------------  -----  ---------  --------  ----------  --------------  -------------------  ----------------------
/home/ubuntu/airflow/dags/zillowanalytics.py                           1           0  0.30s           2025-04-05T10:59:44                      34
================================================================================
[2025-04-05T11:00:41.475+0000] {manager.py:997} INFO - 
================================================================================
DAG File Processing Stats

File Path                                     PID    Runtime      # DAGs    # Errors  Last Runtime    Last Run               Last # of DB Queries
--------------------------------------------  -----  ---------  --------  ----------  --------------  -------------------  ----------------------
/home/ubuntu/airflow/dags/zillowanalytics.py                           1           0  0.30s           2025-04-05T11:00:14                      34
================================================================================
[2025-04-05T11:01:11.715+0000] {manager.py:997} INFO - 
================================================================================
DAG File Processing Stats

File Path                                     PID    Runtime      # DAGs    # Errors  Last Runtime    Last Run               Last # of DB Queries
--------------------------------------------  -----  ---------  --------  ----------  --------------  -------------------  ----------------------
/home/ubuntu/airflow/dags/zillowanalytics.py                           1           0  0.30s           2025-04-05T11:00:45                      34
================================================================================
[2025-04-05T11:01:41.959+0000] {manager.py:997} INFO - 
================================================================================
DAG File Processing Stats

File Path                                     PID    Runtime      # DAGs    # Errors  Last Runtime    Last Run               Last # of DB Queries
--------------------------------------------  -----  ---------  --------  ----------  --------------  -------------------  ----------------------
/home/ubuntu/airflow/dags/zillowanalytics.py                           1           0  0.30s           2025-04-05T11:01:15                      34
================================================================================
[2025-04-05T11:02:12.229+0000] {manager.py:997} INFO - 
================================================================================
DAG File Processing Stats

File Path                                     PID    Runtime      # DAGs    # Errors  Last Runtime    Last Run               Last # of DB Queries
--------------------------------------------  -----  ---------  --------  ----------  --------------  -------------------  ----------------------
/home/ubuntu/airflow/dags/zillowanalytics.py                           1           0  0.30s           2025-04-05T11:01:45                      34
================================================================================
[2025-04-05T11:02:42.602+0000] {manager.py:997} INFO - 
================================================================================
DAG File Processing Stats

File Path                                     PID    Runtime      # DAGs    # Errors  Last Runtime    Last Run               Last # of DB Queries
--------------------------------------------  -----  ---------  --------  ----------  --------------  -------------------  ----------------------
/home/ubuntu/airflow/dags/zillowanalytics.py                           1           0  0.30s           2025-04-05T11:02:16                      34
================================================================================
[2025-04-05T11:03:12.980+0000] {manager.py:997} INFO - 
================================================================================
DAG File Processing Stats

File Path                                     PID    Runtime      # DAGs    # Errors  Last Runtime    Last Run               Last # of DB Queries
--------------------------------------------  -----  ---------  --------  ----------  --------------  -------------------  ----------------------
/home/ubuntu/airflow/dags/zillowanalytics.py                           1           0  0.30s           2025-04-05T11:02:46                      34
================================================================================
[2025-04-05T11:03:43.372+0000] {manager.py:997} INFO - 
================================================================================
DAG File Processing Stats

File Path                                     PID    Runtime      # DAGs    # Errors  Last Runtime    Last Run               Last # of DB Queries
--------------------------------------------  -----  ---------  --------  ----------  --------------  -------------------  ----------------------
/home/ubuntu/airflow/dags/zillowanalytics.py                           1           0  0.30s           2025-04-05T11:03:17                      34
================================================================================
[2025-04-05T11:03:51.298+0000] {manager.py:821} INFO - Searching for files in /home/ubuntu/airflow/dags
[2025-04-05T11:03:51.299+0000] {manager.py:824} INFO - There are 1 files in /home/ubuntu/airflow/dags
[2025-04-05T11:04:13.738+0000] {manager.py:997} INFO - 
================================================================================
DAG File Processing Stats

File Path                                     PID    Runtime      # DAGs    # Errors  Last Runtime    Last Run               Last # of DB Queries
--------------------------------------------  -----  ---------  --------  ----------  --------------  -------------------  ----------------------
/home/ubuntu/airflow/dags/zillowanalytics.py                           1           0  0.30s           2025-04-05T11:03:47                      34
================================================================================
[2025-04-05T11:04:44.110+0000] {manager.py:997} INFO - 
================================================================================
DAG File Processing Stats

File Path                                     PID    Runtime      # DAGs    # Errors  Last Runtime    Last Run               Last # of DB Queries
--------------------------------------------  -----  ---------  --------  ----------  --------------  -------------------  ----------------------
/home/ubuntu/airflow/dags/zillowanalytics.py                           1           0  0.30s           2025-04-05T11:04:17                      34
================================================================================
[2025-04-05T11:05:14.870+0000] {manager.py:997} INFO - 
================================================================================
DAG File Processing Stats

File Path                                     PID    Runtime      # DAGs    # Errors  Last Runtime    Last Run               Last # of DB Queries
--------------------------------------------  -----  ---------  --------  ----------  --------------  -------------------  ----------------------
/home/ubuntu/airflow/dags/zillowanalytics.py                           1           0  0.30s           2025-04-05T11:04:48                      34
================================================================================
[2025-04-05T11:05:45.106+0000] {manager.py:997} INFO - 
================================================================================
DAG File Processing Stats

File Path                                     PID    Runtime      # DAGs    # Errors  Last Runtime    Last Run               Last # of DB Queries
--------------------------------------------  -----  ---------  --------  ----------  --------------  -------------------  ----------------------
/home/ubuntu/airflow/dags/zillowanalytics.py                           1           0  0.30s           2025-04-05T11:05:18                      34
================================================================================
[2025-04-05T11:06:15.334+0000] {manager.py:997} INFO - 
================================================================================
DAG File Processing Stats

File Path                                     PID    Runtime      # DAGs    # Errors  Last Runtime    Last Run               Last # of DB Queries
--------------------------------------------  -----  ---------  --------  ----------  --------------  -------------------  ----------------------
/home/ubuntu/airflow/dags/zillowanalytics.py                           1           0  0.30s           2025-04-05T11:05:48                      34
================================================================================
[2025-04-05T11:06:45.576+0000] {manager.py:997} INFO - 
================================================================================
DAG File Processing Stats

File Path                                     PID    Runtime      # DAGs    # Errors  Last Runtime    Last Run               Last # of DB Queries
--------------------------------------------  -----  ---------  --------  ----------  --------------  -------------------  ----------------------
/home/ubuntu/airflow/dags/zillowanalytics.py                           1           0  0.30s           2025-04-05T11:06:19                      34
================================================================================
[2025-04-05T11:07:15.817+0000] {manager.py:997} INFO - 
================================================================================
DAG File Processing Stats

File Path                                     PID    Runtime      # DAGs    # Errors  Last Runtime    Last Run               Last # of DB Queries
--------------------------------------------  -----  ---------  --------  ----------  --------------  -------------------  ----------------------
/home/ubuntu/airflow/dags/zillowanalytics.py                           1           0  0.30s           2025-04-05T11:06:49                      34
================================================================================
[2025-04-05T11:07:46.055+0000] {manager.py:997} INFO - 
================================================================================
DAG File Processing Stats

File Path                                     PID    Runtime      # DAGs    # Errors  Last Runtime    Last Run               Last # of DB Queries
--------------------------------------------  -----  ---------  --------  ----------  --------------  -------------------  ----------------------
/home/ubuntu/airflow/dags/zillowanalytics.py                           1           0  0.30s           2025-04-05T11:07:20                      34
================================================================================
[2025-04-05T11:08:16.296+0000] {manager.py:997} INFO - 
================================================================================
DAG File Processing Stats

File Path                                     PID    Runtime      # DAGs    # Errors  Last Runtime    Last Run               Last # of DB Queries
--------------------------------------------  -----  ---------  --------  ----------  --------------  -------------------  ----------------------
/home/ubuntu/airflow/dags/zillowanalytics.py                           1           0  0.30s           2025-04-05T11:07:50                      34
================================================================================
[2025-04-05T11:08:46.534+0000] {manager.py:997} INFO - 
================================================================================
DAG File Processing Stats

File Path                                     PID    Runtime      # DAGs    # Errors  Last Runtime    Last Run               Last # of DB Queries
--------------------------------------------  -----  ---------  --------  ----------  --------------  -------------------  ----------------------
/home/ubuntu/airflow/dags/zillowanalytics.py                           1           0  0.30s           2025-04-05T11:08:20                      34
================================================================================
[2025-04-05T11:08:51.345+0000] {manager.py:821} INFO - Searching for files in /home/ubuntu/airflow/dags
[2025-04-05T11:08:51.347+0000] {manager.py:824} INFO - There are 1 files in /home/ubuntu/airflow/dags
[2025-04-05T11:09:16.775+0000] {manager.py:997} INFO - 
================================================================================
DAG File Processing Stats

File Path                                     PID    Runtime      # DAGs    # Errors  Last Runtime    Last Run               Last # of DB Queries
--------------------------------------------  -----  ---------  --------  ----------  --------------  -------------------  ----------------------
/home/ubuntu/airflow/dags/zillowanalytics.py                           1           0  0.30s           2025-04-05T11:08:51                      34
================================================================================
[2025-04-05T11:09:47.021+0000] {manager.py:997} INFO - 
================================================================================
DAG File Processing Stats

File Path                                     PID    Runtime      # DAGs    # Errors  Last Runtime    Last Run               Last # of DB Queries
--------------------------------------------  -----  ---------  --------  ----------  --------------  -------------------  ----------------------
/home/ubuntu/airflow/dags/zillowanalytics.py                           1           0  0.30s           2025-04-05T11:09:21                      34
================================================================================
[2025-04-05T11:10:17.235+0000] {manager.py:997} INFO - 
================================================================================
DAG File Processing Stats

File Path                                     PID    Runtime      # DAGs    # Errors  Last Runtime    Last Run               Last # of DB Queries
--------------------------------------------  -----  ---------  --------  ----------  --------------  -------------------  ----------------------
/home/ubuntu/airflow/dags/zillowanalytics.py                           1           0  0.30s           2025-04-05T11:09:51                      34
================================================================================
[2025-04-05T11:10:47.473+0000] {manager.py:997} INFO - 
================================================================================
DAG File Processing Stats

File Path                                     PID    Runtime      # DAGs    # Errors  Last Runtime    Last Run               Last # of DB Queries
--------------------------------------------  -----  ---------  --------  ----------  --------------  -------------------  ----------------------
/home/ubuntu/airflow/dags/zillowanalytics.py                           1           0  0.30s           2025-04-05T11:10:22                      34
================================================================================
[2025-04-05T11:11:17.710+0000] {manager.py:997} INFO - 
================================================================================
DAG File Processing Stats

File Path                                     PID    Runtime      # DAGs    # Errors  Last Runtime    Last Run               Last # of DB Queries
--------------------------------------------  -----  ---------  --------  ----------  --------------  -------------------  ----------------------
/home/ubuntu/airflow/dags/zillowanalytics.py                           1           0  0.30s           2025-04-05T11:10:52                      34
================================================================================
[2025-04-05T11:11:47.949+0000] {manager.py:997} INFO - 
================================================================================
DAG File Processing Stats

File Path                                     PID    Runtime      # DAGs    # Errors  Last Runtime    Last Run               Last # of DB Queries
--------------------------------------------  -----  ---------  --------  ----------  --------------  -------------------  ----------------------
/home/ubuntu/airflow/dags/zillowanalytics.py                           1           0  0.30s           2025-04-05T11:11:23                      34
================================================================================
[2025-04-05T11:12:18.181+0000] {manager.py:997} INFO - 
================================================================================
DAG File Processing Stats

File Path                                     PID    Runtime      # DAGs    # Errors  Last Runtime    Last Run               Last # of DB Queries
--------------------------------------------  -----  ---------  --------  ----------  --------------  -------------------  ----------------------
/home/ubuntu/airflow/dags/zillowanalytics.py                           1           0  0.30s           2025-04-05T11:11:53                      34
================================================================================
[2025-04-05T11:12:48.419+0000] {manager.py:997} INFO - 
================================================================================
DAG File Processing Stats

File Path                                     PID    Runtime      # DAGs    # Errors  Last Runtime    Last Run               Last # of DB Queries
--------------------------------------------  -----  ---------  --------  ----------  --------------  -------------------  ----------------------
/home/ubuntu/airflow/dags/zillowanalytics.py                           1           0  0.31s           2025-04-05T11:12:23                      34
================================================================================
[2025-04-05T11:13:18.662+0000] {manager.py:997} INFO - 
================================================================================
DAG File Processing Stats

File Path                                     PID    Runtime      # DAGs    # Errors  Last Runtime    Last Run               Last # of DB Queries
--------------------------------------------  -----  ---------  --------  ----------  --------------  -------------------  ----------------------
/home/ubuntu/airflow/dags/zillowanalytics.py                           1           0  0.30s           2025-04-05T11:12:54                      34
================================================================================
[2025-04-05T11:13:48.935+0000] {manager.py:997} INFO - 
================================================================================
DAG File Processing Stats

File Path                                     PID    Runtime      # DAGs    # Errors  Last Runtime    Last Run               Last # of DB Queries
--------------------------------------------  -----  ---------  --------  ----------  --------------  -------------------  ----------------------
/home/ubuntu/airflow/dags/zillowanalytics.py                           1           0  0.30s           2025-04-05T11:13:24                      34
================================================================================
[2025-04-05T11:13:51.392+0000] {manager.py:821} INFO - Searching for files in /home/ubuntu/airflow/dags
[2025-04-05T11:13:51.393+0000] {manager.py:824} INFO - There are 1 files in /home/ubuntu/airflow/dags
[2025-04-05T11:14:19.173+0000] {manager.py:997} INFO - 
================================================================================
DAG File Processing Stats

File Path                                     PID    Runtime      # DAGs    # Errors  Last Runtime    Last Run               Last # of DB Queries
--------------------------------------------  -----  ---------  --------  ----------  --------------  -------------------  ----------------------
/home/ubuntu/airflow/dags/zillowanalytics.py                           1           0  0.30s           2025-04-05T11:13:54                      34
================================================================================
[2025-04-05T11:14:49.455+0000] {manager.py:997} INFO - 
================================================================================
DAG File Processing Stats

File Path                                     PID    Runtime      # DAGs    # Errors  Last Runtime    Last Run               Last # of DB Queries
--------------------------------------------  -----  ---------  --------  ----------  --------------  -------------------  ----------------------
/home/ubuntu/airflow/dags/zillowanalytics.py                           1           0  0.30s           2025-04-05T11:14:25                      34
================================================================================
[2025-04-05T11:15:19.835+0000] {manager.py:997} INFO - 
================================================================================
DAG File Processing Stats

File Path                                     PID    Runtime      # DAGs    # Errors  Last Runtime    Last Run               Last # of DB Queries
--------------------------------------------  -----  ---------  --------  ----------  --------------  -------------------  ----------------------
/home/ubuntu/airflow/dags/zillowanalytics.py                           1           0  0.30s           2025-04-05T11:14:55                      34
================================================================================
[2025-04-05T11:15:50.221+0000] {manager.py:997} INFO - 
================================================================================
DAG File Processing Stats

File Path                                     PID    Runtime      # DAGs    # Errors  Last Runtime    Last Run               Last # of DB Queries
--------------------------------------------  -----  ---------  --------  ----------  --------------  -------------------  ----------------------
/home/ubuntu/airflow/dags/zillowanalytics.py                           1           0  0.30s           2025-04-05T11:15:25                      34
================================================================================
[2025-04-05T11:16:20.586+0000] {manager.py:997} INFO - 
================================================================================
DAG File Processing Stats

File Path                                     PID    Runtime      # DAGs    # Errors  Last Runtime    Last Run               Last # of DB Queries
--------------------------------------------  -----  ---------  --------  ----------  --------------  -------------------  ----------------------
/home/ubuntu/airflow/dags/zillowanalytics.py                           1           0  0.30s           2025-04-05T11:15:56                      34
================================================================================
[2025-04-05T11:16:50.964+0000] {manager.py:997} INFO - 
================================================================================
DAG File Processing Stats

File Path                                     PID    Runtime      # DAGs    # Errors  Last Runtime    Last Run               Last # of DB Queries
--------------------------------------------  -----  ---------  --------  ----------  --------------  -------------------  ----------------------
/home/ubuntu/airflow/dags/zillowanalytics.py                           1           0  0.30s           2025-04-05T11:16:26                      34
================================================================================
[2025-04-05T11:17:21.321+0000] {manager.py:997} INFO - 
================================================================================
DAG File Processing Stats

File Path                                     PID    Runtime      # DAGs    # Errors  Last Runtime    Last Run               Last # of DB Queries
--------------------------------------------  -----  ---------  --------  ----------  --------------  -------------------  ----------------------
/home/ubuntu/airflow/dags/zillowanalytics.py                           1           0  0.30s           2025-04-05T11:16:57                      34
================================================================================
[2025-04-05T11:17:51.693+0000] {manager.py:997} INFO - 
================================================================================
DAG File Processing Stats

File Path                                     PID    Runtime      # DAGs    # Errors  Last Runtime    Last Run               Last # of DB Queries
--------------------------------------------  -----  ---------  --------  ----------  --------------  -------------------  ----------------------
/home/ubuntu/airflow/dags/zillowanalytics.py                           1           0  0.30s           2025-04-05T11:17:27                      34
================================================================================
[2025-04-05T11:18:22.076+0000] {manager.py:997} INFO - 
================================================================================
DAG File Processing Stats

File Path                                     PID    Runtime      # DAGs    # Errors  Last Runtime    Last Run               Last # of DB Queries
--------------------------------------------  -----  ---------  --------  ----------  --------------  -------------------  ----------------------
/home/ubuntu/airflow/dags/zillowanalytics.py                           1           0  0.30s           2025-04-05T11:17:57                      34
================================================================================
[2025-04-05T11:18:51.397+0000] {manager.py:821} INFO - Searching for files in /home/ubuntu/airflow/dags
[2025-04-05T11:18:51.398+0000] {manager.py:824} INFO - There are 1 files in /home/ubuntu/airflow/dags
[2025-04-05T11:18:52.752+0000] {manager.py:997} INFO - 
================================================================================
DAG File Processing Stats

File Path                                     PID    Runtime      # DAGs    # Errors  Last Runtime    Last Run               Last # of DB Queries
--------------------------------------------  -----  ---------  --------  ----------  --------------  -------------------  ----------------------
/home/ubuntu/airflow/dags/zillowanalytics.py                           1           0  0.30s           2025-04-05T11:18:28                      34
================================================================================
[2025-04-05T11:19:22.828+0000] {manager.py:997} INFO - 
================================================================================
DAG File Processing Stats

File Path                                     PID    Runtime      # DAGs    # Errors  Last Runtime    Last Run               Last # of DB Queries
--------------------------------------------  -----  ---------  --------  ----------  --------------  -------------------  ----------------------
/home/ubuntu/airflow/dags/zillowanalytics.py                           1           0  0.30s           2025-04-05T11:18:58                      34
================================================================================
[2025-04-05T11:19:53.201+0000] {manager.py:997} INFO - 
================================================================================
DAG File Processing Stats

File Path                                     PID    Runtime      # DAGs    # Errors  Last Runtime    Last Run               Last # of DB Queries
--------------------------------------------  -----  ---------  --------  ----------  --------------  -------------------  ----------------------
/home/ubuntu/airflow/dags/zillowanalytics.py                           1           0  0.31s           2025-04-05T11:19:28                      34
================================================================================
[2025-04-05T11:20:23.574+0000] {manager.py:997} INFO - 
================================================================================
DAG File Processing Stats

File Path                                     PID    Runtime      # DAGs    # Errors  Last Runtime    Last Run               Last # of DB Queries
--------------------------------------------  -----  ---------  --------  ----------  --------------  -------------------  ----------------------
/home/ubuntu/airflow/dags/zillowanalytics.py                           1           0  0.30s           2025-04-05T11:19:59                      34
================================================================================
[2025-04-05T11:20:53.808+0000] {manager.py:997} INFO - 
================================================================================
DAG File Processing Stats

File Path                                     PID    Runtime      # DAGs    # Errors  Last Runtime    Last Run               Last # of DB Queries
--------------------------------------------  -----  ---------  --------  ----------  --------------  -------------------  ----------------------
/home/ubuntu/airflow/dags/zillowanalytics.py                           1           0  0.30s           2025-04-05T11:20:29                      34
================================================================================
[2025-04-05T11:21:24.408+0000] {manager.py:997} INFO - 
================================================================================
DAG File Processing Stats

File Path                                     PID    Runtime      # DAGs    # Errors  Last Runtime    Last Run               Last # of DB Queries
--------------------------------------------  -----  ---------  --------  ----------  --------------  -------------------  ----------------------
/home/ubuntu/airflow/dags/zillowanalytics.py                           1           0  0.30s           2025-04-05T11:21:00                      34
================================================================================
[2025-04-05T11:21:54.778+0000] {manager.py:997} INFO - 
================================================================================
DAG File Processing Stats

File Path                                     PID    Runtime      # DAGs    # Errors  Last Runtime    Last Run               Last # of DB Queries
--------------------------------------------  -----  ---------  --------  ----------  --------------  -------------------  ----------------------
/home/ubuntu/airflow/dags/zillowanalytics.py                           1           0  0.30s           2025-04-05T11:21:30                      34
================================================================================
[2025-04-05T11:22:25.155+0000] {manager.py:997} INFO - 
================================================================================
DAG File Processing Stats

File Path                                     PID    Runtime      # DAGs    # Errors  Last Runtime    Last Run               Last # of DB Queries
--------------------------------------------  -----  ---------  --------  ----------  --------------  -------------------  ----------------------
/home/ubuntu/airflow/dags/zillowanalytics.py                           1           0  0.30s           2025-04-05T11:22:00                      34
================================================================================
[2025-04-05T11:22:55.895+0000] {manager.py:997} INFO - 
================================================================================
DAG File Processing Stats

File Path                                     PID    Runtime      # DAGs    # Errors  Last Runtime    Last Run               Last # of DB Queries
--------------------------------------------  -----  ---------  --------  ----------  --------------  -------------------  ----------------------
/home/ubuntu/airflow/dags/zillowanalytics.py                           1           0  0.30s           2025-04-05T11:22:31                      34
================================================================================
[2025-04-05T11:23:25.902+0000] {manager.py:997} INFO - 
================================================================================
DAG File Processing Stats

File Path                                     PID    Runtime      # DAGs    # Errors  Last Runtime    Last Run               Last # of DB Queries
--------------------------------------------  -----  ---------  --------  ----------  --------------  -------------------  ----------------------
/home/ubuntu/airflow/dags/zillowanalytics.py                           1           0  0.30s           2025-04-05T11:23:01                      34
================================================================================
[2025-04-05T11:23:51.442+0000] {manager.py:821} INFO - Searching for files in /home/ubuntu/airflow/dags
[2025-04-05T11:23:51.443+0000] {manager.py:824} INFO - There are 1 files in /home/ubuntu/airflow/dags
[2025-04-05T11:23:56.290+0000] {manager.py:997} INFO - 
================================================================================
DAG File Processing Stats

File Path                                     PID    Runtime      # DAGs    # Errors  Last Runtime    Last Run               Last # of DB Queries
--------------------------------------------  -----  ---------  --------  ----------  --------------  -------------------  ----------------------
/home/ubuntu/airflow/dags/zillowanalytics.py                           1           0  0.30s           2025-04-05T11:23:31                      34
================================================================================
[2025-04-05T11:24:26.661+0000] {manager.py:997} INFO - 
================================================================================
DAG File Processing Stats

File Path                                     PID    Runtime      # DAGs    # Errors  Last Runtime    Last Run               Last # of DB Queries
--------------------------------------------  -----  ---------  --------  ----------  --------------  -------------------  ----------------------
/home/ubuntu/airflow/dags/zillowanalytics.py                           1           0  0.30s           2025-04-05T11:24:02                      34
================================================================================
[2025-04-05T11:24:57.590+0000] {manager.py:997} INFO - 
================================================================================
DAG File Processing Stats

File Path                                     PID    Runtime      # DAGs    # Errors  Last Runtime    Last Run               Last # of DB Queries
--------------------------------------------  -----  ---------  --------  ----------  --------------  -------------------  ----------------------
/home/ubuntu/airflow/dags/zillowanalytics.py                           1           0  0.30s           2025-04-05T11:24:32                      34
================================================================================
[2025-04-05T11:25:28.328+0000] {manager.py:997} INFO - 
================================================================================
DAG File Processing Stats

File Path                                     PID    Runtime      # DAGs    # Errors  Last Runtime    Last Run               Last # of DB Queries
--------------------------------------------  -----  ---------  --------  ----------  --------------  -------------------  ----------------------
/home/ubuntu/airflow/dags/zillowanalytics.py                           1           0  0.30s           2025-04-05T11:25:03                      34
================================================================================
[2025-04-05T11:25:58.649+0000] {manager.py:997} INFO - 
================================================================================
DAG File Processing Stats

File Path                                     PID    Runtime      # DAGs    # Errors  Last Runtime    Last Run               Last # of DB Queries
--------------------------------------------  -----  ---------  --------  ----------  --------------  -------------------  ----------------------
/home/ubuntu/airflow/dags/zillowanalytics.py                           1           0  0.30s           2025-04-05T11:25:33                      34
================================================================================
[2025-04-05T11:26:29.079+0000] {manager.py:997} INFO - 
================================================================================
DAG File Processing Stats

File Path                                     PID    Runtime      # DAGs    # Errors  Last Runtime    Last Run               Last # of DB Queries
--------------------------------------------  -----  ---------  --------  ----------  --------------  -------------------  ----------------------
/home/ubuntu/airflow/dags/zillowanalytics.py                           1           0  0.30s           2025-04-05T11:26:03                      34
================================================================================
[2025-04-05T11:26:59.454+0000] {manager.py:997} INFO - 
================================================================================
DAG File Processing Stats

File Path                                     PID    Runtime      # DAGs    # Errors  Last Runtime    Last Run               Last # of DB Queries
--------------------------------------------  -----  ---------  --------  ----------  --------------  -------------------  ----------------------
/home/ubuntu/airflow/dags/zillowanalytics.py                           1           0  0.30s           2025-04-05T11:26:34                      34
================================================================================
[2025-04-05T11:27:29.828+0000] {manager.py:997} INFO - 
================================================================================
DAG File Processing Stats

File Path                                     PID    Runtime      # DAGs    # Errors  Last Runtime    Last Run               Last # of DB Queries
--------------------------------------------  -----  ---------  --------  ----------  --------------  -------------------  ----------------------
/home/ubuntu/airflow/dags/zillowanalytics.py                           1           0  0.30s           2025-04-05T11:27:04                      34
================================================================================
[2025-04-05T11:28:00.202+0000] {manager.py:997} INFO - 
================================================================================
DAG File Processing Stats

File Path                                     PID    Runtime      # DAGs    # Errors  Last Runtime    Last Run               Last # of DB Queries
--------------------------------------------  -----  ---------  --------  ----------  --------------  -------------------  ----------------------
/home/ubuntu/airflow/dags/zillowanalytics.py                           1           0  0.30s           2025-04-05T11:27:35                      34
================================================================================
[2025-04-05T11:28:30.583+0000] {manager.py:997} INFO - 
================================================================================
DAG File Processing Stats

File Path                                     PID    Runtime      # DAGs    # Errors  Last Runtime    Last Run               Last # of DB Queries
--------------------------------------------  -----  ---------  --------  ----------  --------------  -------------------  ----------------------
/home/ubuntu/airflow/dags/zillowanalytics.py                           1           0  0.30s           2025-04-05T11:28:05                      34
================================================================================
[2025-04-05T11:28:51.489+0000] {manager.py:821} INFO - Searching for files in /home/ubuntu/airflow/dags
[2025-04-05T11:28:51.490+0000] {manager.py:824} INFO - There are 1 files in /home/ubuntu/airflow/dags
[2025-04-05T11:29:00.791+0000] {manager.py:997} INFO - 
================================================================================
DAG File Processing Stats

File Path                                     PID    Runtime      # DAGs    # Errors  Last Runtime    Last Run               Last # of DB Queries
--------------------------------------------  -----  ---------  --------  ----------  --------------  -------------------  ----------------------
/home/ubuntu/airflow/dags/zillowanalytics.py                           1           0  0.30s           2025-04-05T11:28:35                      34
================================================================================
[2025-04-05T11:29:31.334+0000] {manager.py:997} INFO - 
================================================================================
DAG File Processing Stats

File Path                                     PID    Runtime      # DAGs    # Errors  Last Runtime    Last Run               Last # of DB Queries
--------------------------------------------  -----  ---------  --------  ----------  --------------  -------------------  ----------------------
/home/ubuntu/airflow/dags/zillowanalytics.py                           1           0  0.30s           2025-04-05T11:29:06                      34
================================================================================
[2025-04-05T11:30:01.716+0000] {manager.py:997} INFO - 
================================================================================
DAG File Processing Stats

File Path                                     PID    Runtime      # DAGs    # Errors  Last Runtime    Last Run               Last # of DB Queries
--------------------------------------------  -----  ---------  --------  ----------  --------------  -------------------  ----------------------
/home/ubuntu/airflow/dags/zillowanalytics.py                           1           0  0.30s           2025-04-05T11:29:36                      34
================================================================================
[2025-04-05T11:30:32.093+0000] {manager.py:997} INFO - 
================================================================================
DAG File Processing Stats

File Path                                     PID    Runtime      # DAGs    # Errors  Last Runtime    Last Run               Last # of DB Queries
--------------------------------------------  -----  ---------  --------  ----------  --------------  -------------------  ----------------------
/home/ubuntu/airflow/dags/zillowanalytics.py                           1           0  0.31s           2025-04-05T11:30:06                      34
================================================================================
[2025-04-05T11:31:02.467+0000] {manager.py:997} INFO - 
================================================================================
DAG File Processing Stats

File Path                                     PID    Runtime      # DAGs    # Errors  Last Runtime    Last Run               Last # of DB Queries
--------------------------------------------  -----  ---------  --------  ----------  --------------  -------------------  ----------------------
/home/ubuntu/airflow/dags/zillowanalytics.py                           1           0  0.30s           2025-04-05T11:30:37                      34
================================================================================
[2025-04-05T11:31:32.842+0000] {manager.py:997} INFO - 
================================================================================
DAG File Processing Stats

File Path                                     PID    Runtime      # DAGs    # Errors  Last Runtime    Last Run               Last # of DB Queries
--------------------------------------------  -----  ---------  --------  ----------  --------------  -------------------  ----------------------
/home/ubuntu/airflow/dags/zillowanalytics.py                           1           0  0.30s           2025-04-05T11:31:07                      34
================================================================================
[2025-04-05T11:32:03.214+0000] {manager.py:997} INFO - 
================================================================================
DAG File Processing Stats

File Path                                     PID    Runtime      # DAGs    # Errors  Last Runtime    Last Run               Last # of DB Queries
--------------------------------------------  -----  ---------  --------  ----------  --------------  -------------------  ----------------------
/home/ubuntu/airflow/dags/zillowanalytics.py                           1           0  0.30s           2025-04-05T11:31:38                      34
================================================================================
[2025-04-05T11:32:33.600+0000] {manager.py:997} INFO - 
================================================================================
DAG File Processing Stats

File Path                                     PID    Runtime      # DAGs    # Errors  Last Runtime    Last Run               Last # of DB Queries
--------------------------------------------  -----  ---------  --------  ----------  --------------  -------------------  ----------------------
/home/ubuntu/airflow/dags/zillowanalytics.py                           1           0  0.30s           2025-04-05T11:32:08                      34
================================================================================
[2025-04-05T11:33:03.970+0000] {manager.py:997} INFO - 
================================================================================
DAG File Processing Stats

File Path                                     PID    Runtime      # DAGs    # Errors  Last Runtime    Last Run               Last # of DB Queries
--------------------------------------------  -----  ---------  --------  ----------  --------------  -------------------  ----------------------
/home/ubuntu/airflow/dags/zillowanalytics.py                           1           0  0.30s           2025-04-05T11:32:38                      34
================================================================================
[2025-04-05T11:33:34.346+0000] {manager.py:997} INFO - 
================================================================================
DAG File Processing Stats

File Path                                     PID    Runtime      # DAGs    # Errors  Last Runtime    Last Run               Last # of DB Queries
--------------------------------------------  -----  ---------  --------  ----------  --------------  -------------------  ----------------------
/home/ubuntu/airflow/dags/zillowanalytics.py                           1           0  0.30s           2025-04-05T11:33:09                      34
================================================================================
[2025-04-05T11:33:51.533+0000] {manager.py:821} INFO - Searching for files in /home/ubuntu/airflow/dags
[2025-04-05T11:33:51.535+0000] {manager.py:824} INFO - There are 1 files in /home/ubuntu/airflow/dags
[2025-04-05T11:34:04.728+0000] {manager.py:997} INFO - 
================================================================================
DAG File Processing Stats

File Path                                     PID    Runtime      # DAGs    # Errors  Last Runtime    Last Run               Last # of DB Queries
--------------------------------------------  -----  ---------  --------  ----------  --------------  -------------------  ----------------------
/home/ubuntu/airflow/dags/zillowanalytics.py                           1           0  0.30s           2025-04-05T11:33:39                      34
================================================================================
[2025-04-05T11:34:35.094+0000] {manager.py:997} INFO - 
================================================================================
DAG File Processing Stats

File Path                                     PID    Runtime      # DAGs    # Errors  Last Runtime    Last Run               Last # of DB Queries
--------------------------------------------  -----  ---------  --------  ----------  --------------  -------------------  ----------------------
/home/ubuntu/airflow/dags/zillowanalytics.py                           1           0  0.30s           2025-04-05T11:34:09                      34
================================================================================
[2025-04-05T11:35:05.621+0000] {manager.py:997} INFO - 
================================================================================
DAG File Processing Stats

File Path                                     PID    Runtime      # DAGs    # Errors  Last Runtime    Last Run               Last # of DB Queries
--------------------------------------------  -----  ---------  --------  ----------  --------------  -------------------  ----------------------
/home/ubuntu/airflow/dags/zillowanalytics.py                           1           0  0.30s           2025-04-05T11:34:40                      34
================================================================================
[2025-04-05T11:35:35.857+0000] {manager.py:997} INFO - 
================================================================================
DAG File Processing Stats

File Path                                     PID    Runtime      # DAGs    # Errors  Last Runtime    Last Run               Last # of DB Queries
--------------------------------------------  -----  ---------  --------  ----------  --------------  -------------------  ----------------------
/home/ubuntu/airflow/dags/zillowanalytics.py                           1           0  0.30s           2025-04-05T11:35:10                      34
================================================================================
[2025-04-05T11:36:06.093+0000] {manager.py:997} INFO - 
================================================================================
DAG File Processing Stats

File Path                                     PID    Runtime      # DAGs    # Errors  Last Runtime    Last Run               Last # of DB Queries
--------------------------------------------  -----  ---------  --------  ----------  --------------  -------------------  ----------------------
/home/ubuntu/airflow/dags/zillowanalytics.py                           1           0  0.30s           2025-04-05T11:35:42                      34
================================================================================
[2025-04-05T11:36:36.332+0000] {manager.py:997} INFO - 
================================================================================
DAG File Processing Stats

File Path                                     PID    Runtime      # DAGs    # Errors  Last Runtime    Last Run               Last # of DB Queries
--------------------------------------------  -----  ---------  --------  ----------  --------------  -------------------  ----------------------
/home/ubuntu/airflow/dags/zillowanalytics.py                           1           0  0.30s           2025-04-05T11:36:13                      34
================================================================================
[2025-04-05T11:37:06.575+0000] {manager.py:997} INFO - 
================================================================================
DAG File Processing Stats

File Path                                     PID    Runtime      # DAGs    # Errors  Last Runtime    Last Run               Last # of DB Queries
--------------------------------------------  -----  ---------  --------  ----------  --------------  -------------------  ----------------------
/home/ubuntu/airflow/dags/zillowanalytics.py                           1           0  0.30s           2025-04-05T11:36:43                      34
================================================================================
[2025-04-05T11:37:36.817+0000] {manager.py:997} INFO - 
================================================================================
DAG File Processing Stats

File Path                                     PID    Runtime      # DAGs    # Errors  Last Runtime    Last Run               Last # of DB Queries
--------------------------------------------  -----  ---------  --------  ----------  --------------  -------------------  ----------------------
/home/ubuntu/airflow/dags/zillowanalytics.py                           1           0  0.30s           2025-04-05T11:37:14                      34
================================================================================
[2025-04-05T11:38:07.058+0000] {manager.py:997} INFO - 
================================================================================
DAG File Processing Stats

File Path                                     PID    Runtime      # DAGs    # Errors  Last Runtime    Last Run               Last # of DB Queries
--------------------------------------------  -----  ---------  --------  ----------  --------------  -------------------  ----------------------
/home/ubuntu/airflow/dags/zillowanalytics.py                           1           0  0.30s           2025-04-05T11:37:44                      34
================================================================================
[2025-04-05T11:38:37.298+0000] {manager.py:997} INFO - 
================================================================================
DAG File Processing Stats

File Path                                     PID    Runtime      # DAGs    # Errors  Last Runtime    Last Run               Last # of DB Queries
--------------------------------------------  -----  ---------  --------  ----------  --------------  -------------------  ----------------------
/home/ubuntu/airflow/dags/zillowanalytics.py                           1           0  0.30s           2025-04-05T11:38:15                      34
================================================================================
[2025-04-05T11:38:51.579+0000] {manager.py:821} INFO - Searching for files in /home/ubuntu/airflow/dags
[2025-04-05T11:38:51.581+0000] {manager.py:824} INFO - There are 1 files in /home/ubuntu/airflow/dags
[2025-04-05T11:39:07.615+0000] {manager.py:997} INFO - 
================================================================================
DAG File Processing Stats

File Path                                     PID    Runtime      # DAGs    # Errors  Last Runtime    Last Run               Last # of DB Queries
--------------------------------------------  -----  ---------  --------  ----------  --------------  -------------------  ----------------------
/home/ubuntu/airflow/dags/zillowanalytics.py                           1           0  0.30s           2025-04-05T11:38:45                      34
================================================================================
[2025-04-05T11:39:37.997+0000] {manager.py:997} INFO - 
================================================================================
DAG File Processing Stats

File Path                                     PID    Runtime      # DAGs    # Errors  Last Runtime    Last Run               Last # of DB Queries
--------------------------------------------  -----  ---------  --------  ----------  --------------  -------------------  ----------------------
/home/ubuntu/airflow/dags/zillowanalytics.py                           1           0  0.30s           2025-04-05T11:39:15                      34
================================================================================
[2025-04-05T11:40:08.370+0000] {manager.py:997} INFO - 
================================================================================
DAG File Processing Stats

File Path                                     PID    Runtime      # DAGs    # Errors  Last Runtime    Last Run               Last # of DB Queries
--------------------------------------------  -----  ---------  --------  ----------  --------------  -------------------  ----------------------
/home/ubuntu/airflow/dags/zillowanalytics.py                           1           0  0.30s           2025-04-05T11:39:46                      34
================================================================================
[2025-04-05T11:40:38.747+0000] {manager.py:997} INFO - 
================================================================================
DAG File Processing Stats

File Path                                     PID    Runtime      # DAGs    # Errors  Last Runtime    Last Run               Last # of DB Queries
--------------------------------------------  -----  ---------  --------  ----------  --------------  -------------------  ----------------------
/home/ubuntu/airflow/dags/zillowanalytics.py                           1           0  0.30s           2025-04-05T11:40:16                      34
================================================================================
[2025-04-05T11:41:09.122+0000] {manager.py:997} INFO - 
================================================================================
DAG File Processing Stats

File Path                                     PID    Runtime      # DAGs    # Errors  Last Runtime    Last Run               Last # of DB Queries
--------------------------------------------  -----  ---------  --------  ----------  --------------  -------------------  ----------------------
/home/ubuntu/airflow/dags/zillowanalytics.py                           1           0  0.30s           2025-04-05T11:40:46                      34
================================================================================
[2025-04-05T11:41:39.495+0000] {manager.py:997} INFO - 
================================================================================
DAG File Processing Stats

File Path                                     PID    Runtime      # DAGs    # Errors  Last Runtime    Last Run               Last # of DB Queries
--------------------------------------------  -----  ---------  --------  ----------  --------------  -------------------  ----------------------
/home/ubuntu/airflow/dags/zillowanalytics.py                           1           0  0.30s           2025-04-05T11:41:17                      34
================================================================================
[2025-04-05T11:42:09.868+0000] {manager.py:997} INFO - 
================================================================================
DAG File Processing Stats

File Path                                     PID    Runtime      # DAGs    # Errors  Last Runtime    Last Run               Last # of DB Queries
--------------------------------------------  -----  ---------  --------  ----------  --------------  -------------------  ----------------------
/home/ubuntu/airflow/dags/zillowanalytics.py                           1           0  0.30s           2025-04-05T11:41:47                      34
================================================================================
[2025-04-05T11:42:40.250+0000] {manager.py:997} INFO - 
================================================================================
DAG File Processing Stats

File Path                                     PID    Runtime      # DAGs    # Errors  Last Runtime    Last Run               Last # of DB Queries
--------------------------------------------  -----  ---------  --------  ----------  --------------  -------------------  ----------------------
/home/ubuntu/airflow/dags/zillowanalytics.py                           1           0  0.30s           2025-04-05T11:42:18                      34
================================================================================
[2025-04-05T11:43:10.620+0000] {manager.py:997} INFO - 
================================================================================
DAG File Processing Stats

File Path                                     PID    Runtime      # DAGs    # Errors  Last Runtime    Last Run               Last # of DB Queries
--------------------------------------------  -----  ---------  --------  ----------  --------------  -------------------  ----------------------
/home/ubuntu/airflow/dags/zillowanalytics.py                           1           0  0.31s           2025-04-05T11:42:48                      34
================================================================================
[2025-04-05T11:43:41.005+0000] {manager.py:997} INFO - 
================================================================================
DAG File Processing Stats

File Path                                     PID    Runtime      # DAGs    # Errors  Last Runtime    Last Run               Last # of DB Queries
--------------------------------------------  -----  ---------  --------  ----------  --------------  -------------------  ----------------------
/home/ubuntu/airflow/dags/zillowanalytics.py                           1           0  0.30s           2025-04-05T11:43:18                      34
================================================================================
[2025-04-05T11:43:51.626+0000] {manager.py:821} INFO - Searching for files in /home/ubuntu/airflow/dags
[2025-04-05T11:43:51.627+0000] {manager.py:824} INFO - There are 1 files in /home/ubuntu/airflow/dags
[2025-04-05T11:44:11.242+0000] {manager.py:997} INFO - 
================================================================================
DAG File Processing Stats

File Path                                     PID    Runtime      # DAGs    # Errors  Last Runtime    Last Run               Last # of DB Queries
--------------------------------------------  -----  ---------  --------  ----------  --------------  -------------------  ----------------------
/home/ubuntu/airflow/dags/zillowanalytics.py                           0           1  0.10s           2025-04-05T11:43:46                       3
================================================================================
[2025-04-05T11:44:41.483+0000] {manager.py:997} INFO - 
================================================================================
DAG File Processing Stats

File Path                                     PID    Runtime      # DAGs    # Errors  Last Runtime    Last Run               Last # of DB Queries
--------------------------------------------  -----  ---------  --------  ----------  --------------  -------------------  ----------------------
/home/ubuntu/airflow/dags/zillowanalytics.py                           0           1  0.10s           2025-04-05T11:44:16                       5
================================================================================
[2025-04-05T11:45:11.723+0000] {manager.py:997} INFO - 
================================================================================
DAG File Processing Stats

File Path                                     PID    Runtime      # DAGs    # Errors  Last Runtime    Last Run               Last # of DB Queries
--------------------------------------------  -----  ---------  --------  ----------  --------------  -------------------  ----------------------
/home/ubuntu/airflow/dags/zillowanalytics.py                           0           1  0.10s           2025-04-05T11:44:46                       5
================================================================================
[2025-04-05T11:45:41.962+0000] {manager.py:997} INFO - 
================================================================================
DAG File Processing Stats

File Path                                     PID    Runtime      # DAGs    # Errors  Last Runtime    Last Run               Last # of DB Queries
--------------------------------------------  -----  ---------  --------  ----------  --------------  -------------------  ----------------------
/home/ubuntu/airflow/dags/zillowanalytics.py                           0           1  0.10s           2025-04-05T11:45:16                       5
================================================================================
[2025-04-05T11:46:12.201+0000] {manager.py:997} INFO - 
================================================================================
DAG File Processing Stats

File Path                                     PID    Runtime      # DAGs    # Errors  Last Runtime    Last Run               Last # of DB Queries
--------------------------------------------  -----  ---------  --------  ----------  --------------  -------------------  ----------------------
/home/ubuntu/airflow/dags/zillowanalytics.py                           0           1  0.10s           2025-04-05T11:45:47                       5
================================================================================
[2025-04-05T11:46:42.444+0000] {manager.py:997} INFO - 
================================================================================
DAG File Processing Stats

File Path                                     PID    Runtime      # DAGs    # Errors  Last Runtime    Last Run               Last # of DB Queries
--------------------------------------------  -----  ---------  --------  ----------  --------------  -------------------  ----------------------
/home/ubuntu/airflow/dags/zillowanalytics.py                           0           1  0.10s           2025-04-05T11:46:17                       5
================================================================================
[2025-04-05T11:47:12.662+0000] {manager.py:997} INFO - 
================================================================================
DAG File Processing Stats

File Path                                     PID    Runtime      # DAGs    # Errors  Last Runtime    Last Run               Last # of DB Queries
--------------------------------------------  -----  ---------  --------  ----------  --------------  -------------------  ----------------------
/home/ubuntu/airflow/dags/zillowanalytics.py                           0           1  0.10s           2025-04-05T11:46:48                       5
================================================================================
[2025-04-05T11:47:42.895+0000] {manager.py:997} INFO - 
================================================================================
DAG File Processing Stats

File Path                                     PID    Runtime      # DAGs    # Errors  Last Runtime    Last Run               Last # of DB Queries
--------------------------------------------  -----  ---------  --------  ----------  --------------  -------------------  ----------------------
/home/ubuntu/airflow/dags/zillowanalytics.py                           0           1  0.10s           2025-04-05T11:47:18                       5
================================================================================
[2025-04-05T11:48:13.131+0000] {manager.py:997} INFO - 
================================================================================
DAG File Processing Stats

File Path                                     PID    Runtime      # DAGs    # Errors  Last Runtime    Last Run               Last # of DB Queries
--------------------------------------------  -----  ---------  --------  ----------  --------------  -------------------  ----------------------
/home/ubuntu/airflow/dags/zillowanalytics.py                           0           1  0.10s           2025-04-05T11:47:49                       5
================================================================================
[2025-04-05T11:48:43.395+0000] {manager.py:997} INFO - 
================================================================================
DAG File Processing Stats

File Path                                     PID    Runtime      # DAGs    # Errors  Last Runtime    Last Run               Last # of DB Queries
--------------------------------------------  -----  ---------  --------  ----------  --------------  -------------------  ----------------------
/home/ubuntu/airflow/dags/zillowanalytics.py                           0           1  0.10s           2025-04-05T11:48:19                       5
================================================================================
[2025-04-05T11:48:51.671+0000] {manager.py:821} INFO - Searching for files in /home/ubuntu/airflow/dags
[2025-04-05T11:48:51.672+0000] {manager.py:824} INFO - There are 1 files in /home/ubuntu/airflow/dags
[2025-04-05T11:49:13.613+0000] {manager.py:997} INFO - 
================================================================================
DAG File Processing Stats

File Path                                     PID    Runtime      # DAGs    # Errors  Last Runtime    Last Run               Last # of DB Queries
--------------------------------------------  -----  ---------  --------  ----------  --------------  -------------------  ----------------------
/home/ubuntu/airflow/dags/zillowanalytics.py                           0           1  0.10s           2025-04-05T11:48:49                       5
================================================================================
[2025-04-05T11:49:43.851+0000] {manager.py:997} INFO - 
================================================================================
DAG File Processing Stats

File Path                                     PID    Runtime      # DAGs    # Errors  Last Runtime    Last Run               Last # of DB Queries
--------------------------------------------  -----  ---------  --------  ----------  --------------  -------------------  ----------------------
/home/ubuntu/airflow/dags/zillowanalytics.py                           0           1  0.10s           2025-04-05T11:49:19                       5
================================================================================
[2025-04-05T11:50:14.074+0000] {manager.py:997} INFO - 
================================================================================
DAG File Processing Stats

File Path                                     PID    Runtime      # DAGs    # Errors  Last Runtime    Last Run               Last # of DB Queries
--------------------------------------------  -----  ---------  --------  ----------  --------------  -------------------  ----------------------
/home/ubuntu/airflow/dags/zillowanalytics.py                           0           1  0.11s           2025-04-05T11:49:49                       5
================================================================================
[2025-04-05T11:50:44.275+0000] {manager.py:997} INFO - 
================================================================================
DAG File Processing Stats

File Path                                     PID    Runtime      # DAGs    # Errors  Last Runtime    Last Run               Last # of DB Queries
--------------------------------------------  -----  ---------  --------  ----------  --------------  -------------------  ----------------------
/home/ubuntu/airflow/dags/zillowanalytics.py                           0           1  0.10s           2025-04-05T11:50:20                       5
================================================================================
[2025-04-05T11:51:14.508+0000] {manager.py:997} INFO - 
================================================================================
DAG File Processing Stats

File Path                                     PID    Runtime      # DAGs    # Errors  Last Runtime    Last Run               Last # of DB Queries
--------------------------------------------  -----  ---------  --------  ----------  --------------  -------------------  ----------------------
/home/ubuntu/airflow/dags/zillowanalytics.py                           0           1  0.10s           2025-04-05T11:50:50                       5
================================================================================
[2025-04-05T11:51:44.745+0000] {manager.py:997} INFO - 
================================================================================
DAG File Processing Stats

File Path                                     PID    Runtime      # DAGs    # Errors  Last Runtime    Last Run               Last # of DB Queries
--------------------------------------------  -----  ---------  --------  ----------  --------------  -------------------  ----------------------
/home/ubuntu/airflow/dags/zillowanalytics.py                           0           1  0.10s           2025-04-05T11:51:20                       5
================================================================================
[2025-04-05T11:52:15.001+0000] {manager.py:997} INFO - 
================================================================================
DAG File Processing Stats

File Path                                     PID    Runtime      # DAGs    # Errors  Last Runtime    Last Run               Last # of DB Queries
--------------------------------------------  -----  ---------  --------  ----------  --------------  -------------------  ----------------------
/home/ubuntu/airflow/dags/zillowanalytics.py                           0           1  0.10s           2025-04-05T11:51:50                       5
================================================================================
[2025-04-05T11:52:45.239+0000] {manager.py:997} INFO - 
================================================================================
DAG File Processing Stats

File Path                                     PID    Runtime      # DAGs    # Errors  Last Runtime    Last Run               Last # of DB Queries
--------------------------------------------  -----  ---------  --------  ----------  --------------  -------------------  ----------------------
/home/ubuntu/airflow/dags/zillowanalytics.py                           0           1  0.11s           2025-04-05T11:52:20                       5
================================================================================
[2025-04-05T11:53:15.483+0000] {manager.py:997} INFO - 
================================================================================
DAG File Processing Stats

File Path                                     PID    Runtime      # DAGs    # Errors  Last Runtime    Last Run               Last # of DB Queries
--------------------------------------------  -----  ---------  --------  ----------  --------------  -------------------  ----------------------
/home/ubuntu/airflow/dags/zillowanalytics.py                           0           1  0.11s           2025-04-05T11:52:50                       5
================================================================================
[2025-04-05T11:53:45.747+0000] {manager.py:997} INFO - 
================================================================================
DAG File Processing Stats

File Path                                     PID    Runtime      # DAGs    # Errors  Last Runtime    Last Run               Last # of DB Queries
--------------------------------------------  -----  ---------  --------  ----------  --------------  -------------------  ----------------------
/home/ubuntu/airflow/dags/zillowanalytics.py                           0           1  0.10s           2025-04-05T11:53:21                       5
================================================================================
[2025-04-05T11:53:51.719+0000] {manager.py:821} INFO - Searching for files in /home/ubuntu/airflow/dags
[2025-04-05T11:53:51.720+0000] {manager.py:824} INFO - There are 1 files in /home/ubuntu/airflow/dags
[2025-04-05T11:54:16.035+0000] {manager.py:997} INFO - 
================================================================================
DAG File Processing Stats

File Path                                     PID    Runtime      # DAGs    # Errors  Last Runtime    Last Run               Last # of DB Queries
--------------------------------------------  -----  ---------  --------  ----------  --------------  -------------------  ----------------------
/home/ubuntu/airflow/dags/zillowanalytics.py                           0           1  0.10s           2025-04-05T11:53:51                       5
================================================================================
[2025-04-05T11:54:46.265+0000] {manager.py:997} INFO - 
================================================================================
DAG File Processing Stats

File Path                                     PID    Runtime      # DAGs    # Errors  Last Runtime    Last Run               Last # of DB Queries
--------------------------------------------  -----  ---------  --------  ----------  --------------  -------------------  ----------------------
/home/ubuntu/airflow/dags/zillowanalytics.py                           0           1  0.10s           2025-04-05T11:54:21                       5
================================================================================
[2025-04-05T11:55:16.497+0000] {manager.py:997} INFO - 
================================================================================
DAG File Processing Stats

File Path                                     PID    Runtime      # DAGs    # Errors  Last Runtime    Last Run               Last # of DB Queries
--------------------------------------------  -----  ---------  --------  ----------  --------------  -------------------  ----------------------
/home/ubuntu/airflow/dags/zillowanalytics.py                           0           1  0.10s           2025-04-05T11:54:51                       5
================================================================================
[2025-04-05T11:55:46.734+0000] {manager.py:997} INFO - 
================================================================================
DAG File Processing Stats

File Path                                     PID    Runtime      # DAGs    # Errors  Last Runtime    Last Run               Last # of DB Queries
--------------------------------------------  -----  ---------  --------  ----------  --------------  -------------------  ----------------------
/home/ubuntu/airflow/dags/zillowanalytics.py                           0           1  0.10s           2025-04-05T11:55:21                       5
================================================================================
[2025-04-05T11:56:16.971+0000] {manager.py:997} INFO - 
================================================================================
DAG File Processing Stats

File Path                                     PID    Runtime      # DAGs    # Errors  Last Runtime    Last Run               Last # of DB Queries
--------------------------------------------  -----  ---------  --------  ----------  --------------  -------------------  ----------------------
/home/ubuntu/airflow/dags/zillowanalytics.py                           0           1  0.10s           2025-04-05T11:55:52                       5
================================================================================
[2025-04-05T11:56:47.216+0000] {manager.py:997} INFO - 
================================================================================
DAG File Processing Stats

File Path                                     PID    Runtime      # DAGs    # Errors  Last Runtime    Last Run               Last # of DB Queries
--------------------------------------------  -----  ---------  --------  ----------  --------------  -------------------  ----------------------
/home/ubuntu/airflow/dags/zillowanalytics.py                           0           1  0.11s           2025-04-05T11:56:22                       5
================================================================================
[2025-04-05T11:57:17.453+0000] {manager.py:997} INFO - 
================================================================================
DAG File Processing Stats

File Path                                     PID    Runtime      # DAGs    # Errors  Last Runtime    Last Run               Last # of DB Queries
--------------------------------------------  -----  ---------  --------  ----------  --------------  -------------------  ----------------------
/home/ubuntu/airflow/dags/zillowanalytics.py                           0           1  0.10s           2025-04-05T11:56:52                       5
================================================================================
[2025-04-05T11:57:47.690+0000] {manager.py:997} INFO - 
================================================================================
DAG File Processing Stats

File Path                                     PID    Runtime      # DAGs    # Errors  Last Runtime    Last Run               Last # of DB Queries
--------------------------------------------  -----  ---------  --------  ----------  --------------  -------------------  ----------------------
/home/ubuntu/airflow/dags/zillowanalytics.py                           0           1  0.10s           2025-04-05T11:57:22                       5
================================================================================
[2025-04-05T11:58:17.924+0000] {manager.py:997} INFO - 
================================================================================
DAG File Processing Stats

File Path                                     PID    Runtime      # DAGs    # Errors  Last Runtime    Last Run               Last # of DB Queries
--------------------------------------------  -----  ---------  --------  ----------  --------------  -------------------  ----------------------
/home/ubuntu/airflow/dags/zillowanalytics.py                           0           1  0.10s           2025-04-05T11:57:52                       5
================================================================================
[2025-04-05T11:58:48.164+0000] {manager.py:997} INFO - 
================================================================================
DAG File Processing Stats

File Path                                     PID    Runtime      # DAGs    # Errors  Last Runtime    Last Run               Last # of DB Queries
--------------------------------------------  -----  ---------  --------  ----------  --------------  -------------------  ----------------------
/home/ubuntu/airflow/dags/zillowanalytics.py                           0           1  0.10s           2025-04-05T11:58:22                       5
================================================================================
[2025-04-05T11:58:51.768+0000] {manager.py:821} INFO - Searching for files in /home/ubuntu/airflow/dags
[2025-04-05T11:58:51.769+0000] {manager.py:824} INFO - There are 1 files in /home/ubuntu/airflow/dags
[2025-04-05T11:59:18.443+0000] {manager.py:997} INFO - 
================================================================================
DAG File Processing Stats

File Path                                     PID    Runtime      # DAGs    # Errors  Last Runtime    Last Run               Last # of DB Queries
--------------------------------------------  -----  ---------  --------  ----------  --------------  -------------------  ----------------------
/home/ubuntu/airflow/dags/zillowanalytics.py                           0           1  0.10s           2025-04-05T11:59:06                       5
================================================================================
[2025-04-05T11:59:48.792+0000] {manager.py:997} INFO - 
================================================================================
DAG File Processing Stats

File Path                                     PID    Runtime      # DAGs    # Errors  Last Runtime    Last Run               Last # of DB Queries
--------------------------------------------  -----  ---------  --------  ----------  --------------  -------------------  ----------------------
/home/ubuntu/airflow/dags/zillowanalytics.py                           0           1  0.10s           2025-04-05T11:59:36                       5
================================================================================
[2025-04-05T12:00:19.142+0000] {manager.py:997} INFO - 
================================================================================
DAG File Processing Stats

File Path                                     PID    Runtime      # DAGs    # Errors  Last Runtime    Last Run               Last # of DB Queries
--------------------------------------------  -----  ---------  --------  ----------  --------------  -------------------  ----------------------
/home/ubuntu/airflow/dags/zillowanalytics.py                           0           1  0.10s           2025-04-05T12:00:10                       5
================================================================================
[2025-04-05T12:00:49.378+0000] {manager.py:997} INFO - 
================================================================================
DAG File Processing Stats

File Path                                     PID    Runtime      # DAGs    # Errors  Last Runtime    Last Run               Last # of DB Queries
--------------------------------------------  -----  ---------  --------  ----------  --------------  -------------------  ----------------------
/home/ubuntu/airflow/dags/zillowanalytics.py                           0           1  0.10s           2025-04-05T12:00:41                       5
================================================================================
[2025-04-05T12:01:19.658+0000] {manager.py:997} INFO - 
================================================================================
DAG File Processing Stats

File Path                                     PID    Runtime      # DAGs    # Errors  Last Runtime    Last Run               Last # of DB Queries
--------------------------------------------  -----  ---------  --------  ----------  --------------  -------------------  ----------------------
/home/ubuntu/airflow/dags/zillowanalytics.py                           0           1  0.10s           2025-04-05T12:01:12                       5
================================================================================
[2025-04-05T12:01:49.970+0000] {manager.py:997} INFO - 
================================================================================
DAG File Processing Stats

File Path                                     PID    Runtime      # DAGs    # Errors  Last Runtime    Last Run               Last # of DB Queries
--------------------------------------------  -----  ---------  --------  ----------  --------------  -------------------  ----------------------
/home/ubuntu/airflow/dags/zillowanalytics.py                           0           1  0.10s           2025-04-05T12:01:42                       5
================================================================================
[2025-04-05T12:02:20.415+0000] {manager.py:997} INFO - 
================================================================================
DAG File Processing Stats

File Path                                     PID    Runtime      # DAGs    # Errors  Last Runtime    Last Run               Last # of DB Queries
--------------------------------------------  -----  ---------  --------  ----------  --------------  -------------------  ----------------------
/home/ubuntu/airflow/dags/zillowanalytics.py                           1           0  0.20s           2025-04-05T12:02:20                      34
================================================================================
[2025-04-05T12:04:35.746+0000] {manager.py:465} INFO - Exiting gracefully upon receiving signal 15
[2025-04-05T12:04:35.914+0000] {manager.py:483} INFO - Processing files using up to 1 processes at a time 
[2025-04-05T12:04:35.914+0000] {manager.py:484} INFO - Process each file at most once every 30 seconds
[2025-04-05T12:04:35.915+0000] {manager.py:485} INFO - Checking for new files in /home/ubuntu/airflow/dags every 300 seconds
[2025-04-05T12:04:35.915+0000] {manager.py:821} INFO - Searching for files in /home/ubuntu/airflow/dags
[2025-04-05T12:04:35.916+0000] {manager.py:824} INFO - There are 1 files in /home/ubuntu/airflow/dags
[2025-04-05T12:04:36.344+0000] {manager.py:997} INFO - 
================================================================================
DAG File Processing Stats

File Path                                     PID    Runtime      # DAGs    # Errors  Last Runtime    Last Run               Last # of DB Queries
--------------------------------------------  -----  ---------  --------  ----------  --------------  -------------------  ----------------------
/home/ubuntu/airflow/dags/zillowanalytics.py                           1           0  0.30s           2025-04-05T12:04:36                      34
================================================================================
[2025-04-05T12:05:27.398+0000] {manager.py:465} INFO - Exiting gracefully upon receiving signal 15
[2025-04-05T12:05:39.970+0000] {manager.py:483} INFO - Processing files using up to 1 processes at a time 
[2025-04-05T12:05:39.971+0000] {manager.py:484} INFO - Process each file at most once every 30 seconds
[2025-04-05T12:05:39.972+0000] {manager.py:485} INFO - Checking for new files in /home/ubuntu/airflow/dags every 300 seconds
[2025-04-05T12:05:39.972+0000] {manager.py:821} INFO - Searching for files in /home/ubuntu/airflow/dags
[2025-04-05T12:05:39.973+0000] {manager.py:824} INFO - There are 1 files in /home/ubuntu/airflow/dags
[2025-04-05T12:05:40.328+0000] {manager.py:997} INFO - 
================================================================================
DAG File Processing Stats

File Path                                     PID    Runtime      # DAGs    # Errors  Last Runtime    Last Run               Last # of DB Queries
--------------------------------------------  -----  ---------  --------  ----------  --------------  -------------------  ----------------------
/home/ubuntu/airflow/dags/zillowanalytics.py                           1           0  0.21s           2025-04-05T12:05:40                      34
================================================================================
[2025-04-05T12:06:11.403+0000] {manager.py:997} INFO - 
================================================================================
DAG File Processing Stats

File Path                                     PID    Runtime      # DAGs    # Errors  Last Runtime    Last Run               Last # of DB Queries
--------------------------------------------  -----  ---------  --------  ----------  --------------  -------------------  ----------------------
/home/ubuntu/airflow/dags/zillowanalytics.py                           1           0  0.20s           2025-04-05T12:06:11                      34
================================================================================
[2025-04-05T12:06:41.651+0000] {manager.py:997} INFO - 
================================================================================
DAG File Processing Stats

File Path                                     PID    Runtime      # DAGs    # Errors  Last Runtime    Last Run               Last # of DB Queries
--------------------------------------------  -----  ---------  --------  ----------  --------------  -------------------  ----------------------
/home/ubuntu/airflow/dags/zillowanalytics.py                           1           0  0.21s           2025-04-05T12:06:41                      34
================================================================================
[2025-04-05T12:07:11.889+0000] {manager.py:997} INFO - 
================================================================================
DAG File Processing Stats

File Path                                     PID    Runtime      # DAGs    # Errors  Last Runtime    Last Run               Last # of DB Queries
--------------------------------------------  -----  ---------  --------  ----------  --------------  -------------------  ----------------------
/home/ubuntu/airflow/dags/zillowanalytics.py                           1           0  0.21s           2025-04-05T12:07:11                      34
================================================================================
[2025-04-05T12:07:42.132+0000] {manager.py:997} INFO - 
================================================================================
DAG File Processing Stats

File Path                                     PID    Runtime      # DAGs    # Errors  Last Runtime    Last Run               Last # of DB Queries
--------------------------------------------  -----  ---------  --------  ----------  --------------  -------------------  ----------------------
/home/ubuntu/airflow/dags/zillowanalytics.py                           1           0  0.20s           2025-04-05T12:07:42                      34
================================================================================
[2025-04-05T12:10:05.691+0000] {manager.py:465} INFO - Exiting gracefully upon receiving signal 15
[2025-04-05T12:10:05.816+0000] {manager.py:483} INFO - Processing files using up to 1 processes at a time 
[2025-04-05T12:10:05.817+0000] {manager.py:484} INFO - Process each file at most once every 30 seconds
[2025-04-05T12:10:05.817+0000] {manager.py:485} INFO - Checking for new files in /home/ubuntu/airflow/dags every 300 seconds
[2025-04-05T12:10:05.817+0000] {manager.py:821} INFO - Searching for files in /home/ubuntu/airflow/dags
[2025-04-05T12:10:05.818+0000] {manager.py:824} INFO - There are 1 files in /home/ubuntu/airflow/dags
[2025-04-05T12:10:06.146+0000] {manager.py:997} INFO - 
================================================================================
DAG File Processing Stats

File Path                                     PID    Runtime      # DAGs    # Errors  Last Runtime    Last Run               Last # of DB Queries
--------------------------------------------  -----  ---------  --------  ----------  --------------  -------------------  ----------------------
/home/ubuntu/airflow/dags/zillowanalytics.py                           1           0  0.20s           2025-04-05T12:10:06                      34
================================================================================
[2025-04-05T12:10:37.230+0000] {manager.py:997} INFO - 
================================================================================
DAG File Processing Stats

File Path                                     PID    Runtime      # DAGs    # Errors  Last Runtime    Last Run               Last # of DB Queries
--------------------------------------------  -----  ---------  --------  ----------  --------------  -------------------  ----------------------
/home/ubuntu/airflow/dags/zillowanalytics.py                           1           0  0.20s           2025-04-05T12:10:37                      34
================================================================================
[2025-04-05T12:11:07.442+0000] {manager.py:997} INFO - 
================================================================================
DAG File Processing Stats

File Path                                     PID    Runtime      # DAGs    # Errors  Last Runtime    Last Run               Last # of DB Queries
--------------------------------------------  -----  ---------  --------  ----------  --------------  -------------------  ----------------------
/home/ubuntu/airflow/dags/zillowanalytics.py                           1           0  0.20s           2025-04-05T12:11:07                      34
================================================================================
[2025-04-05T12:11:37.685+0000] {manager.py:997} INFO - 
================================================================================
DAG File Processing Stats

File Path                                     PID    Runtime      # DAGs    # Errors  Last Runtime    Last Run               Last # of DB Queries
--------------------------------------------  -----  ---------  --------  ----------  --------------  -------------------  ----------------------
/home/ubuntu/airflow/dags/zillowanalytics.py                           1           0  0.20s           2025-04-05T12:11:37                      34
================================================================================
[2025-04-05T12:12:07.927+0000] {manager.py:997} INFO - 
================================================================================
DAG File Processing Stats

File Path                                     PID    Runtime      # DAGs    # Errors  Last Runtime    Last Run               Last # of DB Queries
--------------------------------------------  -----  ---------  --------  ----------  --------------  -------------------  ----------------------
/home/ubuntu/airflow/dags/zillowanalytics.py                           1           0  0.20s           2025-04-05T12:12:07                      34
================================================================================
[2025-04-05T12:12:38.166+0000] {manager.py:997} INFO - 
================================================================================
DAG File Processing Stats

File Path                                     PID    Runtime      # DAGs    # Errors  Last Runtime    Last Run               Last # of DB Queries
--------------------------------------------  -----  ---------  --------  ----------  --------------  -------------------  ----------------------
/home/ubuntu/airflow/dags/zillowanalytics.py                           1           0  0.20s           2025-04-05T12:12:38                      34
================================================================================
[2025-04-05T12:13:08.408+0000] {manager.py:997} INFO - 
================================================================================
DAG File Processing Stats

File Path                                     PID    Runtime      # DAGs    # Errors  Last Runtime    Last Run               Last # of DB Queries
--------------------------------------------  -----  ---------  --------  ----------  --------------  -------------------  ----------------------
/home/ubuntu/airflow/dags/zillowanalytics.py                           1           0  0.20s           2025-04-05T12:13:08                      34
================================================================================
[2025-04-05T12:13:38.647+0000] {manager.py:997} INFO - 
================================================================================
DAG File Processing Stats

File Path                                     PID    Runtime      # DAGs    # Errors  Last Runtime    Last Run               Last # of DB Queries
--------------------------------------------  -----  ---------  --------  ----------  --------------  -------------------  ----------------------
/home/ubuntu/airflow/dags/zillowanalytics.py                           1           0  0.20s           2025-04-05T12:13:38                      34
================================================================================
[2025-04-05T12:14:08.889+0000] {manager.py:997} INFO - 
================================================================================
DAG File Processing Stats

File Path                                     PID    Runtime      # DAGs    # Errors  Last Runtime    Last Run               Last # of DB Queries
--------------------------------------------  -----  ---------  --------  ----------  --------------  -------------------  ----------------------
/home/ubuntu/airflow/dags/zillowanalytics.py                           1           0  0.20s           2025-04-05T12:14:08                      34
================================================================================
[2025-04-05T12:14:39.125+0000] {manager.py:997} INFO - 
================================================================================
DAG File Processing Stats

File Path                                     PID    Runtime      # DAGs    # Errors  Last Runtime    Last Run               Last # of DB Queries
--------------------------------------------  -----  ---------  --------  ----------  --------------  -------------------  ----------------------
/home/ubuntu/airflow/dags/zillowanalytics.py                           1           0  0.20s           2025-04-05T12:14:39                      34
================================================================================
[2025-04-05T12:15:05.921+0000] {manager.py:821} INFO - Searching for files in /home/ubuntu/airflow/dags
[2025-04-05T12:15:05.922+0000] {manager.py:824} INFO - There are 1 files in /home/ubuntu/airflow/dags
[2025-04-05T12:15:09.363+0000] {manager.py:997} INFO - 
================================================================================
DAG File Processing Stats

File Path                                     PID    Runtime      # DAGs    # Errors  Last Runtime    Last Run               Last # of DB Queries
--------------------------------------------  -----  ---------  --------  ----------  --------------  -------------------  ----------------------
/home/ubuntu/airflow/dags/zillowanalytics.py                           1           0  0.20s           2025-04-05T12:15:09                      34
================================================================================
[2025-04-05T12:15:39.600+0000] {manager.py:997} INFO - 
================================================================================
DAG File Processing Stats

File Path                                     PID    Runtime      # DAGs    # Errors  Last Runtime    Last Run               Last # of DB Queries
--------------------------------------------  -----  ---------  --------  ----------  --------------  -------------------  ----------------------
/home/ubuntu/airflow/dags/zillowanalytics.py                           1           0  0.20s           2025-04-05T12:15:39                      34
================================================================================
[2025-04-05T12:16:09.844+0000] {manager.py:997} INFO - 
================================================================================
DAG File Processing Stats

File Path                                     PID    Runtime      # DAGs    # Errors  Last Runtime    Last Run               Last # of DB Queries
--------------------------------------------  -----  ---------  --------  ----------  --------------  -------------------  ----------------------
/home/ubuntu/airflow/dags/zillowanalytics.py                           1           0  0.20s           2025-04-05T12:16:09                      34
================================================================================
[2025-04-05T12:16:40.079+0000] {manager.py:997} INFO - 
================================================================================
DAG File Processing Stats

File Path                                     PID    Runtime      # DAGs    # Errors  Last Runtime    Last Run               Last # of DB Queries
--------------------------------------------  -----  ---------  --------  ----------  --------------  -------------------  ----------------------
/home/ubuntu/airflow/dags/zillowanalytics.py                           1           0  0.20s           2025-04-05T12:16:40                      34
================================================================================
[2025-04-05T12:17:10.320+0000] {manager.py:997} INFO - 
================================================================================
DAG File Processing Stats

File Path                                     PID    Runtime      # DAGs    # Errors  Last Runtime    Last Run               Last # of DB Queries
--------------------------------------------  -----  ---------  --------  ----------  --------------  -------------------  ----------------------
/home/ubuntu/airflow/dags/zillowanalytics.py                           1           0  0.21s           2025-04-05T12:17:10                      34
================================================================================
[2025-04-05T12:17:41.542+0000] {manager.py:997} INFO - 
================================================================================
DAG File Processing Stats

File Path                                     PID    Runtime      # DAGs    # Errors  Last Runtime    Last Run               Last # of DB Queries
--------------------------------------------  -----  ---------  --------  ----------  --------------  -------------------  ----------------------
/home/ubuntu/airflow/dags/zillowanalytics.py                           1           0  0.20s           2025-04-05T12:17:41                      34
================================================================================
[2025-04-05T12:18:11.782+0000] {manager.py:997} INFO - 
================================================================================
DAG File Processing Stats

File Path                                     PID    Runtime      # DAGs    # Errors  Last Runtime    Last Run               Last # of DB Queries
--------------------------------------------  -----  ---------  --------  ----------  --------------  -------------------  ----------------------
/home/ubuntu/airflow/dags/zillowanalytics.py                           1           0  0.20s           2025-04-05T12:18:11                      34
================================================================================
[2025-04-05T12:20:44.105+0000] {manager.py:465} INFO - Exiting gracefully upon receiving signal 15
[2025-04-05T12:20:44.228+0000] {manager.py:483} INFO - Processing files using up to 1 processes at a time 
[2025-04-05T12:20:44.228+0000] {manager.py:484} INFO - Process each file at most once every 30 seconds
[2025-04-05T12:20:44.229+0000] {manager.py:485} INFO - Checking for new files in /home/ubuntu/airflow/dags every 300 seconds
[2025-04-05T12:20:44.229+0000] {manager.py:821} INFO - Searching for files in /home/ubuntu/airflow/dags
[2025-04-05T12:20:44.230+0000] {manager.py:824} INFO - There are 1 files in /home/ubuntu/airflow/dags
[2025-04-05T12:20:44.555+0000] {manager.py:997} INFO - 
================================================================================
DAG File Processing Stats

File Path                                     PID    Runtime      # DAGs    # Errors  Last Runtime    Last Run               Last # of DB Queries
--------------------------------------------  -----  ---------  --------  ----------  --------------  -------------------  ----------------------
/home/ubuntu/airflow/dags/zillowanalytics.py                           1           0  0.21s           2025-04-05T12:20:44                      34
================================================================================
[2025-04-05T12:21:15.598+0000] {manager.py:997} INFO - 
================================================================================
DAG File Processing Stats

File Path                                     PID    Runtime      # DAGs    # Errors  Last Runtime    Last Run               Last # of DB Queries
--------------------------------------------  -----  ---------  --------  ----------  --------------  -------------------  ----------------------
/home/ubuntu/airflow/dags/zillowanalytics.py                           1           0  0.21s           2025-04-05T12:21:15                      34
================================================================================
[2025-04-05T12:23:47.018+0000] {manager.py:465} INFO - Exiting gracefully upon receiving signal 15
[2025-04-05T12:23:47.183+0000] {manager.py:483} INFO - Processing files using up to 1 processes at a time 
[2025-04-05T12:23:47.184+0000] {manager.py:484} INFO - Process each file at most once every 30 seconds
[2025-04-05T12:23:47.184+0000] {manager.py:485} INFO - Checking for new files in /home/ubuntu/airflow/dags every 300 seconds
[2025-04-05T12:23:47.184+0000] {manager.py:821} INFO - Searching for files in /home/ubuntu/airflow/dags
[2025-04-05T12:23:47.185+0000] {manager.py:824} INFO - There are 1 files in /home/ubuntu/airflow/dags
[2025-04-05T12:23:47.513+0000] {manager.py:997} INFO - 
================================================================================
DAG File Processing Stats

File Path                                     PID    Runtime      # DAGs    # Errors  Last Runtime    Last Run               Last # of DB Queries
--------------------------------------------  -----  ---------  --------  ----------  --------------  -------------------  ----------------------
/home/ubuntu/airflow/dags/zillowanalytics.py                           1           0  0.21s           2025-04-05T12:23:47                      34
================================================================================
[2025-04-05T12:24:18.636+0000] {manager.py:997} INFO - 
================================================================================
DAG File Processing Stats

File Path                                     PID    Runtime      # DAGs    # Errors  Last Runtime    Last Run               Last # of DB Queries
--------------------------------------------  -----  ---------  --------  ----------  --------------  -------------------  ----------------------
/home/ubuntu/airflow/dags/zillowanalytics.py                           1           0  0.20s           2025-04-05T12:24:18                      34
================================================================================
[2025-04-05T12:24:51.335+0000] {manager.py:997} INFO - 
================================================================================
DAG File Processing Stats

File Path                                     PID    Runtime      # DAGs    # Errors  Last Runtime    Last Run               Last # of DB Queries
--------------------------------------------  -----  ---------  --------  ----------  --------------  -------------------  ----------------------
/home/ubuntu/airflow/dags/zillowanalytics.py                           1           0  0.20s           2025-04-05T12:24:51                      34
================================================================================
[2025-04-05T12:25:22.536+0000] {manager.py:997} INFO - 
================================================================================
DAG File Processing Stats

File Path                                     PID    Runtime      # DAGs    # Errors  Last Runtime    Last Run               Last # of DB Queries
--------------------------------------------  -----  ---------  --------  ----------  --------------  -------------------  ----------------------
/home/ubuntu/airflow/dags/zillowanalytics.py                           1           0  0.20s           2025-04-05T12:25:22                      34
================================================================================
[2025-04-05T12:25:52.779+0000] {manager.py:997} INFO - 
================================================================================
DAG File Processing Stats

File Path                                     PID    Runtime      # DAGs    # Errors  Last Runtime    Last Run               Last # of DB Queries
--------------------------------------------  -----  ---------  --------  ----------  --------------  -------------------  ----------------------
/home/ubuntu/airflow/dags/zillowanalytics.py                           1           0  0.20s           2025-04-05T12:25:52                      34
================================================================================
[2025-04-05T12:26:23.018+0000] {manager.py:997} INFO - 
================================================================================
DAG File Processing Stats

File Path                                     PID    Runtime      # DAGs    # Errors  Last Runtime    Last Run               Last # of DB Queries
--------------------------------------------  -----  ---------  --------  ----------  --------------  -------------------  ----------------------
/home/ubuntu/airflow/dags/zillowanalytics.py                           1           0  0.20s           2025-04-05T12:26:23                      34
================================================================================
[2025-04-05T12:26:53.255+0000] {manager.py:997} INFO - 
================================================================================
DAG File Processing Stats

File Path                                     PID    Runtime      # DAGs    # Errors  Last Runtime    Last Run               Last # of DB Queries
--------------------------------------------  -----  ---------  --------  ----------  --------------  -------------------  ----------------------
/home/ubuntu/airflow/dags/zillowanalytics.py                           1           0  0.21s           2025-04-05T12:26:53                      34
================================================================================
[2025-04-05T12:27:23.495+0000] {manager.py:997} INFO - 
================================================================================
DAG File Processing Stats

File Path                                     PID    Runtime      # DAGs    # Errors  Last Runtime    Last Run               Last # of DB Queries
--------------------------------------------  -----  ---------  --------  ----------  --------------  -------------------  ----------------------
/home/ubuntu/airflow/dags/zillowanalytics.py                           1           0  0.21s           2025-04-05T12:27:23                      34
================================================================================
[2025-04-05T12:27:53.736+0000] {manager.py:997} INFO - 
================================================================================
DAG File Processing Stats

File Path                                     PID    Runtime      # DAGs    # Errors  Last Runtime    Last Run               Last # of DB Queries
--------------------------------------------  -----  ---------  --------  ----------  --------------  -------------------  ----------------------
/home/ubuntu/airflow/dags/zillowanalytics.py                           1           0  0.20s           2025-04-05T12:27:53                      34
================================================================================
[2025-04-05T12:28:23.976+0000] {manager.py:997} INFO - 
================================================================================
DAG File Processing Stats

File Path                                     PID    Runtime      # DAGs    # Errors  Last Runtime    Last Run               Last # of DB Queries
--------------------------------------------  -----  ---------  --------  ----------  --------------  -------------------  ----------------------
/home/ubuntu/airflow/dags/zillowanalytics.py                           1           0  0.20s           2025-04-05T12:28:23                      34
================================================================================
[2025-04-05T12:28:47.897+0000] {manager.py:821} INFO - Searching for files in /home/ubuntu/airflow/dags
[2025-04-05T12:28:47.899+0000] {manager.py:824} INFO - There are 1 files in /home/ubuntu/airflow/dags
[2025-04-05T12:28:54.196+0000] {manager.py:997} INFO - 
================================================================================
DAG File Processing Stats

File Path                                     PID    Runtime      # DAGs    # Errors  Last Runtime    Last Run               Last # of DB Queries
--------------------------------------------  -----  ---------  --------  ----------  --------------  -------------------  ----------------------
/home/ubuntu/airflow/dags/zillowanalytics.py                           1           0  0.20s           2025-04-05T12:28:54                      34
================================================================================
[2025-04-05T12:29:24.441+0000] {manager.py:997} INFO - 
================================================================================
DAG File Processing Stats

File Path                                     PID    Runtime      # DAGs    # Errors  Last Runtime    Last Run               Last # of DB Queries
--------------------------------------------  -----  ---------  --------  ----------  --------------  -------------------  ----------------------
/home/ubuntu/airflow/dags/zillowanalytics.py                           1           0  0.20s           2025-04-05T12:29:24                      34
================================================================================
[2025-04-05T12:29:54.683+0000] {manager.py:997} INFO - 
================================================================================
DAG File Processing Stats

File Path                                     PID    Runtime      # DAGs    # Errors  Last Runtime    Last Run               Last # of DB Queries
--------------------------------------------  -----  ---------  --------  ----------  --------------  -------------------  ----------------------
/home/ubuntu/airflow/dags/zillowanalytics.py                           1           0  0.20s           2025-04-05T12:29:54                      34
================================================================================
[2025-04-05T12:30:24.934+0000] {manager.py:997} INFO - 
================================================================================
DAG File Processing Stats

File Path                                     PID    Runtime      # DAGs    # Errors  Last Runtime    Last Run               Last # of DB Queries
--------------------------------------------  -----  ---------  --------  ----------  --------------  -------------------  ----------------------
/home/ubuntu/airflow/dags/zillowanalytics.py                           1           0  0.21s           2025-04-05T12:30:24                      34
================================================================================
[2025-04-05T12:30:55.172+0000] {manager.py:997} INFO - 
================================================================================
DAG File Processing Stats

File Path                                     PID    Runtime      # DAGs    # Errors  Last Runtime    Last Run               Last # of DB Queries
--------------------------------------------  -----  ---------  --------  ----------  --------------  -------------------  ----------------------
/home/ubuntu/airflow/dags/zillowanalytics.py                           1           0  0.21s           2025-04-05T12:30:55                      34
================================================================================
[2025-04-05T12:31:25.417+0000] {manager.py:997} INFO - 
================================================================================
DAG File Processing Stats

File Path                                     PID    Runtime      # DAGs    # Errors  Last Runtime    Last Run               Last # of DB Queries
--------------------------------------------  -----  ---------  --------  ----------  --------------  -------------------  ----------------------
/home/ubuntu/airflow/dags/zillowanalytics.py                           1           0  0.20s           2025-04-05T12:31:25                      34
================================================================================
[2025-04-05T12:31:55.629+0000] {manager.py:997} INFO - 
================================================================================
DAG File Processing Stats

File Path                                     PID    Runtime      # DAGs    # Errors  Last Runtime    Last Run               Last # of DB Queries
--------------------------------------------  -----  ---------  --------  ----------  --------------  -------------------  ----------------------
/home/ubuntu/airflow/dags/zillowanalytics.py                           1           0  0.21s           2025-04-05T12:31:55                      34
================================================================================
[2025-04-05T12:32:25.853+0000] {manager.py:997} INFO - 
================================================================================
DAG File Processing Stats

File Path                                     PID    Runtime      # DAGs    # Errors  Last Runtime    Last Run               Last # of DB Queries
--------------------------------------------  -----  ---------  --------  ----------  --------------  -------------------  ----------------------
/home/ubuntu/airflow/dags/zillowanalytics.py                           1           0  0.21s           2025-04-05T12:32:25                      34
================================================================================
[2025-04-05T12:32:56.089+0000] {manager.py:997} INFO - 
================================================================================
DAG File Processing Stats

File Path                                     PID    Runtime      # DAGs    # Errors  Last Runtime    Last Run               Last # of DB Queries
--------------------------------------------  -----  ---------  --------  ----------  --------------  -------------------  ----------------------
/home/ubuntu/airflow/dags/zillowanalytics.py                           1           0  0.20s           2025-04-05T12:32:56                      34
================================================================================
[2025-04-05T12:33:26.330+0000] {manager.py:997} INFO - 
================================================================================
DAG File Processing Stats

File Path                                     PID    Runtime      # DAGs    # Errors  Last Runtime    Last Run               Last # of DB Queries
--------------------------------------------  -----  ---------  --------  ----------  --------------  -------------------  ----------------------
/home/ubuntu/airflow/dags/zillowanalytics.py                           1           0  0.20s           2025-04-05T12:33:26                      34
================================================================================
[2025-04-05T12:33:48.336+0000] {manager.py:821} INFO - Searching for files in /home/ubuntu/airflow/dags
[2025-04-05T12:33:48.338+0000] {manager.py:824} INFO - There are 1 files in /home/ubuntu/airflow/dags
[2025-04-05T12:33:56.568+0000] {manager.py:997} INFO - 
================================================================================
DAG File Processing Stats

File Path                                     PID    Runtime      # DAGs    # Errors  Last Runtime    Last Run               Last # of DB Queries
--------------------------------------------  -----  ---------  --------  ----------  --------------  -------------------  ----------------------
/home/ubuntu/airflow/dags/zillowanalytics.py                           1           0  0.21s           2025-04-05T12:33:56                      34
================================================================================
[2025-04-05T12:34:26.805+0000] {manager.py:997} INFO - 
================================================================================
DAG File Processing Stats

File Path                                     PID    Runtime      # DAGs    # Errors  Last Runtime    Last Run               Last # of DB Queries
--------------------------------------------  -----  ---------  --------  ----------  --------------  -------------------  ----------------------
/home/ubuntu/airflow/dags/zillowanalytics.py                           1           0  0.20s           2025-04-05T12:34:26                      34
================================================================================
[2025-04-05T12:34:57.041+0000] {manager.py:997} INFO - 
================================================================================
DAG File Processing Stats

File Path                                     PID    Runtime      # DAGs    # Errors  Last Runtime    Last Run               Last # of DB Queries
--------------------------------------------  -----  ---------  --------  ----------  --------------  -------------------  ----------------------
/home/ubuntu/airflow/dags/zillowanalytics.py                           1           0  0.20s           2025-04-05T12:34:57                      34
================================================================================
[2025-04-05T12:35:27.284+0000] {manager.py:997} INFO - 
================================================================================
DAG File Processing Stats

File Path                                     PID    Runtime      # DAGs    # Errors  Last Runtime    Last Run               Last # of DB Queries
--------------------------------------------  -----  ---------  --------  ----------  --------------  -------------------  ----------------------
/home/ubuntu/airflow/dags/zillowanalytics.py                           1           0  0.21s           2025-04-05T12:35:27                      34
================================================================================
[2025-04-05T12:35:58.519+0000] {manager.py:997} INFO - 
================================================================================
DAG File Processing Stats

File Path                                     PID    Runtime      # DAGs    # Errors  Last Runtime    Last Run               Last # of DB Queries
--------------------------------------------  -----  ---------  --------  ----------  --------------  -------------------  ----------------------
/home/ubuntu/airflow/dags/zillowanalytics.py                           1           0  0.20s           2025-04-05T12:35:58                      34
================================================================================
[2025-04-05T12:36:28.759+0000] {manager.py:997} INFO - 
================================================================================
DAG File Processing Stats

File Path                                     PID    Runtime      # DAGs    # Errors  Last Runtime    Last Run               Last # of DB Queries
--------------------------------------------  -----  ---------  --------  ----------  --------------  -------------------  ----------------------
/home/ubuntu/airflow/dags/zillowanalytics.py                           1           0  0.20s           2025-04-05T12:36:28                      34
================================================================================
[2025-04-05T12:36:59.004+0000] {manager.py:997} INFO - 
================================================================================
DAG File Processing Stats

File Path                                     PID    Runtime      # DAGs    # Errors  Last Runtime    Last Run               Last # of DB Queries
--------------------------------------------  -----  ---------  --------  ----------  --------------  -------------------  ----------------------
/home/ubuntu/airflow/dags/zillowanalytics.py                           1           0  0.20s           2025-04-05T12:36:59                      34
================================================================================
[2025-04-05T12:37:29.246+0000] {manager.py:997} INFO - 
================================================================================
DAG File Processing Stats

File Path                                     PID    Runtime      # DAGs    # Errors  Last Runtime    Last Run               Last # of DB Queries
--------------------------------------------  -----  ---------  --------  ----------  --------------  -------------------  ----------------------
/home/ubuntu/airflow/dags/zillowanalytics.py                           1           0  0.21s           2025-04-05T12:37:29                      34
================================================================================
[2025-04-05T12:37:59.487+0000] {manager.py:997} INFO - 
================================================================================
DAG File Processing Stats

File Path                                     PID    Runtime      # DAGs    # Errors  Last Runtime    Last Run               Last # of DB Queries
--------------------------------------------  -----  ---------  --------  ----------  --------------  -------------------  ----------------------
/home/ubuntu/airflow/dags/zillowanalytics.py                           1           0  0.20s           2025-04-05T12:37:59                      34
================================================================================
[2025-04-05T12:38:29.727+0000] {manager.py:997} INFO - 
================================================================================
DAG File Processing Stats

File Path                                     PID    Runtime      # DAGs    # Errors  Last Runtime    Last Run               Last # of DB Queries
--------------------------------------------  -----  ---------  --------  ----------  --------------  -------------------  ----------------------
/home/ubuntu/airflow/dags/zillowanalytics.py                           1           0  0.20s           2025-04-05T12:38:29                      34
================================================================================
[2025-04-05T12:38:48.652+0000] {manager.py:821} INFO - Searching for files in /home/ubuntu/airflow/dags
[2025-04-05T12:38:48.653+0000] {manager.py:824} INFO - There are 1 files in /home/ubuntu/airflow/dags
[2025-04-05T12:38:59.965+0000] {manager.py:997} INFO - 
================================================================================
DAG File Processing Stats

File Path                                     PID    Runtime      # DAGs    # Errors  Last Runtime    Last Run               Last # of DB Queries
--------------------------------------------  -----  ---------  --------  ----------  --------------  -------------------  ----------------------
/home/ubuntu/airflow/dags/zillowanalytics.py                           1           0  0.21s           2025-04-05T12:38:59                      34
================================================================================
[2025-04-05T12:39:31.179+0000] {manager.py:997} INFO - 
================================================================================
DAG File Processing Stats

File Path                                     PID    Runtime      # DAGs    # Errors  Last Runtime    Last Run               Last # of DB Queries
--------------------------------------------  -----  ---------  --------  ----------  --------------  -------------------  ----------------------
/home/ubuntu/airflow/dags/zillowanalytics.py                           1           0  0.20s           2025-04-05T12:39:31                      34
================================================================================
[2025-04-05T12:40:01.417+0000] {manager.py:997} INFO - 
================================================================================
DAG File Processing Stats

File Path                                     PID    Runtime      # DAGs    # Errors  Last Runtime    Last Run               Last # of DB Queries
--------------------------------------------  -----  ---------  --------  ----------  --------------  -------------------  ----------------------
/home/ubuntu/airflow/dags/zillowanalytics.py                           1           0  0.20s           2025-04-05T12:40:01                      34
================================================================================
[2025-04-05T12:40:31.653+0000] {manager.py:997} INFO - 
================================================================================
DAG File Processing Stats

File Path                                     PID    Runtime      # DAGs    # Errors  Last Runtime    Last Run               Last # of DB Queries
--------------------------------------------  -----  ---------  --------  ----------  --------------  -------------------  ----------------------
/home/ubuntu/airflow/dags/zillowanalytics.py                           1           0  0.20s           2025-04-05T12:40:31                      34
================================================================================
[2025-04-05T12:41:01.893+0000] {manager.py:997} INFO - 
================================================================================
DAG File Processing Stats

File Path                                     PID    Runtime      # DAGs    # Errors  Last Runtime    Last Run               Last # of DB Queries
--------------------------------------------  -----  ---------  --------  ----------  --------------  -------------------  ----------------------
/home/ubuntu/airflow/dags/zillowanalytics.py                           1           0  0.21s           2025-04-05T12:41:01                      34
================================================================================
[2025-04-05T12:41:32.133+0000] {manager.py:997} INFO - 
================================================================================
DAG File Processing Stats

File Path                                     PID    Runtime      # DAGs    # Errors  Last Runtime    Last Run               Last # of DB Queries
--------------------------------------------  -----  ---------  --------  ----------  --------------  -------------------  ----------------------
/home/ubuntu/airflow/dags/zillowanalytics.py                           1           0  0.20s           2025-04-05T12:41:32                      34
================================================================================
[2025-04-05T12:42:02.376+0000] {manager.py:997} INFO - 
================================================================================
DAG File Processing Stats

File Path                                     PID    Runtime      # DAGs    # Errors  Last Runtime    Last Run               Last # of DB Queries
--------------------------------------------  -----  ---------  --------  ----------  --------------  -------------------  ----------------------
/home/ubuntu/airflow/dags/zillowanalytics.py                           1           0  0.21s           2025-04-05T12:42:02                      34
================================================================================
[2025-04-05T12:42:32.612+0000] {manager.py:997} INFO - 
================================================================================
DAG File Processing Stats

File Path                                     PID    Runtime      # DAGs    # Errors  Last Runtime    Last Run               Last # of DB Queries
--------------------------------------------  -----  ---------  --------  ----------  --------------  -------------------  ----------------------
/home/ubuntu/airflow/dags/zillowanalytics.py                           1           0  0.21s           2025-04-05T12:42:32                      34
================================================================================
[2025-04-05T12:43:02.847+0000] {manager.py:997} INFO - 
================================================================================
DAG File Processing Stats

File Path                                     PID    Runtime      # DAGs    # Errors  Last Runtime    Last Run               Last # of DB Queries
--------------------------------------------  -----  ---------  --------  ----------  --------------  -------------------  ----------------------
/home/ubuntu/airflow/dags/zillowanalytics.py                           1           0  0.21s           2025-04-05T12:43:02                      34
================================================================================
[2025-04-05T12:43:33.082+0000] {manager.py:997} INFO - 
================================================================================
DAG File Processing Stats

File Path                                     PID    Runtime      # DAGs    # Errors  Last Runtime    Last Run               Last # of DB Queries
--------------------------------------------  -----  ---------  --------  ----------  --------------  -------------------  ----------------------
/home/ubuntu/airflow/dags/zillowanalytics.py                           1           0  0.20s           2025-04-05T12:43:33                      34
================================================================================
[2025-04-05T12:43:49.513+0000] {manager.py:821} INFO - Searching for files in /home/ubuntu/airflow/dags
[2025-04-05T12:43:49.514+0000] {manager.py:824} INFO - There are 1 files in /home/ubuntu/airflow/dags
[2025-04-05T12:44:03.324+0000] {manager.py:997} INFO - 
================================================================================
DAG File Processing Stats

File Path                                     PID    Runtime      # DAGs    # Errors  Last Runtime    Last Run               Last # of DB Queries
--------------------------------------------  -----  ---------  --------  ----------  --------------  -------------------  ----------------------
/home/ubuntu/airflow/dags/zillowanalytics.py                           1           0  0.20s           2025-04-05T12:44:03                      34
================================================================================
[2025-04-05T12:44:33.561+0000] {manager.py:997} INFO - 
================================================================================
DAG File Processing Stats

File Path                                     PID    Runtime      # DAGs    # Errors  Last Runtime    Last Run               Last # of DB Queries
--------------------------------------------  -----  ---------  --------  ----------  --------------  -------------------  ----------------------
/home/ubuntu/airflow/dags/zillowanalytics.py                           1           0  0.20s           2025-04-05T12:44:33                      34
================================================================================
[2025-04-05T12:45:03.805+0000] {manager.py:997} INFO - 
================================================================================
DAG File Processing Stats

File Path                                     PID    Runtime      # DAGs    # Errors  Last Runtime    Last Run               Last # of DB Queries
--------------------------------------------  -----  ---------  --------  ----------  --------------  -------------------  ----------------------
/home/ubuntu/airflow/dags/zillowanalytics.py                           1           0  0.20s           2025-04-05T12:45:03                      34
================================================================================
[2025-04-05T12:45:34.067+0000] {manager.py:997} INFO - 
================================================================================
DAG File Processing Stats

File Path                                     PID    Runtime      # DAGs    # Errors  Last Runtime    Last Run               Last # of DB Queries
--------------------------------------------  -----  ---------  --------  ----------  --------------  -------------------  ----------------------
/home/ubuntu/airflow/dags/zillowanalytics.py                           1           0  0.20s           2025-04-05T12:45:34                      34
================================================================================
[2025-04-05T12:46:04.298+0000] {manager.py:997} INFO - 
================================================================================
DAG File Processing Stats

File Path                                     PID    Runtime      # DAGs    # Errors  Last Runtime    Last Run               Last # of DB Queries
--------------------------------------------  -----  ---------  --------  ----------  --------------  -------------------  ----------------------
/home/ubuntu/airflow/dags/zillowanalytics.py                           1           0  0.20s           2025-04-05T12:46:04                      34
================================================================================
[2025-04-05T12:46:34.538+0000] {manager.py:997} INFO - 
================================================================================
DAG File Processing Stats

File Path                                     PID    Runtime      # DAGs    # Errors  Last Runtime    Last Run               Last # of DB Queries
--------------------------------------------  -----  ---------  --------  ----------  --------------  -------------------  ----------------------
/home/ubuntu/airflow/dags/zillowanalytics.py                           1           0  0.20s           2025-04-05T12:46:34                      34
================================================================================
[2025-04-05T12:47:04.776+0000] {manager.py:997} INFO - 
================================================================================
DAG File Processing Stats

File Path                                     PID    Runtime      # DAGs    # Errors  Last Runtime    Last Run               Last # of DB Queries
--------------------------------------------  -----  ---------  --------  ----------  --------------  -------------------  ----------------------
/home/ubuntu/airflow/dags/zillowanalytics.py                           1           0  0.20s           2025-04-05T12:47:04                      34
================================================================================
[2025-04-05T12:47:35.015+0000] {manager.py:997} INFO - 
================================================================================
DAG File Processing Stats

File Path                                     PID    Runtime      # DAGs    # Errors  Last Runtime    Last Run               Last # of DB Queries
--------------------------------------------  -----  ---------  --------  ----------  --------------  -------------------  ----------------------
/home/ubuntu/airflow/dags/zillowanalytics.py                           1           0  0.20s           2025-04-05T12:47:35                      34
================================================================================
[2025-04-05T12:48:05.262+0000] {manager.py:997} INFO - 
================================================================================
DAG File Processing Stats

File Path                                     PID    Runtime      # DAGs    # Errors  Last Runtime    Last Run               Last # of DB Queries
--------------------------------------------  -----  ---------  --------  ----------  --------------  -------------------  ----------------------
/home/ubuntu/airflow/dags/zillowanalytics.py                           1           0  0.21s           2025-04-05T12:48:05                      34
================================================================================
[2025-04-05T12:48:35.497+0000] {manager.py:997} INFO - 
================================================================================
DAG File Processing Stats

File Path                                     PID    Runtime      # DAGs    # Errors  Last Runtime    Last Run               Last # of DB Queries
--------------------------------------------  -----  ---------  --------  ----------  --------------  -------------------  ----------------------
/home/ubuntu/airflow/dags/zillowanalytics.py                           1           0  0.20s           2025-04-05T12:48:35                      34
================================================================================
[2025-04-05T12:48:50.408+0000] {manager.py:821} INFO - Searching for files in /home/ubuntu/airflow/dags
[2025-04-05T12:48:50.410+0000] {manager.py:824} INFO - There are 1 files in /home/ubuntu/airflow/dags
[2025-04-05T12:49:05.735+0000] {manager.py:997} INFO - 
================================================================================
DAG File Processing Stats

File Path                                     PID    Runtime      # DAGs    # Errors  Last Runtime    Last Run               Last # of DB Queries
--------------------------------------------  -----  ---------  --------  ----------  --------------  -------------------  ----------------------
/home/ubuntu/airflow/dags/zillowanalytics.py                           1           0  0.20s           2025-04-05T12:49:05                      34
================================================================================
[2025-04-05T12:49:35.969+0000] {manager.py:997} INFO - 
================================================================================
DAG File Processing Stats

File Path                                     PID    Runtime      # DAGs    # Errors  Last Runtime    Last Run               Last # of DB Queries
--------------------------------------------  -----  ---------  --------  ----------  --------------  -------------------  ----------------------
/home/ubuntu/airflow/dags/zillowanalytics.py                           1           0  0.21s           2025-04-05T12:49:35                      34
================================================================================
[2025-04-05T12:50:06.206+0000] {manager.py:997} INFO - 
================================================================================
DAG File Processing Stats

File Path                                     PID    Runtime      # DAGs    # Errors  Last Runtime    Last Run               Last # of DB Queries
--------------------------------------------  -----  ---------  --------  ----------  --------------  -------------------  ----------------------
/home/ubuntu/airflow/dags/zillowanalytics.py                           1           0  0.20s           2025-04-05T12:50:06                      34
================================================================================
[2025-04-05T12:50:36.444+0000] {manager.py:997} INFO - 
================================================================================
DAG File Processing Stats

File Path                                     PID    Runtime      # DAGs    # Errors  Last Runtime    Last Run               Last # of DB Queries
--------------------------------------------  -----  ---------  --------  ----------  --------------  -------------------  ----------------------
/home/ubuntu/airflow/dags/zillowanalytics.py                           1           0  0.21s           2025-04-05T12:50:36                      34
================================================================================
[2025-04-05T12:51:06.689+0000] {manager.py:997} INFO - 
================================================================================
DAG File Processing Stats

File Path                                     PID    Runtime      # DAGs    # Errors  Last Runtime    Last Run               Last # of DB Queries
--------------------------------------------  -----  ---------  --------  ----------  --------------  -------------------  ----------------------
/home/ubuntu/airflow/dags/zillowanalytics.py                           1           0  0.21s           2025-04-05T12:51:06                      34
================================================================================
[2025-04-05T12:51:36.928+0000] {manager.py:997} INFO - 
================================================================================
DAG File Processing Stats

File Path                                     PID    Runtime      # DAGs    # Errors  Last Runtime    Last Run               Last # of DB Queries
--------------------------------------------  -----  ---------  --------  ----------  --------------  -------------------  ----------------------
/home/ubuntu/airflow/dags/zillowanalytics.py                           1           0  0.20s           2025-04-05T12:51:36                      34
================================================================================
[2025-04-05T12:52:07.170+0000] {manager.py:997} INFO - 
================================================================================
DAG File Processing Stats

File Path                                     PID    Runtime      # DAGs    # Errors  Last Runtime    Last Run               Last # of DB Queries
--------------------------------------------  -----  ---------  --------  ----------  --------------  -------------------  ----------------------
/home/ubuntu/airflow/dags/zillowanalytics.py                           1           0  0.21s           2025-04-05T12:52:07                      34
================================================================================
[2025-04-05T12:52:37.407+0000] {manager.py:997} INFO - 
================================================================================
DAG File Processing Stats

File Path                                     PID    Runtime      # DAGs    # Errors  Last Runtime    Last Run               Last # of DB Queries
--------------------------------------------  -----  ---------  --------  ----------  --------------  -------------------  ----------------------
/home/ubuntu/airflow/dags/zillowanalytics.py                           1           0  0.20s           2025-04-05T12:52:37                      34
================================================================================
[2025-04-05T12:53:07.644+0000] {manager.py:997} INFO - 
================================================================================
DAG File Processing Stats

File Path                                     PID    Runtime      # DAGs    # Errors  Last Runtime    Last Run               Last # of DB Queries
--------------------------------------------  -----  ---------  --------  ----------  --------------  -------------------  ----------------------
/home/ubuntu/airflow/dags/zillowanalytics.py                           1           0  0.20s           2025-04-05T12:53:07                      34
================================================================================
[2025-04-05T12:53:37.882+0000] {manager.py:997} INFO - 
================================================================================
DAG File Processing Stats

File Path                                     PID    Runtime      # DAGs    # Errors  Last Runtime    Last Run               Last # of DB Queries
--------------------------------------------  -----  ---------  --------  ----------  --------------  -------------------  ----------------------
/home/ubuntu/airflow/dags/zillowanalytics.py                           1           0  0.21s           2025-04-05T12:53:37                      34
================================================================================
[2025-04-05T12:53:50.744+0000] {manager.py:821} INFO - Searching for files in /home/ubuntu/airflow/dags
[2025-04-05T12:53:50.745+0000] {manager.py:824} INFO - There are 1 files in /home/ubuntu/airflow/dags
[2025-04-05T12:54:08.127+0000] {manager.py:997} INFO - 
================================================================================
DAG File Processing Stats

File Path                                     PID    Runtime      # DAGs    # Errors  Last Runtime    Last Run               Last # of DB Queries
--------------------------------------------  -----  ---------  --------  ----------  --------------  -------------------  ----------------------
/home/ubuntu/airflow/dags/zillowanalytics.py                           1           0  0.20s           2025-04-05T12:54:08                      34
================================================================================
[2025-04-05T12:54:38.371+0000] {manager.py:997} INFO - 
================================================================================
DAG File Processing Stats

File Path                                     PID    Runtime      # DAGs    # Errors  Last Runtime    Last Run               Last # of DB Queries
--------------------------------------------  -----  ---------  --------  ----------  --------------  -------------------  ----------------------
/home/ubuntu/airflow/dags/zillowanalytics.py                           1           0  0.21s           2025-04-05T12:54:38                      34
================================================================================
[2025-04-05T12:55:08.607+0000] {manager.py:997} INFO - 
================================================================================
DAG File Processing Stats

File Path                                     PID    Runtime      # DAGs    # Errors  Last Runtime    Last Run               Last # of DB Queries
--------------------------------------------  -----  ---------  --------  ----------  --------------  -------------------  ----------------------
/home/ubuntu/airflow/dags/zillowanalytics.py                           1           0  0.20s           2025-04-05T12:55:08                      34
================================================================================
[2025-04-05T12:55:38.841+0000] {manager.py:997} INFO - 
================================================================================
DAG File Processing Stats

File Path                                     PID    Runtime      # DAGs    # Errors  Last Runtime    Last Run               Last # of DB Queries
--------------------------------------------  -----  ---------  --------  ----------  --------------  -------------------  ----------------------
/home/ubuntu/airflow/dags/zillowanalytics.py                           1           0  0.20s           2025-04-05T12:55:38                      34
================================================================================
[2025-04-05T12:56:09.084+0000] {manager.py:997} INFO - 
================================================================================
DAG File Processing Stats

File Path                                     PID    Runtime      # DAGs    # Errors  Last Runtime    Last Run               Last # of DB Queries
--------------------------------------------  -----  ---------  --------  ----------  --------------  -------------------  ----------------------
/home/ubuntu/airflow/dags/zillowanalytics.py                           1           0  0.20s           2025-04-05T12:56:09                      34
================================================================================
[2025-04-05T12:56:39.303+0000] {manager.py:997} INFO - 
================================================================================
DAG File Processing Stats

File Path                                     PID    Runtime      # DAGs    # Errors  Last Runtime    Last Run               Last # of DB Queries
--------------------------------------------  -----  ---------  --------  ----------  --------------  -------------------  ----------------------
/home/ubuntu/airflow/dags/zillowanalytics.py                           1           0  0.21s           2025-04-05T12:56:39                      34
================================================================================
[2025-04-05T12:57:09.551+0000] {manager.py:997} INFO - 
================================================================================
DAG File Processing Stats

File Path                                     PID    Runtime      # DAGs    # Errors  Last Runtime    Last Run               Last # of DB Queries
--------------------------------------------  -----  ---------  --------  ----------  --------------  -------------------  ----------------------
/home/ubuntu/airflow/dags/zillowanalytics.py                           1           0  0.20s           2025-04-05T12:57:09                      34
================================================================================
[2025-04-05T12:57:39.797+0000] {manager.py:997} INFO - 
================================================================================
DAG File Processing Stats

File Path                                     PID    Runtime      # DAGs    # Errors  Last Runtime    Last Run               Last # of DB Queries
--------------------------------------------  -----  ---------  --------  ----------  --------------  -------------------  ----------------------
/home/ubuntu/airflow/dags/zillowanalytics.py                           1           0  0.20s           2025-04-05T12:57:39                      34
================================================================================
[2025-04-05T12:58:10.034+0000] {manager.py:997} INFO - 
================================================================================
DAG File Processing Stats

File Path                                     PID    Runtime      # DAGs    # Errors  Last Runtime    Last Run               Last # of DB Queries
--------------------------------------------  -----  ---------  --------  ----------  --------------  -------------------  ----------------------
/home/ubuntu/airflow/dags/zillowanalytics.py                           1           0  0.20s           2025-04-05T12:58:10                      34
================================================================================
[2025-04-05T12:58:40.274+0000] {manager.py:997} INFO - 
================================================================================
DAG File Processing Stats

File Path                                     PID    Runtime      # DAGs    # Errors  Last Runtime    Last Run               Last # of DB Queries
--------------------------------------------  -----  ---------  --------  ----------  --------------  -------------------  ----------------------
/home/ubuntu/airflow/dags/zillowanalytics.py                           1           0  0.20s           2025-04-05T12:58:40                      34
================================================================================
[2025-04-05T12:58:51.334+0000] {manager.py:821} INFO - Searching for files in /home/ubuntu/airflow/dags
[2025-04-05T12:58:51.335+0000] {manager.py:824} INFO - There are 1 files in /home/ubuntu/airflow/dags
[2025-04-05T12:59:10.513+0000] {manager.py:997} INFO - 
================================================================================
DAG File Processing Stats

File Path                                     PID    Runtime      # DAGs    # Errors  Last Runtime    Last Run               Last # of DB Queries
--------------------------------------------  -----  ---------  --------  ----------  --------------  -------------------  ----------------------
/home/ubuntu/airflow/dags/zillowanalytics.py                           1           0  0.21s           2025-04-05T12:59:10                      34
================================================================================
[2025-04-05T12:59:40.756+0000] {manager.py:997} INFO - 
================================================================================
DAG File Processing Stats

File Path                                     PID    Runtime      # DAGs    # Errors  Last Runtime    Last Run               Last # of DB Queries
--------------------------------------------  -----  ---------  --------  ----------  --------------  -------------------  ----------------------
/home/ubuntu/airflow/dags/zillowanalytics.py                           1           0  0.20s           2025-04-05T12:59:40                      34
================================================================================
[2025-04-05T13:00:10.996+0000] {manager.py:997} INFO - 
================================================================================
DAG File Processing Stats

File Path                                     PID    Runtime      # DAGs    # Errors  Last Runtime    Last Run               Last # of DB Queries
--------------------------------------------  -----  ---------  --------  ----------  --------------  -------------------  ----------------------
/home/ubuntu/airflow/dags/zillowanalytics.py                           1           0  0.21s           2025-04-05T13:00:10                      34
================================================================================
[2025-04-05T13:00:41.237+0000] {manager.py:997} INFO - 
================================================================================
DAG File Processing Stats

File Path                                     PID    Runtime      # DAGs    # Errors  Last Runtime    Last Run               Last # of DB Queries
--------------------------------------------  -----  ---------  --------  ----------  --------------  -------------------  ----------------------
/home/ubuntu/airflow/dags/zillowanalytics.py                           1           0  0.20s           2025-04-05T13:00:41                      34
================================================================================
[2025-04-05T13:01:11.476+0000] {manager.py:997} INFO - 
================================================================================
DAG File Processing Stats

File Path                                     PID    Runtime      # DAGs    # Errors  Last Runtime    Last Run               Last # of DB Queries
--------------------------------------------  -----  ---------  --------  ----------  --------------  -------------------  ----------------------
/home/ubuntu/airflow/dags/zillowanalytics.py                           1           0  0.20s           2025-04-05T13:01:11                      34
================================================================================
[2025-04-05T13:01:41.713+0000] {manager.py:997} INFO - 
================================================================================
DAG File Processing Stats

File Path                                     PID    Runtime      # DAGs    # Errors  Last Runtime    Last Run               Last # of DB Queries
--------------------------------------------  -----  ---------  --------  ----------  --------------  -------------------  ----------------------
/home/ubuntu/airflow/dags/zillowanalytics.py                           1           0  0.20s           2025-04-05T13:01:41                      34
================================================================================
[2025-04-05T13:02:11.954+0000] {manager.py:997} INFO - 
================================================================================
DAG File Processing Stats

File Path                                     PID    Runtime      # DAGs    # Errors  Last Runtime    Last Run               Last # of DB Queries
--------------------------------------------  -----  ---------  --------  ----------  --------------  -------------------  ----------------------
/home/ubuntu/airflow/dags/zillowanalytics.py                           1           0  0.20s           2025-04-05T13:02:11                      34
================================================================================
[2025-04-05T13:02:42.196+0000] {manager.py:997} INFO - 
================================================================================
DAG File Processing Stats

File Path                                     PID    Runtime      # DAGs    # Errors  Last Runtime    Last Run               Last # of DB Queries
--------------------------------------------  -----  ---------  --------  ----------  --------------  -------------------  ----------------------
/home/ubuntu/airflow/dags/zillowanalytics.py                           1           0  0.20s           2025-04-05T13:02:42                      34
================================================================================
[2025-04-05T13:03:12.435+0000] {manager.py:997} INFO - 
================================================================================
DAG File Processing Stats

File Path                                     PID    Runtime      # DAGs    # Errors  Last Runtime    Last Run               Last # of DB Queries
--------------------------------------------  -----  ---------  --------  ----------  --------------  -------------------  ----------------------
/home/ubuntu/airflow/dags/zillowanalytics.py                           1           0  0.20s           2025-04-05T13:03:12                      34
================================================================================
[2025-04-05T13:03:42.676+0000] {manager.py:997} INFO - 
================================================================================
DAG File Processing Stats

File Path                                     PID    Runtime      # DAGs    # Errors  Last Runtime    Last Run               Last # of DB Queries
--------------------------------------------  -----  ---------  --------  ----------  --------------  -------------------  ----------------------
/home/ubuntu/airflow/dags/zillowanalytics.py                           1           0  0.20s           2025-04-05T13:03:42                      34
================================================================================
[2025-04-05T13:03:51.521+0000] {manager.py:821} INFO - Searching for files in /home/ubuntu/airflow/dags
[2025-04-05T13:03:51.522+0000] {manager.py:824} INFO - There are 1 files in /home/ubuntu/airflow/dags
[2025-04-05T13:04:12.921+0000] {manager.py:997} INFO - 
================================================================================
DAG File Processing Stats

File Path                                     PID    Runtime      # DAGs    # Errors  Last Runtime    Last Run               Last # of DB Queries
--------------------------------------------  -----  ---------  --------  ----------  --------------  -------------------  ----------------------
/home/ubuntu/airflow/dags/zillowanalytics.py                           1           0  0.20s           2025-04-05T13:04:12                      34
================================================================================
[2025-04-05T13:04:43.157+0000] {manager.py:997} INFO - 
================================================================================
DAG File Processing Stats

File Path                                     PID    Runtime      # DAGs    # Errors  Last Runtime    Last Run               Last # of DB Queries
--------------------------------------------  -----  ---------  --------  ----------  --------------  -------------------  ----------------------
/home/ubuntu/airflow/dags/zillowanalytics.py                           1           0  0.20s           2025-04-05T13:04:43                      34
================================================================================
[2025-04-05T13:05:13.400+0000] {manager.py:997} INFO - 
================================================================================
DAG File Processing Stats

File Path                                     PID    Runtime      # DAGs    # Errors  Last Runtime    Last Run               Last # of DB Queries
--------------------------------------------  -----  ---------  --------  ----------  --------------  -------------------  ----------------------
/home/ubuntu/airflow/dags/zillowanalytics.py                           1           0  0.20s           2025-04-05T13:05:13                      34
================================================================================
[2025-04-05T13:05:43.636+0000] {manager.py:997} INFO - 
================================================================================
DAG File Processing Stats

File Path                                     PID    Runtime      # DAGs    # Errors  Last Runtime    Last Run               Last # of DB Queries
--------------------------------------------  -----  ---------  --------  ----------  --------------  -------------------  ----------------------
/home/ubuntu/airflow/dags/zillowanalytics.py                           1           0  0.20s           2025-04-05T13:05:43                      34
================================================================================
[2025-04-05T13:06:13.874+0000] {manager.py:997} INFO - 
================================================================================
DAG File Processing Stats

File Path                                     PID    Runtime      # DAGs    # Errors  Last Runtime    Last Run               Last # of DB Queries
--------------------------------------------  -----  ---------  --------  ----------  --------------  -------------------  ----------------------
/home/ubuntu/airflow/dags/zillowanalytics.py                           1           0  0.20s           2025-04-05T13:06:13                      34
================================================================================
[2025-04-05T13:06:44.110+0000] {manager.py:997} INFO - 
================================================================================
DAG File Processing Stats

File Path                                     PID    Runtime      # DAGs    # Errors  Last Runtime    Last Run               Last # of DB Queries
--------------------------------------------  -----  ---------  --------  ----------  --------------  -------------------  ----------------------
/home/ubuntu/airflow/dags/zillowanalytics.py                           1           0  0.20s           2025-04-05T13:06:44                      34
================================================================================
[2025-04-05T13:07:14.350+0000] {manager.py:997} INFO - 
================================================================================
DAG File Processing Stats

File Path                                     PID    Runtime      # DAGs    # Errors  Last Runtime    Last Run               Last # of DB Queries
--------------------------------------------  -----  ---------  --------  ----------  --------------  -------------------  ----------------------
/home/ubuntu/airflow/dags/zillowanalytics.py                           1           0  0.20s           2025-04-05T13:07:14                      34
================================================================================
[2025-04-05T13:07:44.593+0000] {manager.py:997} INFO - 
================================================================================
DAG File Processing Stats

File Path                                     PID    Runtime      # DAGs    # Errors  Last Runtime    Last Run               Last # of DB Queries
--------------------------------------------  -----  ---------  --------  ----------  --------------  -------------------  ----------------------
/home/ubuntu/airflow/dags/zillowanalytics.py                           1           0  0.21s           2025-04-05T13:07:44                      34
================================================================================
[2025-04-05T13:08:14.834+0000] {manager.py:997} INFO - 
================================================================================
DAG File Processing Stats

File Path                                     PID    Runtime      # DAGs    # Errors  Last Runtime    Last Run               Last # of DB Queries
--------------------------------------------  -----  ---------  --------  ----------  --------------  -------------------  ----------------------
/home/ubuntu/airflow/dags/zillowanalytics.py                           1           0  0.20s           2025-04-05T13:08:14                      34
================================================================================
[2025-04-05T13:08:45.074+0000] {manager.py:997} INFO - 
================================================================================
DAG File Processing Stats

File Path                                     PID    Runtime      # DAGs    # Errors  Last Runtime    Last Run               Last # of DB Queries
--------------------------------------------  -----  ---------  --------  ----------  --------------  -------------------  ----------------------
/home/ubuntu/airflow/dags/zillowanalytics.py                           1           0  0.20s           2025-04-05T13:08:45                      34
================================================================================
[2025-04-05T13:08:51.850+0000] {manager.py:821} INFO - Searching for files in /home/ubuntu/airflow/dags
[2025-04-05T13:08:51.851+0000] {manager.py:824} INFO - There are 1 files in /home/ubuntu/airflow/dags
[2025-04-05T13:09:15.326+0000] {manager.py:997} INFO - 
================================================================================
DAG File Processing Stats

File Path                                     PID    Runtime      # DAGs    # Errors  Last Runtime    Last Run               Last # of DB Queries
--------------------------------------------  -----  ---------  --------  ----------  --------------  -------------------  ----------------------
/home/ubuntu/airflow/dags/zillowanalytics.py                           1           0  0.20s           2025-04-05T13:09:15                      34
================================================================================
[2025-04-05T13:09:45.569+0000] {manager.py:997} INFO - 
================================================================================
DAG File Processing Stats

File Path                                     PID    Runtime      # DAGs    # Errors  Last Runtime    Last Run               Last # of DB Queries
--------------------------------------------  -----  ---------  --------  ----------  --------------  -------------------  ----------------------
/home/ubuntu/airflow/dags/zillowanalytics.py                           1           0  0.21s           2025-04-05T13:09:45                      34
================================================================================
[2025-04-05T13:10:15.807+0000] {manager.py:997} INFO - 
================================================================================
DAG File Processing Stats

File Path                                     PID    Runtime      # DAGs    # Errors  Last Runtime    Last Run               Last # of DB Queries
--------------------------------------------  -----  ---------  --------  ----------  --------------  -------------------  ----------------------
/home/ubuntu/airflow/dags/zillowanalytics.py                           1           0  0.21s           2025-04-05T13:10:15                      34
================================================================================
[2025-04-05T13:10:46.073+0000] {manager.py:997} INFO - 
================================================================================
DAG File Processing Stats

File Path                                     PID    Runtime      # DAGs    # Errors  Last Runtime    Last Run               Last # of DB Queries
--------------------------------------------  -----  ---------  --------  ----------  --------------  -------------------  ----------------------
/home/ubuntu/airflow/dags/zillowanalytics.py                           1           0  0.21s           2025-04-05T13:10:46                      34
================================================================================
[2025-04-05T13:11:16.284+0000] {manager.py:997} INFO - 
================================================================================
DAG File Processing Stats

File Path                                     PID    Runtime      # DAGs    # Errors  Last Runtime    Last Run               Last # of DB Queries
--------------------------------------------  -----  ---------  --------  ----------  --------------  -------------------  ----------------------
/home/ubuntu/airflow/dags/zillowanalytics.py                           1           0  0.20s           2025-04-05T13:11:16                      34
================================================================================
[2025-04-05T13:11:46.520+0000] {manager.py:997} INFO - 
================================================================================
DAG File Processing Stats

File Path                                     PID    Runtime      # DAGs    # Errors  Last Runtime    Last Run               Last # of DB Queries
--------------------------------------------  -----  ---------  --------  ----------  --------------  -------------------  ----------------------
/home/ubuntu/airflow/dags/zillowanalytics.py                           1           0  0.20s           2025-04-05T13:11:46                      34
================================================================================
[2025-04-05T13:12:16.760+0000] {manager.py:997} INFO - 
================================================================================
DAG File Processing Stats

File Path                                     PID    Runtime      # DAGs    # Errors  Last Runtime    Last Run               Last # of DB Queries
--------------------------------------------  -----  ---------  --------  ----------  --------------  -------------------  ----------------------
/home/ubuntu/airflow/dags/zillowanalytics.py                           1           0  0.20s           2025-04-05T13:12:16                      34
================================================================================
[2025-04-05T13:12:46.997+0000] {manager.py:997} INFO - 
================================================================================
DAG File Processing Stats

File Path                                     PID    Runtime      # DAGs    # Errors  Last Runtime    Last Run               Last # of DB Queries
--------------------------------------------  -----  ---------  --------  ----------  --------------  -------------------  ----------------------
/home/ubuntu/airflow/dags/zillowanalytics.py                           1           0  0.20s           2025-04-05T13:12:46                      34
================================================================================
[2025-04-05T13:13:17.234+0000] {manager.py:997} INFO - 
================================================================================
DAG File Processing Stats

File Path                                     PID    Runtime      # DAGs    # Errors  Last Runtime    Last Run               Last # of DB Queries
--------------------------------------------  -----  ---------  --------  ----------  --------------  -------------------  ----------------------
/home/ubuntu/airflow/dags/zillowanalytics.py                           1           0  0.21s           2025-04-05T13:13:17                      34
================================================================================
[2025-04-05T13:13:47.500+0000] {manager.py:997} INFO - 
================================================================================
DAG File Processing Stats

File Path                                     PID    Runtime      # DAGs    # Errors  Last Runtime    Last Run               Last # of DB Queries
--------------------------------------------  -----  ---------  --------  ----------  --------------  -------------------  ----------------------
/home/ubuntu/airflow/dags/zillowanalytics.py                           1           0  0.20s           2025-04-05T13:13:47                      34
================================================================================
[2025-04-05T13:13:52.330+0000] {manager.py:821} INFO - Searching for files in /home/ubuntu/airflow/dags
[2025-04-05T13:13:52.331+0000] {manager.py:824} INFO - There are 1 files in /home/ubuntu/airflow/dags
[2025-04-05T13:14:17.739+0000] {manager.py:997} INFO - 
================================================================================
DAG File Processing Stats

File Path                                     PID    Runtime      # DAGs    # Errors  Last Runtime    Last Run               Last # of DB Queries
--------------------------------------------  -----  ---------  --------  ----------  --------------  -------------------  ----------------------
/home/ubuntu/airflow/dags/zillowanalytics.py                           1           0  0.20s           2025-04-05T13:14:17                      34
================================================================================
[2025-04-05T13:14:47.978+0000] {manager.py:997} INFO - 
================================================================================
DAG File Processing Stats

File Path                                     PID    Runtime      # DAGs    # Errors  Last Runtime    Last Run               Last # of DB Queries
--------------------------------------------  -----  ---------  --------  ----------  --------------  -------------------  ----------------------
/home/ubuntu/airflow/dags/zillowanalytics.py                           1           0  0.20s           2025-04-05T13:14:47                      34
================================================================================
[2025-04-05T13:15:18.218+0000] {manager.py:997} INFO - 
================================================================================
DAG File Processing Stats

File Path                                     PID    Runtime      # DAGs    # Errors  Last Runtime    Last Run               Last # of DB Queries
--------------------------------------------  -----  ---------  --------  ----------  --------------  -------------------  ----------------------
/home/ubuntu/airflow/dags/zillowanalytics.py                           1           0  0.21s           2025-04-05T13:15:18                      34
================================================================================
[2025-04-05T13:15:48.486+0000] {manager.py:997} INFO - 
================================================================================
DAG File Processing Stats

File Path                                     PID    Runtime      # DAGs    # Errors  Last Runtime    Last Run               Last # of DB Queries
--------------------------------------------  -----  ---------  --------  ----------  --------------  -------------------  ----------------------
/home/ubuntu/airflow/dags/zillowanalytics.py                           1           0  0.21s           2025-04-05T13:15:48                      34
================================================================================
[2025-04-05T13:16:18.696+0000] {manager.py:997} INFO - 
================================================================================
DAG File Processing Stats

File Path                                     PID    Runtime      # DAGs    # Errors  Last Runtime    Last Run               Last # of DB Queries
--------------------------------------------  -----  ---------  --------  ----------  --------------  -------------------  ----------------------
/home/ubuntu/airflow/dags/zillowanalytics.py                           1           0  0.20s           2025-04-05T13:16:18                      34
================================================================================
[2025-04-05T13:16:48.938+0000] {manager.py:997} INFO - 
================================================================================
DAG File Processing Stats

File Path                                     PID    Runtime      # DAGs    # Errors  Last Runtime    Last Run               Last # of DB Queries
--------------------------------------------  -----  ---------  --------  ----------  --------------  -------------------  ----------------------
/home/ubuntu/airflow/dags/zillowanalytics.py                           1           0  0.20s           2025-04-05T13:16:48                      34
================================================================================
[2025-04-05T13:17:19.178+0000] {manager.py:997} INFO - 
================================================================================
DAG File Processing Stats

File Path                                     PID    Runtime      # DAGs    # Errors  Last Runtime    Last Run               Last # of DB Queries
--------------------------------------------  -----  ---------  --------  ----------  --------------  -------------------  ----------------------
/home/ubuntu/airflow/dags/zillowanalytics.py                           1           0  0.21s           2025-04-05T13:17:19                      34
================================================================================
[2025-04-05T13:17:49.446+0000] {manager.py:997} INFO - 
================================================================================
DAG File Processing Stats

File Path                                     PID    Runtime      # DAGs    # Errors  Last Runtime    Last Run               Last # of DB Queries
--------------------------------------------  -----  ---------  --------  ----------  --------------  -------------------  ----------------------
/home/ubuntu/airflow/dags/zillowanalytics.py                           1           0  0.20s           2025-04-05T13:17:49                      34
================================================================================
[2025-04-05T13:18:19.714+0000] {manager.py:997} INFO - 
================================================================================
DAG File Processing Stats

File Path                                     PID    Runtime      # DAGs    # Errors  Last Runtime    Last Run               Last # of DB Queries
--------------------------------------------  -----  ---------  --------  ----------  --------------  -------------------  ----------------------
/home/ubuntu/airflow/dags/zillowanalytics.py                           1           0  0.20s           2025-04-05T13:18:19                      34
================================================================================
[2025-04-05T13:18:49.984+0000] {manager.py:997} INFO - 
================================================================================
DAG File Processing Stats

File Path                                     PID    Runtime      # DAGs    # Errors  Last Runtime    Last Run               Last # of DB Queries
--------------------------------------------  -----  ---------  --------  ----------  --------------  -------------------  ----------------------
/home/ubuntu/airflow/dags/zillowanalytics.py                           1           0  0.20s           2025-04-05T13:18:49                      34
================================================================================
[2025-04-05T13:18:52.663+0000] {manager.py:821} INFO - Searching for files in /home/ubuntu/airflow/dags
[2025-04-05T13:18:52.664+0000] {manager.py:824} INFO - There are 1 files in /home/ubuntu/airflow/dags
[2025-04-05T13:19:20.045+0000] {manager.py:997} INFO - 
================================================================================
DAG File Processing Stats

File Path                                     PID    Runtime      # DAGs    # Errors  Last Runtime    Last Run               Last # of DB Queries
--------------------------------------------  -----  ---------  --------  ----------  --------------  -------------------  ----------------------
/home/ubuntu/airflow/dags/zillowanalytics.py                           1           0  0.10s           2025-04-05T13:19:16                      11
================================================================================
[2025-04-05T13:19:50.055+0000] {manager.py:997} INFO - 
================================================================================
DAG File Processing Stats

File Path                                     PID    Runtime      # DAGs    # Errors  Last Runtime    Last Run               Last # of DB Queries
--------------------------------------------  -----  ---------  --------  ----------  --------------  -------------------  ----------------------
/home/ubuntu/airflow/dags/zillowanalytics.py                           1           0  0.20s           2025-04-05T13:19:46                      34
================================================================================
[2025-04-05T13:20:20.166+0000] {manager.py:997} INFO - 
================================================================================
DAG File Processing Stats

File Path                                     PID    Runtime      # DAGs    # Errors  Last Runtime    Last Run               Last # of DB Queries
--------------------------------------------  -----  ---------  --------  ----------  --------------  -------------------  ----------------------
/home/ubuntu/airflow/dags/zillowanalytics.py                           1           0  0.20s           2025-04-05T13:20:16                      34
================================================================================
[2025-04-05T13:20:50.228+0000] {manager.py:997} INFO - 
================================================================================
DAG File Processing Stats

File Path                                     PID    Runtime      # DAGs    # Errors  Last Runtime    Last Run               Last # of DB Queries
--------------------------------------------  -----  ---------  --------  ----------  --------------  -------------------  ----------------------
/home/ubuntu/airflow/dags/zillowanalytics.py                           1           0  0.21s           2025-04-05T13:20:46                      34
================================================================================
[2025-04-05T13:21:20.294+0000] {manager.py:997} INFO - 
================================================================================
DAG File Processing Stats

File Path                                     PID    Runtime      # DAGs    # Errors  Last Runtime    Last Run               Last # of DB Queries
--------------------------------------------  -----  ---------  --------  ----------  --------------  -------------------  ----------------------
/home/ubuntu/airflow/dags/zillowanalytics.py                           1           0  0.21s           2025-04-05T13:21:17                      34
================================================================================
[2025-04-05T13:21:50.355+0000] {manager.py:997} INFO - 
================================================================================
DAG File Processing Stats

File Path                                     PID    Runtime      # DAGs    # Errors  Last Runtime    Last Run               Last # of DB Queries
--------------------------------------------  -----  ---------  --------  ----------  --------------  -------------------  ----------------------
/home/ubuntu/airflow/dags/zillowanalytics.py                           1           0  0.20s           2025-04-05T13:21:47                      34
================================================================================
[2025-04-05T13:22:20.419+0000] {manager.py:997} INFO - 
================================================================================
DAG File Processing Stats

File Path                                     PID    Runtime      # DAGs    # Errors  Last Runtime    Last Run               Last # of DB Queries
--------------------------------------------  -----  ---------  --------  ----------  --------------  -------------------  ----------------------
/home/ubuntu/airflow/dags/zillowanalytics.py                           1           0  0.21s           2025-04-05T13:22:17                      34
================================================================================
[2025-04-05T13:22:50.481+0000] {manager.py:997} INFO - 
================================================================================
DAG File Processing Stats

File Path                                     PID    Runtime      # DAGs    # Errors  Last Runtime    Last Run               Last # of DB Queries
--------------------------------------------  -----  ---------  --------  ----------  --------------  -------------------  ----------------------
/home/ubuntu/airflow/dags/zillowanalytics.py                           1           0  0.21s           2025-04-05T13:22:47                      34
================================================================================
[2025-04-05T13:23:20.545+0000] {manager.py:997} INFO - 
================================================================================
DAG File Processing Stats

File Path                                     PID    Runtime      # DAGs    # Errors  Last Runtime    Last Run               Last # of DB Queries
--------------------------------------------  -----  ---------  --------  ----------  --------------  -------------------  ----------------------
/home/ubuntu/airflow/dags/zillowanalytics.py                           1           0  0.10s           2025-04-05T13:23:02                      11
================================================================================
[2025-04-05T13:23:50.616+0000] {manager.py:997} INFO - 
================================================================================
DAG File Processing Stats

File Path                                     PID    Runtime      # DAGs    # Errors  Last Runtime    Last Run               Last # of DB Queries
--------------------------------------------  -----  ---------  --------  ----------  --------------  -------------------  ----------------------
/home/ubuntu/airflow/dags/zillowanalytics.py                           1           0  0.20s           2025-04-05T13:23:34                      34
================================================================================
[2025-04-05T13:23:52.799+0000] {manager.py:821} INFO - Searching for files in /home/ubuntu/airflow/dags
[2025-04-05T13:23:52.800+0000] {manager.py:824} INFO - There are 1 files in /home/ubuntu/airflow/dags
[2025-04-05T13:24:20.676+0000] {manager.py:997} INFO - 
================================================================================
DAG File Processing Stats

File Path                                     PID    Runtime      # DAGs    # Errors  Last Runtime    Last Run               Last # of DB Queries
--------------------------------------------  -----  ---------  --------  ----------  --------------  -------------------  ----------------------
/home/ubuntu/airflow/dags/zillowanalytics.py                           1           0  0.20s           2025-04-05T13:24:04                      34
================================================================================
[2025-04-05T13:24:50.739+0000] {manager.py:997} INFO - 
================================================================================
DAG File Processing Stats

File Path                                     PID    Runtime      # DAGs    # Errors  Last Runtime    Last Run               Last # of DB Queries
--------------------------------------------  -----  ---------  --------  ----------  --------------  -------------------  ----------------------
/home/ubuntu/airflow/dags/zillowanalytics.py                           1           0  0.21s           2025-04-05T13:24:34                      34
================================================================================
[2025-04-05T13:25:20.805+0000] {manager.py:997} INFO - 
================================================================================
DAG File Processing Stats

File Path                                     PID    Runtime      # DAGs    # Errors  Last Runtime    Last Run               Last # of DB Queries
--------------------------------------------  -----  ---------  --------  ----------  --------------  -------------------  ----------------------
/home/ubuntu/airflow/dags/zillowanalytics.py                           1           0  0.20s           2025-04-05T13:25:05                      34
================================================================================
[2025-04-05T13:25:50.906+0000] {manager.py:997} INFO - 
================================================================================
DAG File Processing Stats

File Path                                     PID    Runtime      # DAGs    # Errors  Last Runtime    Last Run               Last # of DB Queries
--------------------------------------------  -----  ---------  --------  ----------  --------------  -------------------  ----------------------
/home/ubuntu/airflow/dags/zillowanalytics.py                           1           0  0.20s           2025-04-05T13:25:35                      34
================================================================================
[2025-04-05T13:26:21.185+0000] {manager.py:997} INFO - 
================================================================================
DAG File Processing Stats

File Path                                     PID    Runtime      # DAGs    # Errors  Last Runtime    Last Run               Last # of DB Queries
--------------------------------------------  -----  ---------  --------  ----------  --------------  -------------------  ----------------------
/home/ubuntu/airflow/dags/zillowanalytics.py                           1           0  0.20s           2025-04-05T13:26:06                      34
================================================================================
[2025-04-05T13:26:51.418+0000] {manager.py:997} INFO - 
================================================================================
DAG File Processing Stats

File Path                                     PID    Runtime      # DAGs    # Errors  Last Runtime    Last Run               Last # of DB Queries
--------------------------------------------  -----  ---------  --------  ----------  --------------  -------------------  ----------------------
/home/ubuntu/airflow/dags/zillowanalytics.py                           1           0  0.21s           2025-04-05T13:26:36                      34
================================================================================
[2025-04-05T13:27:21.513+0000] {manager.py:997} INFO - 
================================================================================
DAG File Processing Stats

File Path                                     PID    Runtime      # DAGs    # Errors  Last Runtime    Last Run               Last # of DB Queries
--------------------------------------------  -----  ---------  --------  ----------  --------------  -------------------  ----------------------
/home/ubuntu/airflow/dags/zillowanalytics.py                           1           0  0.21s           2025-04-05T13:27:06                      34
================================================================================
[2025-04-05T13:27:51.605+0000] {manager.py:997} INFO - 
================================================================================
DAG File Processing Stats

File Path                                     PID    Runtime      # DAGs    # Errors  Last Runtime    Last Run               Last # of DB Queries
--------------------------------------------  -----  ---------  --------  ----------  --------------  -------------------  ----------------------
/home/ubuntu/airflow/dags/zillowanalytics.py                           1           0  0.20s           2025-04-05T13:27:36                      34
================================================================================
[2025-04-05T13:28:21.699+0000] {manager.py:997} INFO - 
================================================================================
DAG File Processing Stats

File Path                                     PID    Runtime      # DAGs    # Errors  Last Runtime    Last Run               Last # of DB Queries
--------------------------------------------  -----  ---------  --------  ----------  --------------  -------------------  ----------------------
/home/ubuntu/airflow/dags/zillowanalytics.py                           1           0  0.20s           2025-04-05T13:28:07                      34
================================================================================
[2025-04-05T13:28:51.739+0000] {manager.py:997} INFO - 
================================================================================
DAG File Processing Stats

File Path                                     PID    Runtime      # DAGs    # Errors  Last Runtime    Last Run               Last # of DB Queries
--------------------------------------------  -----  ---------  --------  ----------  --------------  -------------------  ----------------------
/home/ubuntu/airflow/dags/zillowanalytics.py                           1           0  0.20s           2025-04-05T13:28:37                      34
================================================================================
[2025-04-05T13:28:52.966+0000] {manager.py:821} INFO - Searching for files in /home/ubuntu/airflow/dags
[2025-04-05T13:28:52.968+0000] {manager.py:824} INFO - There are 1 files in /home/ubuntu/airflow/dags
[2025-04-05T13:29:21.880+0000] {manager.py:997} INFO - 
================================================================================
DAG File Processing Stats

File Path                                     PID    Runtime      # DAGs    # Errors  Last Runtime    Last Run               Last # of DB Queries
--------------------------------------------  -----  ---------  --------  ----------  --------------  -------------------  ----------------------
/home/ubuntu/airflow/dags/zillowanalytics.py                           1           0  0.20s           2025-04-05T13:29:07                      34
================================================================================
[2025-04-05T13:29:51.972+0000] {manager.py:997} INFO - 
================================================================================
DAG File Processing Stats

File Path                                     PID    Runtime      # DAGs    # Errors  Last Runtime    Last Run               Last # of DB Queries
--------------------------------------------  -----  ---------  --------  ----------  --------------  -------------------  ----------------------
/home/ubuntu/airflow/dags/zillowanalytics.py                           1           0  0.20s           2025-04-05T13:29:38                      34
================================================================================
[2025-04-05T13:30:22.067+0000] {manager.py:997} INFO - 
================================================================================
DAG File Processing Stats

File Path                                     PID    Runtime      # DAGs    # Errors  Last Runtime    Last Run               Last # of DB Queries
--------------------------------------------  -----  ---------  --------  ----------  --------------  -------------------  ----------------------
/home/ubuntu/airflow/dags/zillowanalytics.py                           1           0  0.20s           2025-04-05T13:30:08                      34
================================================================================
[2025-04-05T13:30:52.158+0000] {manager.py:997} INFO - 
================================================================================
DAG File Processing Stats

File Path                                     PID    Runtime      # DAGs    # Errors  Last Runtime    Last Run               Last # of DB Queries
--------------------------------------------  -----  ---------  --------  ----------  --------------  -------------------  ----------------------
/home/ubuntu/airflow/dags/zillowanalytics.py                           1           0  0.20s           2025-04-05T13:30:38                      34
================================================================================
[2025-04-05T13:31:22.252+0000] {manager.py:997} INFO - 
================================================================================
DAG File Processing Stats

File Path                                     PID    Runtime      # DAGs    # Errors  Last Runtime    Last Run               Last # of DB Queries
--------------------------------------------  -----  ---------  --------  ----------  --------------  -------------------  ----------------------
/home/ubuntu/airflow/dags/zillowanalytics.py                           1           0  0.20s           2025-04-05T13:31:08                      34
================================================================================
[2025-04-05T13:31:52.333+0000] {manager.py:997} INFO - 
================================================================================
DAG File Processing Stats

File Path                                     PID    Runtime      # DAGs    # Errors  Last Runtime    Last Run               Last # of DB Queries
--------------------------------------------  -----  ---------  --------  ----------  --------------  -------------------  ----------------------
/home/ubuntu/airflow/dags/zillowanalytics.py                           1           0  0.20s           2025-04-05T13:31:39                      34
================================================================================
[2025-04-05T13:32:22.424+0000] {manager.py:997} INFO - 
================================================================================
DAG File Processing Stats

File Path                                     PID    Runtime      # DAGs    # Errors  Last Runtime    Last Run               Last # of DB Queries
--------------------------------------------  -----  ---------  --------  ----------  --------------  -------------------  ----------------------
/home/ubuntu/airflow/dags/zillowanalytics.py                           1           0  0.20s           2025-04-05T13:32:09                      34
================================================================================
[2025-04-05T13:32:52.515+0000] {manager.py:997} INFO - 
================================================================================
DAG File Processing Stats

File Path                                     PID    Runtime      # DAGs    # Errors  Last Runtime    Last Run               Last # of DB Queries
--------------------------------------------  -----  ---------  --------  ----------  --------------  -------------------  ----------------------
/home/ubuntu/airflow/dags/zillowanalytics.py                           1           0  0.21s           2025-04-05T13:32:39                      34
================================================================================
[2025-04-05T13:33:22.604+0000] {manager.py:997} INFO - 
================================================================================
DAG File Processing Stats

File Path                                     PID    Runtime      # DAGs    # Errors  Last Runtime    Last Run               Last # of DB Queries
--------------------------------------------  -----  ---------  --------  ----------  --------------  -------------------  ----------------------
/home/ubuntu/airflow/dags/zillowanalytics.py                           1           0  0.21s           2025-04-05T13:33:10                      34
================================================================================
[2025-04-05T13:33:52.696+0000] {manager.py:997} INFO - 
================================================================================
DAG File Processing Stats

File Path                                     PID    Runtime      # DAGs    # Errors  Last Runtime    Last Run               Last # of DB Queries
--------------------------------------------  -----  ---------  --------  ----------  --------------  -------------------  ----------------------
/home/ubuntu/airflow/dags/zillowanalytics.py                           1           0  0.20s           2025-04-05T13:33:40                      34
================================================================================
[2025-04-05T13:33:53.121+0000] {manager.py:821} INFO - Searching for files in /home/ubuntu/airflow/dags
[2025-04-05T13:33:53.122+0000] {manager.py:824} INFO - There are 1 files in /home/ubuntu/airflow/dags
[2025-04-05T13:34:22.738+0000] {manager.py:997} INFO - 
================================================================================
DAG File Processing Stats

File Path                                     PID    Runtime      # DAGs    # Errors  Last Runtime    Last Run               Last # of DB Queries
--------------------------------------------  -----  ---------  --------  ----------  --------------  -------------------  ----------------------
/home/ubuntu/airflow/dags/zillowanalytics.py                           1           0  0.21s           2025-04-05T13:34:10                      34
================================================================================
[2025-04-05T13:34:52.877+0000] {manager.py:997} INFO - 
================================================================================
DAG File Processing Stats

File Path                                     PID    Runtime      # DAGs    # Errors  Last Runtime    Last Run               Last # of DB Queries
--------------------------------------------  -----  ---------  --------  ----------  --------------  -------------------  ----------------------
/home/ubuntu/airflow/dags/zillowanalytics.py                           1           0  0.20s           2025-04-05T13:34:40                      34
================================================================================
[2025-04-05T13:35:22.970+0000] {manager.py:997} INFO - 
================================================================================
DAG File Processing Stats

File Path                                     PID    Runtime      # DAGs    # Errors  Last Runtime    Last Run               Last # of DB Queries
--------------------------------------------  -----  ---------  --------  ----------  --------------  -------------------  ----------------------
/home/ubuntu/airflow/dags/zillowanalytics.py                           1           0  0.21s           2025-04-05T13:35:11                      34
================================================================================
[2025-04-05T13:35:53.062+0000] {manager.py:997} INFO - 
================================================================================
DAG File Processing Stats

File Path                                     PID    Runtime      # DAGs    # Errors  Last Runtime    Last Run               Last # of DB Queries
--------------------------------------------  -----  ---------  --------  ----------  --------------  -------------------  ----------------------
/home/ubuntu/airflow/dags/zillowanalytics.py                           1           0  0.20s           2025-04-05T13:35:41                      34
================================================================================
[2025-04-05T13:36:23.956+0000] {manager.py:997} INFO - 
================================================================================
DAG File Processing Stats

File Path                                     PID    Runtime      # DAGs    # Errors  Last Runtime    Last Run               Last # of DB Queries
--------------------------------------------  -----  ---------  --------  ----------  --------------  -------------------  ----------------------
/home/ubuntu/airflow/dags/zillowanalytics.py                           1           0  0.10s           2025-04-05T13:35:55                      11
================================================================================
[2025-04-05T13:36:54.262+0000] {manager.py:997} INFO - 
================================================================================
DAG File Processing Stats

File Path                                     PID    Runtime      # DAGs    # Errors  Last Runtime    Last Run               Last # of DB Queries
--------------------------------------------  -----  ---------  --------  ----------  --------------  -------------------  ----------------------
/home/ubuntu/airflow/dags/zillowanalytics.py                           1           0  0.21s           2025-04-05T13:36:52                      34
================================================================================
[2025-04-05T13:37:24.774+0000] {manager.py:997} INFO - 
================================================================================
DAG File Processing Stats

File Path                                     PID    Runtime      # DAGs    # Errors  Last Runtime    Last Run               Last # of DB Queries
--------------------------------------------  -----  ---------  --------  ----------  --------------  -------------------  ----------------------
/home/ubuntu/airflow/dags/zillowanalytics.py                           1           0  0.21s           2025-04-05T13:37:23                      34
================================================================================
[2025-04-05T13:37:55.532+0000] {manager.py:997} INFO - 
================================================================================
DAG File Processing Stats

File Path                                     PID    Runtime      # DAGs    # Errors  Last Runtime    Last Run               Last # of DB Queries
--------------------------------------------  -----  ---------  --------  ----------  --------------  -------------------  ----------------------
/home/ubuntu/airflow/dags/zillowanalytics.py                           1           0  0.20s           2025-04-05T13:37:54                      34
================================================================================
[2025-04-05T13:38:26.277+0000] {manager.py:997} INFO - 
================================================================================
DAG File Processing Stats

File Path                                     PID    Runtime      # DAGs    # Errors  Last Runtime    Last Run               Last # of DB Queries
--------------------------------------------  -----  ---------  --------  ----------  --------------  -------------------  ----------------------
/home/ubuntu/airflow/dags/zillowanalytics.py                           1           0  0.21s           2025-04-05T13:38:25                      34
================================================================================
[2025-04-05T13:38:55.559+0000] {manager.py:821} INFO - Searching for files in /home/ubuntu/airflow/dags
[2025-04-05T13:38:55.560+0000] {manager.py:824} INFO - There are 1 files in /home/ubuntu/airflow/dags
[2025-04-05T13:39:00.092+0000] {manager.py:997} INFO - 
================================================================================
DAG File Processing Stats

File Path                                     PID    Runtime      # DAGs    # Errors  Last Runtime    Last Run               Last # of DB Queries
--------------------------------------------  -----  ---------  --------  ----------  --------------  -------------------  ----------------------
/home/ubuntu/airflow/dags/zillowanalytics.py                           1           0  0.20s           2025-04-05T13:38:55                      34
================================================================================
[2025-04-05T13:39:30.758+0000] {manager.py:997} INFO - 
================================================================================
DAG File Processing Stats

File Path                                     PID    Runtime      # DAGs    # Errors  Last Runtime    Last Run               Last # of DB Queries
--------------------------------------------  -----  ---------  --------  ----------  --------------  -------------------  ----------------------
/home/ubuntu/airflow/dags/zillowanalytics.py                           1           0  0.21s           2025-04-05T13:39:26                      34
================================================================================
[2025-04-05T13:40:01.000+0000] {manager.py:997} INFO - 
================================================================================
DAG File Processing Stats

File Path                                     PID    Runtime      # DAGs    # Errors  Last Runtime    Last Run               Last # of DB Queries
--------------------------------------------  -----  ---------  --------  ----------  --------------  -------------------  ----------------------
/home/ubuntu/airflow/dags/zillowanalytics.py                           1           0  0.20s           2025-04-05T13:39:57                      34
================================================================================
[2025-04-05T13:40:31.238+0000] {manager.py:997} INFO - 
================================================================================
DAG File Processing Stats

File Path                                     PID    Runtime      # DAGs    # Errors  Last Runtime    Last Run               Last # of DB Queries
--------------------------------------------  -----  ---------  --------  ----------  --------------  -------------------  ----------------------
/home/ubuntu/airflow/dags/zillowanalytics.py                           1           0  0.20s           2025-04-05T13:40:27                      34
================================================================================
[2025-04-05T13:41:01.485+0000] {manager.py:997} INFO - 
================================================================================
DAG File Processing Stats

File Path                                     PID    Runtime      # DAGs    # Errors  Last Runtime    Last Run               Last # of DB Queries
--------------------------------------------  -----  ---------  --------  ----------  --------------  -------------------  ----------------------
/home/ubuntu/airflow/dags/zillowanalytics.py                           1           0  0.20s           2025-04-05T13:40:57                      34
================================================================================
[2025-04-05T13:41:31.733+0000] {manager.py:997} INFO - 
================================================================================
DAG File Processing Stats

File Path                                     PID    Runtime      # DAGs    # Errors  Last Runtime    Last Run               Last # of DB Queries
--------------------------------------------  -----  ---------  --------  ----------  --------------  -------------------  ----------------------
/home/ubuntu/airflow/dags/zillowanalytics.py                           1           0  0.20s           2025-04-05T13:41:27                      34
================================================================================
[2025-04-05T13:42:01.975+0000] {manager.py:997} INFO - 
================================================================================
DAG File Processing Stats

File Path                                     PID    Runtime      # DAGs    # Errors  Last Runtime    Last Run               Last # of DB Queries
--------------------------------------------  -----  ---------  --------  ----------  --------------  -------------------  ----------------------
/home/ubuntu/airflow/dags/zillowanalytics.py                           1           0  0.20s           2025-04-05T13:41:58                      34
================================================================================
[2025-04-05T13:42:32.222+0000] {manager.py:997} INFO - 
================================================================================
DAG File Processing Stats

File Path                                     PID    Runtime      # DAGs    # Errors  Last Runtime    Last Run               Last # of DB Queries
--------------------------------------------  -----  ---------  --------  ----------  --------------  -------------------  ----------------------
/home/ubuntu/airflow/dags/zillowanalytics.py                           1           0  0.20s           2025-04-05T13:42:28                      34
================================================================================
[2025-04-05T13:43:02.465+0000] {manager.py:997} INFO - 
================================================================================
DAG File Processing Stats

File Path                                     PID    Runtime      # DAGs    # Errors  Last Runtime    Last Run               Last # of DB Queries
--------------------------------------------  -----  ---------  --------  ----------  --------------  -------------------  ----------------------
/home/ubuntu/airflow/dags/zillowanalytics.py                           1           0  0.20s           2025-04-05T13:42:58                      34
================================================================================
[2025-04-05T13:43:32.709+0000] {manager.py:997} INFO - 
================================================================================
DAG File Processing Stats

File Path                                     PID    Runtime      # DAGs    # Errors  Last Runtime    Last Run               Last # of DB Queries
--------------------------------------------  -----  ---------  --------  ----------  --------------  -------------------  ----------------------
/home/ubuntu/airflow/dags/zillowanalytics.py                           1           0  0.20s           2025-04-05T13:43:28                      34
================================================================================
[2025-04-05T13:43:55.676+0000] {manager.py:821} INFO - Searching for files in /home/ubuntu/airflow/dags
[2025-04-05T13:43:55.677+0000] {manager.py:824} INFO - There are 1 files in /home/ubuntu/airflow/dags
[2025-04-05T13:44:02.945+0000] {manager.py:997} INFO - 
================================================================================
DAG File Processing Stats

File Path                                     PID    Runtime      # DAGs    # Errors  Last Runtime    Last Run               Last # of DB Queries
--------------------------------------------  -----  ---------  --------  ----------  --------------  -------------------  ----------------------
/home/ubuntu/airflow/dags/zillowanalytics.py                           1           0  0.20s           2025-04-05T13:43:59                      34
================================================================================
[2025-04-05T13:44:33.191+0000] {manager.py:997} INFO - 
================================================================================
DAG File Processing Stats

File Path                                     PID    Runtime      # DAGs    # Errors  Last Runtime    Last Run               Last # of DB Queries
--------------------------------------------  -----  ---------  --------  ----------  --------------  -------------------  ----------------------
/home/ubuntu/airflow/dags/zillowanalytics.py                           1           0  0.20s           2025-04-05T13:44:29                      34
================================================================================
[2025-04-05T13:45:03.435+0000] {manager.py:997} INFO - 
================================================================================
DAG File Processing Stats

File Path                                     PID    Runtime      # DAGs    # Errors  Last Runtime    Last Run               Last # of DB Queries
--------------------------------------------  -----  ---------  --------  ----------  --------------  -------------------  ----------------------
/home/ubuntu/airflow/dags/zillowanalytics.py                           1           0  0.20s           2025-04-05T13:44:59                      34
================================================================================
[2025-04-05T13:45:33.682+0000] {manager.py:997} INFO - 
================================================================================
DAG File Processing Stats

File Path                                     PID    Runtime      # DAGs    # Errors  Last Runtime    Last Run               Last # of DB Queries
--------------------------------------------  -----  ---------  --------  ----------  --------------  -------------------  ----------------------
/home/ubuntu/airflow/dags/zillowanalytics.py                           1           0  0.21s           2025-04-05T13:45:29                      34
================================================================================
[2025-04-05T13:46:03.900+0000] {manager.py:997} INFO - 
================================================================================
DAG File Processing Stats

File Path                                     PID    Runtime      # DAGs    # Errors  Last Runtime    Last Run               Last # of DB Queries
--------------------------------------------  -----  ---------  --------  ----------  --------------  -------------------  ----------------------
/home/ubuntu/airflow/dags/zillowanalytics.py                           1           0  0.21s           2025-04-05T13:46:00                      34
================================================================================
[2025-04-05T13:46:34.145+0000] {manager.py:997} INFO - 
================================================================================
DAG File Processing Stats

File Path                                     PID    Runtime      # DAGs    # Errors  Last Runtime    Last Run               Last # of DB Queries
--------------------------------------------  -----  ---------  --------  ----------  --------------  -------------------  ----------------------
/home/ubuntu/airflow/dags/zillowanalytics.py                           1           0  0.20s           2025-04-05T13:46:30                      34
================================================================================
[2025-04-05T13:47:04.385+0000] {manager.py:997} INFO - 
================================================================================
DAG File Processing Stats

File Path                                     PID    Runtime      # DAGs    # Errors  Last Runtime    Last Run               Last # of DB Queries
--------------------------------------------  -----  ---------  --------  ----------  --------------  -------------------  ----------------------
/home/ubuntu/airflow/dags/zillowanalytics.py                           1           0  0.21s           2025-04-05T13:47:00                      34
================================================================================
[2025-04-05T13:47:34.626+0000] {manager.py:997} INFO - 
================================================================================
DAG File Processing Stats

File Path                                     PID    Runtime      # DAGs    # Errors  Last Runtime    Last Run               Last # of DB Queries
--------------------------------------------  -----  ---------  --------  ----------  --------------  -------------------  ----------------------
/home/ubuntu/airflow/dags/zillowanalytics.py                           1           0  0.20s           2025-04-05T13:47:30                      34
================================================================================
[2025-04-05T13:48:04.857+0000] {manager.py:997} INFO - 
================================================================================
DAG File Processing Stats

File Path                                     PID    Runtime      # DAGs    # Errors  Last Runtime    Last Run               Last # of DB Queries
--------------------------------------------  -----  ---------  --------  ----------  --------------  -------------------  ----------------------
/home/ubuntu/airflow/dags/zillowanalytics.py                           1           0  0.20s           2025-04-05T13:48:01                      34
================================================================================
[2025-04-05T13:48:35.098+0000] {manager.py:997} INFO - 
================================================================================
DAG File Processing Stats

File Path                                     PID    Runtime      # DAGs    # Errors  Last Runtime    Last Run               Last # of DB Queries
--------------------------------------------  -----  ---------  --------  ----------  --------------  -------------------  ----------------------
/home/ubuntu/airflow/dags/zillowanalytics.py                           1           0  0.21s           2025-04-05T13:48:31                      34
================================================================================
[2025-04-05T13:48:55.840+0000] {manager.py:821} INFO - Searching for files in /home/ubuntu/airflow/dags
[2025-04-05T13:48:55.842+0000] {manager.py:824} INFO - There are 1 files in /home/ubuntu/airflow/dags
[2025-04-05T13:49:05.336+0000] {manager.py:997} INFO - 
================================================================================
DAG File Processing Stats

File Path                                     PID    Runtime      # DAGs    # Errors  Last Runtime    Last Run               Last # of DB Queries
--------------------------------------------  -----  ---------  --------  ----------  --------------  -------------------  ----------------------
/home/ubuntu/airflow/dags/zillowanalytics.py                           1           0  0.20s           2025-04-05T13:49:01                      34
================================================================================
[2025-04-05T13:49:35.566+0000] {manager.py:997} INFO - 
================================================================================
DAG File Processing Stats

File Path                                     PID    Runtime      # DAGs    # Errors  Last Runtime    Last Run               Last # of DB Queries
--------------------------------------------  -----  ---------  --------  ----------  --------------  -------------------  ----------------------
/home/ubuntu/airflow/dags/zillowanalytics.py                           1           0  0.21s           2025-04-05T13:49:31                      34
================================================================================
[2025-04-05T13:50:05.808+0000] {manager.py:997} INFO - 
================================================================================
DAG File Processing Stats

File Path                                     PID    Runtime      # DAGs    # Errors  Last Runtime    Last Run               Last # of DB Queries
--------------------------------------------  -----  ---------  --------  ----------  --------------  -------------------  ----------------------
/home/ubuntu/airflow/dags/zillowanalytics.py                           1           0  0.20s           2025-04-05T13:50:02                      34
================================================================================
[2025-04-05T13:50:36.050+0000] {manager.py:997} INFO - 
================================================================================
DAG File Processing Stats

File Path                                     PID    Runtime      # DAGs    # Errors  Last Runtime    Last Run               Last # of DB Queries
--------------------------------------------  -----  ---------  --------  ----------  --------------  -------------------  ----------------------
/home/ubuntu/airflow/dags/zillowanalytics.py                           1           0  0.20s           2025-04-05T13:50:32                      34
================================================================================
[2025-04-05T13:51:06.295+0000] {manager.py:997} INFO - 
================================================================================
DAG File Processing Stats

File Path                                     PID    Runtime      # DAGs    # Errors  Last Runtime    Last Run               Last # of DB Queries
--------------------------------------------  -----  ---------  --------  ----------  --------------  -------------------  ----------------------
/home/ubuntu/airflow/dags/zillowanalytics.py                           1           0  0.20s           2025-04-05T13:51:02                      34
================================================================================
[2025-04-05T13:51:36.541+0000] {manager.py:997} INFO - 
================================================================================
DAG File Processing Stats

File Path                                     PID    Runtime      # DAGs    # Errors  Last Runtime    Last Run               Last # of DB Queries
--------------------------------------------  -----  ---------  --------  ----------  --------------  -------------------  ----------------------
/home/ubuntu/airflow/dags/zillowanalytics.py                           1           0  0.21s           2025-04-05T13:51:32                      34
================================================================================
[2025-04-05T13:52:06.769+0000] {manager.py:997} INFO - 
================================================================================
DAG File Processing Stats

File Path                                     PID    Runtime      # DAGs    # Errors  Last Runtime    Last Run               Last # of DB Queries
--------------------------------------------  -----  ---------  --------  ----------  --------------  -------------------  ----------------------
/home/ubuntu/airflow/dags/zillowanalytics.py                           1           0  0.20s           2025-04-05T13:52:02                      34
================================================================================
[2025-04-05T13:52:36.985+0000] {manager.py:997} INFO - 
================================================================================
DAG File Processing Stats

File Path                                     PID    Runtime      # DAGs    # Errors  Last Runtime    Last Run               Last # of DB Queries
--------------------------------------------  -----  ---------  --------  ----------  --------------  -------------------  ----------------------
/home/ubuntu/airflow/dags/zillowanalytics.py                           1           0  0.20s           2025-04-05T13:52:33                      34
================================================================================
[2025-04-05T13:53:07.209+0000] {manager.py:997} INFO - 
================================================================================
DAG File Processing Stats

File Path                                     PID    Runtime      # DAGs    # Errors  Last Runtime    Last Run               Last # of DB Queries
--------------------------------------------  -----  ---------  --------  ----------  --------------  -------------------  ----------------------
/home/ubuntu/airflow/dags/zillowanalytics.py                           1           0  0.20s           2025-04-05T13:53:03                      34
================================================================================
[2025-04-05T13:53:37.411+0000] {manager.py:997} INFO - 
================================================================================
DAG File Processing Stats

File Path                                     PID    Runtime      # DAGs    # Errors  Last Runtime    Last Run               Last # of DB Queries
--------------------------------------------  -----  ---------  --------  ----------  --------------  -------------------  ----------------------
/home/ubuntu/airflow/dags/zillowanalytics.py                           1           0  0.20s           2025-04-05T13:53:34                      34
================================================================================
[2025-04-05T13:53:56.007+0000] {manager.py:821} INFO - Searching for files in /home/ubuntu/airflow/dags
[2025-04-05T13:53:56.008+0000] {manager.py:824} INFO - There are 1 files in /home/ubuntu/airflow/dags
[2025-04-05T13:54:07.635+0000] {manager.py:997} INFO - 
================================================================================
DAG File Processing Stats

File Path                                     PID    Runtime      # DAGs    # Errors  Last Runtime    Last Run               Last # of DB Queries
--------------------------------------------  -----  ---------  --------  ----------  --------------  -------------------  ----------------------
/home/ubuntu/airflow/dags/zillowanalytics.py                           1           0  0.21s           2025-04-05T13:54:04                      34
================================================================================
[2025-04-05T13:54:37.859+0000] {manager.py:997} INFO - 
================================================================================
DAG File Processing Stats

File Path                                     PID    Runtime      # DAGs    # Errors  Last Runtime    Last Run               Last # of DB Queries
--------------------------------------------  -----  ---------  --------  ----------  --------------  -------------------  ----------------------
/home/ubuntu/airflow/dags/zillowanalytics.py                           1           0  0.21s           2025-04-05T13:54:35                      34
================================================================================
[2025-04-05T13:55:08.083+0000] {manager.py:997} INFO - 
================================================================================
DAG File Processing Stats

File Path                                     PID    Runtime      # DAGs    # Errors  Last Runtime    Last Run               Last # of DB Queries
--------------------------------------------  -----  ---------  --------  ----------  --------------  -------------------  ----------------------
/home/ubuntu/airflow/dags/zillowanalytics.py                           1           0  0.21s           2025-04-05T13:55:05                      34
================================================================================
[2025-04-05T13:55:38.316+0000] {manager.py:997} INFO - 
================================================================================
DAG File Processing Stats

File Path                                     PID    Runtime      # DAGs    # Errors  Last Runtime    Last Run               Last # of DB Queries
--------------------------------------------  -----  ---------  --------  ----------  --------------  -------------------  ----------------------
/home/ubuntu/airflow/dags/zillowanalytics.py                           1           0  0.20s           2025-04-05T13:55:35                      34
================================================================================
[2025-04-05T13:56:08.537+0000] {manager.py:997} INFO - 
================================================================================
DAG File Processing Stats

File Path                                     PID    Runtime      # DAGs    # Errors  Last Runtime    Last Run               Last # of DB Queries
--------------------------------------------  -----  ---------  --------  ----------  --------------  -------------------  ----------------------
/home/ubuntu/airflow/dags/zillowanalytics.py                           1           0  0.20s           2025-04-05T13:56:05                      34
================================================================================
[2025-04-05T13:56:38.732+0000] {manager.py:997} INFO - 
================================================================================
DAG File Processing Stats

File Path                                     PID    Runtime      # DAGs    # Errors  Last Runtime    Last Run               Last # of DB Queries
--------------------------------------------  -----  ---------  --------  ----------  --------------  -------------------  ----------------------
/home/ubuntu/airflow/dags/zillowanalytics.py                           1           0  0.21s           2025-04-05T13:56:36                      34
================================================================================
[2025-04-05T13:57:08.844+0000] {manager.py:997} INFO - 
================================================================================
DAG File Processing Stats

File Path                                     PID    Runtime      # DAGs    # Errors  Last Runtime    Last Run               Last # of DB Queries
--------------------------------------------  -----  ---------  --------  ----------  --------------  -------------------  ----------------------
/home/ubuntu/airflow/dags/zillowanalytics.py                           1           0  0.21s           2025-04-05T13:57:08                      34
================================================================================
[2025-04-05T13:57:38.940+0000] {manager.py:997} INFO - 
================================================================================
DAG File Processing Stats

File Path                                     PID    Runtime      # DAGs    # Errors  Last Runtime    Last Run               Last # of DB Queries
--------------------------------------------  -----  ---------  --------  ----------  --------------  -------------------  ----------------------
/home/ubuntu/airflow/dags/zillowanalytics.py                           1           0  0.20s           2025-04-05T13:57:38                      34
================================================================================
[2025-04-05T13:58:09.033+0000] {manager.py:997} INFO - 
================================================================================
DAG File Processing Stats

File Path                                     PID    Runtime      # DAGs    # Errors  Last Runtime    Last Run               Last # of DB Queries
--------------------------------------------  -----  ---------  --------  ----------  --------------  -------------------  ----------------------
/home/ubuntu/airflow/dags/zillowanalytics.py                           1           0  0.20s           2025-04-05T13:58:08                      34
================================================================================
[2025-04-05T13:58:39.128+0000] {manager.py:997} INFO - 
================================================================================
DAG File Processing Stats

File Path                                     PID    Runtime      # DAGs    # Errors  Last Runtime    Last Run               Last # of DB Queries
--------------------------------------------  -----  ---------  --------  ----------  --------------  -------------------  ----------------------
/home/ubuntu/airflow/dags/zillowanalytics.py                           1           0  0.21s           2025-04-05T13:58:38                      34
================================================================================
[2025-04-05T13:58:56.171+0000] {manager.py:821} INFO - Searching for files in /home/ubuntu/airflow/dags
[2025-04-05T13:58:56.172+0000] {manager.py:824} INFO - There are 1 files in /home/ubuntu/airflow/dags
[2025-04-05T13:59:09.223+0000] {manager.py:997} INFO - 
================================================================================
DAG File Processing Stats

File Path                                     PID    Runtime      # DAGs    # Errors  Last Runtime    Last Run               Last # of DB Queries
--------------------------------------------  -----  ---------  --------  ----------  --------------  -------------------  ----------------------
/home/ubuntu/airflow/dags/zillowanalytics.py                           1           0  0.21s           2025-04-05T13:59:09                      34
================================================================================
[2025-04-05T13:59:39.320+0000] {manager.py:997} INFO - 
================================================================================
DAG File Processing Stats

File Path                                     PID    Runtime      # DAGs    # Errors  Last Runtime    Last Run               Last # of DB Queries
--------------------------------------------  -----  ---------  --------  ----------  --------------  -------------------  ----------------------
/home/ubuntu/airflow/dags/zillowanalytics.py                           1           0  0.21s           2025-04-05T13:59:39                      34
================================================================================
[2025-04-05T14:00:09.563+0000] {manager.py:997} INFO - 
================================================================================
DAG File Processing Stats

File Path                                     PID    Runtime      # DAGs    # Errors  Last Runtime    Last Run               Last # of DB Queries
--------------------------------------------  -----  ---------  --------  ----------  --------------  -------------------  ----------------------
/home/ubuntu/airflow/dags/zillowanalytics.py                           1           0  0.21s           2025-04-05T14:00:09                      34
================================================================================
[2025-04-05T14:00:39.804+0000] {manager.py:997} INFO - 
================================================================================
DAG File Processing Stats

File Path                                     PID    Runtime      # DAGs    # Errors  Last Runtime    Last Run               Last # of DB Queries
--------------------------------------------  -----  ---------  --------  ----------  --------------  -------------------  ----------------------
/home/ubuntu/airflow/dags/zillowanalytics.py                           1           0  0.20s           2025-04-05T14:00:39                      34
================================================================================
[2025-04-05T14:01:10.049+0000] {manager.py:997} INFO - 
================================================================================
DAG File Processing Stats

File Path                                     PID    Runtime      # DAGs    # Errors  Last Runtime    Last Run               Last # of DB Queries
--------------------------------------------  -----  ---------  --------  ----------  --------------  -------------------  ----------------------
/home/ubuntu/airflow/dags/zillowanalytics.py                           1           0  0.21s           2025-04-05T14:01:10                      34
================================================================================
[2025-04-05T14:01:40.294+0000] {manager.py:997} INFO - 
================================================================================
DAG File Processing Stats

File Path                                     PID    Runtime      # DAGs    # Errors  Last Runtime    Last Run               Last # of DB Queries
--------------------------------------------  -----  ---------  --------  ----------  --------------  -------------------  ----------------------
/home/ubuntu/airflow/dags/zillowanalytics.py                           1           0  0.20s           2025-04-05T14:01:40                      34
================================================================================
[2025-04-05T14:02:10.533+0000] {manager.py:997} INFO - 
================================================================================
DAG File Processing Stats

File Path                                     PID    Runtime      # DAGs    # Errors  Last Runtime    Last Run               Last # of DB Queries
--------------------------------------------  -----  ---------  --------  ----------  --------------  -------------------  ----------------------
/home/ubuntu/airflow/dags/zillowanalytics.py                           1           0  0.20s           2025-04-05T14:02:10                      34
================================================================================
[2025-04-05T14:02:40.777+0000] {manager.py:997} INFO - 
================================================================================
DAG File Processing Stats

File Path                                     PID    Runtime      # DAGs    # Errors  Last Runtime    Last Run               Last # of DB Queries
--------------------------------------------  -----  ---------  --------  ----------  --------------  -------------------  ----------------------
/home/ubuntu/airflow/dags/zillowanalytics.py                           1           0  0.20s           2025-04-05T14:02:40                      34
================================================================================
[2025-04-05T14:03:11.019+0000] {manager.py:997} INFO - 
================================================================================
DAG File Processing Stats

File Path                                     PID    Runtime      # DAGs    # Errors  Last Runtime    Last Run               Last # of DB Queries
--------------------------------------------  -----  ---------  --------  ----------  --------------  -------------------  ----------------------
/home/ubuntu/airflow/dags/zillowanalytics.py                           1           0  0.20s           2025-04-05T14:03:11                      34
================================================================================
[2025-04-05T14:03:41.261+0000] {manager.py:997} INFO - 
================================================================================
DAG File Processing Stats

File Path                                     PID    Runtime      # DAGs    # Errors  Last Runtime    Last Run               Last # of DB Queries
--------------------------------------------  -----  ---------  --------  ----------  --------------  -------------------  ----------------------
/home/ubuntu/airflow/dags/zillowanalytics.py                           1           0  0.21s           2025-04-05T14:03:41                      34
================================================================================
[2025-04-05T14:03:56.178+0000] {manager.py:821} INFO - Searching for files in /home/ubuntu/airflow/dags
[2025-04-05T14:03:56.180+0000] {manager.py:824} INFO - There are 1 files in /home/ubuntu/airflow/dags
[2025-04-05T14:04:11.508+0000] {manager.py:997} INFO - 
================================================================================
DAG File Processing Stats

File Path                                     PID    Runtime      # DAGs    # Errors  Last Runtime    Last Run               Last # of DB Queries
--------------------------------------------  -----  ---------  --------  ----------  --------------  -------------------  ----------------------
/home/ubuntu/airflow/dags/zillowanalytics.py                           1           0  0.20s           2025-04-05T14:04:11                      34
================================================================================
[2025-04-05T14:04:41.749+0000] {manager.py:997} INFO - 
================================================================================
DAG File Processing Stats

File Path                                     PID    Runtime      # DAGs    # Errors  Last Runtime    Last Run               Last # of DB Queries
--------------------------------------------  -----  ---------  --------  ----------  --------------  -------------------  ----------------------
/home/ubuntu/airflow/dags/zillowanalytics.py                           1           0  0.20s           2025-04-05T14:04:41                      34
================================================================================
[2025-04-05T14:05:11.997+0000] {manager.py:997} INFO - 
================================================================================
DAG File Processing Stats

File Path                                     PID    Runtime      # DAGs    # Errors  Last Runtime    Last Run               Last # of DB Queries
--------------------------------------------  -----  ---------  --------  ----------  --------------  -------------------  ----------------------
/home/ubuntu/airflow/dags/zillowanalytics.py                           1           0  0.20s           2025-04-05T14:05:11                      34
================================================================================
[2025-04-05T14:05:42.237+0000] {manager.py:997} INFO - 
================================================================================
DAG File Processing Stats

File Path                                     PID    Runtime      # DAGs    # Errors  Last Runtime    Last Run               Last # of DB Queries
--------------------------------------------  -----  ---------  --------  ----------  --------------  -------------------  ----------------------
/home/ubuntu/airflow/dags/zillowanalytics.py                           1           0  0.20s           2025-04-05T14:05:42                      34
================================================================================
[2025-04-05T14:06:12.478+0000] {manager.py:997} INFO - 
================================================================================
DAG File Processing Stats

File Path                                     PID    Runtime      # DAGs    # Errors  Last Runtime    Last Run               Last # of DB Queries
--------------------------------------------  -----  ---------  --------  ----------  --------------  -------------------  ----------------------
/home/ubuntu/airflow/dags/zillowanalytics.py                           1           0  0.20s           2025-04-05T14:06:12                      34
================================================================================
[2025-04-05T14:06:42.738+0000] {manager.py:997} INFO - 
================================================================================
DAG File Processing Stats

File Path                                     PID    Runtime      # DAGs    # Errors  Last Runtime    Last Run               Last # of DB Queries
--------------------------------------------  -----  ---------  --------  ----------  --------------  -------------------  ----------------------
/home/ubuntu/airflow/dags/zillowanalytics.py                           1           0  0.20s           2025-04-05T14:06:42                      34
================================================================================
[2025-04-05T14:07:12.996+0000] {manager.py:997} INFO - 
================================================================================
DAG File Processing Stats

File Path                                     PID    Runtime      # DAGs    # Errors  Last Runtime    Last Run               Last # of DB Queries
--------------------------------------------  -----  ---------  --------  ----------  --------------  -------------------  ----------------------
/home/ubuntu/airflow/dags/zillowanalytics.py                           1           0  0.21s           2025-04-05T14:07:12                      34
================================================================================
[2025-04-05T14:07:43.237+0000] {manager.py:997} INFO - 
================================================================================
DAG File Processing Stats

File Path                                     PID    Runtime      # DAGs    # Errors  Last Runtime    Last Run               Last # of DB Queries
--------------------------------------------  -----  ---------  --------  ----------  --------------  -------------------  ----------------------
/home/ubuntu/airflow/dags/zillowanalytics.py                           1           0  0.20s           2025-04-05T14:07:43                      34
================================================================================
[2025-04-05T14:08:13.478+0000] {manager.py:997} INFO - 
================================================================================
DAG File Processing Stats

File Path                                     PID    Runtime      # DAGs    # Errors  Last Runtime    Last Run               Last # of DB Queries
--------------------------------------------  -----  ---------  --------  ----------  --------------  -------------------  ----------------------
/home/ubuntu/airflow/dags/zillowanalytics.py                           1           0  0.20s           2025-04-05T14:08:13                      34
================================================================================
[2025-04-05T14:08:43.719+0000] {manager.py:997} INFO - 
================================================================================
DAG File Processing Stats

File Path                                     PID    Runtime      # DAGs    # Errors  Last Runtime    Last Run               Last # of DB Queries
--------------------------------------------  -----  ---------  --------  ----------  --------------  -------------------  ----------------------
/home/ubuntu/airflow/dags/zillowanalytics.py                           1           0  0.20s           2025-04-05T14:08:43                      34
================================================================================
[2025-04-05T14:08:56.456+0000] {manager.py:821} INFO - Searching for files in /home/ubuntu/airflow/dags
[2025-04-05T14:08:56.458+0000] {manager.py:824} INFO - There are 1 files in /home/ubuntu/airflow/dags
[2025-04-05T14:09:13.956+0000] {manager.py:997} INFO - 
================================================================================
DAG File Processing Stats

File Path                                     PID    Runtime      # DAGs    # Errors  Last Runtime    Last Run               Last # of DB Queries
--------------------------------------------  -----  ---------  --------  ----------  --------------  -------------------  ----------------------
/home/ubuntu/airflow/dags/zillowanalytics.py                           1           0  0.20s           2025-04-05T14:09:13                      34
================================================================================
[2025-04-05T14:09:44.196+0000] {manager.py:997} INFO - 
================================================================================
DAG File Processing Stats

File Path                                     PID    Runtime      # DAGs    # Errors  Last Runtime    Last Run               Last # of DB Queries
--------------------------------------------  -----  ---------  --------  ----------  --------------  -------------------  ----------------------
/home/ubuntu/airflow/dags/zillowanalytics.py                           1           0  0.20s           2025-04-05T14:09:44                      34
================================================================================
[2025-04-05T14:10:14.443+0000] {manager.py:997} INFO - 
================================================================================
DAG File Processing Stats

File Path                                     PID    Runtime      # DAGs    # Errors  Last Runtime    Last Run               Last # of DB Queries
--------------------------------------------  -----  ---------  --------  ----------  --------------  -------------------  ----------------------
/home/ubuntu/airflow/dags/zillowanalytics.py                           1           0  0.20s           2025-04-05T14:10:14                      34
================================================================================
[2025-04-05T14:10:44.686+0000] {manager.py:997} INFO - 
================================================================================
DAG File Processing Stats

File Path                                     PID    Runtime      # DAGs    # Errors  Last Runtime    Last Run               Last # of DB Queries
--------------------------------------------  -----  ---------  --------  ----------  --------------  -------------------  ----------------------
/home/ubuntu/airflow/dags/zillowanalytics.py                           1           0  0.20s           2025-04-05T14:10:44                      34
================================================================================
[2025-04-05T14:11:14.925+0000] {manager.py:997} INFO - 
================================================================================
DAG File Processing Stats

File Path                                     PID    Runtime      # DAGs    # Errors  Last Runtime    Last Run               Last # of DB Queries
--------------------------------------------  -----  ---------  --------  ----------  --------------  -------------------  ----------------------
/home/ubuntu/airflow/dags/zillowanalytics.py                           1           0  0.20s           2025-04-05T14:11:14                      34
================================================================================
[2025-04-05T14:11:45.192+0000] {manager.py:997} INFO - 
================================================================================
DAG File Processing Stats

File Path                                     PID    Runtime      # DAGs    # Errors  Last Runtime    Last Run               Last # of DB Queries
--------------------------------------------  -----  ---------  --------  ----------  --------------  -------------------  ----------------------
/home/ubuntu/airflow/dags/zillowanalytics.py                           1           0  0.21s           2025-04-05T14:11:45                      34
================================================================================
[2025-04-05T14:12:15.460+0000] {manager.py:997} INFO - 
================================================================================
DAG File Processing Stats

File Path                                     PID    Runtime      # DAGs    # Errors  Last Runtime    Last Run               Last # of DB Queries
--------------------------------------------  -----  ---------  --------  ----------  --------------  -------------------  ----------------------
/home/ubuntu/airflow/dags/zillowanalytics.py                           1           0  0.20s           2025-04-05T14:12:15                      34
================================================================================
[2025-04-05T14:12:45.726+0000] {manager.py:997} INFO - 
================================================================================
DAG File Processing Stats

File Path                                     PID    Runtime      # DAGs    # Errors  Last Runtime    Last Run               Last # of DB Queries
--------------------------------------------  -----  ---------  --------  ----------  --------------  -------------------  ----------------------
/home/ubuntu/airflow/dags/zillowanalytics.py                           1           0  0.20s           2025-04-05T14:12:45                      34
================================================================================
[2025-04-05T14:13:15.982+0000] {manager.py:997} INFO - 
================================================================================
DAG File Processing Stats

File Path                                     PID    Runtime      # DAGs    # Errors  Last Runtime    Last Run               Last # of DB Queries
--------------------------------------------  -----  ---------  --------  ----------  --------------  -------------------  ----------------------
/home/ubuntu/airflow/dags/zillowanalytics.py                           1           0  0.21s           2025-04-05T14:13:15                      34
================================================================================
[2025-04-05T14:13:46.216+0000] {manager.py:997} INFO - 
================================================================================
DAG File Processing Stats

File Path                                     PID    Runtime      # DAGs    # Errors  Last Runtime    Last Run               Last # of DB Queries
--------------------------------------------  -----  ---------  --------  ----------  --------------  -------------------  ----------------------
/home/ubuntu/airflow/dags/zillowanalytics.py                           1           0  0.20s           2025-04-05T14:13:46                      34
================================================================================
[2025-04-05T14:13:56.599+0000] {manager.py:821} INFO - Searching for files in /home/ubuntu/airflow/dags
[2025-04-05T14:13:56.600+0000] {manager.py:824} INFO - There are 1 files in /home/ubuntu/airflow/dags
[2025-04-05T14:14:16.461+0000] {manager.py:997} INFO - 
================================================================================
DAG File Processing Stats

File Path                                     PID    Runtime      # DAGs    # Errors  Last Runtime    Last Run               Last # of DB Queries
--------------------------------------------  -----  ---------  --------  ----------  --------------  -------------------  ----------------------
/home/ubuntu/airflow/dags/zillowanalytics.py                           1           0  0.20s           2025-04-05T14:14:16                      34
================================================================================
[2025-04-05T14:14:46.806+0000] {manager.py:997} INFO - 
================================================================================
DAG File Processing Stats

File Path                                     PID    Runtime      # DAGs    # Errors  Last Runtime    Last Run               Last # of DB Queries
--------------------------------------------  -----  ---------  --------  ----------  --------------  -------------------  ----------------------
/home/ubuntu/airflow/dags/zillowanalytics.py                           1           0  0.30s           2025-04-05T14:14:46                      34
================================================================================
[2025-04-05T14:15:17.076+0000] {manager.py:997} INFO - 
================================================================================
DAG File Processing Stats

File Path                                     PID    Runtime      # DAGs    # Errors  Last Runtime    Last Run               Last # of DB Queries
--------------------------------------------  -----  ---------  --------  ----------  --------------  -------------------  ----------------------
/home/ubuntu/airflow/dags/zillowanalytics.py                           1           0  0.20s           2025-04-05T14:15:17                      34
================================================================================
[2025-04-05T14:15:47.343+0000] {manager.py:997} INFO - 
================================================================================
DAG File Processing Stats

File Path                                     PID    Runtime      # DAGs    # Errors  Last Runtime    Last Run               Last # of DB Queries
--------------------------------------------  -----  ---------  --------  ----------  --------------  -------------------  ----------------------
/home/ubuntu/airflow/dags/zillowanalytics.py                           1           0  0.20s           2025-04-05T14:15:47                      34
================================================================================
[2025-04-05T14:16:17.611+0000] {manager.py:997} INFO - 
================================================================================
DAG File Processing Stats

File Path                                     PID    Runtime      # DAGs    # Errors  Last Runtime    Last Run               Last # of DB Queries
--------------------------------------------  -----  ---------  --------  ----------  --------------  -------------------  ----------------------
/home/ubuntu/airflow/dags/zillowanalytics.py                           1           0  0.20s           2025-04-05T14:16:17                      34
================================================================================
[2025-04-05T14:16:47.879+0000] {manager.py:997} INFO - 
================================================================================
DAG File Processing Stats

File Path                                     PID    Runtime      # DAGs    # Errors  Last Runtime    Last Run               Last # of DB Queries
--------------------------------------------  -----  ---------  --------  ----------  --------------  -------------------  ----------------------
/home/ubuntu/airflow/dags/zillowanalytics.py                           1           0  0.21s           2025-04-05T14:16:47                      34
================================================================================
[2025-04-05T14:17:18.145+0000] {manager.py:997} INFO - 
================================================================================
DAG File Processing Stats

File Path                                     PID    Runtime      # DAGs    # Errors  Last Runtime    Last Run               Last # of DB Queries
--------------------------------------------  -----  ---------  --------  ----------  --------------  -------------------  ----------------------
/home/ubuntu/airflow/dags/zillowanalytics.py                           1           0  0.20s           2025-04-05T14:17:18                      34
================================================================================
[2025-04-05T14:17:48.412+0000] {manager.py:997} INFO - 
================================================================================
DAG File Processing Stats

File Path                                     PID    Runtime      # DAGs    # Errors  Last Runtime    Last Run               Last # of DB Queries
--------------------------------------------  -----  ---------  --------  ----------  --------------  -------------------  ----------------------
/home/ubuntu/airflow/dags/zillowanalytics.py                           1           0  0.21s           2025-04-05T14:17:48                      34
================================================================================
[2025-04-05T14:18:18.679+0000] {manager.py:997} INFO - 
================================================================================
DAG File Processing Stats

File Path                                     PID    Runtime      # DAGs    # Errors  Last Runtime    Last Run               Last # of DB Queries
--------------------------------------------  -----  ---------  --------  ----------  --------------  -------------------  ----------------------
/home/ubuntu/airflow/dags/zillowanalytics.py                           1           0  0.20s           2025-04-05T14:18:18                      34
================================================================================
[2025-04-05T14:18:49.048+0000] {manager.py:997} INFO - 
================================================================================
DAG File Processing Stats

File Path                                     PID    Runtime      # DAGs    # Errors  Last Runtime    Last Run               Last # of DB Queries
--------------------------------------------  -----  ---------  --------  ----------  --------------  -------------------  ----------------------
/home/ubuntu/airflow/dags/zillowanalytics.py                           1           0  0.31s           2025-04-05T14:18:49                      34
================================================================================
[2025-04-05T14:18:56.763+0000] {manager.py:821} INFO - Searching for files in /home/ubuntu/airflow/dags
[2025-04-05T14:18:56.764+0000] {manager.py:824} INFO - There are 1 files in /home/ubuntu/airflow/dags
[2025-04-05T14:19:19.318+0000] {manager.py:997} INFO - 
================================================================================
DAG File Processing Stats

File Path                                     PID    Runtime      # DAGs    # Errors  Last Runtime    Last Run               Last # of DB Queries
--------------------------------------------  -----  ---------  --------  ----------  --------------  -------------------  ----------------------
/home/ubuntu/airflow/dags/zillowanalytics.py                           1           0  0.21s           2025-04-05T14:19:19                      34
================================================================================
[2025-04-05T14:19:49.586+0000] {manager.py:997} INFO - 
================================================================================
DAG File Processing Stats

File Path                                     PID    Runtime      # DAGs    # Errors  Last Runtime    Last Run               Last # of DB Queries
--------------------------------------------  -----  ---------  --------  ----------  --------------  -------------------  ----------------------
/home/ubuntu/airflow/dags/zillowanalytics.py                           1           0  0.21s           2025-04-05T14:19:49                      34
================================================================================
[2025-04-05T14:20:19.853+0000] {manager.py:997} INFO - 
================================================================================
DAG File Processing Stats

File Path                                     PID    Runtime      # DAGs    # Errors  Last Runtime    Last Run               Last # of DB Queries
--------------------------------------------  -----  ---------  --------  ----------  --------------  -------------------  ----------------------
/home/ubuntu/airflow/dags/zillowanalytics.py                           1           0  0.21s           2025-04-05T14:20:19                      34
================================================================================
[2025-04-05T14:20:50.122+0000] {manager.py:997} INFO - 
================================================================================
DAG File Processing Stats

File Path                                     PID    Runtime      # DAGs    # Errors  Last Runtime    Last Run               Last # of DB Queries
--------------------------------------------  -----  ---------  --------  ----------  --------------  -------------------  ----------------------
/home/ubuntu/airflow/dags/zillowanalytics.py                           1           0  0.20s           2025-04-05T14:20:50                      34
================================================================================
[2025-04-05T14:21:20.388+0000] {manager.py:997} INFO - 
================================================================================
DAG File Processing Stats

File Path                                     PID    Runtime      # DAGs    # Errors  Last Runtime    Last Run               Last # of DB Queries
--------------------------------------------  -----  ---------  --------  ----------  --------------  -------------------  ----------------------
/home/ubuntu/airflow/dags/zillowanalytics.py                           1           0  0.20s           2025-04-05T14:21:20                      34
================================================================================
[2025-04-05T14:21:50.660+0000] {manager.py:997} INFO - 
================================================================================
DAG File Processing Stats

File Path                                     PID    Runtime      # DAGs    # Errors  Last Runtime    Last Run               Last # of DB Queries
--------------------------------------------  -----  ---------  --------  ----------  --------------  -------------------  ----------------------
/home/ubuntu/airflow/dags/zillowanalytics.py                           1           0  0.21s           2025-04-05T14:21:50                      34
================================================================================
