[2025-04-05T02:38:54.296+0000] {processor.py:186} INFO - Started process (PID=1604) to work on /home/ubuntu/airflow/dags/zillowanalytics.py
[2025-04-05T02:38:54.297+0000] {processor.py:914} INFO - Processing file /home/ubuntu/airflow/dags/zillowanalytics.py for tasks to queue
[2025-04-05T02:38:54.299+0000] {logging_mixin.py:190} INFO - [2025-04-05T02:38:54.299+0000] {dagbag.py:588} INFO - Filling up the DagBag from /home/ubuntu/airflow/dags/zillowanalytics.py
[2025-04-05T02:38:54.302+0000] {processor.py:927} WARNING - No viable dags retrieved from /home/ubuntu/airflow/dags/zillowanalytics.py
[2025-04-05T02:38:54.312+0000] {processor.py:208} INFO - Processing /home/ubuntu/airflow/dags/zillowanalytics.py took 0.022 seconds
[2025-04-05T02:39:19.867+0000] {processor.py:186} INFO - Started process (PID=1605) to work on /home/ubuntu/airflow/dags/zillowanalytics.py
[2025-04-05T02:39:19.869+0000] {processor.py:914} INFO - Processing file /home/ubuntu/airflow/dags/zillowanalytics.py for tasks to queue
[2025-04-05T02:39:19.871+0000] {logging_mixin.py:190} INFO - [2025-04-05T02:39:19.870+0000] {dagbag.py:588} INFO - Filling up the DagBag from /home/ubuntu/airflow/dags/zillowanalytics.py
[2025-04-05T02:39:19.890+0000] {logging_mixin.py:190} INFO - [2025-04-05T02:39:19.884+0000] {dagbag.py:387} ERROR - Failed to import: /home/ubuntu/airflow/dags/zillowanalytics.py
Traceback (most recent call last):
  File "/home/ubuntu/venv/lib/python3.12/site-packages/airflow/models/dagbag.py", line 383, in parse
    loader.exec_module(new_module)
  File "<frozen importlib._bootstrap_external>", line 995, in exec_module
  File "<frozen importlib._bootstrap>", line 488, in _call_with_frames_removed
  File "/home/ubuntu/airflow/dags/zillowanalytics.py", line 24, in <module>
    extract_zillow_data = PythonOperator()
                          ^^^^^^^^^^^^^^^^
  File "/home/ubuntu/venv/lib/python3.12/site-packages/airflow/models/baseoperator.py", line 491, in apply_defaults
    raise AirflowException(f"missing keyword argument {missing_args.pop()!r}")
airflow.exceptions.AirflowException: missing keyword argument 'python_callable'
[2025-04-05T02:39:19.891+0000] {processor.py:927} WARNING - No viable dags retrieved from /home/ubuntu/airflow/dags/zillowanalytics.py
[2025-04-05T02:39:19.908+0000] {processor.py:208} INFO - Processing /home/ubuntu/airflow/dags/zillowanalytics.py took 0.046 seconds
[2025-04-05T02:39:50.086+0000] {processor.py:186} INFO - Started process (PID=1606) to work on /home/ubuntu/airflow/dags/zillowanalytics.py
[2025-04-05T02:39:50.088+0000] {processor.py:914} INFO - Processing file /home/ubuntu/airflow/dags/zillowanalytics.py for tasks to queue
[2025-04-05T02:39:50.090+0000] {logging_mixin.py:190} INFO - [2025-04-05T02:39:50.090+0000] {dagbag.py:588} INFO - Filling up the DagBag from /home/ubuntu/airflow/dags/zillowanalytics.py
[2025-04-05T02:39:50.101+0000] {logging_mixin.py:190} INFO - [2025-04-05T02:39:50.099+0000] {dagbag.py:387} ERROR - Failed to import: /home/ubuntu/airflow/dags/zillowanalytics.py
Traceback (most recent call last):
  File "/home/ubuntu/venv/lib/python3.12/site-packages/airflow/models/dagbag.py", line 383, in parse
    loader.exec_module(new_module)
  File "<frozen importlib._bootstrap_external>", line 995, in exec_module
  File "<frozen importlib._bootstrap>", line 488, in _call_with_frames_removed
  File "/home/ubuntu/airflow/dags/zillowanalytics.py", line 24, in <module>
    extract_zillow_data = PythonOperator()
                          ^^^^^^^^^^^^^^^^
  File "/home/ubuntu/venv/lib/python3.12/site-packages/airflow/models/baseoperator.py", line 491, in apply_defaults
    raise AirflowException(f"missing keyword argument {missing_args.pop()!r}")
airflow.exceptions.AirflowException: missing keyword argument 'python_callable'
[2025-04-05T02:39:50.101+0000] {processor.py:927} WARNING - No viable dags retrieved from /home/ubuntu/airflow/dags/zillowanalytics.py
[2025-04-05T02:39:50.120+0000] {processor.py:208} INFO - Processing /home/ubuntu/airflow/dags/zillowanalytics.py took 0.038 seconds
[2025-04-05T02:40:20.308+0000] {processor.py:186} INFO - Started process (PID=1611) to work on /home/ubuntu/airflow/dags/zillowanalytics.py
[2025-04-05T02:40:20.309+0000] {processor.py:914} INFO - Processing file /home/ubuntu/airflow/dags/zillowanalytics.py for tasks to queue
[2025-04-05T02:40:20.310+0000] {logging_mixin.py:190} INFO - [2025-04-05T02:40:20.310+0000] {dagbag.py:588} INFO - Filling up the DagBag from /home/ubuntu/airflow/dags/zillowanalytics.py
[2025-04-05T02:40:20.320+0000] {logging_mixin.py:190} INFO - [2025-04-05T02:40:20.319+0000] {dagbag.py:387} ERROR - Failed to import: /home/ubuntu/airflow/dags/zillowanalytics.py
Traceback (most recent call last):
  File "/home/ubuntu/venv/lib/python3.12/site-packages/airflow/models/dagbag.py", line 383, in parse
    loader.exec_module(new_module)
  File "<frozen importlib._bootstrap_external>", line 995, in exec_module
  File "<frozen importlib._bootstrap>", line 488, in _call_with_frames_removed
  File "/home/ubuntu/airflow/dags/zillowanalytics.py", line 24, in <module>
    extract_zillow_data = PythonOperator()
                          ^^^^^^^^^^^^^^^^
  File "/home/ubuntu/venv/lib/python3.12/site-packages/airflow/models/baseoperator.py", line 491, in apply_defaults
    raise AirflowException(f"missing keyword argument {missing_args.pop()!r}")
airflow.exceptions.AirflowException: missing keyword argument 'python_callable'
[2025-04-05T02:40:20.321+0000] {processor.py:927} WARNING - No viable dags retrieved from /home/ubuntu/airflow/dags/zillowanalytics.py
[2025-04-05T02:40:20.338+0000] {processor.py:208} INFO - Processing /home/ubuntu/airflow/dags/zillowanalytics.py took 0.036 seconds
[2025-04-05T02:40:50.528+0000] {processor.py:186} INFO - Started process (PID=1612) to work on /home/ubuntu/airflow/dags/zillowanalytics.py
[2025-04-05T02:40:50.530+0000] {processor.py:914} INFO - Processing file /home/ubuntu/airflow/dags/zillowanalytics.py for tasks to queue
[2025-04-05T02:40:50.532+0000] {logging_mixin.py:190} INFO - [2025-04-05T02:40:50.532+0000] {dagbag.py:588} INFO - Filling up the DagBag from /home/ubuntu/airflow/dags/zillowanalytics.py
[2025-04-05T02:40:50.542+0000] {logging_mixin.py:190} INFO - [2025-04-05T02:40:50.541+0000] {dagbag.py:387} ERROR - Failed to import: /home/ubuntu/airflow/dags/zillowanalytics.py
Traceback (most recent call last):
  File "/home/ubuntu/venv/lib/python3.12/site-packages/airflow/models/dagbag.py", line 383, in parse
    loader.exec_module(new_module)
  File "<frozen importlib._bootstrap_external>", line 995, in exec_module
  File "<frozen importlib._bootstrap>", line 488, in _call_with_frames_removed
  File "/home/ubuntu/airflow/dags/zillowanalytics.py", line 24, in <module>
    extract_zillow_data = PythonOperator()
                          ^^^^^^^^^^^^^^^^
  File "/home/ubuntu/venv/lib/python3.12/site-packages/airflow/models/baseoperator.py", line 491, in apply_defaults
    raise AirflowException(f"missing keyword argument {missing_args.pop()!r}")
airflow.exceptions.AirflowException: missing keyword argument 'python_callable'
[2025-04-05T02:40:50.543+0000] {processor.py:927} WARNING - No viable dags retrieved from /home/ubuntu/airflow/dags/zillowanalytics.py
[2025-04-05T02:40:50.559+0000] {processor.py:208} INFO - Processing /home/ubuntu/airflow/dags/zillowanalytics.py took 0.036 seconds
[2025-04-05T02:41:20.723+0000] {processor.py:186} INFO - Started process (PID=1614) to work on /home/ubuntu/airflow/dags/zillowanalytics.py
[2025-04-05T02:41:20.725+0000] {processor.py:914} INFO - Processing file /home/ubuntu/airflow/dags/zillowanalytics.py for tasks to queue
[2025-04-05T02:41:20.727+0000] {logging_mixin.py:190} INFO - [2025-04-05T02:41:20.727+0000] {dagbag.py:588} INFO - Filling up the DagBag from /home/ubuntu/airflow/dags/zillowanalytics.py
[2025-04-05T02:41:20.737+0000] {logging_mixin.py:190} INFO - [2025-04-05T02:41:20.735+0000] {dagbag.py:387} ERROR - Failed to import: /home/ubuntu/airflow/dags/zillowanalytics.py
Traceback (most recent call last):
  File "/home/ubuntu/venv/lib/python3.12/site-packages/airflow/models/dagbag.py", line 383, in parse
    loader.exec_module(new_module)
  File "<frozen importlib._bootstrap_external>", line 995, in exec_module
  File "<frozen importlib._bootstrap>", line 488, in _call_with_frames_removed
  File "/home/ubuntu/airflow/dags/zillowanalytics.py", line 24, in <module>
    extract_zillow_data = PythonOperator()
                          ^^^^^^^^^^^^^^^^
  File "/home/ubuntu/venv/lib/python3.12/site-packages/airflow/models/baseoperator.py", line 491, in apply_defaults
    raise AirflowException(f"missing keyword argument {missing_args.pop()!r}")
airflow.exceptions.AirflowException: missing keyword argument 'python_callable'
[2025-04-05T02:41:20.737+0000] {processor.py:927} WARNING - No viable dags retrieved from /home/ubuntu/airflow/dags/zillowanalytics.py
[2025-04-05T02:41:20.754+0000] {processor.py:208} INFO - Processing /home/ubuntu/airflow/dags/zillowanalytics.py took 0.036 seconds
[2025-04-05T02:41:50.941+0000] {processor.py:186} INFO - Started process (PID=1615) to work on /home/ubuntu/airflow/dags/zillowanalytics.py
[2025-04-05T02:41:50.941+0000] {processor.py:914} INFO - Processing file /home/ubuntu/airflow/dags/zillowanalytics.py for tasks to queue
[2025-04-05T02:41:50.943+0000] {logging_mixin.py:190} INFO - [2025-04-05T02:41:50.943+0000] {dagbag.py:588} INFO - Filling up the DagBag from /home/ubuntu/airflow/dags/zillowanalytics.py
[2025-04-05T02:41:50.954+0000] {logging_mixin.py:190} INFO - [2025-04-05T02:41:50.952+0000] {dagbag.py:387} ERROR - Failed to import: /home/ubuntu/airflow/dags/zillowanalytics.py
Traceback (most recent call last):
  File "/home/ubuntu/venv/lib/python3.12/site-packages/airflow/models/dagbag.py", line 383, in parse
    loader.exec_module(new_module)
  File "<frozen importlib._bootstrap_external>", line 995, in exec_module
  File "<frozen importlib._bootstrap>", line 488, in _call_with_frames_removed
  File "/home/ubuntu/airflow/dags/zillowanalytics.py", line 24, in <module>
    extract_zillow_data = PythonOperator()
                          ^^^^^^^^^^^^^^^^
  File "/home/ubuntu/venv/lib/python3.12/site-packages/airflow/models/baseoperator.py", line 491, in apply_defaults
    raise AirflowException(f"missing keyword argument {missing_args.pop()!r}")
airflow.exceptions.AirflowException: missing keyword argument 'python_callable'
[2025-04-05T02:41:50.954+0000] {processor.py:927} WARNING - No viable dags retrieved from /home/ubuntu/airflow/dags/zillowanalytics.py
[2025-04-05T02:41:50.972+0000] {processor.py:208} INFO - Processing /home/ubuntu/airflow/dags/zillowanalytics.py took 0.037 seconds
[2025-04-05T02:42:21.165+0000] {processor.py:186} INFO - Started process (PID=1616) to work on /home/ubuntu/airflow/dags/zillowanalytics.py
[2025-04-05T02:42:21.167+0000] {processor.py:914} INFO - Processing file /home/ubuntu/airflow/dags/zillowanalytics.py for tasks to queue
[2025-04-05T02:42:21.169+0000] {logging_mixin.py:190} INFO - [2025-04-05T02:42:21.168+0000] {dagbag.py:588} INFO - Filling up the DagBag from /home/ubuntu/airflow/dags/zillowanalytics.py
[2025-04-05T02:42:21.179+0000] {logging_mixin.py:190} INFO - [2025-04-05T02:42:21.178+0000] {dagbag.py:387} ERROR - Failed to import: /home/ubuntu/airflow/dags/zillowanalytics.py
Traceback (most recent call last):
  File "/home/ubuntu/venv/lib/python3.12/site-packages/airflow/models/dagbag.py", line 383, in parse
    loader.exec_module(new_module)
  File "<frozen importlib._bootstrap_external>", line 995, in exec_module
  File "<frozen importlib._bootstrap>", line 488, in _call_with_frames_removed
  File "/home/ubuntu/airflow/dags/zillowanalytics.py", line 24, in <module>
    extract_zillow_data = PythonOperator()
                          ^^^^^^^^^^^^^^^^
  File "/home/ubuntu/venv/lib/python3.12/site-packages/airflow/models/baseoperator.py", line 491, in apply_defaults
    raise AirflowException(f"missing keyword argument {missing_args.pop()!r}")
airflow.exceptions.AirflowException: missing keyword argument 'python_callable'
[2025-04-05T02:42:21.179+0000] {processor.py:927} WARNING - No viable dags retrieved from /home/ubuntu/airflow/dags/zillowanalytics.py
[2025-04-05T02:42:21.199+0000] {processor.py:208} INFO - Processing /home/ubuntu/airflow/dags/zillowanalytics.py took 0.039 seconds
[2025-04-05T02:42:51.402+0000] {processor.py:186} INFO - Started process (PID=1620) to work on /home/ubuntu/airflow/dags/zillowanalytics.py
[2025-04-05T02:42:51.402+0000] {processor.py:914} INFO - Processing file /home/ubuntu/airflow/dags/zillowanalytics.py for tasks to queue
[2025-04-05T02:42:51.404+0000] {logging_mixin.py:190} INFO - [2025-04-05T02:42:51.404+0000] {dagbag.py:588} INFO - Filling up the DagBag from /home/ubuntu/airflow/dags/zillowanalytics.py
[2025-04-05T02:42:51.414+0000] {logging_mixin.py:190} INFO - [2025-04-05T02:42:51.413+0000] {dagbag.py:387} ERROR - Failed to import: /home/ubuntu/airflow/dags/zillowanalytics.py
Traceback (most recent call last):
  File "/home/ubuntu/venv/lib/python3.12/site-packages/airflow/models/dagbag.py", line 383, in parse
    loader.exec_module(new_module)
  File "<frozen importlib._bootstrap_external>", line 995, in exec_module
  File "<frozen importlib._bootstrap>", line 488, in _call_with_frames_removed
  File "/home/ubuntu/airflow/dags/zillowanalytics.py", line 24, in <module>
    extract_zillow_data = PythonOperator()
                          ^^^^^^^^^^^^^^^^
  File "/home/ubuntu/venv/lib/python3.12/site-packages/airflow/models/baseoperator.py", line 491, in apply_defaults
    raise AirflowException(f"missing keyword argument {missing_args.pop()!r}")
airflow.exceptions.AirflowException: missing keyword argument 'python_callable'
[2025-04-05T02:42:51.416+0000] {processor.py:927} WARNING - No viable dags retrieved from /home/ubuntu/airflow/dags/zillowanalytics.py
[2025-04-05T02:42:51.437+0000] {processor.py:208} INFO - Processing /home/ubuntu/airflow/dags/zillowanalytics.py took 0.041 seconds
[2025-04-05T02:43:21.635+0000] {processor.py:186} INFO - Started process (PID=1622) to work on /home/ubuntu/airflow/dags/zillowanalytics.py
[2025-04-05T02:43:21.637+0000] {processor.py:914} INFO - Processing file /home/ubuntu/airflow/dags/zillowanalytics.py for tasks to queue
[2025-04-05T02:43:21.638+0000] {logging_mixin.py:190} INFO - [2025-04-05T02:43:21.638+0000] {dagbag.py:588} INFO - Filling up the DagBag from /home/ubuntu/airflow/dags/zillowanalytics.py
[2025-04-05T02:43:21.649+0000] {logging_mixin.py:190} INFO - [2025-04-05T02:43:21.647+0000] {dagbag.py:387} ERROR - Failed to import: /home/ubuntu/airflow/dags/zillowanalytics.py
Traceback (most recent call last):
  File "/home/ubuntu/venv/lib/python3.12/site-packages/airflow/models/dagbag.py", line 383, in parse
    loader.exec_module(new_module)
  File "<frozen importlib._bootstrap_external>", line 995, in exec_module
  File "<frozen importlib._bootstrap>", line 488, in _call_with_frames_removed
  File "/home/ubuntu/airflow/dags/zillowanalytics.py", line 24, in <module>
    extract_zillow_data = PythonOperator()
                          ^^^^^^^^^^^^^^^^
  File "/home/ubuntu/venv/lib/python3.12/site-packages/airflow/models/baseoperator.py", line 491, in apply_defaults
    raise AirflowException(f"missing keyword argument {missing_args.pop()!r}")
airflow.exceptions.AirflowException: missing keyword argument 'python_callable'
[2025-04-05T02:43:21.650+0000] {processor.py:927} WARNING - No viable dags retrieved from /home/ubuntu/airflow/dags/zillowanalytics.py
[2025-04-05T02:43:21.670+0000] {processor.py:208} INFO - Processing /home/ubuntu/airflow/dags/zillowanalytics.py took 0.040 seconds
[2025-04-05T02:43:51.875+0000] {processor.py:186} INFO - Started process (PID=1623) to work on /home/ubuntu/airflow/dags/zillowanalytics.py
[2025-04-05T02:43:51.875+0000] {processor.py:914} INFO - Processing file /home/ubuntu/airflow/dags/zillowanalytics.py for tasks to queue
[2025-04-05T02:43:51.877+0000] {logging_mixin.py:190} INFO - [2025-04-05T02:43:51.877+0000] {dagbag.py:588} INFO - Filling up the DagBag from /home/ubuntu/airflow/dags/zillowanalytics.py
[2025-04-05T02:43:51.888+0000] {logging_mixin.py:190} INFO - [2025-04-05T02:43:51.887+0000] {dagbag.py:387} ERROR - Failed to import: /home/ubuntu/airflow/dags/zillowanalytics.py
Traceback (most recent call last):
  File "/home/ubuntu/venv/lib/python3.12/site-packages/airflow/models/dagbag.py", line 383, in parse
    loader.exec_module(new_module)
  File "<frozen importlib._bootstrap_external>", line 995, in exec_module
  File "<frozen importlib._bootstrap>", line 488, in _call_with_frames_removed
  File "/home/ubuntu/airflow/dags/zillowanalytics.py", line 24, in <module>
    extract_zillow_data = PythonOperator()
                          ^^^^^^^^^^^^^^^^
  File "/home/ubuntu/venv/lib/python3.12/site-packages/airflow/models/baseoperator.py", line 491, in apply_defaults
    raise AirflowException(f"missing keyword argument {missing_args.pop()!r}")
airflow.exceptions.AirflowException: missing keyword argument 'python_callable'
[2025-04-05T02:43:51.889+0000] {processor.py:927} WARNING - No viable dags retrieved from /home/ubuntu/airflow/dags/zillowanalytics.py
[2025-04-05T02:43:51.910+0000] {processor.py:208} INFO - Processing /home/ubuntu/airflow/dags/zillowanalytics.py took 0.041 seconds
[2025-04-05T02:44:22.113+0000] {processor.py:186} INFO - Started process (PID=1624) to work on /home/ubuntu/airflow/dags/zillowanalytics.py
[2025-04-05T02:44:22.115+0000] {processor.py:914} INFO - Processing file /home/ubuntu/airflow/dags/zillowanalytics.py for tasks to queue
[2025-04-05T02:44:22.117+0000] {logging_mixin.py:190} INFO - [2025-04-05T02:44:22.116+0000] {dagbag.py:588} INFO - Filling up the DagBag from /home/ubuntu/airflow/dags/zillowanalytics.py
[2025-04-05T02:44:22.127+0000] {logging_mixin.py:190} INFO - [2025-04-05T02:44:22.125+0000] {dagbag.py:387} ERROR - Failed to import: /home/ubuntu/airflow/dags/zillowanalytics.py
Traceback (most recent call last):
  File "/home/ubuntu/venv/lib/python3.12/site-packages/airflow/models/dagbag.py", line 383, in parse
    loader.exec_module(new_module)
  File "<frozen importlib._bootstrap_external>", line 995, in exec_module
  File "<frozen importlib._bootstrap>", line 488, in _call_with_frames_removed
  File "/home/ubuntu/airflow/dags/zillowanalytics.py", line 24, in <module>
    extract_zillow_data = PythonOperator()
                          ^^^^^^^^^^^^^^^^
  File "/home/ubuntu/venv/lib/python3.12/site-packages/airflow/models/baseoperator.py", line 491, in apply_defaults
    raise AirflowException(f"missing keyword argument {missing_args.pop()!r}")
airflow.exceptions.AirflowException: missing keyword argument 'python_callable'
[2025-04-05T02:44:22.127+0000] {processor.py:927} WARNING - No viable dags retrieved from /home/ubuntu/airflow/dags/zillowanalytics.py
[2025-04-05T02:44:22.149+0000] {processor.py:208} INFO - Processing /home/ubuntu/airflow/dags/zillowanalytics.py took 0.041 seconds
[2025-04-05T02:44:52.354+0000] {processor.py:186} INFO - Started process (PID=1626) to work on /home/ubuntu/airflow/dags/zillowanalytics.py
[2025-04-05T02:44:52.355+0000] {processor.py:914} INFO - Processing file /home/ubuntu/airflow/dags/zillowanalytics.py for tasks to queue
[2025-04-05T02:44:52.357+0000] {logging_mixin.py:190} INFO - [2025-04-05T02:44:52.357+0000] {dagbag.py:588} INFO - Filling up the DagBag from /home/ubuntu/airflow/dags/zillowanalytics.py
[2025-04-05T02:44:52.368+0000] {logging_mixin.py:190} INFO - [2025-04-05T02:44:52.367+0000] {dagbag.py:387} ERROR - Failed to import: /home/ubuntu/airflow/dags/zillowanalytics.py
Traceback (most recent call last):
  File "/home/ubuntu/venv/lib/python3.12/site-packages/airflow/models/dagbag.py", line 383, in parse
    loader.exec_module(new_module)
  File "<frozen importlib._bootstrap_external>", line 995, in exec_module
  File "<frozen importlib._bootstrap>", line 488, in _call_with_frames_removed
  File "/home/ubuntu/airflow/dags/zillowanalytics.py", line 24, in <module>
    extract_zillow_data = PythonOperator()
                          ^^^^^^^^^^^^^^^^
  File "/home/ubuntu/venv/lib/python3.12/site-packages/airflow/models/baseoperator.py", line 491, in apply_defaults
    raise AirflowException(f"missing keyword argument {missing_args.pop()!r}")
airflow.exceptions.AirflowException: missing keyword argument 'python_callable'
[2025-04-05T02:44:52.369+0000] {processor.py:927} WARNING - No viable dags retrieved from /home/ubuntu/airflow/dags/zillowanalytics.py
[2025-04-05T02:44:52.391+0000] {processor.py:208} INFO - Processing /home/ubuntu/airflow/dags/zillowanalytics.py took 0.042 seconds
[2025-04-05T02:45:22.586+0000] {processor.py:186} INFO - Started process (PID=1630) to work on /home/ubuntu/airflow/dags/zillowanalytics.py
[2025-04-05T02:45:22.588+0000] {processor.py:914} INFO - Processing file /home/ubuntu/airflow/dags/zillowanalytics.py for tasks to queue
[2025-04-05T02:45:22.590+0000] {logging_mixin.py:190} INFO - [2025-04-05T02:45:22.589+0000] {dagbag.py:588} INFO - Filling up the DagBag from /home/ubuntu/airflow/dags/zillowanalytics.py
[2025-04-05T02:45:22.601+0000] {logging_mixin.py:190} INFO - [2025-04-05T02:45:22.599+0000] {dagbag.py:387} ERROR - Failed to import: /home/ubuntu/airflow/dags/zillowanalytics.py
Traceback (most recent call last):
  File "/home/ubuntu/venv/lib/python3.12/site-packages/airflow/models/dagbag.py", line 383, in parse
    loader.exec_module(new_module)
  File "<frozen importlib._bootstrap_external>", line 995, in exec_module
  File "<frozen importlib._bootstrap>", line 488, in _call_with_frames_removed
  File "/home/ubuntu/airflow/dags/zillowanalytics.py", line 24, in <module>
    extract_zillow_data = PythonOperator()
                          ^^^^^^^^^^^^^^^^
  File "/home/ubuntu/venv/lib/python3.12/site-packages/airflow/models/baseoperator.py", line 491, in apply_defaults
    raise AirflowException(f"missing keyword argument {missing_args.pop()!r}")
airflow.exceptions.AirflowException: missing keyword argument 'python_callable'
[2025-04-05T02:45:22.601+0000] {processor.py:927} WARNING - No viable dags retrieved from /home/ubuntu/airflow/dags/zillowanalytics.py
[2025-04-05T02:45:22.621+0000] {processor.py:208} INFO - Processing /home/ubuntu/airflow/dags/zillowanalytics.py took 0.040 seconds
[2025-04-05T02:45:52.828+0000] {processor.py:186} INFO - Started process (PID=1631) to work on /home/ubuntu/airflow/dags/zillowanalytics.py
[2025-04-05T02:45:52.829+0000] {processor.py:914} INFO - Processing file /home/ubuntu/airflow/dags/zillowanalytics.py for tasks to queue
[2025-04-05T02:45:52.831+0000] {logging_mixin.py:190} INFO - [2025-04-05T02:45:52.831+0000] {dagbag.py:588} INFO - Filling up the DagBag from /home/ubuntu/airflow/dags/zillowanalytics.py
[2025-04-05T02:45:52.843+0000] {logging_mixin.py:190} INFO - [2025-04-05T02:45:52.841+0000] {dagbag.py:387} ERROR - Failed to import: /home/ubuntu/airflow/dags/zillowanalytics.py
Traceback (most recent call last):
  File "/home/ubuntu/venv/lib/python3.12/site-packages/airflow/models/dagbag.py", line 383, in parse
    loader.exec_module(new_module)
  File "<frozen importlib._bootstrap_external>", line 995, in exec_module
  File "<frozen importlib._bootstrap>", line 488, in _call_with_frames_removed
  File "/home/ubuntu/airflow/dags/zillowanalytics.py", line 24, in <module>
    extract_zillow_data = PythonOperator()
                          ^^^^^^^^^^^^^^^^
  File "/home/ubuntu/venv/lib/python3.12/site-packages/airflow/models/baseoperator.py", line 491, in apply_defaults
    raise AirflowException(f"missing keyword argument {missing_args.pop()!r}")
airflow.exceptions.AirflowException: missing keyword argument 'python_callable'
[2025-04-05T02:45:52.843+0000] {processor.py:927} WARNING - No viable dags retrieved from /home/ubuntu/airflow/dags/zillowanalytics.py
[2025-04-05T02:45:52.864+0000] {processor.py:208} INFO - Processing /home/ubuntu/airflow/dags/zillowanalytics.py took 0.041 seconds
[2025-04-05T02:46:23.072+0000] {processor.py:186} INFO - Started process (PID=1649) to work on /home/ubuntu/airflow/dags/zillowanalytics.py
[2025-04-05T02:46:23.073+0000] {processor.py:914} INFO - Processing file /home/ubuntu/airflow/dags/zillowanalytics.py for tasks to queue
[2025-04-05T02:46:23.075+0000] {logging_mixin.py:190} INFO - [2025-04-05T02:46:23.075+0000] {dagbag.py:588} INFO - Filling up the DagBag from /home/ubuntu/airflow/dags/zillowanalytics.py
[2025-04-05T02:46:23.086+0000] {logging_mixin.py:190} INFO - [2025-04-05T02:46:23.085+0000] {dagbag.py:387} ERROR - Failed to import: /home/ubuntu/airflow/dags/zillowanalytics.py
Traceback (most recent call last):
  File "/home/ubuntu/venv/lib/python3.12/site-packages/airflow/models/dagbag.py", line 383, in parse
    loader.exec_module(new_module)
  File "<frozen importlib._bootstrap_external>", line 995, in exec_module
  File "<frozen importlib._bootstrap>", line 488, in _call_with_frames_removed
  File "/home/ubuntu/airflow/dags/zillowanalytics.py", line 24, in <module>
    extract_zillow_data = PythonOperator()
                          ^^^^^^^^^^^^^^^^
  File "/home/ubuntu/venv/lib/python3.12/site-packages/airflow/models/baseoperator.py", line 491, in apply_defaults
    raise AirflowException(f"missing keyword argument {missing_args.pop()!r}")
airflow.exceptions.AirflowException: missing keyword argument 'python_callable'
[2025-04-05T02:46:23.087+0000] {processor.py:927} WARNING - No viable dags retrieved from /home/ubuntu/airflow/dags/zillowanalytics.py
[2025-04-05T02:46:23.107+0000] {processor.py:208} INFO - Processing /home/ubuntu/airflow/dags/zillowanalytics.py took 0.041 seconds
[2025-04-05T02:46:53.309+0000] {processor.py:186} INFO - Started process (PID=1650) to work on /home/ubuntu/airflow/dags/zillowanalytics.py
[2025-04-05T02:46:53.310+0000] {processor.py:914} INFO - Processing file /home/ubuntu/airflow/dags/zillowanalytics.py for tasks to queue
[2025-04-05T02:46:53.312+0000] {logging_mixin.py:190} INFO - [2025-04-05T02:46:53.311+0000] {dagbag.py:588} INFO - Filling up the DagBag from /home/ubuntu/airflow/dags/zillowanalytics.py
[2025-04-05T02:46:53.323+0000] {logging_mixin.py:190} INFO - [2025-04-05T02:46:53.321+0000] {dagbag.py:387} ERROR - Failed to import: /home/ubuntu/airflow/dags/zillowanalytics.py
Traceback (most recent call last):
  File "/home/ubuntu/venv/lib/python3.12/site-packages/airflow/models/dagbag.py", line 383, in parse
    loader.exec_module(new_module)
  File "<frozen importlib._bootstrap_external>", line 995, in exec_module
  File "<frozen importlib._bootstrap>", line 488, in _call_with_frames_removed
  File "/home/ubuntu/airflow/dags/zillowanalytics.py", line 24, in <module>
    extract_zillow_data = PythonOperator()
                          ^^^^^^^^^^^^^^^^
  File "/home/ubuntu/venv/lib/python3.12/site-packages/airflow/models/baseoperator.py", line 491, in apply_defaults
    raise AirflowException(f"missing keyword argument {missing_args.pop()!r}")
airflow.exceptions.AirflowException: missing keyword argument 'python_callable'
[2025-04-05T02:46:53.323+0000] {processor.py:927} WARNING - No viable dags retrieved from /home/ubuntu/airflow/dags/zillowanalytics.py
[2025-04-05T02:46:53.343+0000] {processor.py:208} INFO - Processing /home/ubuntu/airflow/dags/zillowanalytics.py took 0.039 seconds
[2025-04-05T02:47:23.551+0000] {processor.py:186} INFO - Started process (PID=1651) to work on /home/ubuntu/airflow/dags/zillowanalytics.py
[2025-04-05T02:47:23.553+0000] {processor.py:914} INFO - Processing file /home/ubuntu/airflow/dags/zillowanalytics.py for tasks to queue
[2025-04-05T02:47:23.555+0000] {logging_mixin.py:190} INFO - [2025-04-05T02:47:23.555+0000] {dagbag.py:588} INFO - Filling up the DagBag from /home/ubuntu/airflow/dags/zillowanalytics.py
[2025-04-05T02:47:23.565+0000] {logging_mixin.py:190} INFO - [2025-04-05T02:47:23.564+0000] {dagbag.py:387} ERROR - Failed to import: /home/ubuntu/airflow/dags/zillowanalytics.py
Traceback (most recent call last):
  File "/home/ubuntu/venv/lib/python3.12/site-packages/airflow/models/dagbag.py", line 383, in parse
    loader.exec_module(new_module)
  File "<frozen importlib._bootstrap_external>", line 995, in exec_module
  File "<frozen importlib._bootstrap>", line 488, in _call_with_frames_removed
  File "/home/ubuntu/airflow/dags/zillowanalytics.py", line 24, in <module>
    extract_zillow_data = PythonOperator()
                          ^^^^^^^^^^^^^^^^
  File "/home/ubuntu/venv/lib/python3.12/site-packages/airflow/models/baseoperator.py", line 491, in apply_defaults
    raise AirflowException(f"missing keyword argument {missing_args.pop()!r}")
airflow.exceptions.AirflowException: missing keyword argument 'python_callable'
[2025-04-05T02:47:23.566+0000] {processor.py:927} WARNING - No viable dags retrieved from /home/ubuntu/airflow/dags/zillowanalytics.py
[2025-04-05T02:47:23.587+0000] {processor.py:208} INFO - Processing /home/ubuntu/airflow/dags/zillowanalytics.py took 0.041 seconds
[2025-04-05T02:47:53.794+0000] {processor.py:186} INFO - Started process (PID=1656) to work on /home/ubuntu/airflow/dags/zillowanalytics.py
[2025-04-05T02:47:53.795+0000] {processor.py:914} INFO - Processing file /home/ubuntu/airflow/dags/zillowanalytics.py for tasks to queue
[2025-04-05T02:47:53.798+0000] {logging_mixin.py:190} INFO - [2025-04-05T02:47:53.797+0000] {dagbag.py:588} INFO - Filling up the DagBag from /home/ubuntu/airflow/dags/zillowanalytics.py
[2025-04-05T02:47:53.810+0000] {logging_mixin.py:190} INFO - [2025-04-05T02:47:53.808+0000] {dagbag.py:387} ERROR - Failed to import: /home/ubuntu/airflow/dags/zillowanalytics.py
Traceback (most recent call last):
  File "/home/ubuntu/venv/lib/python3.12/site-packages/airflow/models/dagbag.py", line 383, in parse
    loader.exec_module(new_module)
  File "<frozen importlib._bootstrap_external>", line 995, in exec_module
  File "<frozen importlib._bootstrap>", line 488, in _call_with_frames_removed
  File "/home/ubuntu/airflow/dags/zillowanalytics.py", line 24, in <module>
    extract_zillow_data = PythonOperator()
                          ^^^^^^^^^^^^^^^^
  File "/home/ubuntu/venv/lib/python3.12/site-packages/airflow/models/baseoperator.py", line 491, in apply_defaults
    raise AirflowException(f"missing keyword argument {missing_args.pop()!r}")
airflow.exceptions.AirflowException: missing keyword argument 'python_callable'
[2025-04-05T02:47:53.810+0000] {processor.py:927} WARNING - No viable dags retrieved from /home/ubuntu/airflow/dags/zillowanalytics.py
[2025-04-05T02:47:53.832+0000] {processor.py:208} INFO - Processing /home/ubuntu/airflow/dags/zillowanalytics.py took 0.042 seconds
[2025-04-05T02:48:24.003+0000] {processor.py:186} INFO - Started process (PID=1657) to work on /home/ubuntu/airflow/dags/zillowanalytics.py
[2025-04-05T02:48:24.005+0000] {processor.py:914} INFO - Processing file /home/ubuntu/airflow/dags/zillowanalytics.py for tasks to queue
[2025-04-05T02:48:24.008+0000] {logging_mixin.py:190} INFO - [2025-04-05T02:48:24.007+0000] {dagbag.py:588} INFO - Filling up the DagBag from /home/ubuntu/airflow/dags/zillowanalytics.py
[2025-04-05T02:48:24.018+0000] {logging_mixin.py:190} INFO - [2025-04-05T02:48:24.017+0000] {dagbag.py:387} ERROR - Failed to import: /home/ubuntu/airflow/dags/zillowanalytics.py
Traceback (most recent call last):
  File "/home/ubuntu/venv/lib/python3.12/site-packages/airflow/models/dagbag.py", line 383, in parse
    loader.exec_module(new_module)
  File "<frozen importlib._bootstrap_external>", line 995, in exec_module
  File "<frozen importlib._bootstrap>", line 488, in _call_with_frames_removed
  File "/home/ubuntu/airflow/dags/zillowanalytics.py", line 24, in <module>
    extract_zillow_data = PythonOperator()
                          ^^^^^^^^^^^^^^^^
  File "/home/ubuntu/venv/lib/python3.12/site-packages/airflow/models/baseoperator.py", line 491, in apply_defaults
    raise AirflowException(f"missing keyword argument {missing_args.pop()!r}")
airflow.exceptions.AirflowException: missing keyword argument 'python_callable'
[2025-04-05T02:48:24.019+0000] {processor.py:927} WARNING - No viable dags retrieved from /home/ubuntu/airflow/dags/zillowanalytics.py
[2025-04-05T02:48:24.039+0000] {processor.py:208} INFO - Processing /home/ubuntu/airflow/dags/zillowanalytics.py took 0.042 seconds
[2025-04-05T02:48:54.241+0000] {processor.py:186} INFO - Started process (PID=1658) to work on /home/ubuntu/airflow/dags/zillowanalytics.py
[2025-04-05T02:48:54.241+0000] {processor.py:914} INFO - Processing file /home/ubuntu/airflow/dags/zillowanalytics.py for tasks to queue
[2025-04-05T02:48:54.243+0000] {logging_mixin.py:190} INFO - [2025-04-05T02:48:54.242+0000] {dagbag.py:588} INFO - Filling up the DagBag from /home/ubuntu/airflow/dags/zillowanalytics.py
[2025-04-05T02:48:54.253+0000] {logging_mixin.py:190} INFO - [2025-04-05T02:48:54.252+0000] {dagbag.py:387} ERROR - Failed to import: /home/ubuntu/airflow/dags/zillowanalytics.py
Traceback (most recent call last):
  File "/home/ubuntu/venv/lib/python3.12/site-packages/airflow/models/dagbag.py", line 383, in parse
    loader.exec_module(new_module)
  File "<frozen importlib._bootstrap_external>", line 995, in exec_module
  File "<frozen importlib._bootstrap>", line 488, in _call_with_frames_removed
  File "/home/ubuntu/airflow/dags/zillowanalytics.py", line 24, in <module>
    extract_zillow_data = PythonOperator()
                          ^^^^^^^^^^^^^^^^
  File "/home/ubuntu/venv/lib/python3.12/site-packages/airflow/models/baseoperator.py", line 491, in apply_defaults
    raise AirflowException(f"missing keyword argument {missing_args.pop()!r}")
airflow.exceptions.AirflowException: missing keyword argument 'python_callable'
[2025-04-05T02:48:54.254+0000] {processor.py:927} WARNING - No viable dags retrieved from /home/ubuntu/airflow/dags/zillowanalytics.py
[2025-04-05T02:48:54.276+0000] {processor.py:208} INFO - Processing /home/ubuntu/airflow/dags/zillowanalytics.py took 0.041 seconds
[2025-04-05T02:49:24.479+0000] {processor.py:186} INFO - Started process (PID=1661) to work on /home/ubuntu/airflow/dags/zillowanalytics.py
[2025-04-05T02:49:24.480+0000] {processor.py:914} INFO - Processing file /home/ubuntu/airflow/dags/zillowanalytics.py for tasks to queue
[2025-04-05T02:49:24.481+0000] {logging_mixin.py:190} INFO - [2025-04-05T02:49:24.481+0000] {dagbag.py:588} INFO - Filling up the DagBag from /home/ubuntu/airflow/dags/zillowanalytics.py
[2025-04-05T02:49:24.492+0000] {logging_mixin.py:190} INFO - [2025-04-05T02:49:24.491+0000] {dagbag.py:387} ERROR - Failed to import: /home/ubuntu/airflow/dags/zillowanalytics.py
Traceback (most recent call last):
  File "/home/ubuntu/venv/lib/python3.12/site-packages/airflow/models/dagbag.py", line 383, in parse
    loader.exec_module(new_module)
  File "<frozen importlib._bootstrap_external>", line 995, in exec_module
  File "<frozen importlib._bootstrap>", line 488, in _call_with_frames_removed
  File "/home/ubuntu/airflow/dags/zillowanalytics.py", line 24, in <module>
    extract_zillow_data = PythonOperator()
                          ^^^^^^^^^^^^^^^^
  File "/home/ubuntu/venv/lib/python3.12/site-packages/airflow/models/baseoperator.py", line 491, in apply_defaults
    raise AirflowException(f"missing keyword argument {missing_args.pop()!r}")
airflow.exceptions.AirflowException: missing keyword argument 'python_callable'
[2025-04-05T02:49:24.492+0000] {processor.py:927} WARNING - No viable dags retrieved from /home/ubuntu/airflow/dags/zillowanalytics.py
[2025-04-05T02:49:24.511+0000] {processor.py:208} INFO - Processing /home/ubuntu/airflow/dags/zillowanalytics.py took 0.038 seconds
[2025-04-05T02:49:54.737+0000] {processor.py:186} INFO - Started process (PID=1663) to work on /home/ubuntu/airflow/dags/zillowanalytics.py
[2025-04-05T02:49:54.738+0000] {processor.py:914} INFO - Processing file /home/ubuntu/airflow/dags/zillowanalytics.py for tasks to queue
[2025-04-05T02:49:54.740+0000] {logging_mixin.py:190} INFO - [2025-04-05T02:49:54.740+0000] {dagbag.py:588} INFO - Filling up the DagBag from /home/ubuntu/airflow/dags/zillowanalytics.py
[2025-04-05T02:49:54.750+0000] {logging_mixin.py:190} INFO - [2025-04-05T02:49:54.749+0000] {dagbag.py:387} ERROR - Failed to import: /home/ubuntu/airflow/dags/zillowanalytics.py
Traceback (most recent call last):
  File "/home/ubuntu/venv/lib/python3.12/site-packages/airflow/models/dagbag.py", line 383, in parse
    loader.exec_module(new_module)
  File "<frozen importlib._bootstrap_external>", line 995, in exec_module
  File "<frozen importlib._bootstrap>", line 488, in _call_with_frames_removed
  File "/home/ubuntu/airflow/dags/zillowanalytics.py", line 24, in <module>
    extract_zillow_data = PythonOperator()
                          ^^^^^^^^^^^^^^^^
  File "/home/ubuntu/venv/lib/python3.12/site-packages/airflow/models/baseoperator.py", line 491, in apply_defaults
    raise AirflowException(f"missing keyword argument {missing_args.pop()!r}")
airflow.exceptions.AirflowException: missing keyword argument 'python_callable'
[2025-04-05T02:49:54.750+0000] {processor.py:927} WARNING - No viable dags retrieved from /home/ubuntu/airflow/dags/zillowanalytics.py
[2025-04-05T02:49:54.771+0000] {processor.py:208} INFO - Processing /home/ubuntu/airflow/dags/zillowanalytics.py took 0.039 seconds
[2025-04-05T02:50:24.953+0000] {processor.py:186} INFO - Started process (PID=1668) to work on /home/ubuntu/airflow/dags/zillowanalytics.py
[2025-04-05T02:50:24.955+0000] {processor.py:914} INFO - Processing file /home/ubuntu/airflow/dags/zillowanalytics.py for tasks to queue
[2025-04-05T02:50:24.956+0000] {logging_mixin.py:190} INFO - [2025-04-05T02:50:24.956+0000] {dagbag.py:588} INFO - Filling up the DagBag from /home/ubuntu/airflow/dags/zillowanalytics.py
[2025-04-05T02:50:24.967+0000] {logging_mixin.py:190} INFO - [2025-04-05T02:50:24.966+0000] {dagbag.py:387} ERROR - Failed to import: /home/ubuntu/airflow/dags/zillowanalytics.py
Traceback (most recent call last):
  File "/home/ubuntu/venv/lib/python3.12/site-packages/airflow/models/dagbag.py", line 383, in parse
    loader.exec_module(new_module)
  File "<frozen importlib._bootstrap_external>", line 995, in exec_module
  File "<frozen importlib._bootstrap>", line 488, in _call_with_frames_removed
  File "/home/ubuntu/airflow/dags/zillowanalytics.py", line 24, in <module>
    extract_zillow_data = PythonOperator()
                          ^^^^^^^^^^^^^^^^
  File "/home/ubuntu/venv/lib/python3.12/site-packages/airflow/models/baseoperator.py", line 491, in apply_defaults
    raise AirflowException(f"missing keyword argument {missing_args.pop()!r}")
airflow.exceptions.AirflowException: missing keyword argument 'python_callable'
[2025-04-05T02:50:24.967+0000] {processor.py:927} WARNING - No viable dags retrieved from /home/ubuntu/airflow/dags/zillowanalytics.py
[2025-04-05T02:50:24.988+0000] {processor.py:208} INFO - Processing /home/ubuntu/airflow/dags/zillowanalytics.py took 0.040 seconds
[2025-04-05T02:50:55.904+0000] {processor.py:186} INFO - Started process (PID=1669) to work on /home/ubuntu/airflow/dags/zillowanalytics.py
[2025-04-05T02:50:55.906+0000] {processor.py:914} INFO - Processing file /home/ubuntu/airflow/dags/zillowanalytics.py for tasks to queue
[2025-04-05T02:50:55.909+0000] {logging_mixin.py:190} INFO - [2025-04-05T02:50:55.908+0000] {dagbag.py:588} INFO - Filling up the DagBag from /home/ubuntu/airflow/dags/zillowanalytics.py
[2025-04-05T02:50:55.918+0000] {logging_mixin.py:190} INFO - [2025-04-05T02:50:55.917+0000] {dagbag.py:387} ERROR - Failed to import: /home/ubuntu/airflow/dags/zillowanalytics.py
Traceback (most recent call last):
  File "/home/ubuntu/venv/lib/python3.12/site-packages/airflow/models/dagbag.py", line 383, in parse
    loader.exec_module(new_module)
  File "<frozen importlib._bootstrap_external>", line 995, in exec_module
  File "<frozen importlib._bootstrap>", line 488, in _call_with_frames_removed
  File "/home/ubuntu/airflow/dags/zillowanalytics.py", line 24, in <module>
    extract_zillow_data = PythonOperator()
                          ^^^^^^^^^^^^^^^^
  File "/home/ubuntu/venv/lib/python3.12/site-packages/airflow/models/baseoperator.py", line 491, in apply_defaults
    raise AirflowException(f"missing keyword argument {missing_args.pop()!r}")
airflow.exceptions.AirflowException: missing keyword argument 'python_callable'
[2025-04-05T02:50:55.919+0000] {processor.py:927} WARNING - No viable dags retrieved from /home/ubuntu/airflow/dags/zillowanalytics.py
[2025-04-05T02:50:55.939+0000] {processor.py:208} INFO - Processing /home/ubuntu/airflow/dags/zillowanalytics.py took 0.040 seconds
[2025-04-05T02:51:26.354+0000] {processor.py:186} INFO - Started process (PID=1671) to work on /home/ubuntu/airflow/dags/zillowanalytics.py
[2025-04-05T02:51:26.356+0000] {processor.py:914} INFO - Processing file /home/ubuntu/airflow/dags/zillowanalytics.py for tasks to queue
[2025-04-05T02:51:26.358+0000] {logging_mixin.py:190} INFO - [2025-04-05T02:51:26.358+0000] {dagbag.py:588} INFO - Filling up the DagBag from /home/ubuntu/airflow/dags/zillowanalytics.py
[2025-04-05T02:51:26.369+0000] {logging_mixin.py:190} INFO - [2025-04-05T02:51:26.367+0000] {dagbag.py:387} ERROR - Failed to import: /home/ubuntu/airflow/dags/zillowanalytics.py
Traceback (most recent call last):
  File "/home/ubuntu/venv/lib/python3.12/site-packages/airflow/models/dagbag.py", line 383, in parse
    loader.exec_module(new_module)
  File "<frozen importlib._bootstrap_external>", line 995, in exec_module
  File "<frozen importlib._bootstrap>", line 488, in _call_with_frames_removed
  File "/home/ubuntu/airflow/dags/zillowanalytics.py", line 24, in <module>
    extract_zillow_data = PythonOperator()
                          ^^^^^^^^^^^^^^^^
  File "/home/ubuntu/venv/lib/python3.12/site-packages/airflow/models/baseoperator.py", line 491, in apply_defaults
    raise AirflowException(f"missing keyword argument {missing_args.pop()!r}")
airflow.exceptions.AirflowException: missing keyword argument 'python_callable'
[2025-04-05T02:51:26.370+0000] {processor.py:927} WARNING - No viable dags retrieved from /home/ubuntu/airflow/dags/zillowanalytics.py
[2025-04-05T02:51:26.390+0000] {processor.py:208} INFO - Processing /home/ubuntu/airflow/dags/zillowanalytics.py took 0.041 seconds
[2025-04-05T02:51:56.523+0000] {processor.py:186} INFO - Started process (PID=1672) to work on /home/ubuntu/airflow/dags/zillowanalytics.py
[2025-04-05T02:51:56.524+0000] {processor.py:914} INFO - Processing file /home/ubuntu/airflow/dags/zillowanalytics.py for tasks to queue
[2025-04-05T02:51:56.526+0000] {logging_mixin.py:190} INFO - [2025-04-05T02:51:56.526+0000] {dagbag.py:588} INFO - Filling up the DagBag from /home/ubuntu/airflow/dags/zillowanalytics.py
[2025-04-05T02:51:56.536+0000] {logging_mixin.py:190} INFO - [2025-04-05T02:51:56.535+0000] {dagbag.py:387} ERROR - Failed to import: /home/ubuntu/airflow/dags/zillowanalytics.py
Traceback (most recent call last):
  File "/home/ubuntu/venv/lib/python3.12/site-packages/airflow/models/dagbag.py", line 383, in parse
    loader.exec_module(new_module)
  File "<frozen importlib._bootstrap_external>", line 995, in exec_module
  File "<frozen importlib._bootstrap>", line 488, in _call_with_frames_removed
  File "/home/ubuntu/airflow/dags/zillowanalytics.py", line 24, in <module>
    extract_zillow_data = PythonOperator()
                          ^^^^^^^^^^^^^^^^
  File "/home/ubuntu/venv/lib/python3.12/site-packages/airflow/models/baseoperator.py", line 491, in apply_defaults
    raise AirflowException(f"missing keyword argument {missing_args.pop()!r}")
airflow.exceptions.AirflowException: missing keyword argument 'python_callable'
[2025-04-05T02:51:56.536+0000] {processor.py:927} WARNING - No viable dags retrieved from /home/ubuntu/airflow/dags/zillowanalytics.py
[2025-04-05T02:51:56.556+0000] {processor.py:208} INFO - Processing /home/ubuntu/airflow/dags/zillowanalytics.py took 0.040 seconds
[2025-04-05T02:52:04.727+0000] {processor.py:186} INFO - Started process (PID=1674) to work on /home/ubuntu/airflow/dags/zillowanalytics.py
[2025-04-05T02:52:04.728+0000] {processor.py:914} INFO - Processing file /home/ubuntu/airflow/dags/zillowanalytics.py for tasks to queue
[2025-04-05T02:52:04.730+0000] {logging_mixin.py:190} INFO - [2025-04-05T02:52:04.730+0000] {dagbag.py:588} INFO - Filling up the DagBag from /home/ubuntu/airflow/dags/zillowanalytics.py
[2025-04-05T02:52:04.733+0000] {logging_mixin.py:190} INFO - [2025-04-05T02:52:04.732+0000] {dagbag.py:387} ERROR - Failed to import: /home/ubuntu/airflow/dags/zillowanalytics.py
Traceback (most recent call last):
  File "/home/ubuntu/venv/lib/python3.12/site-packages/airflow/models/dagbag.py", line 383, in parse
    loader.exec_module(new_module)
  File "<frozen importlib._bootstrap_external>", line 991, in exec_module
  File "<frozen importlib._bootstrap_external>", line 1129, in get_code
  File "<frozen importlib._bootstrap_external>", line 1059, in source_to_code
  File "<frozen importlib._bootstrap>", line 488, in _call_with_frames_removed
  File "/home/ubuntu/airflow/dags/zillowanalytics.py", line 33
    )
    ^
SyntaxError: closing parenthesis ')' does not match opening parenthesis '{' on line 32
[2025-04-05T02:52:04.733+0000] {processor.py:927} WARNING - No viable dags retrieved from /home/ubuntu/airflow/dags/zillowanalytics.py
[2025-04-05T02:52:04.754+0000] {processor.py:208} INFO - Processing /home/ubuntu/airflow/dags/zillowanalytics.py took 0.032 seconds
[2025-04-05T02:52:34.967+0000] {processor.py:186} INFO - Started process (PID=1675) to work on /home/ubuntu/airflow/dags/zillowanalytics.py
[2025-04-05T02:52:34.969+0000] {processor.py:914} INFO - Processing file /home/ubuntu/airflow/dags/zillowanalytics.py for tasks to queue
[2025-04-05T02:52:34.971+0000] {logging_mixin.py:190} INFO - [2025-04-05T02:52:34.971+0000] {dagbag.py:588} INFO - Filling up the DagBag from /home/ubuntu/airflow/dags/zillowanalytics.py
[2025-04-05T02:52:34.974+0000] {logging_mixin.py:190} INFO - [2025-04-05T02:52:34.973+0000] {dagbag.py:387} ERROR - Failed to import: /home/ubuntu/airflow/dags/zillowanalytics.py
Traceback (most recent call last):
  File "/home/ubuntu/venv/lib/python3.12/site-packages/airflow/models/dagbag.py", line 383, in parse
    loader.exec_module(new_module)
  File "<frozen importlib._bootstrap_external>", line 991, in exec_module
  File "<frozen importlib._bootstrap_external>", line 1129, in get_code
  File "<frozen importlib._bootstrap_external>", line 1059, in source_to_code
  File "<frozen importlib._bootstrap>", line 488, in _call_with_frames_removed
  File "/home/ubuntu/airflow/dags/zillowanalytics.py", line 33
    )
    ^
SyntaxError: closing parenthesis ')' does not match opening parenthesis '{' on line 32
[2025-04-05T02:52:34.974+0000] {processor.py:927} WARNING - No viable dags retrieved from /home/ubuntu/airflow/dags/zillowanalytics.py
[2025-04-05T02:52:34.997+0000] {processor.py:208} INFO - Processing /home/ubuntu/airflow/dags/zillowanalytics.py took 0.034 seconds
[2025-04-05T02:53:05.207+0000] {processor.py:186} INFO - Started process (PID=1677) to work on /home/ubuntu/airflow/dags/zillowanalytics.py
[2025-04-05T02:53:05.207+0000] {processor.py:914} INFO - Processing file /home/ubuntu/airflow/dags/zillowanalytics.py for tasks to queue
[2025-04-05T02:53:05.210+0000] {logging_mixin.py:190} INFO - [2025-04-05T02:53:05.210+0000] {dagbag.py:588} INFO - Filling up the DagBag from /home/ubuntu/airflow/dags/zillowanalytics.py
[2025-04-05T02:53:05.213+0000] {logging_mixin.py:190} INFO - [2025-04-05T02:53:05.212+0000] {dagbag.py:387} ERROR - Failed to import: /home/ubuntu/airflow/dags/zillowanalytics.py
Traceback (most recent call last):
  File "/home/ubuntu/venv/lib/python3.12/site-packages/airflow/models/dagbag.py", line 383, in parse
    loader.exec_module(new_module)
  File "<frozen importlib._bootstrap_external>", line 991, in exec_module
  File "<frozen importlib._bootstrap_external>", line 1129, in get_code
  File "<frozen importlib._bootstrap_external>", line 1059, in source_to_code
  File "<frozen importlib._bootstrap>", line 488, in _call_with_frames_removed
  File "/home/ubuntu/airflow/dags/zillowanalytics.py", line 33
    )
    ^
SyntaxError: closing parenthesis ')' does not match opening parenthesis '{' on line 32
[2025-04-05T02:53:05.213+0000] {processor.py:927} WARNING - No viable dags retrieved from /home/ubuntu/airflow/dags/zillowanalytics.py
[2025-04-05T02:53:05.236+0000] {processor.py:208} INFO - Processing /home/ubuntu/airflow/dags/zillowanalytics.py took 0.034 seconds
[2025-04-05T02:53:35.452+0000] {processor.py:186} INFO - Started process (PID=1679) to work on /home/ubuntu/airflow/dags/zillowanalytics.py
[2025-04-05T02:53:35.454+0000] {processor.py:914} INFO - Processing file /home/ubuntu/airflow/dags/zillowanalytics.py for tasks to queue
[2025-04-05T02:53:35.456+0000] {logging_mixin.py:190} INFO - [2025-04-05T02:53:35.456+0000] {dagbag.py:588} INFO - Filling up the DagBag from /home/ubuntu/airflow/dags/zillowanalytics.py
[2025-04-05T02:53:35.460+0000] {logging_mixin.py:190} INFO - [2025-04-05T02:53:35.459+0000] {dagbag.py:387} ERROR - Failed to import: /home/ubuntu/airflow/dags/zillowanalytics.py
Traceback (most recent call last):
  File "/home/ubuntu/venv/lib/python3.12/site-packages/airflow/models/dagbag.py", line 383, in parse
    loader.exec_module(new_module)
  File "<frozen importlib._bootstrap_external>", line 991, in exec_module
  File "<frozen importlib._bootstrap_external>", line 1129, in get_code
  File "<frozen importlib._bootstrap_external>", line 1059, in source_to_code
  File "<frozen importlib._bootstrap>", line 488, in _call_with_frames_removed
  File "/home/ubuntu/airflow/dags/zillowanalytics.py", line 33
    )
    ^
SyntaxError: closing parenthesis ')' does not match opening parenthesis '{' on line 32
[2025-04-05T02:53:35.460+0000] {processor.py:927} WARNING - No viable dags retrieved from /home/ubuntu/airflow/dags/zillowanalytics.py
[2025-04-05T02:53:35.480+0000] {processor.py:208} INFO - Processing /home/ubuntu/airflow/dags/zillowanalytics.py took 0.033 seconds
[2025-04-05T02:54:05.695+0000] {processor.py:186} INFO - Started process (PID=1680) to work on /home/ubuntu/airflow/dags/zillowanalytics.py
[2025-04-05T02:54:05.696+0000] {processor.py:914} INFO - Processing file /home/ubuntu/airflow/dags/zillowanalytics.py for tasks to queue
[2025-04-05T02:54:05.698+0000] {logging_mixin.py:190} INFO - [2025-04-05T02:54:05.698+0000] {dagbag.py:588} INFO - Filling up the DagBag from /home/ubuntu/airflow/dags/zillowanalytics.py
[2025-04-05T02:54:05.701+0000] {logging_mixin.py:190} INFO - [2025-04-05T02:54:05.700+0000] {dagbag.py:387} ERROR - Failed to import: /home/ubuntu/airflow/dags/zillowanalytics.py
Traceback (most recent call last):
  File "/home/ubuntu/venv/lib/python3.12/site-packages/airflow/models/dagbag.py", line 383, in parse
    loader.exec_module(new_module)
  File "<frozen importlib._bootstrap_external>", line 991, in exec_module
  File "<frozen importlib._bootstrap_external>", line 1129, in get_code
  File "<frozen importlib._bootstrap_external>", line 1059, in source_to_code
  File "<frozen importlib._bootstrap>", line 488, in _call_with_frames_removed
  File "/home/ubuntu/airflow/dags/zillowanalytics.py", line 33
    )
    ^
SyntaxError: closing parenthesis ')' does not match opening parenthesis '{' on line 32
[2025-04-05T02:54:05.702+0000] {processor.py:927} WARNING - No viable dags retrieved from /home/ubuntu/airflow/dags/zillowanalytics.py
[2025-04-05T02:54:05.722+0000] {processor.py:208} INFO - Processing /home/ubuntu/airflow/dags/zillowanalytics.py took 0.032 seconds
[2025-04-05T02:54:35.935+0000] {processor.py:186} INFO - Started process (PID=1681) to work on /home/ubuntu/airflow/dags/zillowanalytics.py
[2025-04-05T02:54:35.937+0000] {processor.py:914} INFO - Processing file /home/ubuntu/airflow/dags/zillowanalytics.py for tasks to queue
[2025-04-05T02:54:35.940+0000] {logging_mixin.py:190} INFO - [2025-04-05T02:54:35.939+0000] {dagbag.py:588} INFO - Filling up the DagBag from /home/ubuntu/airflow/dags/zillowanalytics.py
[2025-04-05T02:54:35.942+0000] {logging_mixin.py:190} INFO - [2025-04-05T02:54:35.942+0000] {dagbag.py:387} ERROR - Failed to import: /home/ubuntu/airflow/dags/zillowanalytics.py
Traceback (most recent call last):
  File "/home/ubuntu/venv/lib/python3.12/site-packages/airflow/models/dagbag.py", line 383, in parse
    loader.exec_module(new_module)
  File "<frozen importlib._bootstrap_external>", line 991, in exec_module
  File "<frozen importlib._bootstrap_external>", line 1129, in get_code
  File "<frozen importlib._bootstrap_external>", line 1059, in source_to_code
  File "<frozen importlib._bootstrap>", line 488, in _call_with_frames_removed
  File "/home/ubuntu/airflow/dags/zillowanalytics.py", line 33
    )
    ^
SyntaxError: closing parenthesis ')' does not match opening parenthesis '{' on line 32
[2025-04-05T02:54:35.943+0000] {processor.py:927} WARNING - No viable dags retrieved from /home/ubuntu/airflow/dags/zillowanalytics.py
[2025-04-05T02:54:35.964+0000] {processor.py:208} INFO - Processing /home/ubuntu/airflow/dags/zillowanalytics.py took 0.034 seconds
[2025-04-05T02:55:06.152+0000] {processor.py:186} INFO - Started process (PID=1686) to work on /home/ubuntu/airflow/dags/zillowanalytics.py
[2025-04-05T02:55:06.154+0000] {processor.py:914} INFO - Processing file /home/ubuntu/airflow/dags/zillowanalytics.py for tasks to queue
[2025-04-05T02:55:06.156+0000] {logging_mixin.py:190} INFO - [2025-04-05T02:55:06.155+0000] {dagbag.py:588} INFO - Filling up the DagBag from /home/ubuntu/airflow/dags/zillowanalytics.py
[2025-04-05T02:55:06.159+0000] {logging_mixin.py:190} INFO - [2025-04-05T02:55:06.158+0000] {dagbag.py:387} ERROR - Failed to import: /home/ubuntu/airflow/dags/zillowanalytics.py
Traceback (most recent call last):
  File "/home/ubuntu/venv/lib/python3.12/site-packages/airflow/models/dagbag.py", line 383, in parse
    loader.exec_module(new_module)
  File "<frozen importlib._bootstrap_external>", line 991, in exec_module
  File "<frozen importlib._bootstrap_external>", line 1129, in get_code
  File "<frozen importlib._bootstrap_external>", line 1059, in source_to_code
  File "<frozen importlib._bootstrap>", line 488, in _call_with_frames_removed
  File "/home/ubuntu/airflow/dags/zillowanalytics.py", line 33
    )
    ^
SyntaxError: closing parenthesis ')' does not match opening parenthesis '{' on line 32
[2025-04-05T02:55:06.159+0000] {processor.py:927} WARNING - No viable dags retrieved from /home/ubuntu/airflow/dags/zillowanalytics.py
[2025-04-05T02:55:06.181+0000] {processor.py:208} INFO - Processing /home/ubuntu/airflow/dags/zillowanalytics.py took 0.034 seconds
[2025-04-05T02:55:36.382+0000] {processor.py:186} INFO - Started process (PID=1688) to work on /home/ubuntu/airflow/dags/zillowanalytics.py
[2025-04-05T02:55:36.384+0000] {processor.py:914} INFO - Processing file /home/ubuntu/airflow/dags/zillowanalytics.py for tasks to queue
[2025-04-05T02:55:36.387+0000] {logging_mixin.py:190} INFO - [2025-04-05T02:55:36.386+0000] {dagbag.py:588} INFO - Filling up the DagBag from /home/ubuntu/airflow/dags/zillowanalytics.py
[2025-04-05T02:55:36.389+0000] {logging_mixin.py:190} INFO - [2025-04-05T02:55:36.389+0000] {dagbag.py:387} ERROR - Failed to import: /home/ubuntu/airflow/dags/zillowanalytics.py
Traceback (most recent call last):
  File "/home/ubuntu/venv/lib/python3.12/site-packages/airflow/models/dagbag.py", line 383, in parse
    loader.exec_module(new_module)
  File "<frozen importlib._bootstrap_external>", line 991, in exec_module
  File "<frozen importlib._bootstrap_external>", line 1129, in get_code
  File "<frozen importlib._bootstrap_external>", line 1059, in source_to_code
  File "<frozen importlib._bootstrap>", line 488, in _call_with_frames_removed
  File "/home/ubuntu/airflow/dags/zillowanalytics.py", line 33
    )
    ^
SyntaxError: closing parenthesis ')' does not match opening parenthesis '{' on line 32
[2025-04-05T02:55:36.390+0000] {processor.py:927} WARNING - No viable dags retrieved from /home/ubuntu/airflow/dags/zillowanalytics.py
[2025-04-05T02:55:36.410+0000] {processor.py:208} INFO - Processing /home/ubuntu/airflow/dags/zillowanalytics.py took 0.033 seconds
[2025-04-05T02:56:06.621+0000] {processor.py:186} INFO - Started process (PID=1689) to work on /home/ubuntu/airflow/dags/zillowanalytics.py
[2025-04-05T02:56:06.622+0000] {processor.py:914} INFO - Processing file /home/ubuntu/airflow/dags/zillowanalytics.py for tasks to queue
[2025-04-05T02:56:06.624+0000] {logging_mixin.py:190} INFO - [2025-04-05T02:56:06.624+0000] {dagbag.py:588} INFO - Filling up the DagBag from /home/ubuntu/airflow/dags/zillowanalytics.py
[2025-04-05T02:56:06.627+0000] {logging_mixin.py:190} INFO - [2025-04-05T02:56:06.626+0000] {dagbag.py:387} ERROR - Failed to import: /home/ubuntu/airflow/dags/zillowanalytics.py
Traceback (most recent call last):
  File "/home/ubuntu/venv/lib/python3.12/site-packages/airflow/models/dagbag.py", line 383, in parse
    loader.exec_module(new_module)
  File "<frozen importlib._bootstrap_external>", line 991, in exec_module
  File "<frozen importlib._bootstrap_external>", line 1129, in get_code
  File "<frozen importlib._bootstrap_external>", line 1059, in source_to_code
  File "<frozen importlib._bootstrap>", line 488, in _call_with_frames_removed
  File "/home/ubuntu/airflow/dags/zillowanalytics.py", line 33
    )
    ^
SyntaxError: closing parenthesis ')' does not match opening parenthesis '{' on line 32
[2025-04-05T02:56:06.628+0000] {processor.py:927} WARNING - No viable dags retrieved from /home/ubuntu/airflow/dags/zillowanalytics.py
[2025-04-05T02:56:06.649+0000] {processor.py:208} INFO - Processing /home/ubuntu/airflow/dags/zillowanalytics.py took 0.033 seconds
[2025-04-05T02:56:36.853+0000] {processor.py:186} INFO - Started process (PID=1690) to work on /home/ubuntu/airflow/dags/zillowanalytics.py
[2025-04-05T02:56:36.854+0000] {processor.py:914} INFO - Processing file /home/ubuntu/airflow/dags/zillowanalytics.py for tasks to queue
[2025-04-05T02:56:36.857+0000] {logging_mixin.py:190} INFO - [2025-04-05T02:56:36.857+0000] {dagbag.py:588} INFO - Filling up the DagBag from /home/ubuntu/airflow/dags/zillowanalytics.py
[2025-04-05T02:56:36.859+0000] {logging_mixin.py:190} INFO - [2025-04-05T02:56:36.859+0000] {dagbag.py:387} ERROR - Failed to import: /home/ubuntu/airflow/dags/zillowanalytics.py
Traceback (most recent call last):
  File "/home/ubuntu/venv/lib/python3.12/site-packages/airflow/models/dagbag.py", line 383, in parse
    loader.exec_module(new_module)
  File "<frozen importlib._bootstrap_external>", line 991, in exec_module
  File "<frozen importlib._bootstrap_external>", line 1129, in get_code
  File "<frozen importlib._bootstrap_external>", line 1059, in source_to_code
  File "<frozen importlib._bootstrap>", line 488, in _call_with_frames_removed
  File "/home/ubuntu/airflow/dags/zillowanalytics.py", line 33
    )
    ^
SyntaxError: closing parenthesis ')' does not match opening parenthesis '{' on line 32
[2025-04-05T02:56:36.860+0000] {processor.py:927} WARNING - No viable dags retrieved from /home/ubuntu/airflow/dags/zillowanalytics.py
[2025-04-05T02:56:36.881+0000] {processor.py:208} INFO - Processing /home/ubuntu/airflow/dags/zillowanalytics.py took 0.034 seconds
[2025-04-05T02:57:07.092+0000] {processor.py:186} INFO - Started process (PID=1691) to work on /home/ubuntu/airflow/dags/zillowanalytics.py
[2025-04-05T02:57:07.093+0000] {processor.py:914} INFO - Processing file /home/ubuntu/airflow/dags/zillowanalytics.py for tasks to queue
[2025-04-05T02:57:07.095+0000] {logging_mixin.py:190} INFO - [2025-04-05T02:57:07.095+0000] {dagbag.py:588} INFO - Filling up the DagBag from /home/ubuntu/airflow/dags/zillowanalytics.py
[2025-04-05T02:57:07.098+0000] {logging_mixin.py:190} INFO - [2025-04-05T02:57:07.097+0000] {dagbag.py:387} ERROR - Failed to import: /home/ubuntu/airflow/dags/zillowanalytics.py
Traceback (most recent call last):
  File "/home/ubuntu/venv/lib/python3.12/site-packages/airflow/models/dagbag.py", line 383, in parse
    loader.exec_module(new_module)
  File "<frozen importlib._bootstrap_external>", line 991, in exec_module
  File "<frozen importlib._bootstrap_external>", line 1129, in get_code
  File "<frozen importlib._bootstrap_external>", line 1059, in source_to_code
  File "<frozen importlib._bootstrap>", line 488, in _call_with_frames_removed
  File "/home/ubuntu/airflow/dags/zillowanalytics.py", line 33
    )
    ^
SyntaxError: closing parenthesis ')' does not match opening parenthesis '{' on line 32
[2025-04-05T02:57:07.099+0000] {processor.py:927} WARNING - No viable dags retrieved from /home/ubuntu/airflow/dags/zillowanalytics.py
[2025-04-05T02:57:07.120+0000] {processor.py:208} INFO - Processing /home/ubuntu/airflow/dags/zillowanalytics.py took 0.033 seconds
[2025-04-05T02:57:37.331+0000] {processor.py:186} INFO - Started process (PID=1692) to work on /home/ubuntu/airflow/dags/zillowanalytics.py
[2025-04-05T02:57:37.332+0000] {processor.py:914} INFO - Processing file /home/ubuntu/airflow/dags/zillowanalytics.py for tasks to queue
[2025-04-05T02:57:37.335+0000] {logging_mixin.py:190} INFO - [2025-04-05T02:57:37.334+0000] {dagbag.py:588} INFO - Filling up the DagBag from /home/ubuntu/airflow/dags/zillowanalytics.py
[2025-04-05T02:57:37.338+0000] {logging_mixin.py:190} INFO - [2025-04-05T02:57:37.337+0000] {dagbag.py:387} ERROR - Failed to import: /home/ubuntu/airflow/dags/zillowanalytics.py
Traceback (most recent call last):
  File "/home/ubuntu/venv/lib/python3.12/site-packages/airflow/models/dagbag.py", line 383, in parse
    loader.exec_module(new_module)
  File "<frozen importlib._bootstrap_external>", line 991, in exec_module
  File "<frozen importlib._bootstrap_external>", line 1129, in get_code
  File "<frozen importlib._bootstrap_external>", line 1059, in source_to_code
  File "<frozen importlib._bootstrap>", line 488, in _call_with_frames_removed
  File "/home/ubuntu/airflow/dags/zillowanalytics.py", line 33
    )
    ^
SyntaxError: closing parenthesis ')' does not match opening parenthesis '{' on line 32
[2025-04-05T02:57:37.339+0000] {processor.py:927} WARNING - No viable dags retrieved from /home/ubuntu/airflow/dags/zillowanalytics.py
[2025-04-05T02:57:37.361+0000] {processor.py:208} INFO - Processing /home/ubuntu/airflow/dags/zillowanalytics.py took 0.035 seconds
[2025-04-05T02:58:07.570+0000] {processor.py:186} INFO - Started process (PID=1695) to work on /home/ubuntu/airflow/dags/zillowanalytics.py
[2025-04-05T02:58:07.572+0000] {processor.py:914} INFO - Processing file /home/ubuntu/airflow/dags/zillowanalytics.py for tasks to queue
[2025-04-05T02:58:07.573+0000] {logging_mixin.py:190} INFO - [2025-04-05T02:58:07.573+0000] {dagbag.py:588} INFO - Filling up the DagBag from /home/ubuntu/airflow/dags/zillowanalytics.py
[2025-04-05T02:58:07.576+0000] {logging_mixin.py:190} INFO - [2025-04-05T02:58:07.576+0000] {dagbag.py:387} ERROR - Failed to import: /home/ubuntu/airflow/dags/zillowanalytics.py
Traceback (most recent call last):
  File "/home/ubuntu/venv/lib/python3.12/site-packages/airflow/models/dagbag.py", line 383, in parse
    loader.exec_module(new_module)
  File "<frozen importlib._bootstrap_external>", line 991, in exec_module
  File "<frozen importlib._bootstrap_external>", line 1129, in get_code
  File "<frozen importlib._bootstrap_external>", line 1059, in source_to_code
  File "<frozen importlib._bootstrap>", line 488, in _call_with_frames_removed
  File "/home/ubuntu/airflow/dags/zillowanalytics.py", line 33
    )
    ^
SyntaxError: closing parenthesis ')' does not match opening parenthesis '{' on line 32
[2025-04-05T02:58:07.577+0000] {processor.py:927} WARNING - No viable dags retrieved from /home/ubuntu/airflow/dags/zillowanalytics.py
[2025-04-05T02:58:07.598+0000] {processor.py:208} INFO - Processing /home/ubuntu/airflow/dags/zillowanalytics.py took 0.033 seconds
[2025-04-05T02:58:37.807+0000] {processor.py:186} INFO - Started process (PID=1696) to work on /home/ubuntu/airflow/dags/zillowanalytics.py
[2025-04-05T02:58:37.808+0000] {processor.py:914} INFO - Processing file /home/ubuntu/airflow/dags/zillowanalytics.py for tasks to queue
[2025-04-05T02:58:37.810+0000] {logging_mixin.py:190} INFO - [2025-04-05T02:58:37.810+0000] {dagbag.py:588} INFO - Filling up the DagBag from /home/ubuntu/airflow/dags/zillowanalytics.py
[2025-04-05T02:58:37.813+0000] {logging_mixin.py:190} INFO - [2025-04-05T02:58:37.813+0000] {dagbag.py:387} ERROR - Failed to import: /home/ubuntu/airflow/dags/zillowanalytics.py
Traceback (most recent call last):
  File "/home/ubuntu/venv/lib/python3.12/site-packages/airflow/models/dagbag.py", line 383, in parse
    loader.exec_module(new_module)
  File "<frozen importlib._bootstrap_external>", line 991, in exec_module
  File "<frozen importlib._bootstrap_external>", line 1129, in get_code
  File "<frozen importlib._bootstrap_external>", line 1059, in source_to_code
  File "<frozen importlib._bootstrap>", line 488, in _call_with_frames_removed
  File "/home/ubuntu/airflow/dags/zillowanalytics.py", line 33
    )
    ^
SyntaxError: closing parenthesis ')' does not match opening parenthesis '{' on line 32
[2025-04-05T02:58:37.814+0000] {processor.py:927} WARNING - No viable dags retrieved from /home/ubuntu/airflow/dags/zillowanalytics.py
[2025-04-05T02:58:37.835+0000] {processor.py:208} INFO - Processing /home/ubuntu/airflow/dags/zillowanalytics.py took 0.033 seconds
[2025-04-05T02:59:08.017+0000] {processor.py:186} INFO - Started process (PID=1741) to work on /home/ubuntu/airflow/dags/zillowanalytics.py
[2025-04-05T02:59:08.019+0000] {processor.py:914} INFO - Processing file /home/ubuntu/airflow/dags/zillowanalytics.py for tasks to queue
[2025-04-05T02:59:08.021+0000] {logging_mixin.py:190} INFO - [2025-04-05T02:59:08.021+0000] {dagbag.py:588} INFO - Filling up the DagBag from /home/ubuntu/airflow/dags/zillowanalytics.py
[2025-04-05T02:59:08.024+0000] {logging_mixin.py:190} INFO - [2025-04-05T02:59:08.023+0000] {dagbag.py:387} ERROR - Failed to import: /home/ubuntu/airflow/dags/zillowanalytics.py
Traceback (most recent call last):
  File "/home/ubuntu/venv/lib/python3.12/site-packages/airflow/models/dagbag.py", line 383, in parse
    loader.exec_module(new_module)
  File "<frozen importlib._bootstrap_external>", line 991, in exec_module
  File "<frozen importlib._bootstrap_external>", line 1129, in get_code
  File "<frozen importlib._bootstrap_external>", line 1059, in source_to_code
  File "<frozen importlib._bootstrap>", line 488, in _call_with_frames_removed
  File "/home/ubuntu/airflow/dags/zillowanalytics.py", line 33
    )
    ^
SyntaxError: closing parenthesis ')' does not match opening parenthesis '{' on line 32
[2025-04-05T02:59:08.025+0000] {processor.py:927} WARNING - No viable dags retrieved from /home/ubuntu/airflow/dags/zillowanalytics.py
[2025-04-05T02:59:08.046+0000] {processor.py:208} INFO - Processing /home/ubuntu/airflow/dags/zillowanalytics.py took 0.034 seconds
[2025-04-05T02:59:38.254+0000] {processor.py:186} INFO - Started process (PID=1745) to work on /home/ubuntu/airflow/dags/zillowanalytics.py
[2025-04-05T02:59:38.256+0000] {processor.py:914} INFO - Processing file /home/ubuntu/airflow/dags/zillowanalytics.py for tasks to queue
[2025-04-05T02:59:38.258+0000] {logging_mixin.py:190} INFO - [2025-04-05T02:59:38.258+0000] {dagbag.py:588} INFO - Filling up the DagBag from /home/ubuntu/airflow/dags/zillowanalytics.py
[2025-04-05T02:59:38.261+0000] {logging_mixin.py:190} INFO - [2025-04-05T02:59:38.261+0000] {dagbag.py:387} ERROR - Failed to import: /home/ubuntu/airflow/dags/zillowanalytics.py
Traceback (most recent call last):
  File "/home/ubuntu/venv/lib/python3.12/site-packages/airflow/models/dagbag.py", line 383, in parse
    loader.exec_module(new_module)
  File "<frozen importlib._bootstrap_external>", line 991, in exec_module
  File "<frozen importlib._bootstrap_external>", line 1129, in get_code
  File "<frozen importlib._bootstrap_external>", line 1059, in source_to_code
  File "<frozen importlib._bootstrap>", line 488, in _call_with_frames_removed
  File "/home/ubuntu/airflow/dags/zillowanalytics.py", line 33
    )
    ^
SyntaxError: closing parenthesis ')' does not match opening parenthesis '{' on line 32
[2025-04-05T02:59:38.262+0000] {processor.py:927} WARNING - No viable dags retrieved from /home/ubuntu/airflow/dags/zillowanalytics.py
[2025-04-05T02:59:38.285+0000] {processor.py:208} INFO - Processing /home/ubuntu/airflow/dags/zillowanalytics.py took 0.036 seconds
[2025-04-05T03:00:08.496+0000] {processor.py:186} INFO - Started process (PID=1749) to work on /home/ubuntu/airflow/dags/zillowanalytics.py
[2025-04-05T03:00:08.497+0000] {processor.py:914} INFO - Processing file /home/ubuntu/airflow/dags/zillowanalytics.py for tasks to queue
[2025-04-05T03:00:08.499+0000] {logging_mixin.py:190} INFO - [2025-04-05T03:00:08.499+0000] {dagbag.py:588} INFO - Filling up the DagBag from /home/ubuntu/airflow/dags/zillowanalytics.py
[2025-04-05T03:00:08.502+0000] {logging_mixin.py:190} INFO - [2025-04-05T03:00:08.501+0000] {dagbag.py:387} ERROR - Failed to import: /home/ubuntu/airflow/dags/zillowanalytics.py
Traceback (most recent call last):
  File "/home/ubuntu/venv/lib/python3.12/site-packages/airflow/models/dagbag.py", line 383, in parse
    loader.exec_module(new_module)
  File "<frozen importlib._bootstrap_external>", line 991, in exec_module
  File "<frozen importlib._bootstrap_external>", line 1129, in get_code
  File "<frozen importlib._bootstrap_external>", line 1059, in source_to_code
  File "<frozen importlib._bootstrap>", line 488, in _call_with_frames_removed
  File "/home/ubuntu/airflow/dags/zillowanalytics.py", line 33
    )
    ^
SyntaxError: closing parenthesis ')' does not match opening parenthesis '{' on line 32
[2025-04-05T03:00:08.503+0000] {processor.py:927} WARNING - No viable dags retrieved from /home/ubuntu/airflow/dags/zillowanalytics.py
[2025-04-05T03:00:08.522+0000] {processor.py:208} INFO - Processing /home/ubuntu/airflow/dags/zillowanalytics.py took 0.032 seconds
[2025-04-05T03:00:38.731+0000] {processor.py:186} INFO - Started process (PID=1750) to work on /home/ubuntu/airflow/dags/zillowanalytics.py
[2025-04-05T03:00:38.732+0000] {processor.py:914} INFO - Processing file /home/ubuntu/airflow/dags/zillowanalytics.py for tasks to queue
[2025-04-05T03:00:38.734+0000] {logging_mixin.py:190} INFO - [2025-04-05T03:00:38.734+0000] {dagbag.py:588} INFO - Filling up the DagBag from /home/ubuntu/airflow/dags/zillowanalytics.py
[2025-04-05T03:00:38.738+0000] {logging_mixin.py:190} INFO - [2025-04-05T03:00:38.736+0000] {dagbag.py:387} ERROR - Failed to import: /home/ubuntu/airflow/dags/zillowanalytics.py
Traceback (most recent call last):
  File "/home/ubuntu/venv/lib/python3.12/site-packages/airflow/models/dagbag.py", line 383, in parse
    loader.exec_module(new_module)
  File "<frozen importlib._bootstrap_external>", line 991, in exec_module
  File "<frozen importlib._bootstrap_external>", line 1129, in get_code
  File "<frozen importlib._bootstrap_external>", line 1059, in source_to_code
  File "<frozen importlib._bootstrap>", line 488, in _call_with_frames_removed
  File "/home/ubuntu/airflow/dags/zillowanalytics.py", line 33
    )
    ^
SyntaxError: closing parenthesis ')' does not match opening parenthesis '{' on line 32
[2025-04-05T03:00:38.738+0000] {processor.py:927} WARNING - No viable dags retrieved from /home/ubuntu/airflow/dags/zillowanalytics.py
[2025-04-05T03:00:38.759+0000] {processor.py:208} INFO - Processing /home/ubuntu/airflow/dags/zillowanalytics.py took 0.033 seconds
[2025-04-05T03:01:08.969+0000] {processor.py:186} INFO - Started process (PID=1752) to work on /home/ubuntu/airflow/dags/zillowanalytics.py
[2025-04-05T03:01:08.970+0000] {processor.py:914} INFO - Processing file /home/ubuntu/airflow/dags/zillowanalytics.py for tasks to queue
[2025-04-05T03:01:08.972+0000] {logging_mixin.py:190} INFO - [2025-04-05T03:01:08.971+0000] {dagbag.py:588} INFO - Filling up the DagBag from /home/ubuntu/airflow/dags/zillowanalytics.py
[2025-04-05T03:01:08.976+0000] {logging_mixin.py:190} INFO - [2025-04-05T03:01:08.974+0000] {dagbag.py:387} ERROR - Failed to import: /home/ubuntu/airflow/dags/zillowanalytics.py
Traceback (most recent call last):
  File "/home/ubuntu/venv/lib/python3.12/site-packages/airflow/models/dagbag.py", line 383, in parse
    loader.exec_module(new_module)
  File "<frozen importlib._bootstrap_external>", line 991, in exec_module
  File "<frozen importlib._bootstrap_external>", line 1129, in get_code
  File "<frozen importlib._bootstrap_external>", line 1059, in source_to_code
  File "<frozen importlib._bootstrap>", line 488, in _call_with_frames_removed
  File "/home/ubuntu/airflow/dags/zillowanalytics.py", line 33
    )
    ^
SyntaxError: closing parenthesis ')' does not match opening parenthesis '{' on line 32
[2025-04-05T03:01:08.976+0000] {processor.py:927} WARNING - No viable dags retrieved from /home/ubuntu/airflow/dags/zillowanalytics.py
[2025-04-05T03:01:08.997+0000] {processor.py:208} INFO - Processing /home/ubuntu/airflow/dags/zillowanalytics.py took 0.034 seconds
[2025-04-05T03:01:39.244+0000] {processor.py:186} INFO - Started process (PID=1753) to work on /home/ubuntu/airflow/dags/zillowanalytics.py
[2025-04-05T03:01:39.245+0000] {processor.py:914} INFO - Processing file /home/ubuntu/airflow/dags/zillowanalytics.py for tasks to queue
[2025-04-05T03:01:39.246+0000] {logging_mixin.py:190} INFO - [2025-04-05T03:01:39.246+0000] {dagbag.py:588} INFO - Filling up the DagBag from /home/ubuntu/airflow/dags/zillowanalytics.py
[2025-04-05T03:01:39.250+0000] {logging_mixin.py:190} INFO - [2025-04-05T03:01:39.249+0000] {dagbag.py:387} ERROR - Failed to import: /home/ubuntu/airflow/dags/zillowanalytics.py
Traceback (most recent call last):
  File "/home/ubuntu/venv/lib/python3.12/site-packages/airflow/models/dagbag.py", line 383, in parse
    loader.exec_module(new_module)
  File "<frozen importlib._bootstrap_external>", line 991, in exec_module
  File "<frozen importlib._bootstrap_external>", line 1129, in get_code
  File "<frozen importlib._bootstrap_external>", line 1059, in source_to_code
  File "<frozen importlib._bootstrap>", line 488, in _call_with_frames_removed
  File "/home/ubuntu/airflow/dags/zillowanalytics.py", line 33
    )
    ^
SyntaxError: closing parenthesis ')' does not match opening parenthesis '{' on line 32
[2025-04-05T03:01:39.251+0000] {processor.py:927} WARNING - No viable dags retrieved from /home/ubuntu/airflow/dags/zillowanalytics.py
[2025-04-05T03:01:39.271+0000] {processor.py:208} INFO - Processing /home/ubuntu/airflow/dags/zillowanalytics.py took 0.033 seconds
[2025-04-05T03:02:09.438+0000] {processor.py:186} INFO - Started process (PID=1754) to work on /home/ubuntu/airflow/dags/zillowanalytics.py
[2025-04-05T03:02:09.439+0000] {processor.py:914} INFO - Processing file /home/ubuntu/airflow/dags/zillowanalytics.py for tasks to queue
[2025-04-05T03:02:09.441+0000] {logging_mixin.py:190} INFO - [2025-04-05T03:02:09.441+0000] {dagbag.py:588} INFO - Filling up the DagBag from /home/ubuntu/airflow/dags/zillowanalytics.py
[2025-04-05T03:02:09.445+0000] {logging_mixin.py:190} INFO - [2025-04-05T03:02:09.444+0000] {dagbag.py:387} ERROR - Failed to import: /home/ubuntu/airflow/dags/zillowanalytics.py
Traceback (most recent call last):
  File "/home/ubuntu/venv/lib/python3.12/site-packages/airflow/models/dagbag.py", line 383, in parse
    loader.exec_module(new_module)
  File "<frozen importlib._bootstrap_external>", line 991, in exec_module
  File "<frozen importlib._bootstrap_external>", line 1129, in get_code
  File "<frozen importlib._bootstrap_external>", line 1059, in source_to_code
  File "<frozen importlib._bootstrap>", line 488, in _call_with_frames_removed
  File "/home/ubuntu/airflow/dags/zillowanalytics.py", line 33
    )
    ^
SyntaxError: closing parenthesis ')' does not match opening parenthesis '{' on line 32
[2025-04-05T03:02:09.445+0000] {processor.py:927} WARNING - No viable dags retrieved from /home/ubuntu/airflow/dags/zillowanalytics.py
[2025-04-05T03:02:09.466+0000] {processor.py:208} INFO - Processing /home/ubuntu/airflow/dags/zillowanalytics.py took 0.033 seconds
[2025-04-05T03:02:39.617+0000] {processor.py:186} INFO - Started process (PID=1757) to work on /home/ubuntu/airflow/dags/zillowanalytics.py
[2025-04-05T03:02:39.619+0000] {processor.py:914} INFO - Processing file /home/ubuntu/airflow/dags/zillowanalytics.py for tasks to queue
[2025-04-05T03:02:39.622+0000] {logging_mixin.py:190} INFO - [2025-04-05T03:02:39.621+0000] {dagbag.py:588} INFO - Filling up the DagBag from /home/ubuntu/airflow/dags/zillowanalytics.py
[2025-04-05T03:02:39.624+0000] {logging_mixin.py:190} INFO - [2025-04-05T03:02:39.623+0000] {dagbag.py:387} ERROR - Failed to import: /home/ubuntu/airflow/dags/zillowanalytics.py
Traceback (most recent call last):
  File "/home/ubuntu/venv/lib/python3.12/site-packages/airflow/models/dagbag.py", line 383, in parse
    loader.exec_module(new_module)
  File "<frozen importlib._bootstrap_external>", line 991, in exec_module
  File "<frozen importlib._bootstrap_external>", line 1129, in get_code
  File "<frozen importlib._bootstrap_external>", line 1059, in source_to_code
  File "<frozen importlib._bootstrap>", line 488, in _call_with_frames_removed
  File "/home/ubuntu/airflow/dags/zillowanalytics.py", line 33
    )
    ^
SyntaxError: closing parenthesis ')' does not match opening parenthesis '{' on line 32
[2025-04-05T03:02:39.624+0000] {processor.py:927} WARNING - No viable dags retrieved from /home/ubuntu/airflow/dags/zillowanalytics.py
[2025-04-05T03:02:39.646+0000] {processor.py:208} INFO - Processing /home/ubuntu/airflow/dags/zillowanalytics.py took 0.035 seconds
[2025-04-05T03:03:09.815+0000] {processor.py:186} INFO - Started process (PID=1759) to work on /home/ubuntu/airflow/dags/zillowanalytics.py
[2025-04-05T03:03:09.817+0000] {processor.py:914} INFO - Processing file /home/ubuntu/airflow/dags/zillowanalytics.py for tasks to queue
[2025-04-05T03:03:09.818+0000] {logging_mixin.py:190} INFO - [2025-04-05T03:03:09.818+0000] {dagbag.py:588} INFO - Filling up the DagBag from /home/ubuntu/airflow/dags/zillowanalytics.py
[2025-04-05T03:03:09.821+0000] {logging_mixin.py:190} INFO - [2025-04-05T03:03:09.821+0000] {dagbag.py:387} ERROR - Failed to import: /home/ubuntu/airflow/dags/zillowanalytics.py
Traceback (most recent call last):
  File "/home/ubuntu/venv/lib/python3.12/site-packages/airflow/models/dagbag.py", line 383, in parse
    loader.exec_module(new_module)
  File "<frozen importlib._bootstrap_external>", line 991, in exec_module
  File "<frozen importlib._bootstrap_external>", line 1129, in get_code
  File "<frozen importlib._bootstrap_external>", line 1059, in source_to_code
  File "<frozen importlib._bootstrap>", line 488, in _call_with_frames_removed
  File "/home/ubuntu/airflow/dags/zillowanalytics.py", line 33
    )
    ^
SyntaxError: closing parenthesis ')' does not match opening parenthesis '{' on line 32
[2025-04-05T03:03:09.822+0000] {processor.py:927} WARNING - No viable dags retrieved from /home/ubuntu/airflow/dags/zillowanalytics.py
[2025-04-05T03:03:09.842+0000] {processor.py:208} INFO - Processing /home/ubuntu/airflow/dags/zillowanalytics.py took 0.033 seconds
[2025-04-05T03:03:40.010+0000] {processor.py:186} INFO - Started process (PID=1760) to work on /home/ubuntu/airflow/dags/zillowanalytics.py
[2025-04-05T03:03:40.011+0000] {processor.py:914} INFO - Processing file /home/ubuntu/airflow/dags/zillowanalytics.py for tasks to queue
[2025-04-05T03:03:40.013+0000] {logging_mixin.py:190} INFO - [2025-04-05T03:03:40.013+0000] {dagbag.py:588} INFO - Filling up the DagBag from /home/ubuntu/airflow/dags/zillowanalytics.py
[2025-04-05T03:03:40.016+0000] {logging_mixin.py:190} INFO - [2025-04-05T03:03:40.015+0000] {dagbag.py:387} ERROR - Failed to import: /home/ubuntu/airflow/dags/zillowanalytics.py
Traceback (most recent call last):
  File "/home/ubuntu/venv/lib/python3.12/site-packages/airflow/models/dagbag.py", line 383, in parse
    loader.exec_module(new_module)
  File "<frozen importlib._bootstrap_external>", line 991, in exec_module
  File "<frozen importlib._bootstrap_external>", line 1129, in get_code
  File "<frozen importlib._bootstrap_external>", line 1059, in source_to_code
  File "<frozen importlib._bootstrap>", line 488, in _call_with_frames_removed
  File "/home/ubuntu/airflow/dags/zillowanalytics.py", line 33
    )
    ^
SyntaxError: closing parenthesis ')' does not match opening parenthesis '{' on line 32
[2025-04-05T03:03:40.016+0000] {processor.py:927} WARNING - No viable dags retrieved from /home/ubuntu/airflow/dags/zillowanalytics.py
[2025-04-05T03:03:40.037+0000] {processor.py:208} INFO - Processing /home/ubuntu/airflow/dags/zillowanalytics.py took 0.032 seconds
[2025-04-05T03:04:10.205+0000] {processor.py:186} INFO - Started process (PID=1762) to work on /home/ubuntu/airflow/dags/zillowanalytics.py
[2025-04-05T03:04:10.207+0000] {processor.py:914} INFO - Processing file /home/ubuntu/airflow/dags/zillowanalytics.py for tasks to queue
[2025-04-05T03:04:10.210+0000] {logging_mixin.py:190} INFO - [2025-04-05T03:04:10.209+0000] {dagbag.py:588} INFO - Filling up the DagBag from /home/ubuntu/airflow/dags/zillowanalytics.py
[2025-04-05T03:04:10.213+0000] {logging_mixin.py:190} INFO - [2025-04-05T03:04:10.212+0000] {dagbag.py:387} ERROR - Failed to import: /home/ubuntu/airflow/dags/zillowanalytics.py
Traceback (most recent call last):
  File "/home/ubuntu/venv/lib/python3.12/site-packages/airflow/models/dagbag.py", line 383, in parse
    loader.exec_module(new_module)
  File "<frozen importlib._bootstrap_external>", line 991, in exec_module
  File "<frozen importlib._bootstrap_external>", line 1129, in get_code
  File "<frozen importlib._bootstrap_external>", line 1059, in source_to_code
  File "<frozen importlib._bootstrap>", line 488, in _call_with_frames_removed
  File "/home/ubuntu/airflow/dags/zillowanalytics.py", line 33
    )
    ^
SyntaxError: closing parenthesis ')' does not match opening parenthesis '{' on line 32
[2025-04-05T03:04:10.213+0000] {processor.py:927} WARNING - No viable dags retrieved from /home/ubuntu/airflow/dags/zillowanalytics.py
[2025-04-05T03:04:10.235+0000] {processor.py:208} INFO - Processing /home/ubuntu/airflow/dags/zillowanalytics.py took 0.035 seconds
[2025-04-05T03:04:40.400+0000] {processor.py:186} INFO - Started process (PID=1766) to work on /home/ubuntu/airflow/dags/zillowanalytics.py
[2025-04-05T03:04:40.402+0000] {processor.py:914} INFO - Processing file /home/ubuntu/airflow/dags/zillowanalytics.py for tasks to queue
[2025-04-05T03:04:40.404+0000] {logging_mixin.py:190} INFO - [2025-04-05T03:04:40.404+0000] {dagbag.py:588} INFO - Filling up the DagBag from /home/ubuntu/airflow/dags/zillowanalytics.py
[2025-04-05T03:04:40.407+0000] {logging_mixin.py:190} INFO - [2025-04-05T03:04:40.406+0000] {dagbag.py:387} ERROR - Failed to import: /home/ubuntu/airflow/dags/zillowanalytics.py
Traceback (most recent call last):
  File "/home/ubuntu/venv/lib/python3.12/site-packages/airflow/models/dagbag.py", line 383, in parse
    loader.exec_module(new_module)
  File "<frozen importlib._bootstrap_external>", line 991, in exec_module
  File "<frozen importlib._bootstrap_external>", line 1129, in get_code
  File "<frozen importlib._bootstrap_external>", line 1059, in source_to_code
  File "<frozen importlib._bootstrap>", line 488, in _call_with_frames_removed
  File "/home/ubuntu/airflow/dags/zillowanalytics.py", line 33
    )
    ^
SyntaxError: closing parenthesis ')' does not match opening parenthesis '{' on line 32
[2025-04-05T03:04:40.407+0000] {processor.py:927} WARNING - No viable dags retrieved from /home/ubuntu/airflow/dags/zillowanalytics.py
[2025-04-05T03:04:40.428+0000] {processor.py:208} INFO - Processing /home/ubuntu/airflow/dags/zillowanalytics.py took 0.033 seconds
[2025-04-05T03:05:10.595+0000] {processor.py:186} INFO - Started process (PID=1771) to work on /home/ubuntu/airflow/dags/zillowanalytics.py
[2025-04-05T03:05:10.597+0000] {processor.py:914} INFO - Processing file /home/ubuntu/airflow/dags/zillowanalytics.py for tasks to queue
[2025-04-05T03:05:10.600+0000] {logging_mixin.py:190} INFO - [2025-04-05T03:05:10.600+0000] {dagbag.py:588} INFO - Filling up the DagBag from /home/ubuntu/airflow/dags/zillowanalytics.py
[2025-04-05T03:05:10.603+0000] {logging_mixin.py:190} INFO - [2025-04-05T03:05:10.602+0000] {dagbag.py:387} ERROR - Failed to import: /home/ubuntu/airflow/dags/zillowanalytics.py
Traceback (most recent call last):
  File "/home/ubuntu/venv/lib/python3.12/site-packages/airflow/models/dagbag.py", line 383, in parse
    loader.exec_module(new_module)
  File "<frozen importlib._bootstrap_external>", line 991, in exec_module
  File "<frozen importlib._bootstrap_external>", line 1129, in get_code
  File "<frozen importlib._bootstrap_external>", line 1059, in source_to_code
  File "<frozen importlib._bootstrap>", line 488, in _call_with_frames_removed
  File "/home/ubuntu/airflow/dags/zillowanalytics.py", line 33
    )
    ^
SyntaxError: closing parenthesis ')' does not match opening parenthesis '{' on line 32
[2025-04-05T03:05:10.604+0000] {processor.py:927} WARNING - No viable dags retrieved from /home/ubuntu/airflow/dags/zillowanalytics.py
[2025-04-05T03:05:10.623+0000] {processor.py:208} INFO - Processing /home/ubuntu/airflow/dags/zillowanalytics.py took 0.033 seconds
[2025-04-05T03:05:40.789+0000] {processor.py:186} INFO - Started process (PID=1772) to work on /home/ubuntu/airflow/dags/zillowanalytics.py
[2025-04-05T03:05:40.790+0000] {processor.py:914} INFO - Processing file /home/ubuntu/airflow/dags/zillowanalytics.py for tasks to queue
[2025-04-05T03:05:40.791+0000] {logging_mixin.py:190} INFO - [2025-04-05T03:05:40.791+0000] {dagbag.py:588} INFO - Filling up the DagBag from /home/ubuntu/airflow/dags/zillowanalytics.py
[2025-04-05T03:05:40.794+0000] {logging_mixin.py:190} INFO - [2025-04-05T03:05:40.793+0000] {dagbag.py:387} ERROR - Failed to import: /home/ubuntu/airflow/dags/zillowanalytics.py
Traceback (most recent call last):
  File "/home/ubuntu/venv/lib/python3.12/site-packages/airflow/models/dagbag.py", line 383, in parse
    loader.exec_module(new_module)
  File "<frozen importlib._bootstrap_external>", line 991, in exec_module
  File "<frozen importlib._bootstrap_external>", line 1129, in get_code
  File "<frozen importlib._bootstrap_external>", line 1059, in source_to_code
  File "<frozen importlib._bootstrap>", line 488, in _call_with_frames_removed
  File "/home/ubuntu/airflow/dags/zillowanalytics.py", line 33
    )
    ^
SyntaxError: closing parenthesis ')' does not match opening parenthesis '{' on line 32
[2025-04-05T03:05:40.794+0000] {processor.py:927} WARNING - No viable dags retrieved from /home/ubuntu/airflow/dags/zillowanalytics.py
[2025-04-05T03:05:40.814+0000] {processor.py:208} INFO - Processing /home/ubuntu/airflow/dags/zillowanalytics.py took 0.032 seconds
[2025-04-05T03:06:10.983+0000] {processor.py:186} INFO - Started process (PID=1773) to work on /home/ubuntu/airflow/dags/zillowanalytics.py
[2025-04-05T03:06:10.984+0000] {processor.py:914} INFO - Processing file /home/ubuntu/airflow/dags/zillowanalytics.py for tasks to queue
[2025-04-05T03:06:10.986+0000] {logging_mixin.py:190} INFO - [2025-04-05T03:06:10.986+0000] {dagbag.py:588} INFO - Filling up the DagBag from /home/ubuntu/airflow/dags/zillowanalytics.py
[2025-04-05T03:06:10.989+0000] {logging_mixin.py:190} INFO - [2025-04-05T03:06:10.988+0000] {dagbag.py:387} ERROR - Failed to import: /home/ubuntu/airflow/dags/zillowanalytics.py
Traceback (most recent call last):
  File "/home/ubuntu/venv/lib/python3.12/site-packages/airflow/models/dagbag.py", line 383, in parse
    loader.exec_module(new_module)
  File "<frozen importlib._bootstrap_external>", line 991, in exec_module
  File "<frozen importlib._bootstrap_external>", line 1129, in get_code
  File "<frozen importlib._bootstrap_external>", line 1059, in source_to_code
  File "<frozen importlib._bootstrap>", line 488, in _call_with_frames_removed
  File "/home/ubuntu/airflow/dags/zillowanalytics.py", line 33
    )
    ^
SyntaxError: closing parenthesis ')' does not match opening parenthesis '{' on line 32
[2025-04-05T03:06:10.990+0000] {processor.py:927} WARNING - No viable dags retrieved from /home/ubuntu/airflow/dags/zillowanalytics.py
[2025-04-05T03:06:11.011+0000] {processor.py:208} INFO - Processing /home/ubuntu/airflow/dags/zillowanalytics.py took 0.033 seconds
[2025-04-05T03:06:41.181+0000] {processor.py:186} INFO - Started process (PID=1774) to work on /home/ubuntu/airflow/dags/zillowanalytics.py
[2025-04-05T03:06:41.183+0000] {processor.py:914} INFO - Processing file /home/ubuntu/airflow/dags/zillowanalytics.py for tasks to queue
[2025-04-05T03:06:41.185+0000] {logging_mixin.py:190} INFO - [2025-04-05T03:06:41.185+0000] {dagbag.py:588} INFO - Filling up the DagBag from /home/ubuntu/airflow/dags/zillowanalytics.py
[2025-04-05T03:06:41.188+0000] {logging_mixin.py:190} INFO - [2025-04-05T03:06:41.187+0000] {dagbag.py:387} ERROR - Failed to import: /home/ubuntu/airflow/dags/zillowanalytics.py
Traceback (most recent call last):
  File "/home/ubuntu/venv/lib/python3.12/site-packages/airflow/models/dagbag.py", line 383, in parse
    loader.exec_module(new_module)
  File "<frozen importlib._bootstrap_external>", line 991, in exec_module
  File "<frozen importlib._bootstrap_external>", line 1129, in get_code
  File "<frozen importlib._bootstrap_external>", line 1059, in source_to_code
  File "<frozen importlib._bootstrap>", line 488, in _call_with_frames_removed
  File "/home/ubuntu/airflow/dags/zillowanalytics.py", line 33
    )
    ^
SyntaxError: closing parenthesis ')' does not match opening parenthesis '{' on line 32
[2025-04-05T03:06:41.189+0000] {processor.py:927} WARNING - No viable dags retrieved from /home/ubuntu/airflow/dags/zillowanalytics.py
[2025-04-05T03:06:41.210+0000] {processor.py:208} INFO - Processing /home/ubuntu/airflow/dags/zillowanalytics.py took 0.033 seconds
[2025-04-05T03:07:11.375+0000] {processor.py:186} INFO - Started process (PID=1777) to work on /home/ubuntu/airflow/dags/zillowanalytics.py
[2025-04-05T03:07:11.376+0000] {processor.py:914} INFO - Processing file /home/ubuntu/airflow/dags/zillowanalytics.py for tasks to queue
[2025-04-05T03:07:11.378+0000] {logging_mixin.py:190} INFO - [2025-04-05T03:07:11.377+0000] {dagbag.py:588} INFO - Filling up the DagBag from /home/ubuntu/airflow/dags/zillowanalytics.py
[2025-04-05T03:07:11.381+0000] {logging_mixin.py:190} INFO - [2025-04-05T03:07:11.380+0000] {dagbag.py:387} ERROR - Failed to import: /home/ubuntu/airflow/dags/zillowanalytics.py
Traceback (most recent call last):
  File "/home/ubuntu/venv/lib/python3.12/site-packages/airflow/models/dagbag.py", line 383, in parse
    loader.exec_module(new_module)
  File "<frozen importlib._bootstrap_external>", line 991, in exec_module
  File "<frozen importlib._bootstrap_external>", line 1129, in get_code
  File "<frozen importlib._bootstrap_external>", line 1059, in source_to_code
  File "<frozen importlib._bootstrap>", line 488, in _call_with_frames_removed
  File "/home/ubuntu/airflow/dags/zillowanalytics.py", line 33
    )
    ^
SyntaxError: closing parenthesis ')' does not match opening parenthesis '{' on line 32
[2025-04-05T03:07:11.381+0000] {processor.py:927} WARNING - No viable dags retrieved from /home/ubuntu/airflow/dags/zillowanalytics.py
[2025-04-05T03:07:11.402+0000] {processor.py:208} INFO - Processing /home/ubuntu/airflow/dags/zillowanalytics.py took 0.032 seconds
[2025-04-05T03:07:17.916+0000] {processor.py:186} INFO - Started process (PID=1778) to work on /home/ubuntu/airflow/dags/zillowanalytics.py
[2025-04-05T03:07:17.917+0000] {processor.py:914} INFO - Processing file /home/ubuntu/airflow/dags/zillowanalytics.py for tasks to queue
[2025-04-05T03:07:17.919+0000] {logging_mixin.py:190} INFO - [2025-04-05T03:07:17.919+0000] {dagbag.py:588} INFO - Filling up the DagBag from /home/ubuntu/airflow/dags/zillowanalytics.py
[2025-04-05T03:07:17.923+0000] {logging_mixin.py:190} INFO - [2025-04-05T03:07:17.921+0000] {dagbag.py:387} ERROR - Failed to import: /home/ubuntu/airflow/dags/zillowanalytics.py
Traceback (most recent call last):
  File "/home/ubuntu/venv/lib/python3.12/site-packages/airflow/models/dagbag.py", line 383, in parse
    loader.exec_module(new_module)
  File "<frozen importlib._bootstrap_external>", line 991, in exec_module
  File "<frozen importlib._bootstrap_external>", line 1129, in get_code
  File "<frozen importlib._bootstrap_external>", line 1059, in source_to_code
  File "<frozen importlib._bootstrap>", line 488, in _call_with_frames_removed
  File "/home/ubuntu/airflow/dags/zillowanalytics.py", line 44
    )
    ^
SyntaxError: closing parenthesis ')' does not match opening parenthesis '{' on line 43
[2025-04-05T03:07:17.923+0000] {processor.py:927} WARNING - No viable dags retrieved from /home/ubuntu/airflow/dags/zillowanalytics.py
[2025-04-05T03:07:17.943+0000] {processor.py:208} INFO - Processing /home/ubuntu/airflow/dags/zillowanalytics.py took 0.033 seconds
[2025-04-05T03:07:48.161+0000] {processor.py:186} INFO - Started process (PID=1779) to work on /home/ubuntu/airflow/dags/zillowanalytics.py
[2025-04-05T03:07:48.162+0000] {processor.py:914} INFO - Processing file /home/ubuntu/airflow/dags/zillowanalytics.py for tasks to queue
[2025-04-05T03:07:48.164+0000] {logging_mixin.py:190} INFO - [2025-04-05T03:07:48.164+0000] {dagbag.py:588} INFO - Filling up the DagBag from /home/ubuntu/airflow/dags/zillowanalytics.py
[2025-04-05T03:07:48.167+0000] {logging_mixin.py:190} INFO - [2025-04-05T03:07:48.167+0000] {dagbag.py:387} ERROR - Failed to import: /home/ubuntu/airflow/dags/zillowanalytics.py
Traceback (most recent call last):
  File "/home/ubuntu/venv/lib/python3.12/site-packages/airflow/models/dagbag.py", line 383, in parse
    loader.exec_module(new_module)
  File "<frozen importlib._bootstrap_external>", line 991, in exec_module
  File "<frozen importlib._bootstrap_external>", line 1129, in get_code
  File "<frozen importlib._bootstrap_external>", line 1059, in source_to_code
  File "<frozen importlib._bootstrap>", line 488, in _call_with_frames_removed
  File "/home/ubuntu/airflow/dags/zillowanalytics.py", line 44
    )
    ^
SyntaxError: closing parenthesis ')' does not match opening parenthesis '{' on line 43
[2025-04-05T03:07:48.168+0000] {processor.py:927} WARNING - No viable dags retrieved from /home/ubuntu/airflow/dags/zillowanalytics.py
[2025-04-05T03:07:48.190+0000] {processor.py:208} INFO - Processing /home/ubuntu/airflow/dags/zillowanalytics.py took 0.034 seconds
[2025-04-05T03:08:18.396+0000] {processor.py:186} INFO - Started process (PID=1780) to work on /home/ubuntu/airflow/dags/zillowanalytics.py
[2025-04-05T03:08:18.398+0000] {processor.py:914} INFO - Processing file /home/ubuntu/airflow/dags/zillowanalytics.py for tasks to queue
[2025-04-05T03:08:18.399+0000] {logging_mixin.py:190} INFO - [2025-04-05T03:08:18.399+0000] {dagbag.py:588} INFO - Filling up the DagBag from /home/ubuntu/airflow/dags/zillowanalytics.py
[2025-04-05T03:08:18.403+0000] {logging_mixin.py:190} INFO - [2025-04-05T03:08:18.402+0000] {dagbag.py:387} ERROR - Failed to import: /home/ubuntu/airflow/dags/zillowanalytics.py
Traceback (most recent call last):
  File "/home/ubuntu/venv/lib/python3.12/site-packages/airflow/models/dagbag.py", line 383, in parse
    loader.exec_module(new_module)
  File "<frozen importlib._bootstrap_external>", line 991, in exec_module
  File "<frozen importlib._bootstrap_external>", line 1129, in get_code
  File "<frozen importlib._bootstrap_external>", line 1059, in source_to_code
  File "<frozen importlib._bootstrap>", line 488, in _call_with_frames_removed
  File "/home/ubuntu/airflow/dags/zillowanalytics.py", line 44
    )
    ^
SyntaxError: closing parenthesis ')' does not match opening parenthesis '{' on line 43
[2025-04-05T03:08:18.403+0000] {processor.py:927} WARNING - No viable dags retrieved from /home/ubuntu/airflow/dags/zillowanalytics.py
[2025-04-05T03:08:18.422+0000] {processor.py:208} INFO - Processing /home/ubuntu/airflow/dags/zillowanalytics.py took 0.031 seconds
[2025-04-05T03:08:48.633+0000] {processor.py:186} INFO - Started process (PID=1781) to work on /home/ubuntu/airflow/dags/zillowanalytics.py
[2025-04-05T03:08:48.634+0000] {processor.py:914} INFO - Processing file /home/ubuntu/airflow/dags/zillowanalytics.py for tasks to queue
[2025-04-05T03:08:48.636+0000] {logging_mixin.py:190} INFO - [2025-04-05T03:08:48.636+0000] {dagbag.py:588} INFO - Filling up the DagBag from /home/ubuntu/airflow/dags/zillowanalytics.py
[2025-04-05T03:08:48.639+0000] {logging_mixin.py:190} INFO - [2025-04-05T03:08:48.638+0000] {dagbag.py:387} ERROR - Failed to import: /home/ubuntu/airflow/dags/zillowanalytics.py
Traceback (most recent call last):
  File "/home/ubuntu/venv/lib/python3.12/site-packages/airflow/models/dagbag.py", line 383, in parse
    loader.exec_module(new_module)
  File "<frozen importlib._bootstrap_external>", line 991, in exec_module
  File "<frozen importlib._bootstrap_external>", line 1129, in get_code
  File "<frozen importlib._bootstrap_external>", line 1059, in source_to_code
  File "<frozen importlib._bootstrap>", line 488, in _call_with_frames_removed
  File "/home/ubuntu/airflow/dags/zillowanalytics.py", line 44
    )
    ^
SyntaxError: closing parenthesis ')' does not match opening parenthesis '{' on line 43
[2025-04-05T03:08:48.639+0000] {processor.py:927} WARNING - No viable dags retrieved from /home/ubuntu/airflow/dags/zillowanalytics.py
[2025-04-05T03:08:48.661+0000] {processor.py:208} INFO - Processing /home/ubuntu/airflow/dags/zillowanalytics.py took 0.033 seconds
[2025-04-05T03:09:18.868+0000] {processor.py:186} INFO - Started process (PID=1783) to work on /home/ubuntu/airflow/dags/zillowanalytics.py
[2025-04-05T03:09:18.870+0000] {processor.py:914} INFO - Processing file /home/ubuntu/airflow/dags/zillowanalytics.py for tasks to queue
[2025-04-05T03:09:18.872+0000] {logging_mixin.py:190} INFO - [2025-04-05T03:09:18.871+0000] {dagbag.py:588} INFO - Filling up the DagBag from /home/ubuntu/airflow/dags/zillowanalytics.py
[2025-04-05T03:09:18.874+0000] {logging_mixin.py:190} INFO - [2025-04-05T03:09:18.874+0000] {dagbag.py:387} ERROR - Failed to import: /home/ubuntu/airflow/dags/zillowanalytics.py
Traceback (most recent call last):
  File "/home/ubuntu/venv/lib/python3.12/site-packages/airflow/models/dagbag.py", line 383, in parse
    loader.exec_module(new_module)
  File "<frozen importlib._bootstrap_external>", line 991, in exec_module
  File "<frozen importlib._bootstrap_external>", line 1129, in get_code
  File "<frozen importlib._bootstrap_external>", line 1059, in source_to_code
  File "<frozen importlib._bootstrap>", line 488, in _call_with_frames_removed
  File "/home/ubuntu/airflow/dags/zillowanalytics.py", line 44
    )
    ^
SyntaxError: closing parenthesis ')' does not match opening parenthesis '{' on line 43
[2025-04-05T03:09:18.875+0000] {processor.py:927} WARNING - No viable dags retrieved from /home/ubuntu/airflow/dags/zillowanalytics.py
[2025-04-05T03:09:18.896+0000] {processor.py:208} INFO - Processing /home/ubuntu/airflow/dags/zillowanalytics.py took 0.033 seconds
[2025-04-05T03:09:49.111+0000] {processor.py:186} INFO - Started process (PID=1784) to work on /home/ubuntu/airflow/dags/zillowanalytics.py
[2025-04-05T03:09:49.112+0000] {processor.py:914} INFO - Processing file /home/ubuntu/airflow/dags/zillowanalytics.py for tasks to queue
[2025-04-05T03:09:49.114+0000] {logging_mixin.py:190} INFO - [2025-04-05T03:09:49.114+0000] {dagbag.py:588} INFO - Filling up the DagBag from /home/ubuntu/airflow/dags/zillowanalytics.py
[2025-04-05T03:09:49.118+0000] {logging_mixin.py:190} INFO - [2025-04-05T03:09:49.117+0000] {dagbag.py:387} ERROR - Failed to import: /home/ubuntu/airflow/dags/zillowanalytics.py
Traceback (most recent call last):
  File "/home/ubuntu/venv/lib/python3.12/site-packages/airflow/models/dagbag.py", line 383, in parse
    loader.exec_module(new_module)
  File "<frozen importlib._bootstrap_external>", line 991, in exec_module
  File "<frozen importlib._bootstrap_external>", line 1129, in get_code
  File "<frozen importlib._bootstrap_external>", line 1059, in source_to_code
  File "<frozen importlib._bootstrap>", line 488, in _call_with_frames_removed
  File "/home/ubuntu/airflow/dags/zillowanalytics.py", line 44
    )
    ^
SyntaxError: closing parenthesis ')' does not match opening parenthesis '{' on line 43
[2025-04-05T03:09:49.118+0000] {processor.py:927} WARNING - No viable dags retrieved from /home/ubuntu/airflow/dags/zillowanalytics.py
[2025-04-05T03:09:49.138+0000] {processor.py:208} INFO - Processing /home/ubuntu/airflow/dags/zillowanalytics.py took 0.033 seconds
[2025-04-05T03:10:19.351+0000] {processor.py:186} INFO - Started process (PID=1792) to work on /home/ubuntu/airflow/dags/zillowanalytics.py
[2025-04-05T03:10:19.352+0000] {processor.py:914} INFO - Processing file /home/ubuntu/airflow/dags/zillowanalytics.py for tasks to queue
[2025-04-05T03:10:19.353+0000] {logging_mixin.py:190} INFO - [2025-04-05T03:10:19.353+0000] {dagbag.py:588} INFO - Filling up the DagBag from /home/ubuntu/airflow/dags/zillowanalytics.py
[2025-04-05T03:10:19.357+0000] {logging_mixin.py:190} INFO - [2025-04-05T03:10:19.356+0000] {dagbag.py:387} ERROR - Failed to import: /home/ubuntu/airflow/dags/zillowanalytics.py
Traceback (most recent call last):
  File "/home/ubuntu/venv/lib/python3.12/site-packages/airflow/models/dagbag.py", line 383, in parse
    loader.exec_module(new_module)
  File "<frozen importlib._bootstrap_external>", line 991, in exec_module
  File "<frozen importlib._bootstrap_external>", line 1129, in get_code
  File "<frozen importlib._bootstrap_external>", line 1059, in source_to_code
  File "<frozen importlib._bootstrap>", line 488, in _call_with_frames_removed
  File "/home/ubuntu/airflow/dags/zillowanalytics.py", line 44
    )
    ^
SyntaxError: closing parenthesis ')' does not match opening parenthesis '{' on line 43
[2025-04-05T03:10:19.357+0000] {processor.py:927} WARNING - No viable dags retrieved from /home/ubuntu/airflow/dags/zillowanalytics.py
[2025-04-05T03:10:19.377+0000] {processor.py:208} INFO - Processing /home/ubuntu/airflow/dags/zillowanalytics.py took 0.031 seconds
[2025-04-05T03:10:49.592+0000] {processor.py:186} INFO - Started process (PID=1794) to work on /home/ubuntu/airflow/dags/zillowanalytics.py
[2025-04-05T03:10:49.594+0000] {processor.py:914} INFO - Processing file /home/ubuntu/airflow/dags/zillowanalytics.py for tasks to queue
[2025-04-05T03:10:49.596+0000] {logging_mixin.py:190} INFO - [2025-04-05T03:10:49.595+0000] {dagbag.py:588} INFO - Filling up the DagBag from /home/ubuntu/airflow/dags/zillowanalytics.py
[2025-04-05T03:10:49.600+0000] {logging_mixin.py:190} INFO - [2025-04-05T03:10:49.598+0000] {dagbag.py:387} ERROR - Failed to import: /home/ubuntu/airflow/dags/zillowanalytics.py
Traceback (most recent call last):
  File "/home/ubuntu/venv/lib/python3.12/site-packages/airflow/models/dagbag.py", line 383, in parse
    loader.exec_module(new_module)
  File "<frozen importlib._bootstrap_external>", line 991, in exec_module
  File "<frozen importlib._bootstrap_external>", line 1129, in get_code
  File "<frozen importlib._bootstrap_external>", line 1059, in source_to_code
  File "<frozen importlib._bootstrap>", line 488, in _call_with_frames_removed
  File "/home/ubuntu/airflow/dags/zillowanalytics.py", line 44
    )
    ^
SyntaxError: closing parenthesis ')' does not match opening parenthesis '{' on line 43
[2025-04-05T03:10:49.600+0000] {processor.py:927} WARNING - No viable dags retrieved from /home/ubuntu/airflow/dags/zillowanalytics.py
[2025-04-05T03:10:49.621+0000] {processor.py:208} INFO - Processing /home/ubuntu/airflow/dags/zillowanalytics.py took 0.035 seconds
[2025-04-05T03:11:19.833+0000] {processor.py:186} INFO - Started process (PID=1795) to work on /home/ubuntu/airflow/dags/zillowanalytics.py
[2025-04-05T03:11:19.833+0000] {processor.py:914} INFO - Processing file /home/ubuntu/airflow/dags/zillowanalytics.py for tasks to queue
[2025-04-05T03:11:19.836+0000] {logging_mixin.py:190} INFO - [2025-04-05T03:11:19.836+0000] {dagbag.py:588} INFO - Filling up the DagBag from /home/ubuntu/airflow/dags/zillowanalytics.py
[2025-04-05T03:11:19.839+0000] {logging_mixin.py:190} INFO - [2025-04-05T03:11:19.839+0000] {dagbag.py:387} ERROR - Failed to import: /home/ubuntu/airflow/dags/zillowanalytics.py
Traceback (most recent call last):
  File "/home/ubuntu/venv/lib/python3.12/site-packages/airflow/models/dagbag.py", line 383, in parse
    loader.exec_module(new_module)
  File "<frozen importlib._bootstrap_external>", line 991, in exec_module
  File "<frozen importlib._bootstrap_external>", line 1129, in get_code
  File "<frozen importlib._bootstrap_external>", line 1059, in source_to_code
  File "<frozen importlib._bootstrap>", line 488, in _call_with_frames_removed
  File "/home/ubuntu/airflow/dags/zillowanalytics.py", line 44
    )
    ^
SyntaxError: closing parenthesis ')' does not match opening parenthesis '{' on line 43
[2025-04-05T03:11:19.840+0000] {processor.py:927} WARNING - No viable dags retrieved from /home/ubuntu/airflow/dags/zillowanalytics.py
[2025-04-05T03:11:19.860+0000] {processor.py:208} INFO - Processing /home/ubuntu/airflow/dags/zillowanalytics.py took 0.033 seconds
[2025-04-05T03:11:50.073+0000] {processor.py:186} INFO - Started process (PID=1796) to work on /home/ubuntu/airflow/dags/zillowanalytics.py
[2025-04-05T03:11:50.075+0000] {processor.py:914} INFO - Processing file /home/ubuntu/airflow/dags/zillowanalytics.py for tasks to queue
[2025-04-05T03:11:50.076+0000] {logging_mixin.py:190} INFO - [2025-04-05T03:11:50.076+0000] {dagbag.py:588} INFO - Filling up the DagBag from /home/ubuntu/airflow/dags/zillowanalytics.py
[2025-04-05T03:11:50.081+0000] {logging_mixin.py:190} INFO - [2025-04-05T03:11:50.080+0000] {dagbag.py:387} ERROR - Failed to import: /home/ubuntu/airflow/dags/zillowanalytics.py
Traceback (most recent call last):
  File "/home/ubuntu/venv/lib/python3.12/site-packages/airflow/models/dagbag.py", line 383, in parse
    loader.exec_module(new_module)
  File "<frozen importlib._bootstrap_external>", line 991, in exec_module
  File "<frozen importlib._bootstrap_external>", line 1129, in get_code
  File "<frozen importlib._bootstrap_external>", line 1059, in source_to_code
  File "<frozen importlib._bootstrap>", line 488, in _call_with_frames_removed
  File "/home/ubuntu/airflow/dags/zillowanalytics.py", line 44
    )
    ^
SyntaxError: closing parenthesis ')' does not match opening parenthesis '{' on line 43
[2025-04-05T03:11:50.081+0000] {processor.py:927} WARNING - No viable dags retrieved from /home/ubuntu/airflow/dags/zillowanalytics.py
[2025-04-05T03:11:50.102+0000] {processor.py:208} INFO - Processing /home/ubuntu/airflow/dags/zillowanalytics.py took 0.034 seconds
[2025-04-05T03:12:20.311+0000] {processor.py:186} INFO - Started process (PID=1797) to work on /home/ubuntu/airflow/dags/zillowanalytics.py
[2025-04-05T03:12:20.311+0000] {processor.py:914} INFO - Processing file /home/ubuntu/airflow/dags/zillowanalytics.py for tasks to queue
[2025-04-05T03:12:20.314+0000] {logging_mixin.py:190} INFO - [2025-04-05T03:12:20.314+0000] {dagbag.py:588} INFO - Filling up the DagBag from /home/ubuntu/airflow/dags/zillowanalytics.py
[2025-04-05T03:12:20.317+0000] {logging_mixin.py:190} INFO - [2025-04-05T03:12:20.317+0000] {dagbag.py:387} ERROR - Failed to import: /home/ubuntu/airflow/dags/zillowanalytics.py
Traceback (most recent call last):
  File "/home/ubuntu/venv/lib/python3.12/site-packages/airflow/models/dagbag.py", line 383, in parse
    loader.exec_module(new_module)
  File "<frozen importlib._bootstrap_external>", line 991, in exec_module
  File "<frozen importlib._bootstrap_external>", line 1129, in get_code
  File "<frozen importlib._bootstrap_external>", line 1059, in source_to_code
  File "<frozen importlib._bootstrap>", line 488, in _call_with_frames_removed
  File "/home/ubuntu/airflow/dags/zillowanalytics.py", line 44
    )
    ^
SyntaxError: closing parenthesis ')' does not match opening parenthesis '{' on line 43
[2025-04-05T03:12:20.318+0000] {processor.py:927} WARNING - No viable dags retrieved from /home/ubuntu/airflow/dags/zillowanalytics.py
[2025-04-05T03:12:20.337+0000] {processor.py:208} INFO - Processing /home/ubuntu/airflow/dags/zillowanalytics.py took 0.032 seconds
[2025-04-05T03:12:50.559+0000] {processor.py:186} INFO - Started process (PID=1799) to work on /home/ubuntu/airflow/dags/zillowanalytics.py
[2025-04-05T03:12:50.561+0000] {processor.py:914} INFO - Processing file /home/ubuntu/airflow/dags/zillowanalytics.py for tasks to queue
[2025-04-05T03:12:50.563+0000] {logging_mixin.py:190} INFO - [2025-04-05T03:12:50.563+0000] {dagbag.py:588} INFO - Filling up the DagBag from /home/ubuntu/airflow/dags/zillowanalytics.py
[2025-04-05T03:12:50.567+0000] {logging_mixin.py:190} INFO - [2025-04-05T03:12:50.566+0000] {dagbag.py:387} ERROR - Failed to import: /home/ubuntu/airflow/dags/zillowanalytics.py
Traceback (most recent call last):
  File "/home/ubuntu/venv/lib/python3.12/site-packages/airflow/models/dagbag.py", line 383, in parse
    loader.exec_module(new_module)
  File "<frozen importlib._bootstrap_external>", line 991, in exec_module
  File "<frozen importlib._bootstrap_external>", line 1129, in get_code
  File "<frozen importlib._bootstrap_external>", line 1059, in source_to_code
  File "<frozen importlib._bootstrap>", line 488, in _call_with_frames_removed
  File "/home/ubuntu/airflow/dags/zillowanalytics.py", line 44
    )
    ^
SyntaxError: closing parenthesis ')' does not match opening parenthesis '{' on line 43
[2025-04-05T03:12:50.567+0000] {processor.py:927} WARNING - No viable dags retrieved from /home/ubuntu/airflow/dags/zillowanalytics.py
[2025-04-05T03:12:50.588+0000] {processor.py:208} INFO - Processing /home/ubuntu/airflow/dags/zillowanalytics.py took 0.033 seconds
[2025-04-05T03:13:20.780+0000] {processor.py:186} INFO - Started process (PID=1801) to work on /home/ubuntu/airflow/dags/zillowanalytics.py
[2025-04-05T03:13:20.782+0000] {processor.py:914} INFO - Processing file /home/ubuntu/airflow/dags/zillowanalytics.py for tasks to queue
[2025-04-05T03:13:20.785+0000] {logging_mixin.py:190} INFO - [2025-04-05T03:13:20.784+0000] {dagbag.py:588} INFO - Filling up the DagBag from /home/ubuntu/airflow/dags/zillowanalytics.py
[2025-04-05T03:13:20.787+0000] {logging_mixin.py:190} INFO - [2025-04-05T03:13:20.787+0000] {dagbag.py:387} ERROR - Failed to import: /home/ubuntu/airflow/dags/zillowanalytics.py
Traceback (most recent call last):
  File "/home/ubuntu/venv/lib/python3.12/site-packages/airflow/models/dagbag.py", line 383, in parse
    loader.exec_module(new_module)
  File "<frozen importlib._bootstrap_external>", line 991, in exec_module
  File "<frozen importlib._bootstrap_external>", line 1129, in get_code
  File "<frozen importlib._bootstrap_external>", line 1059, in source_to_code
  File "<frozen importlib._bootstrap>", line 488, in _call_with_frames_removed
  File "/home/ubuntu/airflow/dags/zillowanalytics.py", line 44
    )
    ^
SyntaxError: closing parenthesis ')' does not match opening parenthesis '{' on line 43
[2025-04-05T03:13:20.788+0000] {processor.py:927} WARNING - No viable dags retrieved from /home/ubuntu/airflow/dags/zillowanalytics.py
[2025-04-05T03:13:20.807+0000] {processor.py:208} INFO - Processing /home/ubuntu/airflow/dags/zillowanalytics.py took 0.032 seconds
[2025-04-05T03:13:51.018+0000] {processor.py:186} INFO - Started process (PID=1802) to work on /home/ubuntu/airflow/dags/zillowanalytics.py
[2025-04-05T03:13:51.020+0000] {processor.py:914} INFO - Processing file /home/ubuntu/airflow/dags/zillowanalytics.py for tasks to queue
[2025-04-05T03:13:51.022+0000] {logging_mixin.py:190} INFO - [2025-04-05T03:13:51.021+0000] {dagbag.py:588} INFO - Filling up the DagBag from /home/ubuntu/airflow/dags/zillowanalytics.py
[2025-04-05T03:13:51.025+0000] {logging_mixin.py:190} INFO - [2025-04-05T03:13:51.024+0000] {dagbag.py:387} ERROR - Failed to import: /home/ubuntu/airflow/dags/zillowanalytics.py
Traceback (most recent call last):
  File "/home/ubuntu/venv/lib/python3.12/site-packages/airflow/models/dagbag.py", line 383, in parse
    loader.exec_module(new_module)
  File "<frozen importlib._bootstrap_external>", line 991, in exec_module
  File "<frozen importlib._bootstrap_external>", line 1129, in get_code
  File "<frozen importlib._bootstrap_external>", line 1059, in source_to_code
  File "<frozen importlib._bootstrap>", line 488, in _call_with_frames_removed
  File "/home/ubuntu/airflow/dags/zillowanalytics.py", line 44
    )
    ^
SyntaxError: closing parenthesis ')' does not match opening parenthesis '{' on line 43
[2025-04-05T03:13:51.026+0000] {processor.py:927} WARNING - No viable dags retrieved from /home/ubuntu/airflow/dags/zillowanalytics.py
[2025-04-05T03:13:51.046+0000] {processor.py:208} INFO - Processing /home/ubuntu/airflow/dags/zillowanalytics.py took 0.034 seconds
[2025-04-05T03:14:21.257+0000] {processor.py:186} INFO - Started process (PID=1804) to work on /home/ubuntu/airflow/dags/zillowanalytics.py
[2025-04-05T03:14:21.258+0000] {processor.py:914} INFO - Processing file /home/ubuntu/airflow/dags/zillowanalytics.py for tasks to queue
[2025-04-05T03:14:21.259+0000] {logging_mixin.py:190} INFO - [2025-04-05T03:14:21.259+0000] {dagbag.py:588} INFO - Filling up the DagBag from /home/ubuntu/airflow/dags/zillowanalytics.py
[2025-04-05T03:14:21.263+0000] {logging_mixin.py:190} INFO - [2025-04-05T03:14:21.261+0000] {dagbag.py:387} ERROR - Failed to import: /home/ubuntu/airflow/dags/zillowanalytics.py
Traceback (most recent call last):
  File "/home/ubuntu/venv/lib/python3.12/site-packages/airflow/models/dagbag.py", line 383, in parse
    loader.exec_module(new_module)
  File "<frozen importlib._bootstrap_external>", line 991, in exec_module
  File "<frozen importlib._bootstrap_external>", line 1129, in get_code
  File "<frozen importlib._bootstrap_external>", line 1059, in source_to_code
  File "<frozen importlib._bootstrap>", line 488, in _call_with_frames_removed
  File "/home/ubuntu/airflow/dags/zillowanalytics.py", line 44
    )
    ^
SyntaxError: closing parenthesis ')' does not match opening parenthesis '{' on line 43
[2025-04-05T03:14:21.263+0000] {processor.py:927} WARNING - No viable dags retrieved from /home/ubuntu/airflow/dags/zillowanalytics.py
[2025-04-05T03:14:21.284+0000] {processor.py:208} INFO - Processing /home/ubuntu/airflow/dags/zillowanalytics.py took 0.032 seconds
[2025-04-05T03:14:51.497+0000] {processor.py:186} INFO - Started process (PID=1805) to work on /home/ubuntu/airflow/dags/zillowanalytics.py
[2025-04-05T03:14:51.499+0000] {processor.py:914} INFO - Processing file /home/ubuntu/airflow/dags/zillowanalytics.py for tasks to queue
[2025-04-05T03:14:51.501+0000] {logging_mixin.py:190} INFO - [2025-04-05T03:14:51.501+0000] {dagbag.py:588} INFO - Filling up the DagBag from /home/ubuntu/airflow/dags/zillowanalytics.py
[2025-04-05T03:14:51.505+0000] {logging_mixin.py:190} INFO - [2025-04-05T03:14:51.504+0000] {dagbag.py:387} ERROR - Failed to import: /home/ubuntu/airflow/dags/zillowanalytics.py
Traceback (most recent call last):
  File "/home/ubuntu/venv/lib/python3.12/site-packages/airflow/models/dagbag.py", line 383, in parse
    loader.exec_module(new_module)
  File "<frozen importlib._bootstrap_external>", line 991, in exec_module
  File "<frozen importlib._bootstrap_external>", line 1129, in get_code
  File "<frozen importlib._bootstrap_external>", line 1059, in source_to_code
  File "<frozen importlib._bootstrap>", line 488, in _call_with_frames_removed
  File "/home/ubuntu/airflow/dags/zillowanalytics.py", line 44
    )
    ^
SyntaxError: closing parenthesis ')' does not match opening parenthesis '{' on line 43
[2025-04-05T03:14:51.505+0000] {processor.py:927} WARNING - No viable dags retrieved from /home/ubuntu/airflow/dags/zillowanalytics.py
[2025-04-05T03:14:51.526+0000] {processor.py:208} INFO - Processing /home/ubuntu/airflow/dags/zillowanalytics.py took 0.034 seconds
[2025-04-05T03:15:21.733+0000] {processor.py:186} INFO - Started process (PID=1810) to work on /home/ubuntu/airflow/dags/zillowanalytics.py
[2025-04-05T03:15:21.734+0000] {processor.py:914} INFO - Processing file /home/ubuntu/airflow/dags/zillowanalytics.py for tasks to queue
[2025-04-05T03:15:21.735+0000] {logging_mixin.py:190} INFO - [2025-04-05T03:15:21.735+0000] {dagbag.py:588} INFO - Filling up the DagBag from /home/ubuntu/airflow/dags/zillowanalytics.py
[2025-04-05T03:15:21.739+0000] {logging_mixin.py:190} INFO - [2025-04-05T03:15:21.738+0000] {dagbag.py:387} ERROR - Failed to import: /home/ubuntu/airflow/dags/zillowanalytics.py
Traceback (most recent call last):
  File "/home/ubuntu/venv/lib/python3.12/site-packages/airflow/models/dagbag.py", line 383, in parse
    loader.exec_module(new_module)
  File "<frozen importlib._bootstrap_external>", line 991, in exec_module
  File "<frozen importlib._bootstrap_external>", line 1129, in get_code
  File "<frozen importlib._bootstrap_external>", line 1059, in source_to_code
  File "<frozen importlib._bootstrap>", line 488, in _call_with_frames_removed
  File "/home/ubuntu/airflow/dags/zillowanalytics.py", line 44
    )
    ^
SyntaxError: closing parenthesis ')' does not match opening parenthesis '{' on line 43
[2025-04-05T03:15:21.739+0000] {processor.py:927} WARNING - No viable dags retrieved from /home/ubuntu/airflow/dags/zillowanalytics.py
[2025-04-05T03:15:21.760+0000] {processor.py:208} INFO - Processing /home/ubuntu/airflow/dags/zillowanalytics.py took 0.032 seconds
[2025-04-05T03:15:51.972+0000] {processor.py:186} INFO - Started process (PID=1811) to work on /home/ubuntu/airflow/dags/zillowanalytics.py
[2025-04-05T03:15:51.974+0000] {processor.py:914} INFO - Processing file /home/ubuntu/airflow/dags/zillowanalytics.py for tasks to queue
[2025-04-05T03:15:51.976+0000] {logging_mixin.py:190} INFO - [2025-04-05T03:15:51.976+0000] {dagbag.py:588} INFO - Filling up the DagBag from /home/ubuntu/airflow/dags/zillowanalytics.py
[2025-04-05T03:15:51.980+0000] {logging_mixin.py:190} INFO - [2025-04-05T03:15:51.978+0000] {dagbag.py:387} ERROR - Failed to import: /home/ubuntu/airflow/dags/zillowanalytics.py
Traceback (most recent call last):
  File "/home/ubuntu/venv/lib/python3.12/site-packages/airflow/models/dagbag.py", line 383, in parse
    loader.exec_module(new_module)
  File "<frozen importlib._bootstrap_external>", line 991, in exec_module
  File "<frozen importlib._bootstrap_external>", line 1129, in get_code
  File "<frozen importlib._bootstrap_external>", line 1059, in source_to_code
  File "<frozen importlib._bootstrap>", line 488, in _call_with_frames_removed
  File "/home/ubuntu/airflow/dags/zillowanalytics.py", line 44
    )
    ^
SyntaxError: closing parenthesis ')' does not match opening parenthesis '{' on line 43
[2025-04-05T03:15:51.980+0000] {processor.py:927} WARNING - No viable dags retrieved from /home/ubuntu/airflow/dags/zillowanalytics.py
[2025-04-05T03:15:52.001+0000] {processor.py:208} INFO - Processing /home/ubuntu/airflow/dags/zillowanalytics.py took 0.034 seconds
[2025-04-05T03:16:22.216+0000] {processor.py:186} INFO - Started process (PID=1813) to work on /home/ubuntu/airflow/dags/zillowanalytics.py
[2025-04-05T03:16:22.216+0000] {processor.py:914} INFO - Processing file /home/ubuntu/airflow/dags/zillowanalytics.py for tasks to queue
[2025-04-05T03:16:22.218+0000] {logging_mixin.py:190} INFO - [2025-04-05T03:16:22.217+0000] {dagbag.py:588} INFO - Filling up the DagBag from /home/ubuntu/airflow/dags/zillowanalytics.py
[2025-04-05T03:16:22.221+0000] {logging_mixin.py:190} INFO - [2025-04-05T03:16:22.221+0000] {dagbag.py:387} ERROR - Failed to import: /home/ubuntu/airflow/dags/zillowanalytics.py
Traceback (most recent call last):
  File "/home/ubuntu/venv/lib/python3.12/site-packages/airflow/models/dagbag.py", line 383, in parse
    loader.exec_module(new_module)
  File "<frozen importlib._bootstrap_external>", line 991, in exec_module
  File "<frozen importlib._bootstrap_external>", line 1129, in get_code
  File "<frozen importlib._bootstrap_external>", line 1059, in source_to_code
  File "<frozen importlib._bootstrap>", line 488, in _call_with_frames_removed
  File "/home/ubuntu/airflow/dags/zillowanalytics.py", line 44
    )
    ^
SyntaxError: closing parenthesis ')' does not match opening parenthesis '{' on line 43
[2025-04-05T03:16:22.222+0000] {processor.py:927} WARNING - No viable dags retrieved from /home/ubuntu/airflow/dags/zillowanalytics.py
[2025-04-05T03:16:22.241+0000] {processor.py:208} INFO - Processing /home/ubuntu/airflow/dags/zillowanalytics.py took 0.032 seconds
[2025-04-05T03:16:52.452+0000] {processor.py:186} INFO - Started process (PID=1814) to work on /home/ubuntu/airflow/dags/zillowanalytics.py
[2025-04-05T03:16:52.453+0000] {processor.py:914} INFO - Processing file /home/ubuntu/airflow/dags/zillowanalytics.py for tasks to queue
[2025-04-05T03:16:52.455+0000] {logging_mixin.py:190} INFO - [2025-04-05T03:16:52.454+0000] {dagbag.py:588} INFO - Filling up the DagBag from /home/ubuntu/airflow/dags/zillowanalytics.py
[2025-04-05T03:16:52.459+0000] {logging_mixin.py:190} INFO - [2025-04-05T03:16:52.458+0000] {dagbag.py:387} ERROR - Failed to import: /home/ubuntu/airflow/dags/zillowanalytics.py
Traceback (most recent call last):
  File "/home/ubuntu/venv/lib/python3.12/site-packages/airflow/models/dagbag.py", line 383, in parse
    loader.exec_module(new_module)
  File "<frozen importlib._bootstrap_external>", line 991, in exec_module
  File "<frozen importlib._bootstrap_external>", line 1129, in get_code
  File "<frozen importlib._bootstrap_external>", line 1059, in source_to_code
  File "<frozen importlib._bootstrap>", line 488, in _call_with_frames_removed
  File "/home/ubuntu/airflow/dags/zillowanalytics.py", line 44
    )
    ^
SyntaxError: closing parenthesis ')' does not match opening parenthesis '{' on line 43
[2025-04-05T03:16:52.459+0000] {processor.py:927} WARNING - No viable dags retrieved from /home/ubuntu/airflow/dags/zillowanalytics.py
[2025-04-05T03:16:52.480+0000] {processor.py:208} INFO - Processing /home/ubuntu/airflow/dags/zillowanalytics.py took 0.033 seconds
[2025-04-05T03:17:22.691+0000] {processor.py:186} INFO - Started process (PID=1818) to work on /home/ubuntu/airflow/dags/zillowanalytics.py
[2025-04-05T03:17:22.692+0000] {processor.py:914} INFO - Processing file /home/ubuntu/airflow/dags/zillowanalytics.py for tasks to queue
[2025-04-05T03:17:22.695+0000] {logging_mixin.py:190} INFO - [2025-04-05T03:17:22.694+0000] {dagbag.py:588} INFO - Filling up the DagBag from /home/ubuntu/airflow/dags/zillowanalytics.py
[2025-04-05T03:17:22.698+0000] {logging_mixin.py:190} INFO - [2025-04-05T03:17:22.697+0000] {dagbag.py:387} ERROR - Failed to import: /home/ubuntu/airflow/dags/zillowanalytics.py
Traceback (most recent call last):
  File "/home/ubuntu/venv/lib/python3.12/site-packages/airflow/models/dagbag.py", line 383, in parse
    loader.exec_module(new_module)
  File "<frozen importlib._bootstrap_external>", line 991, in exec_module
  File "<frozen importlib._bootstrap_external>", line 1129, in get_code
  File "<frozen importlib._bootstrap_external>", line 1059, in source_to_code
  File "<frozen importlib._bootstrap>", line 488, in _call_with_frames_removed
  File "/home/ubuntu/airflow/dags/zillowanalytics.py", line 44
    )
    ^
SyntaxError: closing parenthesis ')' does not match opening parenthesis '{' on line 43
[2025-04-05T03:17:22.698+0000] {processor.py:927} WARNING - No viable dags retrieved from /home/ubuntu/airflow/dags/zillowanalytics.py
[2025-04-05T03:17:22.720+0000] {processor.py:208} INFO - Processing /home/ubuntu/airflow/dags/zillowanalytics.py took 0.035 seconds
[2025-04-05T03:17:52.901+0000] {processor.py:186} INFO - Started process (PID=1819) to work on /home/ubuntu/airflow/dags/zillowanalytics.py
[2025-04-05T03:17:52.902+0000] {processor.py:914} INFO - Processing file /home/ubuntu/airflow/dags/zillowanalytics.py for tasks to queue
[2025-04-05T03:17:52.904+0000] {logging_mixin.py:190} INFO - [2025-04-05T03:17:52.904+0000] {dagbag.py:588} INFO - Filling up the DagBag from /home/ubuntu/airflow/dags/zillowanalytics.py
[2025-04-05T03:17:52.907+0000] {logging_mixin.py:190} INFO - [2025-04-05T03:17:52.906+0000] {dagbag.py:387} ERROR - Failed to import: /home/ubuntu/airflow/dags/zillowanalytics.py
Traceback (most recent call last):
  File "/home/ubuntu/venv/lib/python3.12/site-packages/airflow/models/dagbag.py", line 383, in parse
    loader.exec_module(new_module)
  File "<frozen importlib._bootstrap_external>", line 991, in exec_module
  File "<frozen importlib._bootstrap_external>", line 1129, in get_code
  File "<frozen importlib._bootstrap_external>", line 1059, in source_to_code
  File "<frozen importlib._bootstrap>", line 488, in _call_with_frames_removed
  File "/home/ubuntu/airflow/dags/zillowanalytics.py", line 44
    )
    ^
SyntaxError: closing parenthesis ')' does not match opening parenthesis '{' on line 43
[2025-04-05T03:17:52.908+0000] {processor.py:927} WARNING - No viable dags retrieved from /home/ubuntu/airflow/dags/zillowanalytics.py
[2025-04-05T03:17:52.930+0000] {processor.py:208} INFO - Processing /home/ubuntu/airflow/dags/zillowanalytics.py took 0.035 seconds
[2025-04-05T03:18:23.154+0000] {processor.py:186} INFO - Started process (PID=1820) to work on /home/ubuntu/airflow/dags/zillowanalytics.py
[2025-04-05T03:18:23.157+0000] {processor.py:914} INFO - Processing file /home/ubuntu/airflow/dags/zillowanalytics.py for tasks to queue
[2025-04-05T03:18:23.160+0000] {logging_mixin.py:190} INFO - [2025-04-05T03:18:23.159+0000] {dagbag.py:588} INFO - Filling up the DagBag from /home/ubuntu/airflow/dags/zillowanalytics.py
[2025-04-05T03:18:23.163+0000] {logging_mixin.py:190} INFO - [2025-04-05T03:18:23.163+0000] {dagbag.py:387} ERROR - Failed to import: /home/ubuntu/airflow/dags/zillowanalytics.py
Traceback (most recent call last):
  File "/home/ubuntu/venv/lib/python3.12/site-packages/airflow/models/dagbag.py", line 383, in parse
    loader.exec_module(new_module)
  File "<frozen importlib._bootstrap_external>", line 991, in exec_module
  File "<frozen importlib._bootstrap_external>", line 1129, in get_code
  File "<frozen importlib._bootstrap_external>", line 1059, in source_to_code
  File "<frozen importlib._bootstrap>", line 488, in _call_with_frames_removed
  File "/home/ubuntu/airflow/dags/zillowanalytics.py", line 44
    )
    ^
SyntaxError: closing parenthesis ')' does not match opening parenthesis '{' on line 43
[2025-04-05T03:18:23.164+0000] {processor.py:927} WARNING - No viable dags retrieved from /home/ubuntu/airflow/dags/zillowanalytics.py
[2025-04-05T03:18:23.184+0000] {processor.py:208} INFO - Processing /home/ubuntu/airflow/dags/zillowanalytics.py took 0.035 seconds
[2025-04-05T03:18:53.389+0000] {processor.py:186} INFO - Started process (PID=1822) to work on /home/ubuntu/airflow/dags/zillowanalytics.py
[2025-04-05T03:18:53.390+0000] {processor.py:914} INFO - Processing file /home/ubuntu/airflow/dags/zillowanalytics.py for tasks to queue
[2025-04-05T03:18:53.391+0000] {logging_mixin.py:190} INFO - [2025-04-05T03:18:53.391+0000] {dagbag.py:588} INFO - Filling up the DagBag from /home/ubuntu/airflow/dags/zillowanalytics.py
[2025-04-05T03:18:53.395+0000] {logging_mixin.py:190} INFO - [2025-04-05T03:18:53.393+0000] {dagbag.py:387} ERROR - Failed to import: /home/ubuntu/airflow/dags/zillowanalytics.py
Traceback (most recent call last):
  File "/home/ubuntu/venv/lib/python3.12/site-packages/airflow/models/dagbag.py", line 383, in parse
    loader.exec_module(new_module)
  File "<frozen importlib._bootstrap_external>", line 991, in exec_module
  File "<frozen importlib._bootstrap_external>", line 1129, in get_code
  File "<frozen importlib._bootstrap_external>", line 1059, in source_to_code
  File "<frozen importlib._bootstrap>", line 488, in _call_with_frames_removed
  File "/home/ubuntu/airflow/dags/zillowanalytics.py", line 44
    )
    ^
SyntaxError: closing parenthesis ')' does not match opening parenthesis '{' on line 43
[2025-04-05T03:18:53.395+0000] {processor.py:927} WARNING - No viable dags retrieved from /home/ubuntu/airflow/dags/zillowanalytics.py
[2025-04-05T03:18:53.417+0000] {processor.py:208} INFO - Processing /home/ubuntu/airflow/dags/zillowanalytics.py took 0.033 seconds
[2025-04-05T03:19:11.499+0000] {processor.py:186} INFO - Started process (PID=1824) to work on /home/ubuntu/airflow/dags/zillowanalytics.py
[2025-04-05T03:19:11.500+0000] {processor.py:914} INFO - Processing file /home/ubuntu/airflow/dags/zillowanalytics.py for tasks to queue
[2025-04-05T03:19:11.502+0000] {logging_mixin.py:190} INFO - [2025-04-05T03:19:11.502+0000] {dagbag.py:588} INFO - Filling up the DagBag from /home/ubuntu/airflow/dags/zillowanalytics.py
[2025-04-05T03:19:11.510+0000] {logging_mixin.py:190} INFO - [2025-04-05T03:19:11.509+0000] {dagbag.py:387} ERROR - Failed to import: /home/ubuntu/airflow/dags/zillowanalytics.py
Traceback (most recent call last):
  File "/home/ubuntu/venv/lib/python3.12/site-packages/airflow/models/dagbag.py", line 383, in parse
    loader.exec_module(new_module)
  File "<frozen importlib._bootstrap_external>", line 995, in exec_module
  File "<frozen importlib._bootstrap>", line 488, in _call_with_frames_removed
  File "/home/ubuntu/airflow/dags/zillowanalytics.py", line 8, in <module>
    with open('/home/ubuntu/airflow/dags/config_api.json', 'r') as config_file:
         ^^^^^^^^^^^^^^^^^^^^^^^^^^^^^^^^^^^^^^^^^^^^^^^^^^^^^^
FileNotFoundError: [Errno 2] No such file or directory: '/home/ubuntu/airflow/dags/config_api.json'
[2025-04-05T03:19:11.510+0000] {processor.py:927} WARNING - No viable dags retrieved from /home/ubuntu/airflow/dags/zillowanalytics.py
[2025-04-05T03:19:11.531+0000] {processor.py:208} INFO - Processing /home/ubuntu/airflow/dags/zillowanalytics.py took 0.037 seconds
[2025-04-05T03:19:19.623+0000] {processor.py:186} INFO - Started process (PID=1825) to work on /home/ubuntu/airflow/dags/zillowanalytics.py
[2025-04-05T03:19:19.623+0000] {processor.py:914} INFO - Processing file /home/ubuntu/airflow/dags/zillowanalytics.py for tasks to queue
[2025-04-05T03:19:19.625+0000] {logging_mixin.py:190} INFO - [2025-04-05T03:19:19.625+0000] {dagbag.py:588} INFO - Filling up the DagBag from /home/ubuntu/airflow/dags/zillowanalytics.py
[2025-04-05T03:19:19.634+0000] {logging_mixin.py:190} INFO - [2025-04-05T03:19:19.632+0000] {dagbag.py:387} ERROR - Failed to import: /home/ubuntu/airflow/dags/zillowanalytics.py
Traceback (most recent call last):
  File "/home/ubuntu/venv/lib/python3.12/site-packages/airflow/models/dagbag.py", line 383, in parse
    loader.exec_module(new_module)
  File "<frozen importlib._bootstrap_external>", line 995, in exec_module
  File "<frozen importlib._bootstrap>", line 488, in _call_with_frames_removed
  File "/home/ubuntu/airflow/dags/zillowanalytics.py", line 8, in <module>
    with open('/home/ubuntu/airflow/dags/config_api.json', 'r') as config_file:
         ^^^^^^^^^^^^^^^^^^^^^^^^^^^^^^^^^^^^^^^^^^^^^^^^^^^^^^
FileNotFoundError: [Errno 2] No such file or directory: '/home/ubuntu/airflow/dags/config_api.json'
[2025-04-05T03:19:19.634+0000] {processor.py:927} WARNING - No viable dags retrieved from /home/ubuntu/airflow/dags/zillowanalytics.py
[2025-04-05T03:19:19.653+0000] {processor.py:208} INFO - Processing /home/ubuntu/airflow/dags/zillowanalytics.py took 0.036 seconds
[2025-04-05T03:19:49.862+0000] {processor.py:186} INFO - Started process (PID=1826) to work on /home/ubuntu/airflow/dags/zillowanalytics.py
[2025-04-05T03:19:49.863+0000] {processor.py:914} INFO - Processing file /home/ubuntu/airflow/dags/zillowanalytics.py for tasks to queue
[2025-04-05T03:19:49.865+0000] {logging_mixin.py:190} INFO - [2025-04-05T03:19:49.865+0000] {dagbag.py:588} INFO - Filling up the DagBag from /home/ubuntu/airflow/dags/zillowanalytics.py
[2025-04-05T03:19:49.872+0000] {logging_mixin.py:190} INFO - [2025-04-05T03:19:49.871+0000] {dagbag.py:387} ERROR - Failed to import: /home/ubuntu/airflow/dags/zillowanalytics.py
Traceback (most recent call last):
  File "/home/ubuntu/venv/lib/python3.12/site-packages/airflow/models/dagbag.py", line 383, in parse
    loader.exec_module(new_module)
  File "<frozen importlib._bootstrap_external>", line 995, in exec_module
  File "<frozen importlib._bootstrap>", line 488, in _call_with_frames_removed
  File "/home/ubuntu/airflow/dags/zillowanalytics.py", line 8, in <module>
    with open('/home/ubuntu/airflow/dags/config_api.json', 'r') as config_file:
         ^^^^^^^^^^^^^^^^^^^^^^^^^^^^^^^^^^^^^^^^^^^^^^^^^^^^^^
FileNotFoundError: [Errno 2] No such file or directory: '/home/ubuntu/airflow/dags/config_api.json'
[2025-04-05T03:19:49.872+0000] {processor.py:927} WARNING - No viable dags retrieved from /home/ubuntu/airflow/dags/zillowanalytics.py
[2025-04-05T03:19:49.894+0000] {processor.py:208} INFO - Processing /home/ubuntu/airflow/dags/zillowanalytics.py took 0.037 seconds
[2025-04-05T03:20:20.064+0000] {processor.py:186} INFO - Started process (PID=1831) to work on /home/ubuntu/airflow/dags/zillowanalytics.py
[2025-04-05T03:20:20.065+0000] {processor.py:914} INFO - Processing file /home/ubuntu/airflow/dags/zillowanalytics.py for tasks to queue
[2025-04-05T03:20:20.066+0000] {logging_mixin.py:190} INFO - [2025-04-05T03:20:20.066+0000] {dagbag.py:588} INFO - Filling up the DagBag from /home/ubuntu/airflow/dags/zillowanalytics.py
[2025-04-05T03:20:20.073+0000] {logging_mixin.py:190} INFO - [2025-04-05T03:20:20.073+0000] {dagbag.py:387} ERROR - Failed to import: /home/ubuntu/airflow/dags/zillowanalytics.py
Traceback (most recent call last):
  File "/home/ubuntu/venv/lib/python3.12/site-packages/airflow/models/dagbag.py", line 383, in parse
    loader.exec_module(new_module)
  File "<frozen importlib._bootstrap_external>", line 995, in exec_module
  File "<frozen importlib._bootstrap>", line 488, in _call_with_frames_removed
  File "/home/ubuntu/airflow/dags/zillowanalytics.py", line 8, in <module>
    with open('/home/ubuntu/airflow/dags/config_api.json', 'r') as config_file:
         ^^^^^^^^^^^^^^^^^^^^^^^^^^^^^^^^^^^^^^^^^^^^^^^^^^^^^^
FileNotFoundError: [Errno 2] No such file or directory: '/home/ubuntu/airflow/dags/config_api.json'
[2025-04-05T03:20:20.074+0000] {processor.py:927} WARNING - No viable dags retrieved from /home/ubuntu/airflow/dags/zillowanalytics.py
[2025-04-05T03:20:20.095+0000] {processor.py:208} INFO - Processing /home/ubuntu/airflow/dags/zillowanalytics.py took 0.036 seconds
[2025-04-05T03:20:50.274+0000] {processor.py:186} INFO - Started process (PID=1832) to work on /home/ubuntu/airflow/dags/zillowanalytics.py
[2025-04-05T03:20:50.275+0000] {processor.py:914} INFO - Processing file /home/ubuntu/airflow/dags/zillowanalytics.py for tasks to queue
[2025-04-05T03:20:50.277+0000] {logging_mixin.py:190} INFO - [2025-04-05T03:20:50.277+0000] {dagbag.py:588} INFO - Filling up the DagBag from /home/ubuntu/airflow/dags/zillowanalytics.py
[2025-04-05T03:20:50.285+0000] {logging_mixin.py:190} INFO - [2025-04-05T03:20:50.285+0000] {dagbag.py:387} ERROR - Failed to import: /home/ubuntu/airflow/dags/zillowanalytics.py
Traceback (most recent call last):
  File "/home/ubuntu/venv/lib/python3.12/site-packages/airflow/models/dagbag.py", line 383, in parse
    loader.exec_module(new_module)
  File "<frozen importlib._bootstrap_external>", line 995, in exec_module
  File "<frozen importlib._bootstrap>", line 488, in _call_with_frames_removed
  File "/home/ubuntu/airflow/dags/zillowanalytics.py", line 8, in <module>
    with open('/home/ubuntu/airflow/dags/config_api.json', 'r') as config_file:
         ^^^^^^^^^^^^^^^^^^^^^^^^^^^^^^^^^^^^^^^^^^^^^^^^^^^^^^
FileNotFoundError: [Errno 2] No such file or directory: '/home/ubuntu/airflow/dags/config_api.json'
[2025-04-05T03:20:50.286+0000] {processor.py:927} WARNING - No viable dags retrieved from /home/ubuntu/airflow/dags/zillowanalytics.py
[2025-04-05T03:20:50.308+0000] {processor.py:208} INFO - Processing /home/ubuntu/airflow/dags/zillowanalytics.py took 0.038 seconds
[2025-04-05T03:21:20.516+0000] {processor.py:186} INFO - Started process (PID=1833) to work on /home/ubuntu/airflow/dags/zillowanalytics.py
[2025-04-05T03:21:20.516+0000] {processor.py:914} INFO - Processing file /home/ubuntu/airflow/dags/zillowanalytics.py for tasks to queue
[2025-04-05T03:21:20.520+0000] {logging_mixin.py:190} INFO - [2025-04-05T03:21:20.518+0000] {dagbag.py:588} INFO - Filling up the DagBag from /home/ubuntu/airflow/dags/zillowanalytics.py
[2025-04-05T03:21:20.527+0000] {logging_mixin.py:190} INFO - [2025-04-05T03:21:20.526+0000] {dagbag.py:387} ERROR - Failed to import: /home/ubuntu/airflow/dags/zillowanalytics.py
Traceback (most recent call last):
  File "/home/ubuntu/venv/lib/python3.12/site-packages/airflow/models/dagbag.py", line 383, in parse
    loader.exec_module(new_module)
  File "<frozen importlib._bootstrap_external>", line 995, in exec_module
  File "<frozen importlib._bootstrap>", line 488, in _call_with_frames_removed
  File "/home/ubuntu/airflow/dags/zillowanalytics.py", line 8, in <module>
    with open('/home/ubuntu/airflow/dags/config_api.json', 'r') as config_file:
         ^^^^^^^^^^^^^^^^^^^^^^^^^^^^^^^^^^^^^^^^^^^^^^^^^^^^^^
FileNotFoundError: [Errno 2] No such file or directory: '/home/ubuntu/airflow/dags/config_api.json'
[2025-04-05T03:21:20.527+0000] {processor.py:927} WARNING - No viable dags retrieved from /home/ubuntu/airflow/dags/zillowanalytics.py
[2025-04-05T03:21:20.548+0000] {processor.py:208} INFO - Processing /home/ubuntu/airflow/dags/zillowanalytics.py took 0.037 seconds
[2025-04-05T03:21:50.760+0000] {processor.py:186} INFO - Started process (PID=1834) to work on /home/ubuntu/airflow/dags/zillowanalytics.py
[2025-04-05T03:21:50.761+0000] {processor.py:914} INFO - Processing file /home/ubuntu/airflow/dags/zillowanalytics.py for tasks to queue
[2025-04-05T03:21:50.763+0000] {logging_mixin.py:190} INFO - [2025-04-05T03:21:50.763+0000] {dagbag.py:588} INFO - Filling up the DagBag from /home/ubuntu/airflow/dags/zillowanalytics.py
[2025-04-05T03:21:50.771+0000] {logging_mixin.py:190} INFO - [2025-04-05T03:21:50.770+0000] {dagbag.py:387} ERROR - Failed to import: /home/ubuntu/airflow/dags/zillowanalytics.py
Traceback (most recent call last):
  File "/home/ubuntu/venv/lib/python3.12/site-packages/airflow/models/dagbag.py", line 383, in parse
    loader.exec_module(new_module)
  File "<frozen importlib._bootstrap_external>", line 995, in exec_module
  File "<frozen importlib._bootstrap>", line 488, in _call_with_frames_removed
  File "/home/ubuntu/airflow/dags/zillowanalytics.py", line 8, in <module>
    with open('/home/ubuntu/airflow/dags/config_api.json', 'r') as config_file:
         ^^^^^^^^^^^^^^^^^^^^^^^^^^^^^^^^^^^^^^^^^^^^^^^^^^^^^^
FileNotFoundError: [Errno 2] No such file or directory: '/home/ubuntu/airflow/dags/config_api.json'
[2025-04-05T03:21:50.771+0000] {processor.py:927} WARNING - No viable dags retrieved from /home/ubuntu/airflow/dags/zillowanalytics.py
[2025-04-05T03:21:50.791+0000] {processor.py:208} INFO - Processing /home/ubuntu/airflow/dags/zillowanalytics.py took 0.037 seconds
[2025-04-05T03:22:21.001+0000] {processor.py:186} INFO - Started process (PID=1836) to work on /home/ubuntu/airflow/dags/zillowanalytics.py
[2025-04-05T03:22:21.002+0000] {processor.py:914} INFO - Processing file /home/ubuntu/airflow/dags/zillowanalytics.py for tasks to queue
[2025-04-05T03:22:21.004+0000] {logging_mixin.py:190} INFO - [2025-04-05T03:22:21.004+0000] {dagbag.py:588} INFO - Filling up the DagBag from /home/ubuntu/airflow/dags/zillowanalytics.py
[2025-04-05T03:22:21.011+0000] {logging_mixin.py:190} INFO - [2025-04-05T03:22:21.010+0000] {dagbag.py:387} ERROR - Failed to import: /home/ubuntu/airflow/dags/zillowanalytics.py
Traceback (most recent call last):
  File "/home/ubuntu/venv/lib/python3.12/site-packages/airflow/models/dagbag.py", line 383, in parse
    loader.exec_module(new_module)
  File "<frozen importlib._bootstrap_external>", line 995, in exec_module
  File "<frozen importlib._bootstrap>", line 488, in _call_with_frames_removed
  File "/home/ubuntu/airflow/dags/zillowanalytics.py", line 8, in <module>
    with open('/home/ubuntu/airflow/dags/config_api.json', 'r') as config_file:
         ^^^^^^^^^^^^^^^^^^^^^^^^^^^^^^^^^^^^^^^^^^^^^^^^^^^^^^
FileNotFoundError: [Errno 2] No such file or directory: '/home/ubuntu/airflow/dags/config_api.json'
[2025-04-05T03:22:21.012+0000] {processor.py:927} WARNING - No viable dags retrieved from /home/ubuntu/airflow/dags/zillowanalytics.py
[2025-04-05T03:22:21.032+0000] {processor.py:208} INFO - Processing /home/ubuntu/airflow/dags/zillowanalytics.py took 0.038 seconds
[2025-04-05T03:22:51.245+0000] {processor.py:186} INFO - Started process (PID=1838) to work on /home/ubuntu/airflow/dags/zillowanalytics.py
[2025-04-05T03:22:51.247+0000] {processor.py:914} INFO - Processing file /home/ubuntu/airflow/dags/zillowanalytics.py for tasks to queue
[2025-04-05T03:22:51.249+0000] {logging_mixin.py:190} INFO - [2025-04-05T03:22:51.248+0000] {dagbag.py:588} INFO - Filling up the DagBag from /home/ubuntu/airflow/dags/zillowanalytics.py
[2025-04-05T03:22:51.256+0000] {logging_mixin.py:190} INFO - [2025-04-05T03:22:51.255+0000] {dagbag.py:387} ERROR - Failed to import: /home/ubuntu/airflow/dags/zillowanalytics.py
Traceback (most recent call last):
  File "/home/ubuntu/venv/lib/python3.12/site-packages/airflow/models/dagbag.py", line 383, in parse
    loader.exec_module(new_module)
  File "<frozen importlib._bootstrap_external>", line 995, in exec_module
  File "<frozen importlib._bootstrap>", line 488, in _call_with_frames_removed
  File "/home/ubuntu/airflow/dags/zillowanalytics.py", line 8, in <module>
    with open('/home/ubuntu/airflow/dags/config_api.json', 'r') as config_file:
         ^^^^^^^^^^^^^^^^^^^^^^^^^^^^^^^^^^^^^^^^^^^^^^^^^^^^^^
FileNotFoundError: [Errno 2] No such file or directory: '/home/ubuntu/airflow/dags/config_api.json'
[2025-04-05T03:22:51.256+0000] {processor.py:927} WARNING - No viable dags retrieved from /home/ubuntu/airflow/dags/zillowanalytics.py
[2025-04-05T03:22:51.275+0000] {processor.py:208} INFO - Processing /home/ubuntu/airflow/dags/zillowanalytics.py took 0.035 seconds
[2025-04-05T03:23:15.318+0000] {processor.py:186} INFO - Started process (PID=1839) to work on /home/ubuntu/airflow/dags/zillowanalytics.py
[2025-04-05T03:23:15.319+0000] {processor.py:914} INFO - Processing file /home/ubuntu/airflow/dags/zillowanalytics.py for tasks to queue
[2025-04-05T03:23:15.321+0000] {logging_mixin.py:190} INFO - [2025-04-05T03:23:15.320+0000] {dagbag.py:588} INFO - Filling up the DagBag from /home/ubuntu/airflow/dags/zillowanalytics.py
[2025-04-05T03:23:15.329+0000] {logging_mixin.py:190} INFO - [2025-04-05T03:23:15.329+0000] {dagbag.py:387} ERROR - Failed to import: /home/ubuntu/airflow/dags/zillowanalytics.py
Traceback (most recent call last):
  File "/home/ubuntu/venv/lib/python3.12/site-packages/airflow/models/dagbag.py", line 383, in parse
    loader.exec_module(new_module)
  File "<frozen importlib._bootstrap_external>", line 995, in exec_module
  File "<frozen importlib._bootstrap>", line 488, in _call_with_frames_removed
  File "/home/ubuntu/airflow/dags/zillowanalytics.py", line 8, in <module>
    with open('/home/ubuntu/airflow/dags/config_api.json', 'r') as config_file:
         ^^^^^^^^^^^^^^^^^^^^^^^^^^^^^^^^^^^^^^^^^^^^^^^^^^^^^^
FileNotFoundError: [Errno 2] No such file or directory: '/home/ubuntu/airflow/dags/config_api.json'
[2025-04-05T03:23:15.330+0000] {processor.py:927} WARNING - No viable dags retrieved from /home/ubuntu/airflow/dags/zillowanalytics.py
[2025-04-05T03:23:15.350+0000] {processor.py:208} INFO - Processing /home/ubuntu/airflow/dags/zillowanalytics.py took 0.038 seconds
[2025-04-05T03:23:45.483+0000] {processor.py:186} INFO - Started process (PID=1840) to work on /home/ubuntu/airflow/dags/zillowanalytics.py
[2025-04-05T03:23:45.486+0000] {processor.py:914} INFO - Processing file /home/ubuntu/airflow/dags/zillowanalytics.py for tasks to queue
[2025-04-05T03:23:45.487+0000] {logging_mixin.py:190} INFO - [2025-04-05T03:23:45.487+0000] {dagbag.py:588} INFO - Filling up the DagBag from /home/ubuntu/airflow/dags/zillowanalytics.py
[2025-04-05T03:23:45.495+0000] {logging_mixin.py:190} INFO - [2025-04-05T03:23:45.494+0000] {dagbag.py:387} ERROR - Failed to import: /home/ubuntu/airflow/dags/zillowanalytics.py
Traceback (most recent call last):
  File "/home/ubuntu/venv/lib/python3.12/site-packages/airflow/models/dagbag.py", line 383, in parse
    loader.exec_module(new_module)
  File "<frozen importlib._bootstrap_external>", line 995, in exec_module
  File "<frozen importlib._bootstrap>", line 488, in _call_with_frames_removed
  File "/home/ubuntu/airflow/dags/zillowanalytics.py", line 8, in <module>
    with open('/home/ubuntu/airflow/dags/config_api.json', 'r') as config_file:
         ^^^^^^^^^^^^^^^^^^^^^^^^^^^^^^^^^^^^^^^^^^^^^^^^^^^^^^
FileNotFoundError: [Errno 2] No such file or directory: '/home/ubuntu/airflow/dags/config_api.json'
[2025-04-05T03:23:45.496+0000] {processor.py:927} WARNING - No viable dags retrieved from /home/ubuntu/airflow/dags/zillowanalytics.py
[2025-04-05T03:23:45.518+0000] {processor.py:208} INFO - Processing /home/ubuntu/airflow/dags/zillowanalytics.py took 0.041 seconds
[2025-04-05T03:24:15.591+0000] {processor.py:186} INFO - Started process (PID=1841) to work on /home/ubuntu/airflow/dags/zillowanalytics.py
[2025-04-05T03:24:15.591+0000] {processor.py:914} INFO - Processing file /home/ubuntu/airflow/dags/zillowanalytics.py for tasks to queue
[2025-04-05T03:24:15.593+0000] {logging_mixin.py:190} INFO - [2025-04-05T03:24:15.593+0000] {dagbag.py:588} INFO - Filling up the DagBag from /home/ubuntu/airflow/dags/zillowanalytics.py
[2025-04-05T03:24:15.601+0000] {logging_mixin.py:190} INFO - [2025-04-05T03:24:15.600+0000] {dagbag.py:387} ERROR - Failed to import: /home/ubuntu/airflow/dags/zillowanalytics.py
Traceback (most recent call last):
  File "/home/ubuntu/venv/lib/python3.12/site-packages/airflow/models/dagbag.py", line 383, in parse
    loader.exec_module(new_module)
  File "<frozen importlib._bootstrap_external>", line 995, in exec_module
  File "<frozen importlib._bootstrap>", line 488, in _call_with_frames_removed
  File "/home/ubuntu/airflow/dags/zillowanalytics.py", line 8, in <module>
    with open('/home/ubuntu/airflow/dags/config_api.json', 'r') as config_file:
         ^^^^^^^^^^^^^^^^^^^^^^^^^^^^^^^^^^^^^^^^^^^^^^^^^^^^^^
FileNotFoundError: [Errno 2] No such file or directory: '/home/ubuntu/airflow/dags/config_api.json'
[2025-04-05T03:24:15.601+0000] {processor.py:927} WARNING - No viable dags retrieved from /home/ubuntu/airflow/dags/zillowanalytics.py
[2025-04-05T03:24:15.621+0000] {processor.py:208} INFO - Processing /home/ubuntu/airflow/dags/zillowanalytics.py took 0.035 seconds
[2025-04-05T03:24:45.756+0000] {processor.py:186} INFO - Started process (PID=1842) to work on /home/ubuntu/airflow/dags/zillowanalytics.py
[2025-04-05T03:24:45.758+0000] {processor.py:914} INFO - Processing file /home/ubuntu/airflow/dags/zillowanalytics.py for tasks to queue
[2025-04-05T03:24:45.759+0000] {logging_mixin.py:190} INFO - [2025-04-05T03:24:45.759+0000] {dagbag.py:588} INFO - Filling up the DagBag from /home/ubuntu/airflow/dags/zillowanalytics.py
[2025-04-05T03:24:45.767+0000] {logging_mixin.py:190} INFO - [2025-04-05T03:24:45.766+0000] {dagbag.py:387} ERROR - Failed to import: /home/ubuntu/airflow/dags/zillowanalytics.py
Traceback (most recent call last):
  File "/home/ubuntu/venv/lib/python3.12/site-packages/airflow/models/dagbag.py", line 383, in parse
    loader.exec_module(new_module)
  File "<frozen importlib._bootstrap_external>", line 995, in exec_module
  File "<frozen importlib._bootstrap>", line 488, in _call_with_frames_removed
  File "/home/ubuntu/airflow/dags/zillowanalytics.py", line 8, in <module>
    with open('/home/ubuntu/airflow/dags/config_api.json', 'r') as config_file:
         ^^^^^^^^^^^^^^^^^^^^^^^^^^^^^^^^^^^^^^^^^^^^^^^^^^^^^^
FileNotFoundError: [Errno 2] No such file or directory: '/home/ubuntu/airflow/dags/config_api.json'
[2025-04-05T03:24:45.767+0000] {processor.py:927} WARNING - No viable dags retrieved from /home/ubuntu/airflow/dags/zillowanalytics.py
[2025-04-05T03:24:45.787+0000] {processor.py:208} INFO - Processing /home/ubuntu/airflow/dags/zillowanalytics.py took 0.037 seconds
[2025-04-05T03:25:15.918+0000] {processor.py:186} INFO - Started process (PID=1848) to work on /home/ubuntu/airflow/dags/zillowanalytics.py
[2025-04-05T03:25:15.919+0000] {processor.py:914} INFO - Processing file /home/ubuntu/airflow/dags/zillowanalytics.py for tasks to queue
[2025-04-05T03:25:15.921+0000] {logging_mixin.py:190} INFO - [2025-04-05T03:25:15.921+0000] {dagbag.py:588} INFO - Filling up the DagBag from /home/ubuntu/airflow/dags/zillowanalytics.py
[2025-04-05T03:25:15.928+0000] {logging_mixin.py:190} INFO - [2025-04-05T03:25:15.927+0000] {dagbag.py:387} ERROR - Failed to import: /home/ubuntu/airflow/dags/zillowanalytics.py
Traceback (most recent call last):
  File "/home/ubuntu/venv/lib/python3.12/site-packages/airflow/models/dagbag.py", line 383, in parse
    loader.exec_module(new_module)
  File "<frozen importlib._bootstrap_external>", line 995, in exec_module
  File "<frozen importlib._bootstrap>", line 488, in _call_with_frames_removed
  File "/home/ubuntu/airflow/dags/zillowanalytics.py", line 8, in <module>
    with open('/home/ubuntu/airflow/dags/config_api.json', 'r') as config_file:
         ^^^^^^^^^^^^^^^^^^^^^^^^^^^^^^^^^^^^^^^^^^^^^^^^^^^^^^
FileNotFoundError: [Errno 2] No such file or directory: '/home/ubuntu/airflow/dags/config_api.json'
[2025-04-05T03:25:15.928+0000] {processor.py:927} WARNING - No viable dags retrieved from /home/ubuntu/airflow/dags/zillowanalytics.py
[2025-04-05T03:25:15.948+0000] {processor.py:208} INFO - Processing /home/ubuntu/airflow/dags/zillowanalytics.py took 0.035 seconds
[2025-04-05T03:25:46.082+0000] {processor.py:186} INFO - Started process (PID=1849) to work on /home/ubuntu/airflow/dags/zillowanalytics.py
[2025-04-05T03:25:46.085+0000] {processor.py:914} INFO - Processing file /home/ubuntu/airflow/dags/zillowanalytics.py for tasks to queue
[2025-04-05T03:25:46.087+0000] {logging_mixin.py:190} INFO - [2025-04-05T03:25:46.086+0000] {dagbag.py:588} INFO - Filling up the DagBag from /home/ubuntu/airflow/dags/zillowanalytics.py
[2025-04-05T03:25:46.093+0000] {logging_mixin.py:190} INFO - [2025-04-05T03:25:46.093+0000] {dagbag.py:387} ERROR - Failed to import: /home/ubuntu/airflow/dags/zillowanalytics.py
Traceback (most recent call last):
  File "/home/ubuntu/venv/lib/python3.12/site-packages/airflow/models/dagbag.py", line 383, in parse
    loader.exec_module(new_module)
  File "<frozen importlib._bootstrap_external>", line 995, in exec_module
  File "<frozen importlib._bootstrap>", line 488, in _call_with_frames_removed
  File "/home/ubuntu/airflow/dags/zillowanalytics.py", line 8, in <module>
    with open('/home/ubuntu/airflow/dags/config_api.json', 'r') as config_file:
         ^^^^^^^^^^^^^^^^^^^^^^^^^^^^^^^^^^^^^^^^^^^^^^^^^^^^^^
FileNotFoundError: [Errno 2] No such file or directory: '/home/ubuntu/airflow/dags/config_api.json'
[2025-04-05T03:25:46.094+0000] {processor.py:927} WARNING - No viable dags retrieved from /home/ubuntu/airflow/dags/zillowanalytics.py
[2025-04-05T03:25:46.114+0000] {processor.py:208} INFO - Processing /home/ubuntu/airflow/dags/zillowanalytics.py took 0.037 seconds
[2025-04-05T03:26:16.250+0000] {processor.py:186} INFO - Started process (PID=1851) to work on /home/ubuntu/airflow/dags/zillowanalytics.py
[2025-04-05T03:26:16.252+0000] {processor.py:914} INFO - Processing file /home/ubuntu/airflow/dags/zillowanalytics.py for tasks to queue
[2025-04-05T03:26:16.255+0000] {logging_mixin.py:190} INFO - [2025-04-05T03:26:16.254+0000] {dagbag.py:588} INFO - Filling up the DagBag from /home/ubuntu/airflow/dags/zillowanalytics.py
[2025-04-05T03:26:16.262+0000] {logging_mixin.py:190} INFO - [2025-04-05T03:26:16.261+0000] {dagbag.py:387} ERROR - Failed to import: /home/ubuntu/airflow/dags/zillowanalytics.py
Traceback (most recent call last):
  File "/home/ubuntu/venv/lib/python3.12/site-packages/airflow/models/dagbag.py", line 383, in parse
    loader.exec_module(new_module)
  File "<frozen importlib._bootstrap_external>", line 995, in exec_module
  File "<frozen importlib._bootstrap>", line 488, in _call_with_frames_removed
  File "/home/ubuntu/airflow/dags/zillowanalytics.py", line 8, in <module>
    with open('/home/ubuntu/airflow/dags/config_api.json', 'r') as config_file:
         ^^^^^^^^^^^^^^^^^^^^^^^^^^^^^^^^^^^^^^^^^^^^^^^^^^^^^^
FileNotFoundError: [Errno 2] No such file or directory: '/home/ubuntu/airflow/dags/config_api.json'
[2025-04-05T03:26:16.262+0000] {processor.py:927} WARNING - No viable dags retrieved from /home/ubuntu/airflow/dags/zillowanalytics.py
[2025-04-05T03:26:16.282+0000] {processor.py:208} INFO - Processing /home/ubuntu/airflow/dags/zillowanalytics.py took 0.038 seconds
[2025-04-05T03:26:46.415+0000] {processor.py:186} INFO - Started process (PID=1852) to work on /home/ubuntu/airflow/dags/zillowanalytics.py
[2025-04-05T03:26:46.416+0000] {processor.py:914} INFO - Processing file /home/ubuntu/airflow/dags/zillowanalytics.py for tasks to queue
[2025-04-05T03:26:46.418+0000] {logging_mixin.py:190} INFO - [2025-04-05T03:26:46.418+0000] {dagbag.py:588} INFO - Filling up the DagBag from /home/ubuntu/airflow/dags/zillowanalytics.py
[2025-04-05T03:26:46.426+0000] {logging_mixin.py:190} INFO - [2025-04-05T03:26:46.425+0000] {dagbag.py:387} ERROR - Failed to import: /home/ubuntu/airflow/dags/zillowanalytics.py
Traceback (most recent call last):
  File "/home/ubuntu/venv/lib/python3.12/site-packages/airflow/models/dagbag.py", line 383, in parse
    loader.exec_module(new_module)
  File "<frozen importlib._bootstrap_external>", line 995, in exec_module
  File "<frozen importlib._bootstrap>", line 488, in _call_with_frames_removed
  File "/home/ubuntu/airflow/dags/zillowanalytics.py", line 8, in <module>
    with open('/home/ubuntu/airflow/dags/config_api.json', 'r') as config_file:
         ^^^^^^^^^^^^^^^^^^^^^^^^^^^^^^^^^^^^^^^^^^^^^^^^^^^^^^
FileNotFoundError: [Errno 2] No such file or directory: '/home/ubuntu/airflow/dags/config_api.json'
[2025-04-05T03:26:46.426+0000] {processor.py:927} WARNING - No viable dags retrieved from /home/ubuntu/airflow/dags/zillowanalytics.py
[2025-04-05T03:26:46.448+0000] {processor.py:208} INFO - Processing /home/ubuntu/airflow/dags/zillowanalytics.py took 0.037 seconds
[2025-04-05T03:27:16.585+0000] {processor.py:186} INFO - Started process (PID=1853) to work on /home/ubuntu/airflow/dags/zillowanalytics.py
[2025-04-05T03:27:16.586+0000] {processor.py:914} INFO - Processing file /home/ubuntu/airflow/dags/zillowanalytics.py for tasks to queue
[2025-04-05T03:27:16.588+0000] {logging_mixin.py:190} INFO - [2025-04-05T03:27:16.587+0000] {dagbag.py:588} INFO - Filling up the DagBag from /home/ubuntu/airflow/dags/zillowanalytics.py
[2025-04-05T03:27:16.595+0000] {logging_mixin.py:190} INFO - [2025-04-05T03:27:16.594+0000] {dagbag.py:387} ERROR - Failed to import: /home/ubuntu/airflow/dags/zillowanalytics.py
Traceback (most recent call last):
  File "/home/ubuntu/venv/lib/python3.12/site-packages/airflow/models/dagbag.py", line 383, in parse
    loader.exec_module(new_module)
  File "<frozen importlib._bootstrap_external>", line 995, in exec_module
  File "<frozen importlib._bootstrap>", line 488, in _call_with_frames_removed
  File "/home/ubuntu/airflow/dags/zillowanalytics.py", line 8, in <module>
    with open('/home/ubuntu/airflow/dags/config_api.json', 'r') as config_file:
         ^^^^^^^^^^^^^^^^^^^^^^^^^^^^^^^^^^^^^^^^^^^^^^^^^^^^^^
FileNotFoundError: [Errno 2] No such file or directory: '/home/ubuntu/airflow/dags/config_api.json'
[2025-04-05T03:27:16.595+0000] {processor.py:927} WARNING - No viable dags retrieved from /home/ubuntu/airflow/dags/zillowanalytics.py
[2025-04-05T03:27:16.615+0000] {processor.py:208} INFO - Processing /home/ubuntu/airflow/dags/zillowanalytics.py took 0.036 seconds
[2025-04-05T03:27:46.751+0000] {processor.py:186} INFO - Started process (PID=1854) to work on /home/ubuntu/airflow/dags/zillowanalytics.py
[2025-04-05T03:27:46.752+0000] {processor.py:914} INFO - Processing file /home/ubuntu/airflow/dags/zillowanalytics.py for tasks to queue
[2025-04-05T03:27:46.754+0000] {logging_mixin.py:190} INFO - [2025-04-05T03:27:46.753+0000] {dagbag.py:588} INFO - Filling up the DagBag from /home/ubuntu/airflow/dags/zillowanalytics.py
[2025-04-05T03:27:46.763+0000] {logging_mixin.py:190} INFO - [2025-04-05T03:27:46.762+0000] {dagbag.py:387} ERROR - Failed to import: /home/ubuntu/airflow/dags/zillowanalytics.py
Traceback (most recent call last):
  File "/home/ubuntu/venv/lib/python3.12/site-packages/airflow/models/dagbag.py", line 383, in parse
    loader.exec_module(new_module)
  File "<frozen importlib._bootstrap_external>", line 995, in exec_module
  File "<frozen importlib._bootstrap>", line 488, in _call_with_frames_removed
  File "/home/ubuntu/airflow/dags/zillowanalytics.py", line 8, in <module>
    with open('/home/ubuntu/airflow/dags/config_api.json', 'r') as config_file:
         ^^^^^^^^^^^^^^^^^^^^^^^^^^^^^^^^^^^^^^^^^^^^^^^^^^^^^^
FileNotFoundError: [Errno 2] No such file or directory: '/home/ubuntu/airflow/dags/config_api.json'
[2025-04-05T03:27:46.763+0000] {processor.py:927} WARNING - No viable dags retrieved from /home/ubuntu/airflow/dags/zillowanalytics.py
[2025-04-05T03:27:46.784+0000] {processor.py:208} INFO - Processing /home/ubuntu/airflow/dags/zillowanalytics.py took 0.038 seconds
[2025-04-05T03:28:16.916+0000] {processor.py:186} INFO - Started process (PID=1857) to work on /home/ubuntu/airflow/dags/zillowanalytics.py
[2025-04-05T03:28:16.917+0000] {processor.py:914} INFO - Processing file /home/ubuntu/airflow/dags/zillowanalytics.py for tasks to queue
[2025-04-05T03:28:16.921+0000] {logging_mixin.py:190} INFO - [2025-04-05T03:28:16.920+0000] {dagbag.py:588} INFO - Filling up the DagBag from /home/ubuntu/airflow/dags/zillowanalytics.py
[2025-04-05T03:28:16.928+0000] {logging_mixin.py:190} INFO - [2025-04-05T03:28:16.927+0000] {dagbag.py:387} ERROR - Failed to import: /home/ubuntu/airflow/dags/zillowanalytics.py
Traceback (most recent call last):
  File "/home/ubuntu/venv/lib/python3.12/site-packages/airflow/models/dagbag.py", line 383, in parse
    loader.exec_module(new_module)
  File "<frozen importlib._bootstrap_external>", line 995, in exec_module
  File "<frozen importlib._bootstrap>", line 488, in _call_with_frames_removed
  File "/home/ubuntu/airflow/dags/zillowanalytics.py", line 8, in <module>
    with open('/home/ubuntu/airflow/dags/config_api.json', 'r') as config_file:
         ^^^^^^^^^^^^^^^^^^^^^^^^^^^^^^^^^^^^^^^^^^^^^^^^^^^^^^
FileNotFoundError: [Errno 2] No such file or directory: '/home/ubuntu/airflow/dags/config_api.json'
[2025-04-05T03:28:16.928+0000] {processor.py:927} WARNING - No viable dags retrieved from /home/ubuntu/airflow/dags/zillowanalytics.py
[2025-04-05T03:28:16.949+0000] {processor.py:208} INFO - Processing /home/ubuntu/airflow/dags/zillowanalytics.py took 0.038 seconds
[2025-04-05T03:28:47.083+0000] {processor.py:186} INFO - Started process (PID=1858) to work on /home/ubuntu/airflow/dags/zillowanalytics.py
[2025-04-05T03:28:47.085+0000] {processor.py:914} INFO - Processing file /home/ubuntu/airflow/dags/zillowanalytics.py for tasks to queue
[2025-04-05T03:28:47.087+0000] {logging_mixin.py:190} INFO - [2025-04-05T03:28:47.086+0000] {dagbag.py:588} INFO - Filling up the DagBag from /home/ubuntu/airflow/dags/zillowanalytics.py
[2025-04-05T03:28:47.095+0000] {logging_mixin.py:190} INFO - [2025-04-05T03:28:47.094+0000] {dagbag.py:387} ERROR - Failed to import: /home/ubuntu/airflow/dags/zillowanalytics.py
Traceback (most recent call last):
  File "/home/ubuntu/venv/lib/python3.12/site-packages/airflow/models/dagbag.py", line 383, in parse
    loader.exec_module(new_module)
  File "<frozen importlib._bootstrap_external>", line 995, in exec_module
  File "<frozen importlib._bootstrap>", line 488, in _call_with_frames_removed
  File "/home/ubuntu/airflow/dags/zillowanalytics.py", line 8, in <module>
    with open('/home/ubuntu/airflow/dags/config_api.json', 'r') as config_file:
         ^^^^^^^^^^^^^^^^^^^^^^^^^^^^^^^^^^^^^^^^^^^^^^^^^^^^^^
FileNotFoundError: [Errno 2] No such file or directory: '/home/ubuntu/airflow/dags/config_api.json'
[2025-04-05T03:28:47.095+0000] {processor.py:927} WARNING - No viable dags retrieved from /home/ubuntu/airflow/dags/zillowanalytics.py
[2025-04-05T03:28:47.117+0000] {processor.py:208} INFO - Processing /home/ubuntu/airflow/dags/zillowanalytics.py took 0.041 seconds
[2025-04-05T03:29:17.249+0000] {processor.py:186} INFO - Started process (PID=1859) to work on /home/ubuntu/airflow/dags/zillowanalytics.py
[2025-04-05T03:29:17.250+0000] {processor.py:914} INFO - Processing file /home/ubuntu/airflow/dags/zillowanalytics.py for tasks to queue
[2025-04-05T03:29:17.252+0000] {logging_mixin.py:190} INFO - [2025-04-05T03:29:17.251+0000] {dagbag.py:588} INFO - Filling up the DagBag from /home/ubuntu/airflow/dags/zillowanalytics.py
[2025-04-05T03:29:17.259+0000] {logging_mixin.py:190} INFO - [2025-04-05T03:29:17.258+0000] {dagbag.py:387} ERROR - Failed to import: /home/ubuntu/airflow/dags/zillowanalytics.py
Traceback (most recent call last):
  File "/home/ubuntu/venv/lib/python3.12/site-packages/airflow/models/dagbag.py", line 383, in parse
    loader.exec_module(new_module)
  File "<frozen importlib._bootstrap_external>", line 995, in exec_module
  File "<frozen importlib._bootstrap>", line 488, in _call_with_frames_removed
  File "/home/ubuntu/airflow/dags/zillowanalytics.py", line 8, in <module>
    with open('/home/ubuntu/airflow/dags/config_api.json', 'r') as config_file:
         ^^^^^^^^^^^^^^^^^^^^^^^^^^^^^^^^^^^^^^^^^^^^^^^^^^^^^^
FileNotFoundError: [Errno 2] No such file or directory: '/home/ubuntu/airflow/dags/config_api.json'
[2025-04-05T03:29:17.259+0000] {processor.py:927} WARNING - No viable dags retrieved from /home/ubuntu/airflow/dags/zillowanalytics.py
[2025-04-05T03:29:17.280+0000] {processor.py:208} INFO - Processing /home/ubuntu/airflow/dags/zillowanalytics.py took 0.037 seconds
[2025-04-05T03:29:47.415+0000] {processor.py:186} INFO - Started process (PID=1860) to work on /home/ubuntu/airflow/dags/zillowanalytics.py
[2025-04-05T03:29:47.415+0000] {processor.py:914} INFO - Processing file /home/ubuntu/airflow/dags/zillowanalytics.py for tasks to queue
[2025-04-05T03:29:47.417+0000] {logging_mixin.py:190} INFO - [2025-04-05T03:29:47.417+0000] {dagbag.py:588} INFO - Filling up the DagBag from /home/ubuntu/airflow/dags/zillowanalytics.py
[2025-04-05T03:29:47.425+0000] {logging_mixin.py:190} INFO - [2025-04-05T03:29:47.424+0000] {dagbag.py:387} ERROR - Failed to import: /home/ubuntu/airflow/dags/zillowanalytics.py
Traceback (most recent call last):
  File "/home/ubuntu/venv/lib/python3.12/site-packages/airflow/models/dagbag.py", line 383, in parse
    loader.exec_module(new_module)
  File "<frozen importlib._bootstrap_external>", line 995, in exec_module
  File "<frozen importlib._bootstrap>", line 488, in _call_with_frames_removed
  File "/home/ubuntu/airflow/dags/zillowanalytics.py", line 8, in <module>
    with open('/home/ubuntu/airflow/dags/config_api.json', 'r') as config_file:
         ^^^^^^^^^^^^^^^^^^^^^^^^^^^^^^^^^^^^^^^^^^^^^^^^^^^^^^
FileNotFoundError: [Errno 2] No such file or directory: '/home/ubuntu/airflow/dags/config_api.json'
[2025-04-05T03:29:47.425+0000] {processor.py:927} WARNING - No viable dags retrieved from /home/ubuntu/airflow/dags/zillowanalytics.py
[2025-04-05T03:29:47.448+0000] {processor.py:208} INFO - Processing /home/ubuntu/airflow/dags/zillowanalytics.py took 0.039 seconds
[2025-04-05T03:30:06.669+0000] {processor.py:186} INFO - Started process (PID=1861) to work on /home/ubuntu/airflow/dags/zillowanalytics.py
[2025-04-05T03:30:06.671+0000] {processor.py:914} INFO - Processing file /home/ubuntu/airflow/dags/zillowanalytics.py for tasks to queue
[2025-04-05T03:30:06.673+0000] {logging_mixin.py:190} INFO - [2025-04-05T03:30:06.673+0000] {dagbag.py:588} INFO - Filling up the DagBag from /home/ubuntu/airflow/dags/zillowanalytics.py
[2025-04-05T03:30:06.677+0000] {logging_mixin.py:190} INFO - [2025-04-05T03:30:06.676+0000] {dagbag.py:387} ERROR - Failed to import: /home/ubuntu/airflow/dags/zillowanalytics.py
Traceback (most recent call last):
  File "/home/ubuntu/venv/lib/python3.12/site-packages/airflow/models/dagbag.py", line 383, in parse
    loader.exec_module(new_module)
  File "<frozen importlib._bootstrap_external>", line 991, in exec_module
  File "<frozen importlib._bootstrap_external>", line 1129, in get_code
  File "<frozen importlib._bootstrap_external>", line 1059, in source_to_code
  File "<frozen importlib._bootstrap>", line 488, in _call_with_frames_removed
  File "/home/ubuntu/airflow/dags/zillowanalytics.py", line 25
    output_file_path = f"/home/ubuntu/airflow/resonse_data_{df_string}.json"'
                                                                            ^
SyntaxError: unterminated string literal (detected at line 25)
[2025-04-05T03:30:06.677+0000] {processor.py:927} WARNING - No viable dags retrieved from /home/ubuntu/airflow/dags/zillowanalytics.py
[2025-04-05T03:30:06.700+0000] {processor.py:208} INFO - Processing /home/ubuntu/airflow/dags/zillowanalytics.py took 0.036 seconds
[2025-04-05T03:30:36.867+0000] {processor.py:186} INFO - Started process (PID=1865) to work on /home/ubuntu/airflow/dags/zillowanalytics.py
[2025-04-05T03:30:36.868+0000] {processor.py:914} INFO - Processing file /home/ubuntu/airflow/dags/zillowanalytics.py for tasks to queue
[2025-04-05T03:30:36.869+0000] {logging_mixin.py:190} INFO - [2025-04-05T03:30:36.869+0000] {dagbag.py:588} INFO - Filling up the DagBag from /home/ubuntu/airflow/dags/zillowanalytics.py
[2025-04-05T03:30:36.873+0000] {logging_mixin.py:190} INFO - [2025-04-05T03:30:36.872+0000] {dagbag.py:387} ERROR - Failed to import: /home/ubuntu/airflow/dags/zillowanalytics.py
Traceback (most recent call last):
  File "/home/ubuntu/venv/lib/python3.12/site-packages/airflow/models/dagbag.py", line 383, in parse
    loader.exec_module(new_module)
  File "<frozen importlib._bootstrap_external>", line 991, in exec_module
  File "<frozen importlib._bootstrap_external>", line 1129, in get_code
  File "<frozen importlib._bootstrap_external>", line 1059, in source_to_code
  File "<frozen importlib._bootstrap>", line 488, in _call_with_frames_removed
  File "/home/ubuntu/airflow/dags/zillowanalytics.py", line 25
    output_file_path = f"/home/ubuntu/airflow/resonse_data_{df_string}.json"'
                                                                            ^
SyntaxError: unterminated string literal (detected at line 25)
[2025-04-05T03:30:36.873+0000] {processor.py:927} WARNING - No viable dags retrieved from /home/ubuntu/airflow/dags/zillowanalytics.py
[2025-04-05T03:30:36.894+0000] {processor.py:208} INFO - Processing /home/ubuntu/airflow/dags/zillowanalytics.py took 0.032 seconds
[2025-04-05T03:31:07.105+0000] {processor.py:186} INFO - Started process (PID=1867) to work on /home/ubuntu/airflow/dags/zillowanalytics.py
[2025-04-05T03:31:07.107+0000] {processor.py:914} INFO - Processing file /home/ubuntu/airflow/dags/zillowanalytics.py for tasks to queue
[2025-04-05T03:31:07.109+0000] {logging_mixin.py:190} INFO - [2025-04-05T03:31:07.108+0000] {dagbag.py:588} INFO - Filling up the DagBag from /home/ubuntu/airflow/dags/zillowanalytics.py
[2025-04-05T03:31:07.112+0000] {logging_mixin.py:190} INFO - [2025-04-05T03:31:07.111+0000] {dagbag.py:387} ERROR - Failed to import: /home/ubuntu/airflow/dags/zillowanalytics.py
Traceback (most recent call last):
  File "/home/ubuntu/venv/lib/python3.12/site-packages/airflow/models/dagbag.py", line 383, in parse
    loader.exec_module(new_module)
  File "<frozen importlib._bootstrap_external>", line 991, in exec_module
  File "<frozen importlib._bootstrap_external>", line 1129, in get_code
  File "<frozen importlib._bootstrap_external>", line 1059, in source_to_code
  File "<frozen importlib._bootstrap>", line 488, in _call_with_frames_removed
  File "/home/ubuntu/airflow/dags/zillowanalytics.py", line 25
    output_file_path = f"/home/ubuntu/airflow/resonse_data_{df_string}.json"'
                                                                            ^
SyntaxError: unterminated string literal (detected at line 25)
[2025-04-05T03:31:07.112+0000] {processor.py:927} WARNING - No viable dags retrieved from /home/ubuntu/airflow/dags/zillowanalytics.py
[2025-04-05T03:31:07.135+0000] {processor.py:208} INFO - Processing /home/ubuntu/airflow/dags/zillowanalytics.py took 0.035 seconds
[2025-04-05T03:31:37.347+0000] {processor.py:186} INFO - Started process (PID=1868) to work on /home/ubuntu/airflow/dags/zillowanalytics.py
[2025-04-05T03:31:37.349+0000] {processor.py:914} INFO - Processing file /home/ubuntu/airflow/dags/zillowanalytics.py for tasks to queue
[2025-04-05T03:31:37.351+0000] {logging_mixin.py:190} INFO - [2025-04-05T03:31:37.351+0000] {dagbag.py:588} INFO - Filling up the DagBag from /home/ubuntu/airflow/dags/zillowanalytics.py
[2025-04-05T03:31:37.355+0000] {logging_mixin.py:190} INFO - [2025-04-05T03:31:37.353+0000] {dagbag.py:387} ERROR - Failed to import: /home/ubuntu/airflow/dags/zillowanalytics.py
Traceback (most recent call last):
  File "/home/ubuntu/venv/lib/python3.12/site-packages/airflow/models/dagbag.py", line 383, in parse
    loader.exec_module(new_module)
  File "<frozen importlib._bootstrap_external>", line 991, in exec_module
  File "<frozen importlib._bootstrap_external>", line 1129, in get_code
  File "<frozen importlib._bootstrap_external>", line 1059, in source_to_code
  File "<frozen importlib._bootstrap>", line 488, in _call_with_frames_removed
  File "/home/ubuntu/airflow/dags/zillowanalytics.py", line 25
    output_file_path = f"/home/ubuntu/airflow/resonse_data_{df_string}.json"'
                                                                            ^
SyntaxError: unterminated string literal (detected at line 25)
[2025-04-05T03:31:37.355+0000] {processor.py:927} WARNING - No viable dags retrieved from /home/ubuntu/airflow/dags/zillowanalytics.py
[2025-04-05T03:31:37.376+0000] {processor.py:208} INFO - Processing /home/ubuntu/airflow/dags/zillowanalytics.py took 0.033 seconds
[2025-04-05T03:32:07.588+0000] {processor.py:186} INFO - Started process (PID=1869) to work on /home/ubuntu/airflow/dags/zillowanalytics.py
[2025-04-05T03:32:07.589+0000] {processor.py:914} INFO - Processing file /home/ubuntu/airflow/dags/zillowanalytics.py for tasks to queue
[2025-04-05T03:32:07.591+0000] {logging_mixin.py:190} INFO - [2025-04-05T03:32:07.591+0000] {dagbag.py:588} INFO - Filling up the DagBag from /home/ubuntu/airflow/dags/zillowanalytics.py
[2025-04-05T03:32:07.594+0000] {logging_mixin.py:190} INFO - [2025-04-05T03:32:07.593+0000] {dagbag.py:387} ERROR - Failed to import: /home/ubuntu/airflow/dags/zillowanalytics.py
Traceback (most recent call last):
  File "/home/ubuntu/venv/lib/python3.12/site-packages/airflow/models/dagbag.py", line 383, in parse
    loader.exec_module(new_module)
  File "<frozen importlib._bootstrap_external>", line 991, in exec_module
  File "<frozen importlib._bootstrap_external>", line 1129, in get_code
  File "<frozen importlib._bootstrap_external>", line 1059, in source_to_code
  File "<frozen importlib._bootstrap>", line 488, in _call_with_frames_removed
  File "/home/ubuntu/airflow/dags/zillowanalytics.py", line 25
    output_file_path = f"/home/ubuntu/airflow/resonse_data_{df_string}.json"'
                                                                            ^
SyntaxError: unterminated string literal (detected at line 25)
[2025-04-05T03:32:07.594+0000] {processor.py:927} WARNING - No viable dags retrieved from /home/ubuntu/airflow/dags/zillowanalytics.py
[2025-04-05T03:32:07.616+0000] {processor.py:208} INFO - Processing /home/ubuntu/airflow/dags/zillowanalytics.py took 0.033 seconds
[2025-04-05T03:32:11.590+0000] {processor.py:186} INFO - Started process (PID=1870) to work on /home/ubuntu/airflow/dags/zillowanalytics.py
[2025-04-05T03:32:11.591+0000] {processor.py:914} INFO - Processing file /home/ubuntu/airflow/dags/zillowanalytics.py for tasks to queue
[2025-04-05T03:32:11.593+0000] {logging_mixin.py:190} INFO - [2025-04-05T03:32:11.593+0000] {dagbag.py:588} INFO - Filling up the DagBag from /home/ubuntu/airflow/dags/zillowanalytics.py
[2025-04-05T03:32:11.596+0000] {logging_mixin.py:190} INFO - [2025-04-05T03:32:11.595+0000] {dagbag.py:387} ERROR - Failed to import: /home/ubuntu/airflow/dags/zillowanalytics.py
Traceback (most recent call last):
  File "/home/ubuntu/venv/lib/python3.12/site-packages/airflow/models/dagbag.py", line 383, in parse
    loader.exec_module(new_module)
  File "<frozen importlib._bootstrap_external>", line 991, in exec_module
  File "<frozen importlib._bootstrap_external>", line 1129, in get_code
  File "<frozen importlib._bootstrap_external>", line 1059, in source_to_code
  File "<frozen importlib._bootstrap>", line 488, in _call_with_frames_removed
  File "/home/ubuntu/airflow/dags/zillowanalytics.py", line 25
    output_file_path = f"/home/ubuntu/airflow/resonse_data_{df_string}.json"'
                                                                            ^
SyntaxError: unterminated string literal (detected at line 25)
[2025-04-05T03:32:11.597+0000] {processor.py:927} WARNING - No viable dags retrieved from /home/ubuntu/airflow/dags/zillowanalytics.py
[2025-04-05T03:32:11.619+0000] {processor.py:208} INFO - Processing /home/ubuntu/airflow/dags/zillowanalytics.py took 0.035 seconds
[2025-04-05T03:32:41.932+0000] {processor.py:186} INFO - Started process (PID=1873) to work on /home/ubuntu/airflow/dags/zillowanalytics.py
[2025-04-05T03:32:41.934+0000] {processor.py:914} INFO - Processing file /home/ubuntu/airflow/dags/zillowanalytics.py for tasks to queue
[2025-04-05T03:32:41.937+0000] {logging_mixin.py:190} INFO - [2025-04-05T03:32:41.936+0000] {dagbag.py:588} INFO - Filling up the DagBag from /home/ubuntu/airflow/dags/zillowanalytics.py
[2025-04-05T03:32:41.940+0000] {logging_mixin.py:190} INFO - [2025-04-05T03:32:41.939+0000] {dagbag.py:387} ERROR - Failed to import: /home/ubuntu/airflow/dags/zillowanalytics.py
Traceback (most recent call last):
  File "/home/ubuntu/venv/lib/python3.12/site-packages/airflow/models/dagbag.py", line 383, in parse
    loader.exec_module(new_module)
  File "<frozen importlib._bootstrap_external>", line 991, in exec_module
  File "<frozen importlib._bootstrap_external>", line 1129, in get_code
  File "<frozen importlib._bootstrap_external>", line 1059, in source_to_code
  File "<frozen importlib._bootstrap>", line 488, in _call_with_frames_removed
  File "/home/ubuntu/airflow/dags/zillowanalytics.py", line 25
    output_file_path = f"/home/ubuntu/airflow/resonse_data_{df_string}.json"'
                                                                            ^
SyntaxError: unterminated string literal (detected at line 25)
[2025-04-05T03:32:41.940+0000] {processor.py:927} WARNING - No viable dags retrieved from /home/ubuntu/airflow/dags/zillowanalytics.py
[2025-04-05T03:32:41.962+0000] {processor.py:208} INFO - Processing /home/ubuntu/airflow/dags/zillowanalytics.py took 0.036 seconds
[2025-04-05T03:33:12.281+0000] {processor.py:186} INFO - Started process (PID=1875) to work on /home/ubuntu/airflow/dags/zillowanalytics.py
[2025-04-05T03:33:12.282+0000] {processor.py:914} INFO - Processing file /home/ubuntu/airflow/dags/zillowanalytics.py for tasks to queue
[2025-04-05T03:33:12.283+0000] {logging_mixin.py:190} INFO - [2025-04-05T03:33:12.283+0000] {dagbag.py:588} INFO - Filling up the DagBag from /home/ubuntu/airflow/dags/zillowanalytics.py
[2025-04-05T03:33:12.287+0000] {logging_mixin.py:190} INFO - [2025-04-05T03:33:12.286+0000] {dagbag.py:387} ERROR - Failed to import: /home/ubuntu/airflow/dags/zillowanalytics.py
Traceback (most recent call last):
  File "/home/ubuntu/venv/lib/python3.12/site-packages/airflow/models/dagbag.py", line 383, in parse
    loader.exec_module(new_module)
  File "<frozen importlib._bootstrap_external>", line 991, in exec_module
  File "<frozen importlib._bootstrap_external>", line 1129, in get_code
  File "<frozen importlib._bootstrap_external>", line 1059, in source_to_code
  File "<frozen importlib._bootstrap>", line 488, in _call_with_frames_removed
  File "/home/ubuntu/airflow/dags/zillowanalytics.py", line 25
    output_file_path = f"/home/ubuntu/airflow/resonse_data_{df_string}.json"'
                                                                            ^
SyntaxError: unterminated string literal (detected at line 25)
[2025-04-05T03:33:12.288+0000] {processor.py:927} WARNING - No viable dags retrieved from /home/ubuntu/airflow/dags/zillowanalytics.py
[2025-04-05T03:33:12.309+0000] {processor.py:208} INFO - Processing /home/ubuntu/airflow/dags/zillowanalytics.py took 0.035 seconds
[2025-04-05T03:33:29.569+0000] {processor.py:186} INFO - Started process (PID=1876) to work on /home/ubuntu/airflow/dags/zillowanalytics.py
[2025-04-05T03:33:29.572+0000] {processor.py:914} INFO - Processing file /home/ubuntu/airflow/dags/zillowanalytics.py for tasks to queue
[2025-04-05T03:33:29.573+0000] {logging_mixin.py:190} INFO - [2025-04-05T03:33:29.573+0000] {dagbag.py:588} INFO - Filling up the DagBag from /home/ubuntu/airflow/dags/zillowanalytics.py
[2025-04-05T03:33:29.581+0000] {logging_mixin.py:190} INFO - [2025-04-05T03:33:29.580+0000] {dagbag.py:387} ERROR - Failed to import: /home/ubuntu/airflow/dags/zillowanalytics.py
Traceback (most recent call last):
  File "/home/ubuntu/venv/lib/python3.12/site-packages/airflow/models/dagbag.py", line 383, in parse
    loader.exec_module(new_module)
  File "<frozen importlib._bootstrap_external>", line 995, in exec_module
  File "<frozen importlib._bootstrap>", line 488, in _call_with_frames_removed
  File "/home/ubuntu/airflow/dags/zillowanalytics.py", line 8, in <module>
    with open('/home/ubuntu/airflow/dags/config_api.json', 'r') as config_file:
         ^^^^^^^^^^^^^^^^^^^^^^^^^^^^^^^^^^^^^^^^^^^^^^^^^^^^^^
FileNotFoundError: [Errno 2] No such file or directory: '/home/ubuntu/airflow/dags/config_api.json'
[2025-04-05T03:33:29.582+0000] {processor.py:927} WARNING - No viable dags retrieved from /home/ubuntu/airflow/dags/zillowanalytics.py
[2025-04-05T03:33:29.602+0000] {processor.py:208} INFO - Processing /home/ubuntu/airflow/dags/zillowanalytics.py took 0.038 seconds
[2025-04-05T03:33:59.810+0000] {processor.py:186} INFO - Started process (PID=1879) to work on /home/ubuntu/airflow/dags/zillowanalytics.py
[2025-04-05T03:33:59.812+0000] {processor.py:914} INFO - Processing file /home/ubuntu/airflow/dags/zillowanalytics.py for tasks to queue
[2025-04-05T03:33:59.813+0000] {logging_mixin.py:190} INFO - [2025-04-05T03:33:59.813+0000] {dagbag.py:588} INFO - Filling up the DagBag from /home/ubuntu/airflow/dags/zillowanalytics.py
[2025-04-05T03:33:59.821+0000] {logging_mixin.py:190} INFO - [2025-04-05T03:33:59.820+0000] {dagbag.py:387} ERROR - Failed to import: /home/ubuntu/airflow/dags/zillowanalytics.py
Traceback (most recent call last):
  File "/home/ubuntu/venv/lib/python3.12/site-packages/airflow/models/dagbag.py", line 383, in parse
    loader.exec_module(new_module)
  File "<frozen importlib._bootstrap_external>", line 995, in exec_module
  File "<frozen importlib._bootstrap>", line 488, in _call_with_frames_removed
  File "/home/ubuntu/airflow/dags/zillowanalytics.py", line 8, in <module>
    with open('/home/ubuntu/airflow/dags/config_api.json', 'r') as config_file:
         ^^^^^^^^^^^^^^^^^^^^^^^^^^^^^^^^^^^^^^^^^^^^^^^^^^^^^^
FileNotFoundError: [Errno 2] No such file or directory: '/home/ubuntu/airflow/dags/config_api.json'
[2025-04-05T03:33:59.821+0000] {processor.py:927} WARNING - No viable dags retrieved from /home/ubuntu/airflow/dags/zillowanalytics.py
[2025-04-05T03:33:59.842+0000] {processor.py:208} INFO - Processing /home/ubuntu/airflow/dags/zillowanalytics.py took 0.038 seconds
[2025-04-05T03:34:30.051+0000] {processor.py:186} INFO - Started process (PID=1992) to work on /home/ubuntu/airflow/dags/zillowanalytics.py
[2025-04-05T03:34:30.052+0000] {processor.py:914} INFO - Processing file /home/ubuntu/airflow/dags/zillowanalytics.py for tasks to queue
[2025-04-05T03:34:30.053+0000] {logging_mixin.py:190} INFO - [2025-04-05T03:34:30.053+0000] {dagbag.py:588} INFO - Filling up the DagBag from /home/ubuntu/airflow/dags/zillowanalytics.py
[2025-04-05T03:34:30.061+0000] {logging_mixin.py:190} INFO - [2025-04-05T03:34:30.059+0000] {dagbag.py:387} ERROR - Failed to import: /home/ubuntu/airflow/dags/zillowanalytics.py
Traceback (most recent call last):
  File "/home/ubuntu/venv/lib/python3.12/site-packages/airflow/models/dagbag.py", line 383, in parse
    loader.exec_module(new_module)
  File "<frozen importlib._bootstrap_external>", line 995, in exec_module
  File "<frozen importlib._bootstrap>", line 488, in _call_with_frames_removed
  File "/home/ubuntu/airflow/dags/zillowanalytics.py", line 8, in <module>
    with open('/home/ubuntu/airflow/dags/config_api.json', 'r') as config_file:
         ^^^^^^^^^^^^^^^^^^^^^^^^^^^^^^^^^^^^^^^^^^^^^^^^^^^^^^
FileNotFoundError: [Errno 2] No such file or directory: '/home/ubuntu/airflow/dags/config_api.json'
[2025-04-05T03:34:30.061+0000] {processor.py:927} WARNING - No viable dags retrieved from /home/ubuntu/airflow/dags/zillowanalytics.py
[2025-04-05T03:34:30.081+0000] {processor.py:208} INFO - Processing /home/ubuntu/airflow/dags/zillowanalytics.py took 0.036 seconds
[2025-04-05T03:35:00.291+0000] {processor.py:186} INFO - Started process (PID=1995) to work on /home/ubuntu/airflow/dags/zillowanalytics.py
[2025-04-05T03:35:00.292+0000] {processor.py:914} INFO - Processing file /home/ubuntu/airflow/dags/zillowanalytics.py for tasks to queue
[2025-04-05T03:35:00.294+0000] {logging_mixin.py:190} INFO - [2025-04-05T03:35:00.293+0000] {dagbag.py:588} INFO - Filling up the DagBag from /home/ubuntu/airflow/dags/zillowanalytics.py
[2025-04-05T03:35:00.301+0000] {logging_mixin.py:190} INFO - [2025-04-05T03:35:00.300+0000] {dagbag.py:387} ERROR - Failed to import: /home/ubuntu/airflow/dags/zillowanalytics.py
Traceback (most recent call last):
  File "/home/ubuntu/venv/lib/python3.12/site-packages/airflow/models/dagbag.py", line 383, in parse
    loader.exec_module(new_module)
  File "<frozen importlib._bootstrap_external>", line 995, in exec_module
  File "<frozen importlib._bootstrap>", line 488, in _call_with_frames_removed
  File "/home/ubuntu/airflow/dags/zillowanalytics.py", line 8, in <module>
    with open('/home/ubuntu/airflow/dags/config_api.json', 'r') as config_file:
         ^^^^^^^^^^^^^^^^^^^^^^^^^^^^^^^^^^^^^^^^^^^^^^^^^^^^^^
FileNotFoundError: [Errno 2] No such file or directory: '/home/ubuntu/airflow/dags/config_api.json'
[2025-04-05T03:35:00.302+0000] {processor.py:927} WARNING - No viable dags retrieved from /home/ubuntu/airflow/dags/zillowanalytics.py
[2025-04-05T03:35:00.322+0000] {processor.py:208} INFO - Processing /home/ubuntu/airflow/dags/zillowanalytics.py took 0.037 seconds
[2025-04-05T03:35:30.531+0000] {processor.py:186} INFO - Started process (PID=1999) to work on /home/ubuntu/airflow/dags/zillowanalytics.py
[2025-04-05T03:35:30.531+0000] {processor.py:914} INFO - Processing file /home/ubuntu/airflow/dags/zillowanalytics.py for tasks to queue
[2025-04-05T03:35:30.533+0000] {logging_mixin.py:190} INFO - [2025-04-05T03:35:30.533+0000] {dagbag.py:588} INFO - Filling up the DagBag from /home/ubuntu/airflow/dags/zillowanalytics.py
[2025-04-05T03:35:30.543+0000] {logging_mixin.py:190} INFO - [2025-04-05T03:35:30.540+0000] {dagbag.py:387} ERROR - Failed to import: /home/ubuntu/airflow/dags/zillowanalytics.py
Traceback (most recent call last):
  File "/home/ubuntu/venv/lib/python3.12/site-packages/airflow/models/dagbag.py", line 383, in parse
    loader.exec_module(new_module)
  File "<frozen importlib._bootstrap_external>", line 995, in exec_module
  File "<frozen importlib._bootstrap>", line 488, in _call_with_frames_removed
  File "/home/ubuntu/airflow/dags/zillowanalytics.py", line 9, in <module>
    api_host_key = json.load(config_file)
                  ^^^^^^^^^^^^^^^^^^^^^^
  File "/usr/lib/python3.12/json/__init__.py", line 293, in load
    return loads(fp.read(),
           ^^^^^^^^^^^^^^^^
  File "/usr/lib/python3.12/json/__init__.py", line 346, in loads
    return _default_decoder.decode(s)
           ^^^^^^^^^^^^^^^^^^^^^^^^^^
  File "/usr/lib/python3.12/json/decoder.py", line 337, in decode
    obj, end = self.raw_decode(s, idx=_w(s, 0).end())
               ^^^^^^^^^^^^^^^^^^^^^^^^^^^^^^^^^^^^^^
  File "/usr/lib/python3.12/json/decoder.py", line 353, in raw_decode
    obj, end = self.scan_once(s, idx)
               ^^^^^^^^^^^^^^^^^^^^^^
json.decoder.JSONDecodeError: Expecting property name enclosed in double quotes: line 2 column 5 (char 6)
[2025-04-05T03:35:30.543+0000] {processor.py:927} WARNING - No viable dags retrieved from /home/ubuntu/airflow/dags/zillowanalytics.py
[2025-04-05T03:35:30.564+0000] {processor.py:208} INFO - Processing /home/ubuntu/airflow/dags/zillowanalytics.py took 0.039 seconds
[2025-04-05T03:36:00.769+0000] {processor.py:186} INFO - Started process (PID=2000) to work on /home/ubuntu/airflow/dags/zillowanalytics.py
[2025-04-05T03:36:00.771+0000] {processor.py:914} INFO - Processing file /home/ubuntu/airflow/dags/zillowanalytics.py for tasks to queue
[2025-04-05T03:36:00.773+0000] {logging_mixin.py:190} INFO - [2025-04-05T03:36:00.772+0000] {dagbag.py:588} INFO - Filling up the DagBag from /home/ubuntu/airflow/dags/zillowanalytics.py
[2025-04-05T03:36:00.780+0000] {logging_mixin.py:190} INFO - [2025-04-05T03:36:00.779+0000] {dagbag.py:387} ERROR - Failed to import: /home/ubuntu/airflow/dags/zillowanalytics.py
Traceback (most recent call last):
  File "/home/ubuntu/venv/lib/python3.12/site-packages/airflow/models/dagbag.py", line 383, in parse
    loader.exec_module(new_module)
  File "<frozen importlib._bootstrap_external>", line 995, in exec_module
  File "<frozen importlib._bootstrap>", line 488, in _call_with_frames_removed
  File "/home/ubuntu/airflow/dags/zillowanalytics.py", line 9, in <module>
    api_host_key = json.load(config_file)
                  ^^^^^^^^^^^^^^^^^^^^^^
  File "/usr/lib/python3.12/json/__init__.py", line 293, in load
    return loads(fp.read(),
           ^^^^^^^^^^^^^^^^
  File "/usr/lib/python3.12/json/__init__.py", line 346, in loads
    return _default_decoder.decode(s)
           ^^^^^^^^^^^^^^^^^^^^^^^^^^
  File "/usr/lib/python3.12/json/decoder.py", line 337, in decode
    obj, end = self.raw_decode(s, idx=_w(s, 0).end())
               ^^^^^^^^^^^^^^^^^^^^^^^^^^^^^^^^^^^^^^
  File "/usr/lib/python3.12/json/decoder.py", line 353, in raw_decode
    obj, end = self.scan_once(s, idx)
               ^^^^^^^^^^^^^^^^^^^^^^
json.decoder.JSONDecodeError: Expecting property name enclosed in double quotes: line 2 column 5 (char 6)
[2025-04-05T03:36:00.781+0000] {processor.py:927} WARNING - No viable dags retrieved from /home/ubuntu/airflow/dags/zillowanalytics.py
[2025-04-05T03:36:00.802+0000] {processor.py:208} INFO - Processing /home/ubuntu/airflow/dags/zillowanalytics.py took 0.039 seconds
[2025-04-05T03:36:31.010+0000] {processor.py:186} INFO - Started process (PID=2001) to work on /home/ubuntu/airflow/dags/zillowanalytics.py
[2025-04-05T03:36:31.012+0000] {processor.py:914} INFO - Processing file /home/ubuntu/airflow/dags/zillowanalytics.py for tasks to queue
[2025-04-05T03:36:31.013+0000] {logging_mixin.py:190} INFO - [2025-04-05T03:36:31.013+0000] {dagbag.py:588} INFO - Filling up the DagBag from /home/ubuntu/airflow/dags/zillowanalytics.py
[2025-04-05T03:36:31.020+0000] {logging_mixin.py:190} INFO - [2025-04-05T03:36:31.019+0000] {dagbag.py:387} ERROR - Failed to import: /home/ubuntu/airflow/dags/zillowanalytics.py
Traceback (most recent call last):
  File "/home/ubuntu/venv/lib/python3.12/site-packages/airflow/models/dagbag.py", line 383, in parse
    loader.exec_module(new_module)
  File "<frozen importlib._bootstrap_external>", line 995, in exec_module
  File "<frozen importlib._bootstrap>", line 488, in _call_with_frames_removed
  File "/home/ubuntu/airflow/dags/zillowanalytics.py", line 9, in <module>
    api_host_key = json.load(config_file)
                  ^^^^^^^^^^^^^^^^^^^^^^
  File "/usr/lib/python3.12/json/__init__.py", line 293, in load
    return loads(fp.read(),
           ^^^^^^^^^^^^^^^^
  File "/usr/lib/python3.12/json/__init__.py", line 346, in loads
    return _default_decoder.decode(s)
           ^^^^^^^^^^^^^^^^^^^^^^^^^^
  File "/usr/lib/python3.12/json/decoder.py", line 337, in decode
    obj, end = self.raw_decode(s, idx=_w(s, 0).end())
               ^^^^^^^^^^^^^^^^^^^^^^^^^^^^^^^^^^^^^^
  File "/usr/lib/python3.12/json/decoder.py", line 353, in raw_decode
    obj, end = self.scan_once(s, idx)
               ^^^^^^^^^^^^^^^^^^^^^^
json.decoder.JSONDecodeError: Expecting property name enclosed in double quotes: line 2 column 5 (char 6)
[2025-04-05T03:36:31.021+0000] {processor.py:927} WARNING - No viable dags retrieved from /home/ubuntu/airflow/dags/zillowanalytics.py
[2025-04-05T03:36:31.042+0000] {processor.py:208} INFO - Processing /home/ubuntu/airflow/dags/zillowanalytics.py took 0.038 seconds
[2025-04-05T03:37:01.247+0000] {processor.py:186} INFO - Started process (PID=2003) to work on /home/ubuntu/airflow/dags/zillowanalytics.py
[2025-04-05T03:37:01.247+0000] {processor.py:914} INFO - Processing file /home/ubuntu/airflow/dags/zillowanalytics.py for tasks to queue
[2025-04-05T03:37:01.249+0000] {logging_mixin.py:190} INFO - [2025-04-05T03:37:01.249+0000] {dagbag.py:588} INFO - Filling up the DagBag from /home/ubuntu/airflow/dags/zillowanalytics.py
[2025-04-05T03:37:01.257+0000] {logging_mixin.py:190} INFO - [2025-04-05T03:37:01.256+0000] {dagbag.py:387} ERROR - Failed to import: /home/ubuntu/airflow/dags/zillowanalytics.py
Traceback (most recent call last):
  File "/home/ubuntu/venv/lib/python3.12/site-packages/airflow/models/dagbag.py", line 383, in parse
    loader.exec_module(new_module)
  File "<frozen importlib._bootstrap_external>", line 995, in exec_module
  File "<frozen importlib._bootstrap>", line 488, in _call_with_frames_removed
  File "/home/ubuntu/airflow/dags/zillowanalytics.py", line 9, in <module>
    api_host_key = json.load(config_file)
                  ^^^^^^^^^^^^^^^^^^^^^^
  File "/usr/lib/python3.12/json/__init__.py", line 293, in load
    return loads(fp.read(),
           ^^^^^^^^^^^^^^^^
  File "/usr/lib/python3.12/json/__init__.py", line 346, in loads
    return _default_decoder.decode(s)
           ^^^^^^^^^^^^^^^^^^^^^^^^^^
  File "/usr/lib/python3.12/json/decoder.py", line 337, in decode
    obj, end = self.raw_decode(s, idx=_w(s, 0).end())
               ^^^^^^^^^^^^^^^^^^^^^^^^^^^^^^^^^^^^^^
  File "/usr/lib/python3.12/json/decoder.py", line 353, in raw_decode
    obj, end = self.scan_once(s, idx)
               ^^^^^^^^^^^^^^^^^^^^^^
json.decoder.JSONDecodeError: Expecting property name enclosed in double quotes: line 2 column 5 (char 6)
[2025-04-05T03:37:01.257+0000] {processor.py:927} WARNING - No viable dags retrieved from /home/ubuntu/airflow/dags/zillowanalytics.py
[2025-04-05T03:37:01.280+0000] {processor.py:208} INFO - Processing /home/ubuntu/airflow/dags/zillowanalytics.py took 0.039 seconds
[2025-04-05T03:37:31.485+0000] {processor.py:186} INFO - Started process (PID=2004) to work on /home/ubuntu/airflow/dags/zillowanalytics.py
[2025-04-05T03:37:31.487+0000] {processor.py:914} INFO - Processing file /home/ubuntu/airflow/dags/zillowanalytics.py for tasks to queue
[2025-04-05T03:37:31.489+0000] {logging_mixin.py:190} INFO - [2025-04-05T03:37:31.489+0000] {dagbag.py:588} INFO - Filling up the DagBag from /home/ubuntu/airflow/dags/zillowanalytics.py
[2025-04-05T03:37:31.497+0000] {logging_mixin.py:190} INFO - [2025-04-05T03:37:31.495+0000] {dagbag.py:387} ERROR - Failed to import: /home/ubuntu/airflow/dags/zillowanalytics.py
Traceback (most recent call last):
  File "/home/ubuntu/venv/lib/python3.12/site-packages/airflow/models/dagbag.py", line 383, in parse
    loader.exec_module(new_module)
  File "<frozen importlib._bootstrap_external>", line 995, in exec_module
  File "<frozen importlib._bootstrap>", line 488, in _call_with_frames_removed
  File "/home/ubuntu/airflow/dags/zillowanalytics.py", line 9, in <module>
    api_host_key = json.load(config_file)
                  ^^^^^^^^^^^^^^^^^^^^^^
  File "/usr/lib/python3.12/json/__init__.py", line 293, in load
    return loads(fp.read(),
           ^^^^^^^^^^^^^^^^
  File "/usr/lib/python3.12/json/__init__.py", line 346, in loads
    return _default_decoder.decode(s)
           ^^^^^^^^^^^^^^^^^^^^^^^^^^
  File "/usr/lib/python3.12/json/decoder.py", line 337, in decode
    obj, end = self.raw_decode(s, idx=_w(s, 0).end())
               ^^^^^^^^^^^^^^^^^^^^^^^^^^^^^^^^^^^^^^
  File "/usr/lib/python3.12/json/decoder.py", line 353, in raw_decode
    obj, end = self.scan_once(s, idx)
               ^^^^^^^^^^^^^^^^^^^^^^
json.decoder.JSONDecodeError: Expecting property name enclosed in double quotes: line 2 column 5 (char 6)
[2025-04-05T03:37:31.497+0000] {processor.py:927} WARNING - No viable dags retrieved from /home/ubuntu/airflow/dags/zillowanalytics.py
[2025-04-05T03:37:31.516+0000] {processor.py:208} INFO - Processing /home/ubuntu/airflow/dags/zillowanalytics.py took 0.037 seconds
[2025-04-05T03:38:01.724+0000] {processor.py:186} INFO - Started process (PID=2006) to work on /home/ubuntu/airflow/dags/zillowanalytics.py
[2025-04-05T03:38:01.724+0000] {processor.py:914} INFO - Processing file /home/ubuntu/airflow/dags/zillowanalytics.py for tasks to queue
[2025-04-05T03:38:01.727+0000] {logging_mixin.py:190} INFO - [2025-04-05T03:38:01.726+0000] {dagbag.py:588} INFO - Filling up the DagBag from /home/ubuntu/airflow/dags/zillowanalytics.py
[2025-04-05T03:38:01.742+0000] {logging_mixin.py:190} INFO - [2025-04-05T03:38:01.737+0000] {dagbag.py:387} ERROR - Failed to import: /home/ubuntu/airflow/dags/zillowanalytics.py
Traceback (most recent call last):
  File "/home/ubuntu/venv/lib/python3.12/site-packages/airflow/models/dagbag.py", line 383, in parse
    loader.exec_module(new_module)
  File "<frozen importlib._bootstrap_external>", line 995, in exec_module
  File "<frozen importlib._bootstrap>", line 488, in _call_with_frames_removed
  File "/home/ubuntu/airflow/dags/zillowanalytics.py", line 54, in <module>
    extract_zillow_data = PythonOperator(
                          ^^^^^^^^^^^^^^^
  File "/home/ubuntu/venv/lib/python3.12/site-packages/airflow/models/baseoperator.py", line 508, in apply_defaults
    result = func(self, **kwargs, default_args=default_args)
             ^^^^^^^^^^^^^^^^^^^^^^^^^^^^^^^^^^^^^^^^^^^^^^^
  File "/home/ubuntu/venv/lib/python3.12/site-packages/airflow/operators/python.py", line 222, in __init__
    super().__init__(**kwargs)
  File "/home/ubuntu/venv/lib/python3.12/site-packages/airflow/models/baseoperator.py", line 508, in apply_defaults
    result = func(self, **kwargs, default_args=default_args)
             ^^^^^^^^^^^^^^^^^^^^^^^^^^^^^^^^^^^^^^^^^^^^^^^
  File "/home/ubuntu/venv/lib/python3.12/site-packages/airflow/models/baseoperator.py", line 1142, in __init__
    validate_instance_args(self, BASEOPERATOR_ARGS_EXPECTED_TYPES)
  File "/home/ubuntu/venv/lib/python3.12/site-packages/airflow/utils/helpers.py", line 68, in validate_instance_args
    raise TypeError(
TypeError: 'email_on_retry' has an invalid type <class 'str'> with value hudaagista@gmail.com, expected type is <class 'bool'>
[2025-04-05T03:38:01.743+0000] {processor.py:927} WARNING - No viable dags retrieved from /home/ubuntu/airflow/dags/zillowanalytics.py
[2025-04-05T03:38:01.762+0000] {processor.py:208} INFO - Processing /home/ubuntu/airflow/dags/zillowanalytics.py took 0.044 seconds
[2025-04-05T03:38:25.895+0000] {processor.py:186} INFO - Started process (PID=2009) to work on /home/ubuntu/airflow/dags/zillowanalytics.py
[2025-04-05T03:38:25.897+0000] {processor.py:914} INFO - Processing file /home/ubuntu/airflow/dags/zillowanalytics.py for tasks to queue
[2025-04-05T03:38:25.899+0000] {logging_mixin.py:190} INFO - [2025-04-05T03:38:25.898+0000] {dagbag.py:588} INFO - Filling up the DagBag from /home/ubuntu/airflow/dags/zillowanalytics.py
[2025-04-05T03:38:25.910+0000] {logging_mixin.py:190} INFO - [2025-04-05T03:38:25.909+0000] {dagbag.py:387} ERROR - Failed to import: /home/ubuntu/airflow/dags/zillowanalytics.py
Traceback (most recent call last):
  File "/home/ubuntu/venv/lib/python3.12/site-packages/airflow/models/dagbag.py", line 383, in parse
    loader.exec_module(new_module)
  File "<frozen importlib._bootstrap_external>", line 995, in exec_module
  File "<frozen importlib._bootstrap>", line 488, in _call_with_frames_removed
  File "/home/ubuntu/airflow/dags/zillowanalytics.py", line 54, in <module>
    extract_zillow_data = PythonOperator(
                          ^^^^^^^^^^^^^^^
  File "/home/ubuntu/venv/lib/python3.12/site-packages/airflow/models/baseoperator.py", line 508, in apply_defaults
    result = func(self, **kwargs, default_args=default_args)
             ^^^^^^^^^^^^^^^^^^^^^^^^^^^^^^^^^^^^^^^^^^^^^^^
  File "/home/ubuntu/venv/lib/python3.12/site-packages/airflow/operators/python.py", line 222, in __init__
    super().__init__(**kwargs)
  File "/home/ubuntu/venv/lib/python3.12/site-packages/airflow/models/baseoperator.py", line 508, in apply_defaults
    result = func(self, **kwargs, default_args=default_args)
             ^^^^^^^^^^^^^^^^^^^^^^^^^^^^^^^^^^^^^^^^^^^^^^^
  File "/home/ubuntu/venv/lib/python3.12/site-packages/airflow/models/baseoperator.py", line 1142, in __init__
    validate_instance_args(self, BASEOPERATOR_ARGS_EXPECTED_TYPES)
  File "/home/ubuntu/venv/lib/python3.12/site-packages/airflow/utils/helpers.py", line 68, in validate_instance_args
    raise TypeError(
TypeError: 'email_on_retry' has an invalid type <class 'str'> with value hudaagista@gmail.com, expected type is <class 'bool'>
[2025-04-05T03:38:25.911+0000] {processor.py:927} WARNING - No viable dags retrieved from /home/ubuntu/airflow/dags/zillowanalytics.py
[2025-04-05T03:38:25.932+0000] {processor.py:208} INFO - Processing /home/ubuntu/airflow/dags/zillowanalytics.py took 0.042 seconds
[2025-04-05T03:38:52.122+0000] {processor.py:186} INFO - Started process (PID=2010) to work on /home/ubuntu/airflow/dags/zillowanalytics.py
[2025-04-05T03:38:52.123+0000] {processor.py:914} INFO - Processing file /home/ubuntu/airflow/dags/zillowanalytics.py for tasks to queue
[2025-04-05T03:38:52.124+0000] {logging_mixin.py:190} INFO - [2025-04-05T03:38:52.124+0000] {dagbag.py:588} INFO - Filling up the DagBag from /home/ubuntu/airflow/dags/zillowanalytics.py
[2025-04-05T03:38:52.136+0000] {logging_mixin.py:190} INFO - [2025-04-05T03:38:52.135+0000] {dagbag.py:387} ERROR - Failed to import: /home/ubuntu/airflow/dags/zillowanalytics.py
Traceback (most recent call last):
  File "/home/ubuntu/venv/lib/python3.12/site-packages/airflow/models/dagbag.py", line 383, in parse
    loader.exec_module(new_module)
  File "<frozen importlib._bootstrap_external>", line 995, in exec_module
  File "<frozen importlib._bootstrap>", line 488, in _call_with_frames_removed
  File "/home/ubuntu/airflow/dags/zillowanalytics.py", line 54, in <module>
    extract_zillow_data = PythonOperator(
                          ^^^^^^^^^^^^^^^
  File "/home/ubuntu/venv/lib/python3.12/site-packages/airflow/models/baseoperator.py", line 508, in apply_defaults
    result = func(self, **kwargs, default_args=default_args)
             ^^^^^^^^^^^^^^^^^^^^^^^^^^^^^^^^^^^^^^^^^^^^^^^
  File "/home/ubuntu/venv/lib/python3.12/site-packages/airflow/operators/python.py", line 222, in __init__
    super().__init__(**kwargs)
  File "/home/ubuntu/venv/lib/python3.12/site-packages/airflow/models/baseoperator.py", line 508, in apply_defaults
    result = func(self, **kwargs, default_args=default_args)
             ^^^^^^^^^^^^^^^^^^^^^^^^^^^^^^^^^^^^^^^^^^^^^^^
  File "/home/ubuntu/venv/lib/python3.12/site-packages/airflow/models/baseoperator.py", line 1142, in __init__
    validate_instance_args(self, BASEOPERATOR_ARGS_EXPECTED_TYPES)
  File "/home/ubuntu/venv/lib/python3.12/site-packages/airflow/utils/helpers.py", line 68, in validate_instance_args
    raise TypeError(
TypeError: 'email_on_failure' has an invalid type <class 'str'> with value hudaagista@gmail.com, expected type is <class 'bool'>
[2025-04-05T03:38:52.137+0000] {processor.py:927} WARNING - No viable dags retrieved from /home/ubuntu/airflow/dags/zillowanalytics.py
[2025-04-05T03:38:52.157+0000] {processor.py:208} INFO - Processing /home/ubuntu/airflow/dags/zillowanalytics.py took 0.041 seconds
[2025-04-05T03:39:08.273+0000] {processor.py:186} INFO - Started process (PID=2012) to work on /home/ubuntu/airflow/dags/zillowanalytics.py
[2025-04-05T03:39:08.275+0000] {processor.py:914} INFO - Processing file /home/ubuntu/airflow/dags/zillowanalytics.py for tasks to queue
[2025-04-05T03:39:08.277+0000] {logging_mixin.py:190} INFO - [2025-04-05T03:39:08.277+0000] {dagbag.py:588} INFO - Filling up the DagBag from /home/ubuntu/airflow/dags/zillowanalytics.py
[2025-04-05T03:39:08.292+0000] {processor.py:925} INFO - DAG(s) 'zillow_analytics' retrieved from /home/ubuntu/airflow/dags/zillowanalytics.py
[2025-04-05T03:39:08.506+0000] {logging_mixin.py:190} INFO - [2025-04-05T03:39:08.505+0000] {override.py:1930} INFO - Created Permission View: can read on DAG:zillow_analytics
[2025-04-05T03:39:08.520+0000] {logging_mixin.py:190} INFO - [2025-04-05T03:39:08.519+0000] {override.py:1930} INFO - Created Permission View: can delete on DAG:zillow_analytics
[2025-04-05T03:39:08.531+0000] {logging_mixin.py:190} INFO - [2025-04-05T03:39:08.531+0000] {override.py:1930} INFO - Created Permission View: can edit on DAG:zillow_analytics
[2025-04-05T03:39:08.550+0000] {logging_mixin.py:190} INFO - [2025-04-05T03:39:08.549+0000] {override.py:1930} INFO - Created Permission View: can read on DAG Run:zillow_analytics
[2025-04-05T03:39:08.560+0000] {logging_mixin.py:190} INFO - [2025-04-05T03:39:08.560+0000] {override.py:1930} INFO - Created Permission View: can delete on DAG Run:zillow_analytics
[2025-04-05T03:39:08.571+0000] {logging_mixin.py:190} INFO - [2025-04-05T03:39:08.571+0000] {override.py:1930} INFO - Created Permission View: menu access on DAG Run:zillow_analytics
[2025-04-05T03:39:08.582+0000] {logging_mixin.py:190} INFO - [2025-04-05T03:39:08.581+0000] {override.py:1930} INFO - Created Permission View: can create on DAG Run:zillow_analytics
[2025-04-05T03:39:08.582+0000] {logging_mixin.py:190} INFO - [2025-04-05T03:39:08.582+0000] {dag.py:3239} INFO - Sync 1 DAGs
[2025-04-05T03:39:08.593+0000] {logging_mixin.py:190} INFO - [2025-04-05T03:39:08.592+0000] {dag.py:3262} INFO - Creating ORM DAG for zillow_analytics
[2025-04-05T03:39:08.602+0000] {logging_mixin.py:190} INFO - [2025-04-05T03:39:08.601+0000] {dag.py:4180} INFO - Setting next_dagrun for zillow_analytics to 2025-04-05 00:00:00+00:00, run_after=2025-04-06 00:00:00+00:00
[2025-04-05T03:39:08.627+0000] {processor.py:208} INFO - Processing /home/ubuntu/airflow/dags/zillowanalytics.py took 0.359 seconds
[2025-04-05T03:39:39.118+0000] {processor.py:186} INFO - Started process (PID=2017) to work on /home/ubuntu/airflow/dags/zillowanalytics.py
[2025-04-05T03:39:39.119+0000] {processor.py:914} INFO - Processing file /home/ubuntu/airflow/dags/zillowanalytics.py for tasks to queue
[2025-04-05T03:39:39.121+0000] {logging_mixin.py:190} INFO - [2025-04-05T03:39:39.121+0000] {dagbag.py:588} INFO - Filling up the DagBag from /home/ubuntu/airflow/dags/zillowanalytics.py
[2025-04-05T03:39:39.134+0000] {processor.py:925} INFO - DAG(s) 'zillow_analytics' retrieved from /home/ubuntu/airflow/dags/zillowanalytics.py
[2025-04-05T03:39:39.337+0000] {logging_mixin.py:190} INFO - [2025-04-05T03:39:39.337+0000] {dag.py:3239} INFO - Sync 1 DAGs
[2025-04-05T03:39:39.354+0000] {logging_mixin.py:190} INFO - [2025-04-05T03:39:39.353+0000] {dag.py:4180} INFO - Setting next_dagrun for zillow_analytics to 2025-04-05 00:00:00+00:00, run_after=2025-04-06 00:00:00+00:00
[2025-04-05T03:39:39.374+0000] {processor.py:208} INFO - Processing /home/ubuntu/airflow/dags/zillowanalytics.py took 0.261 seconds
[2025-04-05T03:40:10.388+0000] {processor.py:186} INFO - Started process (PID=2024) to work on /home/ubuntu/airflow/dags/zillowanalytics.py
[2025-04-05T03:40:10.390+0000] {processor.py:914} INFO - Processing file /home/ubuntu/airflow/dags/zillowanalytics.py for tasks to queue
[2025-04-05T03:40:10.392+0000] {logging_mixin.py:190} INFO - [2025-04-05T03:40:10.391+0000] {dagbag.py:588} INFO - Filling up the DagBag from /home/ubuntu/airflow/dags/zillowanalytics.py
[2025-04-05T03:40:10.406+0000] {processor.py:925} INFO - DAG(s) 'zillow_analytics' retrieved from /home/ubuntu/airflow/dags/zillowanalytics.py
[2025-04-05T03:40:10.497+0000] {logging_mixin.py:190} INFO - [2025-04-05T03:40:10.497+0000] {dag.py:3239} INFO - Sync 1 DAGs
[2025-04-05T03:40:10.618+0000] {logging_mixin.py:190} INFO - [2025-04-05T03:40:10.618+0000] {dag.py:4180} INFO - Setting next_dagrun for zillow_analytics to 2025-04-05 00:00:00+00:00, run_after=2025-04-06 00:00:00+00:00
[2025-04-05T03:40:10.638+0000] {processor.py:208} INFO - Processing /home/ubuntu/airflow/dags/zillowanalytics.py took 0.256 seconds
[2025-04-05T03:40:41.654+0000] {processor.py:186} INFO - Started process (PID=2025) to work on /home/ubuntu/airflow/dags/zillowanalytics.py
[2025-04-05T03:40:41.656+0000] {processor.py:914} INFO - Processing file /home/ubuntu/airflow/dags/zillowanalytics.py for tasks to queue
[2025-04-05T03:40:41.658+0000] {logging_mixin.py:190} INFO - [2025-04-05T03:40:41.657+0000] {dagbag.py:588} INFO - Filling up the DagBag from /home/ubuntu/airflow/dags/zillowanalytics.py
[2025-04-05T03:40:41.672+0000] {processor.py:925} INFO - DAG(s) 'zillow_analytics' retrieved from /home/ubuntu/airflow/dags/zillowanalytics.py
[2025-04-05T03:40:41.875+0000] {logging_mixin.py:190} INFO - [2025-04-05T03:40:41.874+0000] {dag.py:3239} INFO - Sync 1 DAGs
[2025-04-05T03:40:41.890+0000] {logging_mixin.py:190} INFO - [2025-04-05T03:40:41.890+0000] {dag.py:4180} INFO - Setting next_dagrun for zillow_analytics to 2025-04-05 00:00:00+00:00, run_after=2025-04-06 00:00:00+00:00
[2025-04-05T03:40:41.911+0000] {processor.py:208} INFO - Processing /home/ubuntu/airflow/dags/zillowanalytics.py took 0.262 seconds
[2025-04-05T03:41:12.328+0000] {processor.py:186} INFO - Started process (PID=2026) to work on /home/ubuntu/airflow/dags/zillowanalytics.py
[2025-04-05T03:41:12.329+0000] {processor.py:914} INFO - Processing file /home/ubuntu/airflow/dags/zillowanalytics.py for tasks to queue
[2025-04-05T03:41:12.330+0000] {logging_mixin.py:190} INFO - [2025-04-05T03:41:12.330+0000] {dagbag.py:588} INFO - Filling up the DagBag from /home/ubuntu/airflow/dags/zillowanalytics.py
[2025-04-05T03:41:12.345+0000] {processor.py:925} INFO - DAG(s) 'zillow_analytics' retrieved from /home/ubuntu/airflow/dags/zillowanalytics.py
[2025-04-05T03:41:12.543+0000] {logging_mixin.py:190} INFO - [2025-04-05T03:41:12.543+0000] {dag.py:3239} INFO - Sync 1 DAGs
[2025-04-05T03:41:12.557+0000] {logging_mixin.py:190} INFO - [2025-04-05T03:41:12.557+0000] {dag.py:4180} INFO - Setting next_dagrun for zillow_analytics to 2025-04-05 00:00:00+00:00, run_after=2025-04-06 00:00:00+00:00
[2025-04-05T03:41:12.576+0000] {processor.py:208} INFO - Processing /home/ubuntu/airflow/dags/zillowanalytics.py took 0.254 seconds
[2025-04-05T03:41:42.724+0000] {processor.py:186} INFO - Started process (PID=2027) to work on /home/ubuntu/airflow/dags/zillowanalytics.py
[2025-04-05T03:41:42.726+0000] {processor.py:914} INFO - Processing file /home/ubuntu/airflow/dags/zillowanalytics.py for tasks to queue
[2025-04-05T03:41:42.727+0000] {logging_mixin.py:190} INFO - [2025-04-05T03:41:42.727+0000] {dagbag.py:588} INFO - Filling up the DagBag from /home/ubuntu/airflow/dags/zillowanalytics.py
[2025-04-05T03:41:42.740+0000] {processor.py:925} INFO - DAG(s) 'zillow_analytics' retrieved from /home/ubuntu/airflow/dags/zillowanalytics.py
[2025-04-05T03:41:42.941+0000] {logging_mixin.py:190} INFO - [2025-04-05T03:41:42.941+0000] {dag.py:3239} INFO - Sync 1 DAGs
[2025-04-05T03:41:42.955+0000] {logging_mixin.py:190} INFO - [2025-04-05T03:41:42.955+0000] {dag.py:4180} INFO - Setting next_dagrun for zillow_analytics to 2025-04-05 00:00:00+00:00, run_after=2025-04-06 00:00:00+00:00
[2025-04-05T03:41:42.974+0000] {processor.py:208} INFO - Processing /home/ubuntu/airflow/dags/zillowanalytics.py took 0.256 seconds
[2025-04-05T03:42:13.129+0000] {processor.py:186} INFO - Started process (PID=2028) to work on /home/ubuntu/airflow/dags/zillowanalytics.py
[2025-04-05T03:42:13.130+0000] {processor.py:914} INFO - Processing file /home/ubuntu/airflow/dags/zillowanalytics.py for tasks to queue
[2025-04-05T03:42:13.132+0000] {logging_mixin.py:190} INFO - [2025-04-05T03:42:13.132+0000] {dagbag.py:588} INFO - Filling up the DagBag from /home/ubuntu/airflow/dags/zillowanalytics.py
[2025-04-05T03:42:13.146+0000] {processor.py:925} INFO - DAG(s) 'zillow_analytics' retrieved from /home/ubuntu/airflow/dags/zillowanalytics.py
[2025-04-05T03:42:13.340+0000] {logging_mixin.py:190} INFO - [2025-04-05T03:42:13.339+0000] {dag.py:3239} INFO - Sync 1 DAGs
[2025-04-05T03:42:13.354+0000] {logging_mixin.py:190} INFO - [2025-04-05T03:42:13.354+0000] {dag.py:4180} INFO - Setting next_dagrun for zillow_analytics to 2025-04-05 00:00:00+00:00, run_after=2025-04-06 00:00:00+00:00
[2025-04-05T03:42:13.375+0000] {processor.py:208} INFO - Processing /home/ubuntu/airflow/dags/zillowanalytics.py took 0.251 seconds
[2025-04-05T03:42:43.537+0000] {processor.py:186} INFO - Started process (PID=2030) to work on /home/ubuntu/airflow/dags/zillowanalytics.py
[2025-04-05T03:42:43.538+0000] {processor.py:914} INFO - Processing file /home/ubuntu/airflow/dags/zillowanalytics.py for tasks to queue
[2025-04-05T03:42:43.540+0000] {logging_mixin.py:190} INFO - [2025-04-05T03:42:43.540+0000] {dagbag.py:588} INFO - Filling up the DagBag from /home/ubuntu/airflow/dags/zillowanalytics.py
[2025-04-05T03:42:43.554+0000] {processor.py:925} INFO - DAG(s) 'zillow_analytics' retrieved from /home/ubuntu/airflow/dags/zillowanalytics.py
[2025-04-05T03:42:43.750+0000] {logging_mixin.py:190} INFO - [2025-04-05T03:42:43.749+0000] {dag.py:3239} INFO - Sync 1 DAGs
[2025-04-05T03:42:43.765+0000] {logging_mixin.py:190} INFO - [2025-04-05T03:42:43.765+0000] {dag.py:4180} INFO - Setting next_dagrun for zillow_analytics to 2025-04-05 00:00:00+00:00, run_after=2025-04-06 00:00:00+00:00
[2025-04-05T03:42:43.788+0000] {processor.py:208} INFO - Processing /home/ubuntu/airflow/dags/zillowanalytics.py took 0.257 seconds
[2025-04-05T03:43:13.946+0000] {processor.py:186} INFO - Started process (PID=2033) to work on /home/ubuntu/airflow/dags/zillowanalytics.py
[2025-04-05T03:43:13.947+0000] {processor.py:914} INFO - Processing file /home/ubuntu/airflow/dags/zillowanalytics.py for tasks to queue
[2025-04-05T03:43:13.948+0000] {logging_mixin.py:190} INFO - [2025-04-05T03:43:13.948+0000] {dagbag.py:588} INFO - Filling up the DagBag from /home/ubuntu/airflow/dags/zillowanalytics.py
[2025-04-05T03:43:13.963+0000] {processor.py:925} INFO - DAG(s) 'zillow_analytics' retrieved from /home/ubuntu/airflow/dags/zillowanalytics.py
[2025-04-05T03:43:14.156+0000] {logging_mixin.py:190} INFO - [2025-04-05T03:43:14.156+0000] {dag.py:3239} INFO - Sync 1 DAGs
[2025-04-05T03:43:14.173+0000] {logging_mixin.py:190} INFO - [2025-04-05T03:43:14.172+0000] {dag.py:4180} INFO - Setting next_dagrun for zillow_analytics to 2025-04-05 00:00:00+00:00, run_after=2025-04-06 00:00:00+00:00
[2025-04-05T03:43:14.195+0000] {processor.py:208} INFO - Processing /home/ubuntu/airflow/dags/zillowanalytics.py took 0.255 seconds
[2025-04-05T03:43:44.349+0000] {processor.py:186} INFO - Started process (PID=2034) to work on /home/ubuntu/airflow/dags/zillowanalytics.py
[2025-04-05T03:43:44.350+0000] {processor.py:914} INFO - Processing file /home/ubuntu/airflow/dags/zillowanalytics.py for tasks to queue
[2025-04-05T03:43:44.352+0000] {logging_mixin.py:190} INFO - [2025-04-05T03:43:44.352+0000] {dagbag.py:588} INFO - Filling up the DagBag from /home/ubuntu/airflow/dags/zillowanalytics.py
[2025-04-05T03:43:44.365+0000] {processor.py:925} INFO - DAG(s) 'zillow_analytics' retrieved from /home/ubuntu/airflow/dags/zillowanalytics.py
[2025-04-05T03:43:44.560+0000] {logging_mixin.py:190} INFO - [2025-04-05T03:43:44.560+0000] {dag.py:3239} INFO - Sync 1 DAGs
[2025-04-05T03:43:44.576+0000] {logging_mixin.py:190} INFO - [2025-04-05T03:43:44.576+0000] {dag.py:4180} INFO - Setting next_dagrun for zillow_analytics to 2025-04-05 00:00:00+00:00, run_after=2025-04-06 00:00:00+00:00
[2025-04-05T03:43:44.599+0000] {processor.py:208} INFO - Processing /home/ubuntu/airflow/dags/zillowanalytics.py took 0.256 seconds
[2025-04-05T03:44:14.756+0000] {processor.py:186} INFO - Started process (PID=2035) to work on /home/ubuntu/airflow/dags/zillowanalytics.py
[2025-04-05T03:44:14.757+0000] {processor.py:914} INFO - Processing file /home/ubuntu/airflow/dags/zillowanalytics.py for tasks to queue
[2025-04-05T03:44:14.760+0000] {logging_mixin.py:190} INFO - [2025-04-05T03:44:14.759+0000] {dagbag.py:588} INFO - Filling up the DagBag from /home/ubuntu/airflow/dags/zillowanalytics.py
[2025-04-05T03:44:14.774+0000] {processor.py:925} INFO - DAG(s) 'zillow_analytics' retrieved from /home/ubuntu/airflow/dags/zillowanalytics.py
[2025-04-05T03:44:14.975+0000] {logging_mixin.py:190} INFO - [2025-04-05T03:44:14.975+0000] {dag.py:3239} INFO - Sync 1 DAGs
[2025-04-05T03:44:14.990+0000] {logging_mixin.py:190} INFO - [2025-04-05T03:44:14.990+0000] {dag.py:4180} INFO - Setting next_dagrun for zillow_analytics to 2025-04-05 00:00:00+00:00, run_after=2025-04-06 00:00:00+00:00
[2025-04-05T03:44:15.010+0000] {processor.py:208} INFO - Processing /home/ubuntu/airflow/dags/zillowanalytics.py took 0.259 seconds
[2025-04-05T03:44:45.166+0000] {processor.py:186} INFO - Started process (PID=2036) to work on /home/ubuntu/airflow/dags/zillowanalytics.py
[2025-04-05T03:44:45.168+0000] {processor.py:914} INFO - Processing file /home/ubuntu/airflow/dags/zillowanalytics.py for tasks to queue
[2025-04-05T03:44:45.170+0000] {logging_mixin.py:190} INFO - [2025-04-05T03:44:45.169+0000] {dagbag.py:588} INFO - Filling up the DagBag from /home/ubuntu/airflow/dags/zillowanalytics.py
[2025-04-05T03:44:45.183+0000] {processor.py:925} INFO - DAG(s) 'zillow_analytics' retrieved from /home/ubuntu/airflow/dags/zillowanalytics.py
[2025-04-05T03:44:45.383+0000] {logging_mixin.py:190} INFO - [2025-04-05T03:44:45.383+0000] {dag.py:3239} INFO - Sync 1 DAGs
[2025-04-05T03:44:45.399+0000] {logging_mixin.py:190} INFO - [2025-04-05T03:44:45.398+0000] {dag.py:4180} INFO - Setting next_dagrun for zillow_analytics to 2025-04-05 00:00:00+00:00, run_after=2025-04-06 00:00:00+00:00
[2025-04-05T03:44:45.418+0000] {processor.py:208} INFO - Processing /home/ubuntu/airflow/dags/zillowanalytics.py took 0.257 seconds
[2025-04-05T03:45:15.590+0000] {processor.py:186} INFO - Started process (PID=2041) to work on /home/ubuntu/airflow/dags/zillowanalytics.py
[2025-04-05T03:45:15.592+0000] {processor.py:914} INFO - Processing file /home/ubuntu/airflow/dags/zillowanalytics.py for tasks to queue
[2025-04-05T03:45:15.594+0000] {logging_mixin.py:190} INFO - [2025-04-05T03:45:15.593+0000] {dagbag.py:588} INFO - Filling up the DagBag from /home/ubuntu/airflow/dags/zillowanalytics.py
[2025-04-05T03:45:15.607+0000] {processor.py:925} INFO - DAG(s) 'zillow_analytics' retrieved from /home/ubuntu/airflow/dags/zillowanalytics.py
[2025-04-05T03:45:15.800+0000] {logging_mixin.py:190} INFO - [2025-04-05T03:45:15.800+0000] {dag.py:3239} INFO - Sync 1 DAGs
[2025-04-05T03:45:15.818+0000] {logging_mixin.py:190} INFO - [2025-04-05T03:45:15.817+0000] {dag.py:4180} INFO - Setting next_dagrun for zillow_analytics to 2025-04-05 00:00:00+00:00, run_after=2025-04-06 00:00:00+00:00
[2025-04-05T03:45:15.836+0000] {processor.py:208} INFO - Processing /home/ubuntu/airflow/dags/zillowanalytics.py took 0.251 seconds
[2025-04-05T03:45:45.999+0000] {processor.py:186} INFO - Started process (PID=2042) to work on /home/ubuntu/airflow/dags/zillowanalytics.py
[2025-04-05T03:45:46.001+0000] {processor.py:914} INFO - Processing file /home/ubuntu/airflow/dags/zillowanalytics.py for tasks to queue
[2025-04-05T03:45:46.002+0000] {logging_mixin.py:190} INFO - [2025-04-05T03:45:46.002+0000] {dagbag.py:588} INFO - Filling up the DagBag from /home/ubuntu/airflow/dags/zillowanalytics.py
[2025-04-05T03:45:46.017+0000] {processor.py:925} INFO - DAG(s) 'zillow_analytics' retrieved from /home/ubuntu/airflow/dags/zillowanalytics.py
[2025-04-05T03:45:46.213+0000] {logging_mixin.py:190} INFO - [2025-04-05T03:45:46.213+0000] {dag.py:3239} INFO - Sync 1 DAGs
[2025-04-05T03:45:46.227+0000] {logging_mixin.py:190} INFO - [2025-04-05T03:45:46.227+0000] {dag.py:4180} INFO - Setting next_dagrun for zillow_analytics to 2025-04-05 00:00:00+00:00, run_after=2025-04-06 00:00:00+00:00
[2025-04-05T03:45:46.246+0000] {processor.py:208} INFO - Processing /home/ubuntu/airflow/dags/zillowanalytics.py took 0.252 seconds
[2025-04-05T03:46:16.407+0000] {processor.py:186} INFO - Started process (PID=2044) to work on /home/ubuntu/airflow/dags/zillowanalytics.py
[2025-04-05T03:46:16.409+0000] {processor.py:914} INFO - Processing file /home/ubuntu/airflow/dags/zillowanalytics.py for tasks to queue
[2025-04-05T03:46:16.411+0000] {logging_mixin.py:190} INFO - [2025-04-05T03:46:16.410+0000] {dagbag.py:588} INFO - Filling up the DagBag from /home/ubuntu/airflow/dags/zillowanalytics.py
[2025-04-05T03:46:16.425+0000] {processor.py:925} INFO - DAG(s) 'zillow_analytics' retrieved from /home/ubuntu/airflow/dags/zillowanalytics.py
[2025-04-05T03:46:16.617+0000] {logging_mixin.py:190} INFO - [2025-04-05T03:46:16.617+0000] {dag.py:3239} INFO - Sync 1 DAGs
[2025-04-05T03:46:16.632+0000] {logging_mixin.py:190} INFO - [2025-04-05T03:46:16.632+0000] {dag.py:4180} INFO - Setting next_dagrun for zillow_analytics to 2025-04-05 00:00:00+00:00, run_after=2025-04-06 00:00:00+00:00
[2025-04-05T03:46:16.653+0000] {processor.py:208} INFO - Processing /home/ubuntu/airflow/dags/zillowanalytics.py took 0.252 seconds
[2025-04-05T03:46:46.815+0000] {processor.py:186} INFO - Started process (PID=2045) to work on /home/ubuntu/airflow/dags/zillowanalytics.py
[2025-04-05T03:46:46.817+0000] {processor.py:914} INFO - Processing file /home/ubuntu/airflow/dags/zillowanalytics.py for tasks to queue
[2025-04-05T03:46:46.819+0000] {logging_mixin.py:190} INFO - [2025-04-05T03:46:46.818+0000] {dagbag.py:588} INFO - Filling up the DagBag from /home/ubuntu/airflow/dags/zillowanalytics.py
[2025-04-05T03:46:46.833+0000] {processor.py:925} INFO - DAG(s) 'zillow_analytics' retrieved from /home/ubuntu/airflow/dags/zillowanalytics.py
[2025-04-05T03:46:47.032+0000] {logging_mixin.py:190} INFO - [2025-04-05T03:46:47.032+0000] {dag.py:3239} INFO - Sync 1 DAGs
[2025-04-05T03:46:47.048+0000] {logging_mixin.py:190} INFO - [2025-04-05T03:46:47.048+0000] {dag.py:4180} INFO - Setting next_dagrun for zillow_analytics to 2025-04-05 00:00:00+00:00, run_after=2025-04-06 00:00:00+00:00
[2025-04-05T03:46:47.068+0000] {processor.py:208} INFO - Processing /home/ubuntu/airflow/dags/zillowanalytics.py took 0.258 seconds
[2025-04-05T03:47:17.222+0000] {processor.py:186} INFO - Started process (PID=2047) to work on /home/ubuntu/airflow/dags/zillowanalytics.py
[2025-04-05T03:47:17.223+0000] {processor.py:914} INFO - Processing file /home/ubuntu/airflow/dags/zillowanalytics.py for tasks to queue
[2025-04-05T03:47:17.225+0000] {logging_mixin.py:190} INFO - [2025-04-05T03:47:17.225+0000] {dagbag.py:588} INFO - Filling up the DagBag from /home/ubuntu/airflow/dags/zillowanalytics.py
[2025-04-05T03:47:17.240+0000] {processor.py:925} INFO - DAG(s) 'zillow_analytics' retrieved from /home/ubuntu/airflow/dags/zillowanalytics.py
[2025-04-05T03:47:17.436+0000] {logging_mixin.py:190} INFO - [2025-04-05T03:47:17.435+0000] {dag.py:3239} INFO - Sync 1 DAGs
[2025-04-05T03:47:17.452+0000] {logging_mixin.py:190} INFO - [2025-04-05T03:47:17.451+0000] {dag.py:4180} INFO - Setting next_dagrun for zillow_analytics to 2025-04-05 00:00:00+00:00, run_after=2025-04-06 00:00:00+00:00
[2025-04-05T03:47:17.472+0000] {processor.py:208} INFO - Processing /home/ubuntu/airflow/dags/zillowanalytics.py took 0.256 seconds
[2025-04-05T03:47:47.629+0000] {processor.py:186} INFO - Started process (PID=2048) to work on /home/ubuntu/airflow/dags/zillowanalytics.py
[2025-04-05T03:47:47.630+0000] {processor.py:914} INFO - Processing file /home/ubuntu/airflow/dags/zillowanalytics.py for tasks to queue
[2025-04-05T03:47:47.631+0000] {logging_mixin.py:190} INFO - [2025-04-05T03:47:47.631+0000] {dagbag.py:588} INFO - Filling up the DagBag from /home/ubuntu/airflow/dags/zillowanalytics.py
[2025-04-05T03:47:47.646+0000] {processor.py:925} INFO - DAG(s) 'zillow_analytics' retrieved from /home/ubuntu/airflow/dags/zillowanalytics.py
[2025-04-05T03:47:47.834+0000] {logging_mixin.py:190} INFO - [2025-04-05T03:47:47.834+0000] {dag.py:3239} INFO - Sync 1 DAGs
[2025-04-05T03:47:47.850+0000] {logging_mixin.py:190} INFO - [2025-04-05T03:47:47.850+0000] {dag.py:4180} INFO - Setting next_dagrun for zillow_analytics to 2025-04-05 00:00:00+00:00, run_after=2025-04-06 00:00:00+00:00
[2025-04-05T03:47:47.870+0000] {processor.py:208} INFO - Processing /home/ubuntu/airflow/dags/zillowanalytics.py took 0.246 seconds
[2025-04-05T03:48:18.033+0000] {processor.py:186} INFO - Started process (PID=2050) to work on /home/ubuntu/airflow/dags/zillowanalytics.py
[2025-04-05T03:48:18.035+0000] {processor.py:914} INFO - Processing file /home/ubuntu/airflow/dags/zillowanalytics.py for tasks to queue
[2025-04-05T03:48:18.037+0000] {logging_mixin.py:190} INFO - [2025-04-05T03:48:18.036+0000] {dagbag.py:588} INFO - Filling up the DagBag from /home/ubuntu/airflow/dags/zillowanalytics.py
[2025-04-05T03:48:18.051+0000] {processor.py:925} INFO - DAG(s) 'zillow_analytics' retrieved from /home/ubuntu/airflow/dags/zillowanalytics.py
[2025-04-05T03:48:18.246+0000] {logging_mixin.py:190} INFO - [2025-04-05T03:48:18.246+0000] {dag.py:3239} INFO - Sync 1 DAGs
[2025-04-05T03:48:18.261+0000] {logging_mixin.py:190} INFO - [2025-04-05T03:48:18.261+0000] {dag.py:4180} INFO - Setting next_dagrun for zillow_analytics to 2025-04-05 00:00:00+00:00, run_after=2025-04-06 00:00:00+00:00
[2025-04-05T03:48:18.283+0000] {processor.py:208} INFO - Processing /home/ubuntu/airflow/dags/zillowanalytics.py took 0.255 seconds
[2025-04-05T03:48:48.442+0000] {processor.py:186} INFO - Started process (PID=2051) to work on /home/ubuntu/airflow/dags/zillowanalytics.py
[2025-04-05T03:48:48.443+0000] {processor.py:914} INFO - Processing file /home/ubuntu/airflow/dags/zillowanalytics.py for tasks to queue
[2025-04-05T03:48:48.445+0000] {logging_mixin.py:190} INFO - [2025-04-05T03:48:48.445+0000] {dagbag.py:588} INFO - Filling up the DagBag from /home/ubuntu/airflow/dags/zillowanalytics.py
[2025-04-05T03:48:48.458+0000] {processor.py:925} INFO - DAG(s) 'zillow_analytics' retrieved from /home/ubuntu/airflow/dags/zillowanalytics.py
[2025-04-05T03:48:48.657+0000] {logging_mixin.py:190} INFO - [2025-04-05T03:48:48.657+0000] {dag.py:3239} INFO - Sync 1 DAGs
[2025-04-05T03:48:48.673+0000] {logging_mixin.py:190} INFO - [2025-04-05T03:48:48.673+0000] {dag.py:4180} INFO - Setting next_dagrun for zillow_analytics to 2025-04-05 00:00:00+00:00, run_after=2025-04-06 00:00:00+00:00
[2025-04-05T03:48:48.693+0000] {processor.py:208} INFO - Processing /home/ubuntu/airflow/dags/zillowanalytics.py took 0.256 seconds
[2025-04-05T03:49:18.847+0000] {processor.py:186} INFO - Started process (PID=2053) to work on /home/ubuntu/airflow/dags/zillowanalytics.py
[2025-04-05T03:49:18.849+0000] {processor.py:914} INFO - Processing file /home/ubuntu/airflow/dags/zillowanalytics.py for tasks to queue
[2025-04-05T03:49:18.850+0000] {logging_mixin.py:190} INFO - [2025-04-05T03:49:18.850+0000] {dagbag.py:588} INFO - Filling up the DagBag from /home/ubuntu/airflow/dags/zillowanalytics.py
[2025-04-05T03:49:18.864+0000] {processor.py:925} INFO - DAG(s) 'zillow_analytics' retrieved from /home/ubuntu/airflow/dags/zillowanalytics.py
[2025-04-05T03:49:19.073+0000] {logging_mixin.py:190} INFO - [2025-04-05T03:49:19.072+0000] {dag.py:3239} INFO - Sync 1 DAGs
[2025-04-05T03:49:19.087+0000] {logging_mixin.py:190} INFO - [2025-04-05T03:49:19.087+0000] {dag.py:4180} INFO - Setting next_dagrun for zillow_analytics to 2025-04-05 00:00:00+00:00, run_after=2025-04-06 00:00:00+00:00
[2025-04-05T03:49:19.107+0000] {processor.py:208} INFO - Processing /home/ubuntu/airflow/dags/zillowanalytics.py took 0.264 seconds
[2025-04-05T03:49:49.255+0000] {processor.py:186} INFO - Started process (PID=2054) to work on /home/ubuntu/airflow/dags/zillowanalytics.py
[2025-04-05T03:49:49.256+0000] {processor.py:914} INFO - Processing file /home/ubuntu/airflow/dags/zillowanalytics.py for tasks to queue
[2025-04-05T03:49:49.258+0000] {logging_mixin.py:190} INFO - [2025-04-05T03:49:49.257+0000] {dagbag.py:588} INFO - Filling up the DagBag from /home/ubuntu/airflow/dags/zillowanalytics.py
[2025-04-05T03:49:49.271+0000] {processor.py:925} INFO - DAG(s) 'zillow_analytics' retrieved from /home/ubuntu/airflow/dags/zillowanalytics.py
[2025-04-05T03:49:49.478+0000] {logging_mixin.py:190} INFO - [2025-04-05T03:49:49.478+0000] {dag.py:3239} INFO - Sync 1 DAGs
[2025-04-05T03:49:49.494+0000] {logging_mixin.py:190} INFO - [2025-04-05T03:49:49.493+0000] {dag.py:4180} INFO - Setting next_dagrun for zillow_analytics to 2025-04-05 00:00:00+00:00, run_after=2025-04-06 00:00:00+00:00
[2025-04-05T03:49:49.513+0000] {processor.py:208} INFO - Processing /home/ubuntu/airflow/dags/zillowanalytics.py took 0.264 seconds
[2025-04-05T03:50:19.663+0000] {processor.py:186} INFO - Started process (PID=2059) to work on /home/ubuntu/airflow/dags/zillowanalytics.py
[2025-04-05T03:50:19.665+0000] {processor.py:914} INFO - Processing file /home/ubuntu/airflow/dags/zillowanalytics.py for tasks to queue
[2025-04-05T03:50:19.667+0000] {logging_mixin.py:190} INFO - [2025-04-05T03:50:19.666+0000] {dagbag.py:588} INFO - Filling up the DagBag from /home/ubuntu/airflow/dags/zillowanalytics.py
[2025-04-05T03:50:19.680+0000] {processor.py:925} INFO - DAG(s) 'zillow_analytics' retrieved from /home/ubuntu/airflow/dags/zillowanalytics.py
[2025-04-05T03:50:19.873+0000] {logging_mixin.py:190} INFO - [2025-04-05T03:50:19.873+0000] {dag.py:3239} INFO - Sync 1 DAGs
[2025-04-05T03:50:19.888+0000] {logging_mixin.py:190} INFO - [2025-04-05T03:50:19.888+0000] {dag.py:4180} INFO - Setting next_dagrun for zillow_analytics to 2025-04-05 00:00:00+00:00, run_after=2025-04-06 00:00:00+00:00
[2025-04-05T03:50:19.909+0000] {processor.py:208} INFO - Processing /home/ubuntu/airflow/dags/zillowanalytics.py took 0.250 seconds
[2025-04-05T03:50:50.074+0000] {processor.py:186} INFO - Started process (PID=2073) to work on /home/ubuntu/airflow/dags/zillowanalytics.py
[2025-04-05T03:50:50.076+0000] {processor.py:914} INFO - Processing file /home/ubuntu/airflow/dags/zillowanalytics.py for tasks to queue
[2025-04-05T03:50:50.079+0000] {logging_mixin.py:190} INFO - [2025-04-05T03:50:50.078+0000] {dagbag.py:588} INFO - Filling up the DagBag from /home/ubuntu/airflow/dags/zillowanalytics.py
[2025-04-05T03:50:50.092+0000] {processor.py:925} INFO - DAG(s) 'zillow_analytics' retrieved from /home/ubuntu/airflow/dags/zillowanalytics.py
[2025-04-05T03:50:50.291+0000] {logging_mixin.py:190} INFO - [2025-04-05T03:50:50.291+0000] {dag.py:3239} INFO - Sync 1 DAGs
[2025-04-05T03:50:50.308+0000] {logging_mixin.py:190} INFO - [2025-04-05T03:50:50.308+0000] {dag.py:4180} INFO - Setting next_dagrun for zillow_analytics to 2025-04-05 00:00:00+00:00, run_after=2025-04-06 00:00:00+00:00
[2025-04-05T03:50:50.329+0000] {processor.py:208} INFO - Processing /home/ubuntu/airflow/dags/zillowanalytics.py took 0.260 seconds
[2025-04-05T03:51:20.452+0000] {processor.py:186} INFO - Started process (PID=2075) to work on /home/ubuntu/airflow/dags/zillowanalytics.py
[2025-04-05T03:51:20.453+0000] {processor.py:914} INFO - Processing file /home/ubuntu/airflow/dags/zillowanalytics.py for tasks to queue
[2025-04-05T03:51:20.455+0000] {logging_mixin.py:190} INFO - [2025-04-05T03:51:20.455+0000] {dagbag.py:588} INFO - Filling up the DagBag from /home/ubuntu/airflow/dags/zillowanalytics.py
[2025-04-05T03:51:20.469+0000] {processor.py:925} INFO - DAG(s) 'zillow_analytics' retrieved from /home/ubuntu/airflow/dags/zillowanalytics.py
[2025-04-05T03:51:20.661+0000] {logging_mixin.py:190} INFO - [2025-04-05T03:51:20.661+0000] {dag.py:3239} INFO - Sync 1 DAGs
[2025-04-05T03:51:20.677+0000] {logging_mixin.py:190} INFO - [2025-04-05T03:51:20.677+0000] {dag.py:4180} INFO - Setting next_dagrun for zillow_analytics to 2025-04-05 00:00:00+00:00, run_after=2025-04-06 00:00:00+00:00
[2025-04-05T03:51:20.697+0000] {processor.py:208} INFO - Processing /home/ubuntu/airflow/dags/zillowanalytics.py took 0.249 seconds
[2025-04-05T03:51:50.831+0000] {processor.py:186} INFO - Started process (PID=2076) to work on /home/ubuntu/airflow/dags/zillowanalytics.py
[2025-04-05T03:51:50.833+0000] {processor.py:914} INFO - Processing file /home/ubuntu/airflow/dags/zillowanalytics.py for tasks to queue
[2025-04-05T03:51:50.835+0000] {logging_mixin.py:190} INFO - [2025-04-05T03:51:50.835+0000] {dagbag.py:588} INFO - Filling up the DagBag from /home/ubuntu/airflow/dags/zillowanalytics.py
[2025-04-05T03:51:50.850+0000] {processor.py:925} INFO - DAG(s) 'zillow_analytics' retrieved from /home/ubuntu/airflow/dags/zillowanalytics.py
[2025-04-05T03:51:51.040+0000] {logging_mixin.py:190} INFO - [2025-04-05T03:51:51.039+0000] {dag.py:3239} INFO - Sync 1 DAGs
[2025-04-05T03:51:51.056+0000] {logging_mixin.py:190} INFO - [2025-04-05T03:51:51.056+0000] {dag.py:4180} INFO - Setting next_dagrun for zillow_analytics to 2025-04-05 00:00:00+00:00, run_after=2025-04-06 00:00:00+00:00
[2025-04-05T03:51:51.075+0000] {processor.py:208} INFO - Processing /home/ubuntu/airflow/dags/zillowanalytics.py took 0.249 seconds
[2025-04-05T03:52:21.211+0000] {processor.py:186} INFO - Started process (PID=2079) to work on /home/ubuntu/airflow/dags/zillowanalytics.py
[2025-04-05T03:52:21.212+0000] {processor.py:914} INFO - Processing file /home/ubuntu/airflow/dags/zillowanalytics.py for tasks to queue
[2025-04-05T03:52:21.213+0000] {logging_mixin.py:190} INFO - [2025-04-05T03:52:21.213+0000] {dagbag.py:588} INFO - Filling up the DagBag from /home/ubuntu/airflow/dags/zillowanalytics.py
[2025-04-05T03:52:21.227+0000] {processor.py:925} INFO - DAG(s) 'zillow_analytics' retrieved from /home/ubuntu/airflow/dags/zillowanalytics.py
[2025-04-05T03:52:21.426+0000] {logging_mixin.py:190} INFO - [2025-04-05T03:52:21.426+0000] {dag.py:3239} INFO - Sync 1 DAGs
[2025-04-05T03:52:21.441+0000] {logging_mixin.py:190} INFO - [2025-04-05T03:52:21.441+0000] {dag.py:4180} INFO - Setting next_dagrun for zillow_analytics to 2025-04-05 00:00:00+00:00, run_after=2025-04-06 00:00:00+00:00
[2025-04-05T03:52:21.459+0000] {processor.py:208} INFO - Processing /home/ubuntu/airflow/dags/zillowanalytics.py took 0.254 seconds
[2025-04-05T03:52:51.588+0000] {processor.py:186} INFO - Started process (PID=2081) to work on /home/ubuntu/airflow/dags/zillowanalytics.py
[2025-04-05T03:52:51.589+0000] {processor.py:914} INFO - Processing file /home/ubuntu/airflow/dags/zillowanalytics.py for tasks to queue
[2025-04-05T03:52:51.591+0000] {logging_mixin.py:190} INFO - [2025-04-05T03:52:51.591+0000] {dagbag.py:588} INFO - Filling up the DagBag from /home/ubuntu/airflow/dags/zillowanalytics.py
[2025-04-05T03:52:51.606+0000] {processor.py:925} INFO - DAG(s) 'zillow_analytics' retrieved from /home/ubuntu/airflow/dags/zillowanalytics.py
[2025-04-05T03:52:51.804+0000] {logging_mixin.py:190} INFO - [2025-04-05T03:52:51.803+0000] {dag.py:3239} INFO - Sync 1 DAGs
[2025-04-05T03:52:51.818+0000] {logging_mixin.py:190} INFO - [2025-04-05T03:52:51.818+0000] {dag.py:4180} INFO - Setting next_dagrun for zillow_analytics to 2025-04-05 00:00:00+00:00, run_after=2025-04-06 00:00:00+00:00
[2025-04-05T03:52:51.839+0000] {processor.py:208} INFO - Processing /home/ubuntu/airflow/dags/zillowanalytics.py took 0.256 seconds
[2025-04-05T03:53:21.967+0000] {processor.py:186} INFO - Started process (PID=2082) to work on /home/ubuntu/airflow/dags/zillowanalytics.py
[2025-04-05T03:53:21.969+0000] {processor.py:914} INFO - Processing file /home/ubuntu/airflow/dags/zillowanalytics.py for tasks to queue
[2025-04-05T03:53:21.970+0000] {logging_mixin.py:190} INFO - [2025-04-05T03:53:21.970+0000] {dagbag.py:588} INFO - Filling up the DagBag from /home/ubuntu/airflow/dags/zillowanalytics.py
[2025-04-05T03:53:21.983+0000] {processor.py:925} INFO - DAG(s) 'zillow_analytics' retrieved from /home/ubuntu/airflow/dags/zillowanalytics.py
[2025-04-05T03:53:22.176+0000] {logging_mixin.py:190} INFO - [2025-04-05T03:53:22.176+0000] {dag.py:3239} INFO - Sync 1 DAGs
[2025-04-05T03:53:22.190+0000] {logging_mixin.py:190} INFO - [2025-04-05T03:53:22.190+0000] {dag.py:4180} INFO - Setting next_dagrun for zillow_analytics to 2025-04-05 00:00:00+00:00, run_after=2025-04-06 00:00:00+00:00
[2025-04-05T03:53:22.210+0000] {processor.py:208} INFO - Processing /home/ubuntu/airflow/dags/zillowanalytics.py took 0.248 seconds
[2025-04-05T03:53:52.342+0000] {processor.py:186} INFO - Started process (PID=2083) to work on /home/ubuntu/airflow/dags/zillowanalytics.py
[2025-04-05T03:53:52.343+0000] {processor.py:914} INFO - Processing file /home/ubuntu/airflow/dags/zillowanalytics.py for tasks to queue
[2025-04-05T03:53:52.345+0000] {logging_mixin.py:190} INFO - [2025-04-05T03:53:52.345+0000] {dagbag.py:588} INFO - Filling up the DagBag from /home/ubuntu/airflow/dags/zillowanalytics.py
[2025-04-05T03:53:52.360+0000] {processor.py:925} INFO - DAG(s) 'zillow_analytics' retrieved from /home/ubuntu/airflow/dags/zillowanalytics.py
[2025-04-05T03:53:52.561+0000] {logging_mixin.py:190} INFO - [2025-04-05T03:53:52.561+0000] {dag.py:3239} INFO - Sync 1 DAGs
[2025-04-05T03:53:52.575+0000] {logging_mixin.py:190} INFO - [2025-04-05T03:53:52.575+0000] {dag.py:4180} INFO - Setting next_dagrun for zillow_analytics to 2025-04-05 00:00:00+00:00, run_after=2025-04-06 00:00:00+00:00
[2025-04-05T03:53:52.597+0000] {processor.py:208} INFO - Processing /home/ubuntu/airflow/dags/zillowanalytics.py took 0.260 seconds
[2025-04-05T03:54:22.719+0000] {processor.py:186} INFO - Started process (PID=2084) to work on /home/ubuntu/airflow/dags/zillowanalytics.py
[2025-04-05T03:54:22.720+0000] {processor.py:914} INFO - Processing file /home/ubuntu/airflow/dags/zillowanalytics.py for tasks to queue
[2025-04-05T03:54:22.722+0000] {logging_mixin.py:190} INFO - [2025-04-05T03:54:22.722+0000] {dagbag.py:588} INFO - Filling up the DagBag from /home/ubuntu/airflow/dags/zillowanalytics.py
[2025-04-05T03:54:22.736+0000] {processor.py:925} INFO - DAG(s) 'zillow_analytics' retrieved from /home/ubuntu/airflow/dags/zillowanalytics.py
[2025-04-05T03:54:22.927+0000] {logging_mixin.py:190} INFO - [2025-04-05T03:54:22.926+0000] {dag.py:3239} INFO - Sync 1 DAGs
[2025-04-05T03:54:22.941+0000] {logging_mixin.py:190} INFO - [2025-04-05T03:54:22.941+0000] {dag.py:4180} INFO - Setting next_dagrun for zillow_analytics to 2025-04-05 00:00:00+00:00, run_after=2025-04-06 00:00:00+00:00
[2025-04-05T03:54:22.964+0000] {processor.py:208} INFO - Processing /home/ubuntu/airflow/dags/zillowanalytics.py took 0.250 seconds
[2025-04-05T03:54:53.094+0000] {processor.py:186} INFO - Started process (PID=2085) to work on /home/ubuntu/airflow/dags/zillowanalytics.py
[2025-04-05T03:54:53.094+0000] {processor.py:914} INFO - Processing file /home/ubuntu/airflow/dags/zillowanalytics.py for tasks to queue
[2025-04-05T03:54:53.096+0000] {logging_mixin.py:190} INFO - [2025-04-05T03:54:53.096+0000] {dagbag.py:588} INFO - Filling up the DagBag from /home/ubuntu/airflow/dags/zillowanalytics.py
[2025-04-05T03:54:53.110+0000] {processor.py:925} INFO - DAG(s) 'zillow_analytics' retrieved from /home/ubuntu/airflow/dags/zillowanalytics.py
[2025-04-05T03:54:53.303+0000] {logging_mixin.py:190} INFO - [2025-04-05T03:54:53.302+0000] {dag.py:3239} INFO - Sync 1 DAGs
[2025-04-05T03:54:53.320+0000] {logging_mixin.py:190} INFO - [2025-04-05T03:54:53.319+0000] {dag.py:4180} INFO - Setting next_dagrun for zillow_analytics to 2025-04-05 00:00:00+00:00, run_after=2025-04-06 00:00:00+00:00
[2025-04-05T03:54:53.340+0000] {processor.py:208} INFO - Processing /home/ubuntu/airflow/dags/zillowanalytics.py took 0.251 seconds
[2025-04-05T03:55:23.472+0000] {processor.py:186} INFO - Started process (PID=2091) to work on /home/ubuntu/airflow/dags/zillowanalytics.py
[2025-04-05T03:55:23.473+0000] {processor.py:914} INFO - Processing file /home/ubuntu/airflow/dags/zillowanalytics.py for tasks to queue
[2025-04-05T03:55:23.475+0000] {logging_mixin.py:190} INFO - [2025-04-05T03:55:23.475+0000] {dagbag.py:588} INFO - Filling up the DagBag from /home/ubuntu/airflow/dags/zillowanalytics.py
[2025-04-05T03:55:23.490+0000] {processor.py:925} INFO - DAG(s) 'zillow_analytics' retrieved from /home/ubuntu/airflow/dags/zillowanalytics.py
[2025-04-05T03:55:23.688+0000] {logging_mixin.py:190} INFO - [2025-04-05T03:55:23.688+0000] {dag.py:3239} INFO - Sync 1 DAGs
[2025-04-05T03:55:23.704+0000] {logging_mixin.py:190} INFO - [2025-04-05T03:55:23.703+0000] {dag.py:4180} INFO - Setting next_dagrun for zillow_analytics to 2025-04-05 00:00:00+00:00, run_after=2025-04-06 00:00:00+00:00
[2025-04-05T03:55:23.723+0000] {processor.py:208} INFO - Processing /home/ubuntu/airflow/dags/zillowanalytics.py took 0.256 seconds
[2025-04-05T03:55:53.850+0000] {processor.py:186} INFO - Started process (PID=2096) to work on /home/ubuntu/airflow/dags/zillowanalytics.py
[2025-04-05T03:55:53.850+0000] {processor.py:914} INFO - Processing file /home/ubuntu/airflow/dags/zillowanalytics.py for tasks to queue
[2025-04-05T03:55:53.853+0000] {logging_mixin.py:190} INFO - [2025-04-05T03:55:53.853+0000] {dagbag.py:588} INFO - Filling up the DagBag from /home/ubuntu/airflow/dags/zillowanalytics.py
[2025-04-05T03:55:53.866+0000] {processor.py:925} INFO - DAG(s) 'zillow_analytics' retrieved from /home/ubuntu/airflow/dags/zillowanalytics.py
[2025-04-05T03:55:54.062+0000] {logging_mixin.py:190} INFO - [2025-04-05T03:55:54.062+0000] {dag.py:3239} INFO - Sync 1 DAGs
[2025-04-05T03:55:54.077+0000] {logging_mixin.py:190} INFO - [2025-04-05T03:55:54.077+0000] {dag.py:4180} INFO - Setting next_dagrun for zillow_analytics to 2025-04-05 00:00:00+00:00, run_after=2025-04-06 00:00:00+00:00
[2025-04-05T03:55:54.097+0000] {processor.py:208} INFO - Processing /home/ubuntu/airflow/dags/zillowanalytics.py took 0.252 seconds
[2025-04-05T03:56:24.228+0000] {processor.py:186} INFO - Started process (PID=2097) to work on /home/ubuntu/airflow/dags/zillowanalytics.py
[2025-04-05T03:56:24.230+0000] {processor.py:914} INFO - Processing file /home/ubuntu/airflow/dags/zillowanalytics.py for tasks to queue
[2025-04-05T03:56:24.232+0000] {logging_mixin.py:190} INFO - [2025-04-05T03:56:24.232+0000] {dagbag.py:588} INFO - Filling up the DagBag from /home/ubuntu/airflow/dags/zillowanalytics.py
[2025-04-05T03:56:24.245+0000] {processor.py:925} INFO - DAG(s) 'zillow_analytics' retrieved from /home/ubuntu/airflow/dags/zillowanalytics.py
[2025-04-05T03:56:24.442+0000] {logging_mixin.py:190} INFO - [2025-04-05T03:56:24.442+0000] {dag.py:3239} INFO - Sync 1 DAGs
[2025-04-05T03:56:24.457+0000] {logging_mixin.py:190} INFO - [2025-04-05T03:56:24.457+0000] {dag.py:4180} INFO - Setting next_dagrun for zillow_analytics to 2025-04-05 00:00:00+00:00, run_after=2025-04-06 00:00:00+00:00
[2025-04-05T03:56:24.477+0000] {processor.py:208} INFO - Processing /home/ubuntu/airflow/dags/zillowanalytics.py took 0.254 seconds
[2025-04-05T03:56:53.861+0000] {processor.py:186} INFO - Started process (PID=2099) to work on /home/ubuntu/airflow/dags/zillowanalytics.py
[2025-04-05T03:56:53.862+0000] {processor.py:914} INFO - Processing file /home/ubuntu/airflow/dags/zillowanalytics.py for tasks to queue
[2025-04-05T03:56:53.864+0000] {logging_mixin.py:190} INFO - [2025-04-05T03:56:53.863+0000] {dagbag.py:588} INFO - Filling up the DagBag from /home/ubuntu/airflow/dags/zillowanalytics.py
[2025-04-05T03:56:53.880+0000] {processor.py:925} INFO - DAG(s) 'zillow_analytics' retrieved from /home/ubuntu/airflow/dags/zillowanalytics.py
[2025-04-05T03:56:53.888+0000] {logging_mixin.py:190} INFO - [2025-04-05T03:56:53.887+0000] {dag.py:3239} INFO - Sync 1 DAGs
[2025-04-05T03:56:53.907+0000] {logging_mixin.py:190} INFO - [2025-04-05T03:56:53.907+0000] {dag.py:4180} INFO - Setting next_dagrun for zillow_analytics to 2025-04-05 00:00:00+00:00, run_after=2025-04-06 00:00:00+00:00
[2025-04-05T03:56:53.929+0000] {processor.py:208} INFO - Processing /home/ubuntu/airflow/dags/zillowanalytics.py took 0.074 seconds
[2025-04-05T03:57:24.427+0000] {processor.py:186} INFO - Started process (PID=2104) to work on /home/ubuntu/airflow/dags/zillowanalytics.py
[2025-04-05T03:57:24.429+0000] {processor.py:914} INFO - Processing file /home/ubuntu/airflow/dags/zillowanalytics.py for tasks to queue
[2025-04-05T03:57:24.430+0000] {logging_mixin.py:190} INFO - [2025-04-05T03:57:24.430+0000] {dagbag.py:588} INFO - Filling up the DagBag from /home/ubuntu/airflow/dags/zillowanalytics.py
[2025-04-05T03:57:24.445+0000] {processor.py:925} INFO - DAG(s) 'zillow_analytics' retrieved from /home/ubuntu/airflow/dags/zillowanalytics.py
[2025-04-05T03:57:24.645+0000] {logging_mixin.py:190} INFO - [2025-04-05T03:57:24.645+0000] {dag.py:3239} INFO - Sync 1 DAGs
[2025-04-05T03:57:24.659+0000] {logging_mixin.py:190} INFO - [2025-04-05T03:57:24.659+0000] {dag.py:4180} INFO - Setting next_dagrun for zillow_analytics to 2025-04-05 00:00:00+00:00, run_after=2025-04-06 00:00:00+00:00
[2025-04-05T03:57:24.678+0000] {processor.py:208} INFO - Processing /home/ubuntu/airflow/dags/zillowanalytics.py took 0.255 seconds
[2025-04-05T03:57:54.794+0000] {processor.py:186} INFO - Started process (PID=2106) to work on /home/ubuntu/airflow/dags/zillowanalytics.py
[2025-04-05T03:57:54.796+0000] {processor.py:914} INFO - Processing file /home/ubuntu/airflow/dags/zillowanalytics.py for tasks to queue
[2025-04-05T03:57:54.798+0000] {logging_mixin.py:190} INFO - [2025-04-05T03:57:54.797+0000] {dagbag.py:588} INFO - Filling up the DagBag from /home/ubuntu/airflow/dags/zillowanalytics.py
[2025-04-05T03:57:54.811+0000] {processor.py:925} INFO - DAG(s) 'zillow_analytics' retrieved from /home/ubuntu/airflow/dags/zillowanalytics.py
[2025-04-05T03:57:55.011+0000] {logging_mixin.py:190} INFO - [2025-04-05T03:57:55.011+0000] {dag.py:3239} INFO - Sync 1 DAGs
[2025-04-05T03:57:55.027+0000] {logging_mixin.py:190} INFO - [2025-04-05T03:57:55.027+0000] {dag.py:4180} INFO - Setting next_dagrun for zillow_analytics to 2025-04-05 00:00:00+00:00, run_after=2025-04-06 00:00:00+00:00
[2025-04-05T03:57:55.046+0000] {processor.py:208} INFO - Processing /home/ubuntu/airflow/dags/zillowanalytics.py took 0.257 seconds
[2025-04-05T03:58:25.163+0000] {processor.py:186} INFO - Started process (PID=2108) to work on /home/ubuntu/airflow/dags/zillowanalytics.py
[2025-04-05T03:58:25.164+0000] {processor.py:914} INFO - Processing file /home/ubuntu/airflow/dags/zillowanalytics.py for tasks to queue
[2025-04-05T03:58:25.166+0000] {logging_mixin.py:190} INFO - [2025-04-05T03:58:25.166+0000] {dagbag.py:588} INFO - Filling up the DagBag from /home/ubuntu/airflow/dags/zillowanalytics.py
[2025-04-05T03:58:25.180+0000] {processor.py:925} INFO - DAG(s) 'zillow_analytics' retrieved from /home/ubuntu/airflow/dags/zillowanalytics.py
[2025-04-05T03:58:25.375+0000] {logging_mixin.py:190} INFO - [2025-04-05T03:58:25.375+0000] {dag.py:3239} INFO - Sync 1 DAGs
[2025-04-05T03:58:25.389+0000] {logging_mixin.py:190} INFO - [2025-04-05T03:58:25.389+0000] {dag.py:4180} INFO - Setting next_dagrun for zillow_analytics to 2025-04-05 00:00:00+00:00, run_after=2025-04-06 00:00:00+00:00
[2025-04-05T03:58:25.414+0000] {processor.py:208} INFO - Processing /home/ubuntu/airflow/dags/zillowanalytics.py took 0.256 seconds
[2025-04-05T03:58:55.529+0000] {processor.py:186} INFO - Started process (PID=2109) to work on /home/ubuntu/airflow/dags/zillowanalytics.py
[2025-04-05T03:58:55.530+0000] {processor.py:914} INFO - Processing file /home/ubuntu/airflow/dags/zillowanalytics.py for tasks to queue
[2025-04-05T03:58:55.532+0000] {logging_mixin.py:190} INFO - [2025-04-05T03:58:55.532+0000] {dagbag.py:588} INFO - Filling up the DagBag from /home/ubuntu/airflow/dags/zillowanalytics.py
[2025-04-05T03:58:55.545+0000] {processor.py:925} INFO - DAG(s) 'zillow_analytics' retrieved from /home/ubuntu/airflow/dags/zillowanalytics.py
[2025-04-05T03:58:55.755+0000] {logging_mixin.py:190} INFO - [2025-04-05T03:58:55.755+0000] {dag.py:3239} INFO - Sync 1 DAGs
[2025-04-05T03:58:55.773+0000] {logging_mixin.py:190} INFO - [2025-04-05T03:58:55.773+0000] {dag.py:4180} INFO - Setting next_dagrun for zillow_analytics to 2025-04-05 00:00:00+00:00, run_after=2025-04-06 00:00:00+00:00
[2025-04-05T03:58:55.793+0000] {processor.py:208} INFO - Processing /home/ubuntu/airflow/dags/zillowanalytics.py took 0.269 seconds
[2025-04-05T03:59:25.896+0000] {processor.py:186} INFO - Started process (PID=2110) to work on /home/ubuntu/airflow/dags/zillowanalytics.py
[2025-04-05T03:59:25.897+0000] {processor.py:914} INFO - Processing file /home/ubuntu/airflow/dags/zillowanalytics.py for tasks to queue
[2025-04-05T03:59:25.899+0000] {logging_mixin.py:190} INFO - [2025-04-05T03:59:25.898+0000] {dagbag.py:588} INFO - Filling up the DagBag from /home/ubuntu/airflow/dags/zillowanalytics.py
[2025-04-05T03:59:25.913+0000] {processor.py:925} INFO - DAG(s) 'zillow_analytics' retrieved from /home/ubuntu/airflow/dags/zillowanalytics.py
[2025-04-05T03:59:26.109+0000] {logging_mixin.py:190} INFO - [2025-04-05T03:59:26.108+0000] {dag.py:3239} INFO - Sync 1 DAGs
[2025-04-05T03:59:26.126+0000] {logging_mixin.py:190} INFO - [2025-04-05T03:59:26.126+0000] {dag.py:4180} INFO - Setting next_dagrun for zillow_analytics to 2025-04-05 00:00:00+00:00, run_after=2025-04-06 00:00:00+00:00
[2025-04-05T03:59:26.147+0000] {processor.py:208} INFO - Processing /home/ubuntu/airflow/dags/zillowanalytics.py took 0.256 seconds
[2025-04-05T03:59:56.263+0000] {processor.py:186} INFO - Started process (PID=2112) to work on /home/ubuntu/airflow/dags/zillowanalytics.py
[2025-04-05T03:59:56.265+0000] {processor.py:914} INFO - Processing file /home/ubuntu/airflow/dags/zillowanalytics.py for tasks to queue
[2025-04-05T03:59:56.266+0000] {logging_mixin.py:190} INFO - [2025-04-05T03:59:56.266+0000] {dagbag.py:588} INFO - Filling up the DagBag from /home/ubuntu/airflow/dags/zillowanalytics.py
[2025-04-05T03:59:56.280+0000] {processor.py:925} INFO - DAG(s) 'zillow_analytics' retrieved from /home/ubuntu/airflow/dags/zillowanalytics.py
[2025-04-05T03:59:56.471+0000] {logging_mixin.py:190} INFO - [2025-04-05T03:59:56.471+0000] {dag.py:3239} INFO - Sync 1 DAGs
[2025-04-05T03:59:56.486+0000] {logging_mixin.py:190} INFO - [2025-04-05T03:59:56.486+0000] {dag.py:4180} INFO - Setting next_dagrun for zillow_analytics to 2025-04-05 00:00:00+00:00, run_after=2025-04-06 00:00:00+00:00
[2025-04-05T03:59:56.506+0000] {processor.py:208} INFO - Processing /home/ubuntu/airflow/dags/zillowanalytics.py took 0.248 seconds
[2025-04-05T04:00:26.627+0000] {processor.py:186} INFO - Started process (PID=2117) to work on /home/ubuntu/airflow/dags/zillowanalytics.py
[2025-04-05T04:00:26.629+0000] {processor.py:914} INFO - Processing file /home/ubuntu/airflow/dags/zillowanalytics.py for tasks to queue
[2025-04-05T04:00:26.631+0000] {logging_mixin.py:190} INFO - [2025-04-05T04:00:26.631+0000] {dagbag.py:588} INFO - Filling up the DagBag from /home/ubuntu/airflow/dags/zillowanalytics.py
[2025-04-05T04:00:26.645+0000] {processor.py:925} INFO - DAG(s) 'zillow_analytics' retrieved from /home/ubuntu/airflow/dags/zillowanalytics.py
[2025-04-05T04:00:26.837+0000] {logging_mixin.py:190} INFO - [2025-04-05T04:00:26.837+0000] {dag.py:3239} INFO - Sync 1 DAGs
[2025-04-05T04:00:26.853+0000] {logging_mixin.py:190} INFO - [2025-04-05T04:00:26.852+0000] {dag.py:4180} INFO - Setting next_dagrun for zillow_analytics to 2025-04-05 00:00:00+00:00, run_after=2025-04-06 00:00:00+00:00
[2025-04-05T04:00:26.873+0000] {processor.py:208} INFO - Processing /home/ubuntu/airflow/dags/zillowanalytics.py took 0.251 seconds
[2025-04-05T04:00:56.967+0000] {processor.py:186} INFO - Started process (PID=2118) to work on /home/ubuntu/airflow/dags/zillowanalytics.py
[2025-04-05T04:00:56.969+0000] {processor.py:914} INFO - Processing file /home/ubuntu/airflow/dags/zillowanalytics.py for tasks to queue
[2025-04-05T04:00:56.971+0000] {logging_mixin.py:190} INFO - [2025-04-05T04:00:56.970+0000] {dagbag.py:588} INFO - Filling up the DagBag from /home/ubuntu/airflow/dags/zillowanalytics.py
[2025-04-05T04:00:56.985+0000] {processor.py:925} INFO - DAG(s) 'zillow_analytics' retrieved from /home/ubuntu/airflow/dags/zillowanalytics.py
[2025-04-05T04:00:57.184+0000] {logging_mixin.py:190} INFO - [2025-04-05T04:00:57.183+0000] {dag.py:3239} INFO - Sync 1 DAGs
[2025-04-05T04:00:57.198+0000] {logging_mixin.py:190} INFO - [2025-04-05T04:00:57.197+0000] {dag.py:4180} INFO - Setting next_dagrun for zillow_analytics to 2025-04-05 00:00:00+00:00, run_after=2025-04-06 00:00:00+00:00
[2025-04-05T04:00:57.218+0000] {processor.py:208} INFO - Processing /home/ubuntu/airflow/dags/zillowanalytics.py took 0.256 seconds
[2025-04-05T04:01:27.337+0000] {processor.py:186} INFO - Started process (PID=2120) to work on /home/ubuntu/airflow/dags/zillowanalytics.py
[2025-04-05T04:01:27.338+0000] {processor.py:914} INFO - Processing file /home/ubuntu/airflow/dags/zillowanalytics.py for tasks to queue
[2025-04-05T04:01:27.340+0000] {logging_mixin.py:190} INFO - [2025-04-05T04:01:27.339+0000] {dagbag.py:588} INFO - Filling up the DagBag from /home/ubuntu/airflow/dags/zillowanalytics.py
[2025-04-05T04:01:27.353+0000] {processor.py:925} INFO - DAG(s) 'zillow_analytics' retrieved from /home/ubuntu/airflow/dags/zillowanalytics.py
[2025-04-05T04:01:27.554+0000] {logging_mixin.py:190} INFO - [2025-04-05T04:01:27.554+0000] {dag.py:3239} INFO - Sync 1 DAGs
[2025-04-05T04:01:27.570+0000] {logging_mixin.py:190} INFO - [2025-04-05T04:01:27.570+0000] {dag.py:4180} INFO - Setting next_dagrun for zillow_analytics to 2025-04-05 00:00:00+00:00, run_after=2025-04-06 00:00:00+00:00
[2025-04-05T04:01:27.588+0000] {processor.py:208} INFO - Processing /home/ubuntu/airflow/dags/zillowanalytics.py took 0.258 seconds
[2025-04-05T04:01:57.702+0000] {processor.py:186} INFO - Started process (PID=2121) to work on /home/ubuntu/airflow/dags/zillowanalytics.py
[2025-04-05T04:01:57.703+0000] {processor.py:914} INFO - Processing file /home/ubuntu/airflow/dags/zillowanalytics.py for tasks to queue
[2025-04-05T04:01:57.705+0000] {logging_mixin.py:190} INFO - [2025-04-05T04:01:57.705+0000] {dagbag.py:588} INFO - Filling up the DagBag from /home/ubuntu/airflow/dags/zillowanalytics.py
[2025-04-05T04:01:57.720+0000] {processor.py:925} INFO - DAG(s) 'zillow_analytics' retrieved from /home/ubuntu/airflow/dags/zillowanalytics.py
[2025-04-05T04:01:57.923+0000] {logging_mixin.py:190} INFO - [2025-04-05T04:01:57.923+0000] {dag.py:3239} INFO - Sync 1 DAGs
[2025-04-05T04:01:57.938+0000] {logging_mixin.py:190} INFO - [2025-04-05T04:01:57.938+0000] {dag.py:4180} INFO - Setting next_dagrun for zillow_analytics to 2025-04-05 00:00:00+00:00, run_after=2025-04-06 00:00:00+00:00
[2025-04-05T04:01:57.958+0000] {processor.py:208} INFO - Processing /home/ubuntu/airflow/dags/zillowanalytics.py took 0.261 seconds
[2025-04-05T04:02:28.069+0000] {processor.py:186} INFO - Started process (PID=2122) to work on /home/ubuntu/airflow/dags/zillowanalytics.py
[2025-04-05T04:02:28.070+0000] {processor.py:914} INFO - Processing file /home/ubuntu/airflow/dags/zillowanalytics.py for tasks to queue
[2025-04-05T04:02:28.071+0000] {logging_mixin.py:190} INFO - [2025-04-05T04:02:28.071+0000] {dagbag.py:588} INFO - Filling up the DagBag from /home/ubuntu/airflow/dags/zillowanalytics.py
[2025-04-05T04:02:28.085+0000] {processor.py:925} INFO - DAG(s) 'zillow_analytics' retrieved from /home/ubuntu/airflow/dags/zillowanalytics.py
[2025-04-05T04:02:28.278+0000] {logging_mixin.py:190} INFO - [2025-04-05T04:02:28.278+0000] {dag.py:3239} INFO - Sync 1 DAGs
[2025-04-05T04:02:28.293+0000] {logging_mixin.py:190} INFO - [2025-04-05T04:02:28.293+0000] {dag.py:4180} INFO - Setting next_dagrun for zillow_analytics to 2025-04-05 00:00:00+00:00, run_after=2025-04-06 00:00:00+00:00
[2025-04-05T04:02:28.313+0000] {processor.py:208} INFO - Processing /home/ubuntu/airflow/dags/zillowanalytics.py took 0.249 seconds
[2025-04-05T04:02:58.433+0000] {processor.py:186} INFO - Started process (PID=2124) to work on /home/ubuntu/airflow/dags/zillowanalytics.py
[2025-04-05T04:02:58.435+0000] {processor.py:914} INFO - Processing file /home/ubuntu/airflow/dags/zillowanalytics.py for tasks to queue
[2025-04-05T04:02:58.436+0000] {logging_mixin.py:190} INFO - [2025-04-05T04:02:58.436+0000] {dagbag.py:588} INFO - Filling up the DagBag from /home/ubuntu/airflow/dags/zillowanalytics.py
[2025-04-05T04:02:58.452+0000] {processor.py:925} INFO - DAG(s) 'zillow_analytics' retrieved from /home/ubuntu/airflow/dags/zillowanalytics.py
[2025-04-05T04:02:58.653+0000] {logging_mixin.py:190} INFO - [2025-04-05T04:02:58.653+0000] {dag.py:3239} INFO - Sync 1 DAGs
[2025-04-05T04:02:58.669+0000] {logging_mixin.py:190} INFO - [2025-04-05T04:02:58.669+0000] {dag.py:4180} INFO - Setting next_dagrun for zillow_analytics to 2025-04-05 00:00:00+00:00, run_after=2025-04-06 00:00:00+00:00
[2025-04-05T04:02:58.690+0000] {processor.py:208} INFO - Processing /home/ubuntu/airflow/dags/zillowanalytics.py took 0.262 seconds
[2025-04-05T04:03:28.799+0000] {processor.py:186} INFO - Started process (PID=2125) to work on /home/ubuntu/airflow/dags/zillowanalytics.py
[2025-04-05T04:03:28.801+0000] {processor.py:914} INFO - Processing file /home/ubuntu/airflow/dags/zillowanalytics.py for tasks to queue
[2025-04-05T04:03:28.803+0000] {logging_mixin.py:190} INFO - [2025-04-05T04:03:28.802+0000] {dagbag.py:588} INFO - Filling up the DagBag from /home/ubuntu/airflow/dags/zillowanalytics.py
[2025-04-05T04:03:28.815+0000] {processor.py:925} INFO - DAG(s) 'zillow_analytics' retrieved from /home/ubuntu/airflow/dags/zillowanalytics.py
[2025-04-05T04:03:29.017+0000] {logging_mixin.py:190} INFO - [2025-04-05T04:03:29.017+0000] {dag.py:3239} INFO - Sync 1 DAGs
[2025-04-05T04:03:29.033+0000] {logging_mixin.py:190} INFO - [2025-04-05T04:03:29.033+0000] {dag.py:4180} INFO - Setting next_dagrun for zillow_analytics to 2025-04-05 00:00:00+00:00, run_after=2025-04-06 00:00:00+00:00
[2025-04-05T04:03:29.053+0000] {processor.py:208} INFO - Processing /home/ubuntu/airflow/dags/zillowanalytics.py took 0.259 seconds
[2025-04-05T04:03:59.165+0000] {processor.py:186} INFO - Started process (PID=2127) to work on /home/ubuntu/airflow/dags/zillowanalytics.py
[2025-04-05T04:03:59.165+0000] {processor.py:914} INFO - Processing file /home/ubuntu/airflow/dags/zillowanalytics.py for tasks to queue
[2025-04-05T04:03:59.167+0000] {logging_mixin.py:190} INFO - [2025-04-05T04:03:59.167+0000] {dagbag.py:588} INFO - Filling up the DagBag from /home/ubuntu/airflow/dags/zillowanalytics.py
[2025-04-05T04:03:59.181+0000] {processor.py:925} INFO - DAG(s) 'zillow_analytics' retrieved from /home/ubuntu/airflow/dags/zillowanalytics.py
[2025-04-05T04:03:59.373+0000] {logging_mixin.py:190} INFO - [2025-04-05T04:03:59.373+0000] {dag.py:3239} INFO - Sync 1 DAGs
[2025-04-05T04:03:59.387+0000] {logging_mixin.py:190} INFO - [2025-04-05T04:03:59.387+0000] {dag.py:4180} INFO - Setting next_dagrun for zillow_analytics to 2025-04-05 00:00:00+00:00, run_after=2025-04-06 00:00:00+00:00
[2025-04-05T04:03:59.407+0000] {processor.py:208} INFO - Processing /home/ubuntu/airflow/dags/zillowanalytics.py took 0.249 seconds
[2025-04-05T04:04:29.529+0000] {processor.py:186} INFO - Started process (PID=2129) to work on /home/ubuntu/airflow/dags/zillowanalytics.py
[2025-04-05T04:04:29.532+0000] {processor.py:914} INFO - Processing file /home/ubuntu/airflow/dags/zillowanalytics.py for tasks to queue
[2025-04-05T04:04:29.534+0000] {logging_mixin.py:190} INFO - [2025-04-05T04:04:29.533+0000] {dagbag.py:588} INFO - Filling up the DagBag from /home/ubuntu/airflow/dags/zillowanalytics.py
[2025-04-05T04:04:29.547+0000] {processor.py:925} INFO - DAG(s) 'zillow_analytics' retrieved from /home/ubuntu/airflow/dags/zillowanalytics.py
[2025-04-05T04:04:29.744+0000] {logging_mixin.py:190} INFO - [2025-04-05T04:04:29.743+0000] {dag.py:3239} INFO - Sync 1 DAGs
[2025-04-05T04:04:29.757+0000] {logging_mixin.py:190} INFO - [2025-04-05T04:04:29.757+0000] {dag.py:4180} INFO - Setting next_dagrun for zillow_analytics to 2025-04-05 00:00:00+00:00, run_after=2025-04-06 00:00:00+00:00
[2025-04-05T04:04:29.778+0000] {processor.py:208} INFO - Processing /home/ubuntu/airflow/dags/zillowanalytics.py took 0.255 seconds
[2025-04-05T04:04:59.897+0000] {processor.py:186} INFO - Started process (PID=2130) to work on /home/ubuntu/airflow/dags/zillowanalytics.py
[2025-04-05T04:04:59.897+0000] {processor.py:914} INFO - Processing file /home/ubuntu/airflow/dags/zillowanalytics.py for tasks to queue
[2025-04-05T04:04:59.899+0000] {logging_mixin.py:190} INFO - [2025-04-05T04:04:59.899+0000] {dagbag.py:588} INFO - Filling up the DagBag from /home/ubuntu/airflow/dags/zillowanalytics.py
[2025-04-05T04:04:59.912+0000] {processor.py:925} INFO - DAG(s) 'zillow_analytics' retrieved from /home/ubuntu/airflow/dags/zillowanalytics.py
[2025-04-05T04:05:00.131+0000] {logging_mixin.py:190} INFO - [2025-04-05T04:05:00.131+0000] {dag.py:3239} INFO - Sync 1 DAGs
[2025-04-05T04:05:00.148+0000] {logging_mixin.py:190} INFO - [2025-04-05T04:05:00.147+0000] {dag.py:4180} INFO - Setting next_dagrun for zillow_analytics to 2025-04-05 00:00:00+00:00, run_after=2025-04-06 00:00:00+00:00
[2025-04-05T04:05:00.169+0000] {processor.py:208} INFO - Processing /home/ubuntu/airflow/dags/zillowanalytics.py took 0.278 seconds
[2025-04-05T04:05:30.264+0000] {processor.py:186} INFO - Started process (PID=2136) to work on /home/ubuntu/airflow/dags/zillowanalytics.py
[2025-04-05T04:05:30.265+0000] {processor.py:914} INFO - Processing file /home/ubuntu/airflow/dags/zillowanalytics.py for tasks to queue
[2025-04-05T04:05:30.267+0000] {logging_mixin.py:190} INFO - [2025-04-05T04:05:30.266+0000] {dagbag.py:588} INFO - Filling up the DagBag from /home/ubuntu/airflow/dags/zillowanalytics.py
[2025-04-05T04:05:30.282+0000] {processor.py:925} INFO - DAG(s) 'zillow_analytics' retrieved from /home/ubuntu/airflow/dags/zillowanalytics.py
[2025-04-05T04:05:30.482+0000] {logging_mixin.py:190} INFO - [2025-04-05T04:05:30.481+0000] {dag.py:3239} INFO - Sync 1 DAGs
[2025-04-05T04:05:30.497+0000] {logging_mixin.py:190} INFO - [2025-04-05T04:05:30.497+0000] {dag.py:4180} INFO - Setting next_dagrun for zillow_analytics to 2025-04-05 00:00:00+00:00, run_after=2025-04-06 00:00:00+00:00
[2025-04-05T04:05:30.516+0000] {processor.py:208} INFO - Processing /home/ubuntu/airflow/dags/zillowanalytics.py took 0.257 seconds
[2025-04-05T04:06:00.629+0000] {processor.py:186} INFO - Started process (PID=2137) to work on /home/ubuntu/airflow/dags/zillowanalytics.py
[2025-04-05T04:06:00.631+0000] {processor.py:914} INFO - Processing file /home/ubuntu/airflow/dags/zillowanalytics.py for tasks to queue
[2025-04-05T04:06:00.633+0000] {logging_mixin.py:190} INFO - [2025-04-05T04:06:00.633+0000] {dagbag.py:588} INFO - Filling up the DagBag from /home/ubuntu/airflow/dags/zillowanalytics.py
[2025-04-05T04:06:00.646+0000] {processor.py:925} INFO - DAG(s) 'zillow_analytics' retrieved from /home/ubuntu/airflow/dags/zillowanalytics.py
[2025-04-05T04:06:00.839+0000] {logging_mixin.py:190} INFO - [2025-04-05T04:06:00.838+0000] {dag.py:3239} INFO - Sync 1 DAGs
[2025-04-05T04:06:00.853+0000] {logging_mixin.py:190} INFO - [2025-04-05T04:06:00.853+0000] {dag.py:4180} INFO - Setting next_dagrun for zillow_analytics to 2025-04-05 00:00:00+00:00, run_after=2025-04-06 00:00:00+00:00
[2025-04-05T04:06:00.874+0000] {processor.py:208} INFO - Processing /home/ubuntu/airflow/dags/zillowanalytics.py took 0.250 seconds
[2025-04-05T04:06:30.996+0000] {processor.py:186} INFO - Started process (PID=2138) to work on /home/ubuntu/airflow/dags/zillowanalytics.py
[2025-04-05T04:06:30.997+0000] {processor.py:914} INFO - Processing file /home/ubuntu/airflow/dags/zillowanalytics.py for tasks to queue
[2025-04-05T04:06:31.000+0000] {logging_mixin.py:190} INFO - [2025-04-05T04:06:30.999+0000] {dagbag.py:588} INFO - Filling up the DagBag from /home/ubuntu/airflow/dags/zillowanalytics.py
[2025-04-05T04:06:31.015+0000] {processor.py:925} INFO - DAG(s) 'zillow_analytics' retrieved from /home/ubuntu/airflow/dags/zillowanalytics.py
[2025-04-05T04:06:31.207+0000] {logging_mixin.py:190} INFO - [2025-04-05T04:06:31.207+0000] {dag.py:3239} INFO - Sync 1 DAGs
[2025-04-05T04:06:31.222+0000] {logging_mixin.py:190} INFO - [2025-04-05T04:06:31.221+0000] {dag.py:4180} INFO - Setting next_dagrun for zillow_analytics to 2025-04-05 00:00:00+00:00, run_after=2025-04-06 00:00:00+00:00
[2025-04-05T04:06:31.246+0000] {processor.py:208} INFO - Processing /home/ubuntu/airflow/dags/zillowanalytics.py took 0.256 seconds
[2025-04-05T04:07:01.364+0000] {processor.py:186} INFO - Started process (PID=2140) to work on /home/ubuntu/airflow/dags/zillowanalytics.py
[2025-04-05T04:07:01.365+0000] {processor.py:914} INFO - Processing file /home/ubuntu/airflow/dags/zillowanalytics.py for tasks to queue
[2025-04-05T04:07:01.367+0000] {logging_mixin.py:190} INFO - [2025-04-05T04:07:01.366+0000] {dagbag.py:588} INFO - Filling up the DagBag from /home/ubuntu/airflow/dags/zillowanalytics.py
[2025-04-05T04:07:01.380+0000] {processor.py:925} INFO - DAG(s) 'zillow_analytics' retrieved from /home/ubuntu/airflow/dags/zillowanalytics.py
[2025-04-05T04:07:01.583+0000] {logging_mixin.py:190} INFO - [2025-04-05T04:07:01.582+0000] {dag.py:3239} INFO - Sync 1 DAGs
[2025-04-05T04:07:01.599+0000] {logging_mixin.py:190} INFO - [2025-04-05T04:07:01.599+0000] {dag.py:4180} INFO - Setting next_dagrun for zillow_analytics to 2025-04-05 00:00:00+00:00, run_after=2025-04-06 00:00:00+00:00
[2025-04-05T04:07:01.620+0000] {processor.py:208} INFO - Processing /home/ubuntu/airflow/dags/zillowanalytics.py took 0.262 seconds
[2025-04-05T04:07:31.732+0000] {processor.py:186} INFO - Started process (PID=2141) to work on /home/ubuntu/airflow/dags/zillowanalytics.py
[2025-04-05T04:07:31.734+0000] {processor.py:914} INFO - Processing file /home/ubuntu/airflow/dags/zillowanalytics.py for tasks to queue
[2025-04-05T04:07:31.735+0000] {logging_mixin.py:190} INFO - [2025-04-05T04:07:31.735+0000] {dagbag.py:588} INFO - Filling up the DagBag from /home/ubuntu/airflow/dags/zillowanalytics.py
[2025-04-05T04:07:31.750+0000] {processor.py:925} INFO - DAG(s) 'zillow_analytics' retrieved from /home/ubuntu/airflow/dags/zillowanalytics.py
[2025-04-05T04:07:31.940+0000] {logging_mixin.py:190} INFO - [2025-04-05T04:07:31.940+0000] {dag.py:3239} INFO - Sync 1 DAGs
[2025-04-05T04:07:31.956+0000] {logging_mixin.py:190} INFO - [2025-04-05T04:07:31.956+0000] {dag.py:4180} INFO - Setting next_dagrun for zillow_analytics to 2025-04-05 00:00:00+00:00, run_after=2025-04-06 00:00:00+00:00
[2025-04-05T04:07:31.975+0000] {processor.py:208} INFO - Processing /home/ubuntu/airflow/dags/zillowanalytics.py took 0.249 seconds
[2025-04-05T04:08:02.099+0000] {processor.py:186} INFO - Started process (PID=2143) to work on /home/ubuntu/airflow/dags/zillowanalytics.py
[2025-04-05T04:08:02.100+0000] {processor.py:914} INFO - Processing file /home/ubuntu/airflow/dags/zillowanalytics.py for tasks to queue
[2025-04-05T04:08:02.102+0000] {logging_mixin.py:190} INFO - [2025-04-05T04:08:02.102+0000] {dagbag.py:588} INFO - Filling up the DagBag from /home/ubuntu/airflow/dags/zillowanalytics.py
[2025-04-05T04:08:02.116+0000] {processor.py:925} INFO - DAG(s) 'zillow_analytics' retrieved from /home/ubuntu/airflow/dags/zillowanalytics.py
[2025-04-05T04:08:02.321+0000] {logging_mixin.py:190} INFO - [2025-04-05T04:08:02.320+0000] {dag.py:3239} INFO - Sync 1 DAGs
[2025-04-05T04:08:02.336+0000] {logging_mixin.py:190} INFO - [2025-04-05T04:08:02.336+0000] {dag.py:4180} INFO - Setting next_dagrun for zillow_analytics to 2025-04-05 00:00:00+00:00, run_after=2025-04-06 00:00:00+00:00
[2025-04-05T04:08:02.356+0000] {processor.py:208} INFO - Processing /home/ubuntu/airflow/dags/zillowanalytics.py took 0.263 seconds
[2025-04-05T04:08:32.465+0000] {processor.py:186} INFO - Started process (PID=2144) to work on /home/ubuntu/airflow/dags/zillowanalytics.py
[2025-04-05T04:08:32.467+0000] {processor.py:914} INFO - Processing file /home/ubuntu/airflow/dags/zillowanalytics.py for tasks to queue
[2025-04-05T04:08:32.469+0000] {logging_mixin.py:190} INFO - [2025-04-05T04:08:32.469+0000] {dagbag.py:588} INFO - Filling up the DagBag from /home/ubuntu/airflow/dags/zillowanalytics.py
[2025-04-05T04:08:32.483+0000] {processor.py:925} INFO - DAG(s) 'zillow_analytics' retrieved from /home/ubuntu/airflow/dags/zillowanalytics.py
[2025-04-05T04:08:32.688+0000] {logging_mixin.py:190} INFO - [2025-04-05T04:08:32.688+0000] {dag.py:3239} INFO - Sync 1 DAGs
[2025-04-05T04:08:32.703+0000] {logging_mixin.py:190} INFO - [2025-04-05T04:08:32.703+0000] {dag.py:4180} INFO - Setting next_dagrun for zillow_analytics to 2025-04-05 00:00:00+00:00, run_after=2025-04-06 00:00:00+00:00
[2025-04-05T04:08:32.723+0000] {processor.py:208} INFO - Processing /home/ubuntu/airflow/dags/zillowanalytics.py took 0.263 seconds
[2025-04-05T04:09:02.835+0000] {processor.py:186} INFO - Started process (PID=2581) to work on /home/ubuntu/airflow/dags/zillowanalytics.py
[2025-04-05T04:09:02.837+0000] {processor.py:914} INFO - Processing file /home/ubuntu/airflow/dags/zillowanalytics.py for tasks to queue
[2025-04-05T04:09:02.840+0000] {logging_mixin.py:190} INFO - [2025-04-05T04:09:02.839+0000] {dagbag.py:588} INFO - Filling up the DagBag from /home/ubuntu/airflow/dags/zillowanalytics.py
[2025-04-05T04:09:02.855+0000] {processor.py:925} INFO - DAG(s) 'zillow_analytics' retrieved from /home/ubuntu/airflow/dags/zillowanalytics.py
[2025-04-05T04:09:03.065+0000] {logging_mixin.py:190} INFO - [2025-04-05T04:09:03.065+0000] {dag.py:3239} INFO - Sync 1 DAGs
[2025-04-05T04:09:03.082+0000] {logging_mixin.py:190} INFO - [2025-04-05T04:09:03.081+0000] {dag.py:4180} INFO - Setting next_dagrun for zillow_analytics to 2025-04-05 00:00:00+00:00, run_after=2025-04-06 00:00:00+00:00
[2025-04-05T04:09:03.101+0000] {processor.py:208} INFO - Processing /home/ubuntu/airflow/dags/zillowanalytics.py took 0.271 seconds
[2025-04-05T04:09:33.200+0000] {processor.py:186} INFO - Started process (PID=2582) to work on /home/ubuntu/airflow/dags/zillowanalytics.py
[2025-04-05T04:09:33.200+0000] {processor.py:914} INFO - Processing file /home/ubuntu/airflow/dags/zillowanalytics.py for tasks to queue
[2025-04-05T04:09:33.203+0000] {logging_mixin.py:190} INFO - [2025-04-05T04:09:33.203+0000] {dagbag.py:588} INFO - Filling up the DagBag from /home/ubuntu/airflow/dags/zillowanalytics.py
[2025-04-05T04:09:33.216+0000] {processor.py:925} INFO - DAG(s) 'zillow_analytics' retrieved from /home/ubuntu/airflow/dags/zillowanalytics.py
[2025-04-05T04:09:33.414+0000] {logging_mixin.py:190} INFO - [2025-04-05T04:09:33.414+0000] {dag.py:3239} INFO - Sync 1 DAGs
[2025-04-05T04:09:33.429+0000] {logging_mixin.py:190} INFO - [2025-04-05T04:09:33.429+0000] {dag.py:4180} INFO - Setting next_dagrun for zillow_analytics to 2025-04-05 00:00:00+00:00, run_after=2025-04-06 00:00:00+00:00
[2025-04-05T04:09:33.446+0000] {processor.py:208} INFO - Processing /home/ubuntu/airflow/dags/zillowanalytics.py took 0.252 seconds
[2025-04-05T04:10:03.567+0000] {processor.py:186} INFO - Started process (PID=2584) to work on /home/ubuntu/airflow/dags/zillowanalytics.py
[2025-04-05T04:10:03.568+0000] {processor.py:914} INFO - Processing file /home/ubuntu/airflow/dags/zillowanalytics.py for tasks to queue
[2025-04-05T04:10:03.571+0000] {logging_mixin.py:190} INFO - [2025-04-05T04:10:03.570+0000] {dagbag.py:588} INFO - Filling up the DagBag from /home/ubuntu/airflow/dags/zillowanalytics.py
[2025-04-05T04:10:03.585+0000] {processor.py:925} INFO - DAG(s) 'zillow_analytics' retrieved from /home/ubuntu/airflow/dags/zillowanalytics.py
[2025-04-05T04:10:03.796+0000] {logging_mixin.py:190} INFO - [2025-04-05T04:10:03.796+0000] {dag.py:3239} INFO - Sync 1 DAGs
[2025-04-05T04:10:03.813+0000] {logging_mixin.py:190} INFO - [2025-04-05T04:10:03.812+0000] {dag.py:4180} INFO - Setting next_dagrun for zillow_analytics to 2025-04-05 00:00:00+00:00, run_after=2025-04-06 00:00:00+00:00
[2025-04-05T04:10:03.832+0000] {processor.py:208} INFO - Processing /home/ubuntu/airflow/dags/zillowanalytics.py took 0.270 seconds
[2025-04-05T04:10:33.932+0000] {processor.py:186} INFO - Started process (PID=2587) to work on /home/ubuntu/airflow/dags/zillowanalytics.py
[2025-04-05T04:10:33.934+0000] {processor.py:914} INFO - Processing file /home/ubuntu/airflow/dags/zillowanalytics.py for tasks to queue
[2025-04-05T04:10:33.935+0000] {logging_mixin.py:190} INFO - [2025-04-05T04:10:33.935+0000] {dagbag.py:588} INFO - Filling up the DagBag from /home/ubuntu/airflow/dags/zillowanalytics.py
[2025-04-05T04:10:33.948+0000] {processor.py:925} INFO - DAG(s) 'zillow_analytics' retrieved from /home/ubuntu/airflow/dags/zillowanalytics.py
[2025-04-05T04:10:34.151+0000] {logging_mixin.py:190} INFO - [2025-04-05T04:10:34.151+0000] {dag.py:3239} INFO - Sync 1 DAGs
[2025-04-05T04:10:34.168+0000] {logging_mixin.py:190} INFO - [2025-04-05T04:10:34.168+0000] {dag.py:4180} INFO - Setting next_dagrun for zillow_analytics to 2025-04-05 00:00:00+00:00, run_after=2025-04-06 00:00:00+00:00
[2025-04-05T04:10:34.187+0000] {processor.py:208} INFO - Processing /home/ubuntu/airflow/dags/zillowanalytics.py took 0.260 seconds
[2025-04-05T04:11:04.298+0000] {processor.py:186} INFO - Started process (PID=2588) to work on /home/ubuntu/airflow/dags/zillowanalytics.py
[2025-04-05T04:11:04.300+0000] {processor.py:914} INFO - Processing file /home/ubuntu/airflow/dags/zillowanalytics.py for tasks to queue
[2025-04-05T04:11:04.302+0000] {logging_mixin.py:190} INFO - [2025-04-05T04:11:04.301+0000] {dagbag.py:588} INFO - Filling up the DagBag from /home/ubuntu/airflow/dags/zillowanalytics.py
[2025-04-05T04:11:04.316+0000] {processor.py:925} INFO - DAG(s) 'zillow_analytics' retrieved from /home/ubuntu/airflow/dags/zillowanalytics.py
[2025-04-05T04:11:04.524+0000] {logging_mixin.py:190} INFO - [2025-04-05T04:11:04.524+0000] {dag.py:3239} INFO - Sync 1 DAGs
[2025-04-05T04:11:04.541+0000] {logging_mixin.py:190} INFO - [2025-04-05T04:11:04.540+0000] {dag.py:4180} INFO - Setting next_dagrun for zillow_analytics to 2025-04-05 00:00:00+00:00, run_after=2025-04-06 00:00:00+00:00
[2025-04-05T04:11:04.562+0000] {processor.py:208} INFO - Processing /home/ubuntu/airflow/dags/zillowanalytics.py took 0.269 seconds
[2025-04-05T04:11:34.665+0000] {processor.py:186} INFO - Started process (PID=2589) to work on /home/ubuntu/airflow/dags/zillowanalytics.py
[2025-04-05T04:11:34.666+0000] {processor.py:914} INFO - Processing file /home/ubuntu/airflow/dags/zillowanalytics.py for tasks to queue
[2025-04-05T04:11:34.668+0000] {logging_mixin.py:190} INFO - [2025-04-05T04:11:34.668+0000] {dagbag.py:588} INFO - Filling up the DagBag from /home/ubuntu/airflow/dags/zillowanalytics.py
[2025-04-05T04:11:34.682+0000] {processor.py:925} INFO - DAG(s) 'zillow_analytics' retrieved from /home/ubuntu/airflow/dags/zillowanalytics.py
[2025-04-05T04:11:34.879+0000] {logging_mixin.py:190} INFO - [2025-04-05T04:11:34.879+0000] {dag.py:3239} INFO - Sync 1 DAGs
[2025-04-05T04:11:34.895+0000] {logging_mixin.py:190} INFO - [2025-04-05T04:11:34.895+0000] {dag.py:4180} INFO - Setting next_dagrun for zillow_analytics to 2025-04-05 00:00:00+00:00, run_after=2025-04-06 00:00:00+00:00
[2025-04-05T04:11:34.916+0000] {processor.py:208} INFO - Processing /home/ubuntu/airflow/dags/zillowanalytics.py took 0.257 seconds
[2025-04-05T04:12:05.032+0000] {processor.py:186} INFO - Started process (PID=2590) to work on /home/ubuntu/airflow/dags/zillowanalytics.py
[2025-04-05T04:12:05.033+0000] {processor.py:914} INFO - Processing file /home/ubuntu/airflow/dags/zillowanalytics.py for tasks to queue
[2025-04-05T04:12:05.035+0000] {logging_mixin.py:190} INFO - [2025-04-05T04:12:05.035+0000] {dagbag.py:588} INFO - Filling up the DagBag from /home/ubuntu/airflow/dags/zillowanalytics.py
[2025-04-05T04:12:05.049+0000] {processor.py:925} INFO - DAG(s) 'zillow_analytics' retrieved from /home/ubuntu/airflow/dags/zillowanalytics.py
[2025-04-05T04:12:05.250+0000] {logging_mixin.py:190} INFO - [2025-04-05T04:12:05.249+0000] {dag.py:3239} INFO - Sync 1 DAGs
[2025-04-05T04:12:05.265+0000] {logging_mixin.py:190} INFO - [2025-04-05T04:12:05.264+0000] {dag.py:4180} INFO - Setting next_dagrun for zillow_analytics to 2025-04-05 00:00:00+00:00, run_after=2025-04-06 00:00:00+00:00
[2025-04-05T04:12:05.286+0000] {processor.py:208} INFO - Processing /home/ubuntu/airflow/dags/zillowanalytics.py took 0.259 seconds
[2025-04-05T04:12:35.411+0000] {processor.py:186} INFO - Started process (PID=2592) to work on /home/ubuntu/airflow/dags/zillowanalytics.py
[2025-04-05T04:12:35.412+0000] {processor.py:914} INFO - Processing file /home/ubuntu/airflow/dags/zillowanalytics.py for tasks to queue
[2025-04-05T04:12:35.414+0000] {logging_mixin.py:190} INFO - [2025-04-05T04:12:35.414+0000] {dagbag.py:588} INFO - Filling up the DagBag from /home/ubuntu/airflow/dags/zillowanalytics.py
[2025-04-05T04:12:35.429+0000] {processor.py:925} INFO - DAG(s) 'zillow_analytics' retrieved from /home/ubuntu/airflow/dags/zillowanalytics.py
[2025-04-05T04:12:35.633+0000] {logging_mixin.py:190} INFO - [2025-04-05T04:12:35.633+0000] {dag.py:3239} INFO - Sync 1 DAGs
[2025-04-05T04:12:35.648+0000] {logging_mixin.py:190} INFO - [2025-04-05T04:12:35.648+0000] {dag.py:4180} INFO - Setting next_dagrun for zillow_analytics to 2025-04-05 00:00:00+00:00, run_after=2025-04-06 00:00:00+00:00
[2025-04-05T04:12:35.669+0000] {processor.py:208} INFO - Processing /home/ubuntu/airflow/dags/zillowanalytics.py took 0.264 seconds
[2025-04-05T04:13:05.785+0000] {processor.py:186} INFO - Started process (PID=2596) to work on /home/ubuntu/airflow/dags/zillowanalytics.py
[2025-04-05T04:13:05.786+0000] {processor.py:914} INFO - Processing file /home/ubuntu/airflow/dags/zillowanalytics.py for tasks to queue
[2025-04-05T04:13:05.787+0000] {logging_mixin.py:190} INFO - [2025-04-05T04:13:05.787+0000] {dagbag.py:588} INFO - Filling up the DagBag from /home/ubuntu/airflow/dags/zillowanalytics.py
[2025-04-05T04:13:05.803+0000] {processor.py:925} INFO - DAG(s) 'zillow_analytics' retrieved from /home/ubuntu/airflow/dags/zillowanalytics.py
[2025-04-05T04:13:05.999+0000] {logging_mixin.py:190} INFO - [2025-04-05T04:13:05.999+0000] {dag.py:3239} INFO - Sync 1 DAGs
[2025-04-05T04:13:06.014+0000] {logging_mixin.py:190} INFO - [2025-04-05T04:13:06.014+0000] {dag.py:4180} INFO - Setting next_dagrun for zillow_analytics to 2025-04-05 00:00:00+00:00, run_after=2025-04-06 00:00:00+00:00
[2025-04-05T04:13:06.034+0000] {processor.py:208} INFO - Processing /home/ubuntu/airflow/dags/zillowanalytics.py took 0.255 seconds
[2025-04-05T04:13:36.160+0000] {processor.py:186} INFO - Started process (PID=2597) to work on /home/ubuntu/airflow/dags/zillowanalytics.py
[2025-04-05T04:13:36.162+0000] {processor.py:914} INFO - Processing file /home/ubuntu/airflow/dags/zillowanalytics.py for tasks to queue
[2025-04-05T04:13:36.163+0000] {logging_mixin.py:190} INFO - [2025-04-05T04:13:36.163+0000] {dagbag.py:588} INFO - Filling up the DagBag from /home/ubuntu/airflow/dags/zillowanalytics.py
[2025-04-05T04:13:36.178+0000] {processor.py:925} INFO - DAG(s) 'zillow_analytics' retrieved from /home/ubuntu/airflow/dags/zillowanalytics.py
[2025-04-05T04:13:36.372+0000] {logging_mixin.py:190} INFO - [2025-04-05T04:13:36.372+0000] {dag.py:3239} INFO - Sync 1 DAGs
[2025-04-05T04:13:36.385+0000] {logging_mixin.py:190} INFO - [2025-04-05T04:13:36.385+0000] {dag.py:4180} INFO - Setting next_dagrun for zillow_analytics to 2025-04-05 00:00:00+00:00, run_after=2025-04-06 00:00:00+00:00
[2025-04-05T04:13:36.405+0000] {processor.py:208} INFO - Processing /home/ubuntu/airflow/dags/zillowanalytics.py took 0.250 seconds
[2025-04-05T04:14:06.536+0000] {processor.py:186} INFO - Started process (PID=2601) to work on /home/ubuntu/airflow/dags/zillowanalytics.py
[2025-04-05T04:14:06.537+0000] {processor.py:914} INFO - Processing file /home/ubuntu/airflow/dags/zillowanalytics.py for tasks to queue
[2025-04-05T04:14:06.538+0000] {logging_mixin.py:190} INFO - [2025-04-05T04:14:06.538+0000] {dagbag.py:588} INFO - Filling up the DagBag from /home/ubuntu/airflow/dags/zillowanalytics.py
[2025-04-05T04:14:06.552+0000] {processor.py:925} INFO - DAG(s) 'zillow_analytics' retrieved from /home/ubuntu/airflow/dags/zillowanalytics.py
[2025-04-05T04:14:06.751+0000] {logging_mixin.py:190} INFO - [2025-04-05T04:14:06.751+0000] {dag.py:3239} INFO - Sync 1 DAGs
[2025-04-05T04:14:06.765+0000] {logging_mixin.py:190} INFO - [2025-04-05T04:14:06.765+0000] {dag.py:4180} INFO - Setting next_dagrun for zillow_analytics to 2025-04-05 00:00:00+00:00, run_after=2025-04-06 00:00:00+00:00
[2025-04-05T04:14:06.785+0000] {processor.py:208} INFO - Processing /home/ubuntu/airflow/dags/zillowanalytics.py took 0.255 seconds
[2025-04-05T04:14:36.913+0000] {processor.py:186} INFO - Started process (PID=2602) to work on /home/ubuntu/airflow/dags/zillowanalytics.py
[2025-04-05T04:14:36.915+0000] {processor.py:914} INFO - Processing file /home/ubuntu/airflow/dags/zillowanalytics.py for tasks to queue
[2025-04-05T04:14:36.917+0000] {logging_mixin.py:190} INFO - [2025-04-05T04:14:36.916+0000] {dagbag.py:588} INFO - Filling up the DagBag from /home/ubuntu/airflow/dags/zillowanalytics.py
[2025-04-05T04:14:36.931+0000] {processor.py:925} INFO - DAG(s) 'zillow_analytics' retrieved from /home/ubuntu/airflow/dags/zillowanalytics.py
[2025-04-05T04:14:37.130+0000] {logging_mixin.py:190} INFO - [2025-04-05T04:14:37.129+0000] {dag.py:3239} INFO - Sync 1 DAGs
[2025-04-05T04:14:37.144+0000] {logging_mixin.py:190} INFO - [2025-04-05T04:14:37.144+0000] {dag.py:4180} INFO - Setting next_dagrun for zillow_analytics to 2025-04-05 00:00:00+00:00, run_after=2025-04-06 00:00:00+00:00
[2025-04-05T04:14:37.165+0000] {processor.py:208} INFO - Processing /home/ubuntu/airflow/dags/zillowanalytics.py took 0.256 seconds
[2025-04-05T04:15:07.291+0000] {processor.py:186} INFO - Started process (PID=2606) to work on /home/ubuntu/airflow/dags/zillowanalytics.py
[2025-04-05T04:15:07.293+0000] {processor.py:914} INFO - Processing file /home/ubuntu/airflow/dags/zillowanalytics.py for tasks to queue
[2025-04-05T04:15:07.295+0000] {logging_mixin.py:190} INFO - [2025-04-05T04:15:07.294+0000] {dagbag.py:588} INFO - Filling up the DagBag from /home/ubuntu/airflow/dags/zillowanalytics.py
[2025-04-05T04:15:07.310+0000] {processor.py:925} INFO - DAG(s) 'zillow_analytics' retrieved from /home/ubuntu/airflow/dags/zillowanalytics.py
[2025-04-05T04:15:07.504+0000] {logging_mixin.py:190} INFO - [2025-04-05T04:15:07.504+0000] {dag.py:3239} INFO - Sync 1 DAGs
[2025-04-05T04:15:07.520+0000] {logging_mixin.py:190} INFO - [2025-04-05T04:15:07.520+0000] {dag.py:4180} INFO - Setting next_dagrun for zillow_analytics to 2025-04-05 00:00:00+00:00, run_after=2025-04-06 00:00:00+00:00
[2025-04-05T04:15:07.539+0000] {processor.py:208} INFO - Processing /home/ubuntu/airflow/dags/zillowanalytics.py took 0.253 seconds
[2025-04-05T04:15:37.667+0000] {processor.py:186} INFO - Started process (PID=2607) to work on /home/ubuntu/airflow/dags/zillowanalytics.py
[2025-04-05T04:15:37.669+0000] {processor.py:914} INFO - Processing file /home/ubuntu/airflow/dags/zillowanalytics.py for tasks to queue
[2025-04-05T04:15:37.671+0000] {logging_mixin.py:190} INFO - [2025-04-05T04:15:37.671+0000] {dagbag.py:588} INFO - Filling up the DagBag from /home/ubuntu/airflow/dags/zillowanalytics.py
[2025-04-05T04:15:37.685+0000] {processor.py:925} INFO - DAG(s) 'zillow_analytics' retrieved from /home/ubuntu/airflow/dags/zillowanalytics.py
[2025-04-05T04:15:37.886+0000] {logging_mixin.py:190} INFO - [2025-04-05T04:15:37.886+0000] {dag.py:3239} INFO - Sync 1 DAGs
[2025-04-05T04:15:37.902+0000] {logging_mixin.py:190} INFO - [2025-04-05T04:15:37.902+0000] {dag.py:4180} INFO - Setting next_dagrun for zillow_analytics to 2025-04-05 00:00:00+00:00, run_after=2025-04-06 00:00:00+00:00
[2025-04-05T04:15:37.924+0000] {processor.py:208} INFO - Processing /home/ubuntu/airflow/dags/zillowanalytics.py took 0.261 seconds
[2025-04-05T04:16:08.045+0000] {processor.py:186} INFO - Started process (PID=2609) to work on /home/ubuntu/airflow/dags/zillowanalytics.py
[2025-04-05T04:16:08.045+0000] {processor.py:914} INFO - Processing file /home/ubuntu/airflow/dags/zillowanalytics.py for tasks to queue
[2025-04-05T04:16:08.047+0000] {logging_mixin.py:190} INFO - [2025-04-05T04:16:08.047+0000] {dagbag.py:588} INFO - Filling up the DagBag from /home/ubuntu/airflow/dags/zillowanalytics.py
[2025-04-05T04:16:08.061+0000] {processor.py:925} INFO - DAG(s) 'zillow_analytics' retrieved from /home/ubuntu/airflow/dags/zillowanalytics.py
[2025-04-05T04:16:08.258+0000] {logging_mixin.py:190} INFO - [2025-04-05T04:16:08.257+0000] {dag.py:3239} INFO - Sync 1 DAGs
[2025-04-05T04:16:08.272+0000] {logging_mixin.py:190} INFO - [2025-04-05T04:16:08.272+0000] {dag.py:4180} INFO - Setting next_dagrun for zillow_analytics to 2025-04-05 00:00:00+00:00, run_after=2025-04-06 00:00:00+00:00
[2025-04-05T04:16:08.296+0000] {processor.py:208} INFO - Processing /home/ubuntu/airflow/dags/zillowanalytics.py took 0.257 seconds
[2025-04-05T04:16:38.420+0000] {processor.py:186} INFO - Started process (PID=2611) to work on /home/ubuntu/airflow/dags/zillowanalytics.py
[2025-04-05T04:16:38.422+0000] {processor.py:914} INFO - Processing file /home/ubuntu/airflow/dags/zillowanalytics.py for tasks to queue
[2025-04-05T04:16:38.424+0000] {logging_mixin.py:190} INFO - [2025-04-05T04:16:38.424+0000] {dagbag.py:588} INFO - Filling up the DagBag from /home/ubuntu/airflow/dags/zillowanalytics.py
[2025-04-05T04:16:38.440+0000] {processor.py:925} INFO - DAG(s) 'zillow_analytics' retrieved from /home/ubuntu/airflow/dags/zillowanalytics.py
[2025-04-05T04:16:38.643+0000] {logging_mixin.py:190} INFO - [2025-04-05T04:16:38.642+0000] {dag.py:3239} INFO - Sync 1 DAGs
[2025-04-05T04:16:38.657+0000] {logging_mixin.py:190} INFO - [2025-04-05T04:16:38.656+0000] {dag.py:4180} INFO - Setting next_dagrun for zillow_analytics to 2025-04-05 00:00:00+00:00, run_after=2025-04-06 00:00:00+00:00
[2025-04-05T04:16:38.677+0000] {processor.py:208} INFO - Processing /home/ubuntu/airflow/dags/zillowanalytics.py took 0.262 seconds
[2025-04-05T04:17:08.796+0000] {processor.py:186} INFO - Started process (PID=2615) to work on /home/ubuntu/airflow/dags/zillowanalytics.py
[2025-04-05T04:17:08.797+0000] {processor.py:914} INFO - Processing file /home/ubuntu/airflow/dags/zillowanalytics.py for tasks to queue
[2025-04-05T04:17:08.799+0000] {logging_mixin.py:190} INFO - [2025-04-05T04:17:08.798+0000] {dagbag.py:588} INFO - Filling up the DagBag from /home/ubuntu/airflow/dags/zillowanalytics.py
[2025-04-05T04:17:08.813+0000] {processor.py:925} INFO - DAG(s) 'zillow_analytics' retrieved from /home/ubuntu/airflow/dags/zillowanalytics.py
[2025-04-05T04:17:09.016+0000] {logging_mixin.py:190} INFO - [2025-04-05T04:17:09.016+0000] {dag.py:3239} INFO - Sync 1 DAGs
[2025-04-05T04:17:09.032+0000] {logging_mixin.py:190} INFO - [2025-04-05T04:17:09.032+0000] {dag.py:4180} INFO - Setting next_dagrun for zillow_analytics to 2025-04-05 00:00:00+00:00, run_after=2025-04-06 00:00:00+00:00
[2025-04-05T04:17:09.052+0000] {processor.py:208} INFO - Processing /home/ubuntu/airflow/dags/zillowanalytics.py took 0.262 seconds
[2025-04-05T04:17:39.171+0000] {processor.py:186} INFO - Started process (PID=2616) to work on /home/ubuntu/airflow/dags/zillowanalytics.py
[2025-04-05T04:17:39.172+0000] {processor.py:914} INFO - Processing file /home/ubuntu/airflow/dags/zillowanalytics.py for tasks to queue
[2025-04-05T04:17:39.174+0000] {logging_mixin.py:190} INFO - [2025-04-05T04:17:39.174+0000] {dagbag.py:588} INFO - Filling up the DagBag from /home/ubuntu/airflow/dags/zillowanalytics.py
[2025-04-05T04:17:39.188+0000] {processor.py:925} INFO - DAG(s) 'zillow_analytics' retrieved from /home/ubuntu/airflow/dags/zillowanalytics.py
[2025-04-05T04:17:39.394+0000] {logging_mixin.py:190} INFO - [2025-04-05T04:17:39.394+0000] {dag.py:3239} INFO - Sync 1 DAGs
[2025-04-05T04:17:39.410+0000] {logging_mixin.py:190} INFO - [2025-04-05T04:17:39.410+0000] {dag.py:4180} INFO - Setting next_dagrun for zillow_analytics to 2025-04-05 00:00:00+00:00, run_after=2025-04-06 00:00:00+00:00
[2025-04-05T04:17:39.429+0000] {processor.py:208} INFO - Processing /home/ubuntu/airflow/dags/zillowanalytics.py took 0.263 seconds
[2025-04-05T04:18:09.547+0000] {processor.py:186} INFO - Started process (PID=2617) to work on /home/ubuntu/airflow/dags/zillowanalytics.py
[2025-04-05T04:18:09.548+0000] {processor.py:914} INFO - Processing file /home/ubuntu/airflow/dags/zillowanalytics.py for tasks to queue
[2025-04-05T04:18:09.550+0000] {logging_mixin.py:190} INFO - [2025-04-05T04:18:09.550+0000] {dagbag.py:588} INFO - Filling up the DagBag from /home/ubuntu/airflow/dags/zillowanalytics.py
[2025-04-05T04:18:09.565+0000] {processor.py:925} INFO - DAG(s) 'zillow_analytics' retrieved from /home/ubuntu/airflow/dags/zillowanalytics.py
[2025-04-05T04:18:09.766+0000] {logging_mixin.py:190} INFO - [2025-04-05T04:18:09.766+0000] {dag.py:3239} INFO - Sync 1 DAGs
[2025-04-05T04:18:09.781+0000] {logging_mixin.py:190} INFO - [2025-04-05T04:18:09.781+0000] {dag.py:4180} INFO - Setting next_dagrun for zillow_analytics to 2025-04-05 00:00:00+00:00, run_after=2025-04-06 00:00:00+00:00
[2025-04-05T04:18:09.803+0000] {processor.py:208} INFO - Processing /home/ubuntu/airflow/dags/zillowanalytics.py took 0.261 seconds
[2025-04-05T04:18:39.922+0000] {processor.py:186} INFO - Started process (PID=2618) to work on /home/ubuntu/airflow/dags/zillowanalytics.py
[2025-04-05T04:18:39.923+0000] {processor.py:914} INFO - Processing file /home/ubuntu/airflow/dags/zillowanalytics.py for tasks to queue
[2025-04-05T04:18:39.925+0000] {logging_mixin.py:190} INFO - [2025-04-05T04:18:39.925+0000] {dagbag.py:588} INFO - Filling up the DagBag from /home/ubuntu/airflow/dags/zillowanalytics.py
[2025-04-05T04:18:39.938+0000] {processor.py:925} INFO - DAG(s) 'zillow_analytics' retrieved from /home/ubuntu/airflow/dags/zillowanalytics.py
[2025-04-05T04:18:40.136+0000] {logging_mixin.py:190} INFO - [2025-04-05T04:18:40.135+0000] {dag.py:3239} INFO - Sync 1 DAGs
[2025-04-05T04:18:40.151+0000] {logging_mixin.py:190} INFO - [2025-04-05T04:18:40.151+0000] {dag.py:4180} INFO - Setting next_dagrun for zillow_analytics to 2025-04-05 00:00:00+00:00, run_after=2025-04-06 00:00:00+00:00
[2025-04-05T04:18:40.171+0000] {processor.py:208} INFO - Processing /home/ubuntu/airflow/dags/zillowanalytics.py took 0.254 seconds
[2025-04-05T04:19:10.312+0000] {processor.py:186} INFO - Started process (PID=2621) to work on /home/ubuntu/airflow/dags/zillowanalytics.py
[2025-04-05T04:19:10.314+0000] {processor.py:914} INFO - Processing file /home/ubuntu/airflow/dags/zillowanalytics.py for tasks to queue
[2025-04-05T04:19:10.315+0000] {logging_mixin.py:190} INFO - [2025-04-05T04:19:10.315+0000] {dagbag.py:588} INFO - Filling up the DagBag from /home/ubuntu/airflow/dags/zillowanalytics.py
[2025-04-05T04:19:10.329+0000] {processor.py:925} INFO - DAG(s) 'zillow_analytics' retrieved from /home/ubuntu/airflow/dags/zillowanalytics.py
[2025-04-05T04:19:10.530+0000] {logging_mixin.py:190} INFO - [2025-04-05T04:19:10.530+0000] {dag.py:3239} INFO - Sync 1 DAGs
[2025-04-05T04:19:10.545+0000] {logging_mixin.py:190} INFO - [2025-04-05T04:19:10.545+0000] {dag.py:4180} INFO - Setting next_dagrun for zillow_analytics to 2025-04-05 00:00:00+00:00, run_after=2025-04-06 00:00:00+00:00
[2025-04-05T04:19:10.566+0000] {processor.py:208} INFO - Processing /home/ubuntu/airflow/dags/zillowanalytics.py took 0.259 seconds
[2025-04-05T04:19:40.687+0000] {processor.py:186} INFO - Started process (PID=2622) to work on /home/ubuntu/airflow/dags/zillowanalytics.py
[2025-04-05T04:19:40.688+0000] {processor.py:914} INFO - Processing file /home/ubuntu/airflow/dags/zillowanalytics.py for tasks to queue
[2025-04-05T04:19:40.689+0000] {logging_mixin.py:190} INFO - [2025-04-05T04:19:40.689+0000] {dagbag.py:588} INFO - Filling up the DagBag from /home/ubuntu/airflow/dags/zillowanalytics.py
[2025-04-05T04:19:40.704+0000] {processor.py:925} INFO - DAG(s) 'zillow_analytics' retrieved from /home/ubuntu/airflow/dags/zillowanalytics.py
[2025-04-05T04:19:40.904+0000] {logging_mixin.py:190} INFO - [2025-04-05T04:19:40.904+0000] {dag.py:3239} INFO - Sync 1 DAGs
[2025-04-05T04:19:40.921+0000] {logging_mixin.py:190} INFO - [2025-04-05T04:19:40.920+0000] {dag.py:4180} INFO - Setting next_dagrun for zillow_analytics to 2025-04-05 00:00:00+00:00, run_after=2025-04-06 00:00:00+00:00
[2025-04-05T04:19:40.940+0000] {processor.py:208} INFO - Processing /home/ubuntu/airflow/dags/zillowanalytics.py took 0.258 seconds
[2025-04-05T04:20:11.063+0000] {processor.py:186} INFO - Started process (PID=2627) to work on /home/ubuntu/airflow/dags/zillowanalytics.py
[2025-04-05T04:20:11.065+0000] {processor.py:914} INFO - Processing file /home/ubuntu/airflow/dags/zillowanalytics.py for tasks to queue
[2025-04-05T04:20:11.067+0000] {logging_mixin.py:190} INFO - [2025-04-05T04:20:11.066+0000] {dagbag.py:588} INFO - Filling up the DagBag from /home/ubuntu/airflow/dags/zillowanalytics.py
[2025-04-05T04:20:11.081+0000] {processor.py:925} INFO - DAG(s) 'zillow_analytics' retrieved from /home/ubuntu/airflow/dags/zillowanalytics.py
[2025-04-05T04:20:11.275+0000] {logging_mixin.py:190} INFO - [2025-04-05T04:20:11.275+0000] {dag.py:3239} INFO - Sync 1 DAGs
[2025-04-05T04:20:11.289+0000] {logging_mixin.py:190} INFO - [2025-04-05T04:20:11.289+0000] {dag.py:4180} INFO - Setting next_dagrun for zillow_analytics to 2025-04-05 00:00:00+00:00, run_after=2025-04-06 00:00:00+00:00
[2025-04-05T04:20:11.309+0000] {processor.py:208} INFO - Processing /home/ubuntu/airflow/dags/zillowanalytics.py took 0.251 seconds
[2025-04-05T04:20:41.439+0000] {processor.py:186} INFO - Started process (PID=2628) to work on /home/ubuntu/airflow/dags/zillowanalytics.py
[2025-04-05T04:20:41.440+0000] {processor.py:914} INFO - Processing file /home/ubuntu/airflow/dags/zillowanalytics.py for tasks to queue
[2025-04-05T04:20:41.442+0000] {logging_mixin.py:190} INFO - [2025-04-05T04:20:41.442+0000] {dagbag.py:588} INFO - Filling up the DagBag from /home/ubuntu/airflow/dags/zillowanalytics.py
[2025-04-05T04:20:41.456+0000] {processor.py:925} INFO - DAG(s) 'zillow_analytics' retrieved from /home/ubuntu/airflow/dags/zillowanalytics.py
[2025-04-05T04:20:41.650+0000] {logging_mixin.py:190} INFO - [2025-04-05T04:20:41.649+0000] {dag.py:3239} INFO - Sync 1 DAGs
[2025-04-05T04:20:41.664+0000] {logging_mixin.py:190} INFO - [2025-04-05T04:20:41.664+0000] {dag.py:4180} INFO - Setting next_dagrun for zillow_analytics to 2025-04-05 00:00:00+00:00, run_after=2025-04-06 00:00:00+00:00
[2025-04-05T04:20:41.685+0000] {processor.py:208} INFO - Processing /home/ubuntu/airflow/dags/zillowanalytics.py took 0.251 seconds
[2025-04-05T04:21:11.815+0000] {processor.py:186} INFO - Started process (PID=2630) to work on /home/ubuntu/airflow/dags/zillowanalytics.py
[2025-04-05T04:21:11.816+0000] {processor.py:914} INFO - Processing file /home/ubuntu/airflow/dags/zillowanalytics.py for tasks to queue
[2025-04-05T04:21:11.818+0000] {logging_mixin.py:190} INFO - [2025-04-05T04:21:11.818+0000] {dagbag.py:588} INFO - Filling up the DagBag from /home/ubuntu/airflow/dags/zillowanalytics.py
[2025-04-05T04:21:11.832+0000] {processor.py:925} INFO - DAG(s) 'zillow_analytics' retrieved from /home/ubuntu/airflow/dags/zillowanalytics.py
[2025-04-05T04:21:12.031+0000] {logging_mixin.py:190} INFO - [2025-04-05T04:21:12.030+0000] {dag.py:3239} INFO - Sync 1 DAGs
[2025-04-05T04:21:12.045+0000] {logging_mixin.py:190} INFO - [2025-04-05T04:21:12.045+0000] {dag.py:4180} INFO - Setting next_dagrun for zillow_analytics to 2025-04-05 00:00:00+00:00, run_after=2025-04-06 00:00:00+00:00
[2025-04-05T04:21:12.066+0000] {processor.py:208} INFO - Processing /home/ubuntu/airflow/dags/zillowanalytics.py took 0.256 seconds
[2025-04-05T04:21:42.193+0000] {processor.py:186} INFO - Started process (PID=2631) to work on /home/ubuntu/airflow/dags/zillowanalytics.py
[2025-04-05T04:21:42.195+0000] {processor.py:914} INFO - Processing file /home/ubuntu/airflow/dags/zillowanalytics.py for tasks to queue
[2025-04-05T04:21:42.197+0000] {logging_mixin.py:190} INFO - [2025-04-05T04:21:42.197+0000] {dagbag.py:588} INFO - Filling up the DagBag from /home/ubuntu/airflow/dags/zillowanalytics.py
[2025-04-05T04:21:42.212+0000] {processor.py:925} INFO - DAG(s) 'zillow_analytics' retrieved from /home/ubuntu/airflow/dags/zillowanalytics.py
[2025-04-05T04:21:42.408+0000] {logging_mixin.py:190} INFO - [2025-04-05T04:21:42.407+0000] {dag.py:3239} INFO - Sync 1 DAGs
[2025-04-05T04:21:42.423+0000] {logging_mixin.py:190} INFO - [2025-04-05T04:21:42.422+0000] {dag.py:4180} INFO - Setting next_dagrun for zillow_analytics to 2025-04-05 00:00:00+00:00, run_after=2025-04-06 00:00:00+00:00
[2025-04-05T04:21:42.444+0000] {processor.py:208} INFO - Processing /home/ubuntu/airflow/dags/zillowanalytics.py took 0.256 seconds
[2025-04-05T04:22:12.573+0000] {processor.py:186} INFO - Started process (PID=2633) to work on /home/ubuntu/airflow/dags/zillowanalytics.py
[2025-04-05T04:22:12.573+0000] {processor.py:914} INFO - Processing file /home/ubuntu/airflow/dags/zillowanalytics.py for tasks to queue
[2025-04-05T04:22:12.576+0000] {logging_mixin.py:190} INFO - [2025-04-05T04:22:12.576+0000] {dagbag.py:588} INFO - Filling up the DagBag from /home/ubuntu/airflow/dags/zillowanalytics.py
[2025-04-05T04:22:12.589+0000] {processor.py:925} INFO - DAG(s) 'zillow_analytics' retrieved from /home/ubuntu/airflow/dags/zillowanalytics.py
[2025-04-05T04:22:12.788+0000] {logging_mixin.py:190} INFO - [2025-04-05T04:22:12.788+0000] {dag.py:3239} INFO - Sync 1 DAGs
[2025-04-05T04:22:12.803+0000] {logging_mixin.py:190} INFO - [2025-04-05T04:22:12.803+0000] {dag.py:4180} INFO - Setting next_dagrun for zillow_analytics to 2025-04-05 00:00:00+00:00, run_after=2025-04-06 00:00:00+00:00
[2025-04-05T04:22:12.824+0000] {processor.py:208} INFO - Processing /home/ubuntu/airflow/dags/zillowanalytics.py took 0.257 seconds
[2025-04-05T04:22:42.948+0000] {processor.py:186} INFO - Started process (PID=2635) to work on /home/ubuntu/airflow/dags/zillowanalytics.py
[2025-04-05T04:22:42.950+0000] {processor.py:914} INFO - Processing file /home/ubuntu/airflow/dags/zillowanalytics.py for tasks to queue
[2025-04-05T04:22:42.952+0000] {logging_mixin.py:190} INFO - [2025-04-05T04:22:42.951+0000] {dagbag.py:588} INFO - Filling up the DagBag from /home/ubuntu/airflow/dags/zillowanalytics.py
[2025-04-05T04:22:42.965+0000] {processor.py:925} INFO - DAG(s) 'zillow_analytics' retrieved from /home/ubuntu/airflow/dags/zillowanalytics.py
[2025-04-05T04:22:43.158+0000] {logging_mixin.py:190} INFO - [2025-04-05T04:22:43.158+0000] {dag.py:3239} INFO - Sync 1 DAGs
[2025-04-05T04:22:43.175+0000] {logging_mixin.py:190} INFO - [2025-04-05T04:22:43.175+0000] {dag.py:4180} INFO - Setting next_dagrun for zillow_analytics to 2025-04-05 00:00:00+00:00, run_after=2025-04-06 00:00:00+00:00
[2025-04-05T04:22:43.195+0000] {processor.py:208} INFO - Processing /home/ubuntu/airflow/dags/zillowanalytics.py took 0.251 seconds
[2025-04-05T04:23:13.326+0000] {processor.py:186} INFO - Started process (PID=2636) to work on /home/ubuntu/airflow/dags/zillowanalytics.py
[2025-04-05T04:23:13.327+0000] {processor.py:914} INFO - Processing file /home/ubuntu/airflow/dags/zillowanalytics.py for tasks to queue
[2025-04-05T04:23:13.328+0000] {logging_mixin.py:190} INFO - [2025-04-05T04:23:13.328+0000] {dagbag.py:588} INFO - Filling up the DagBag from /home/ubuntu/airflow/dags/zillowanalytics.py
[2025-04-05T04:23:13.342+0000] {processor.py:925} INFO - DAG(s) 'zillow_analytics' retrieved from /home/ubuntu/airflow/dags/zillowanalytics.py
[2025-04-05T04:23:13.531+0000] {logging_mixin.py:190} INFO - [2025-04-05T04:23:13.530+0000] {dag.py:3239} INFO - Sync 1 DAGs
[2025-04-05T04:23:13.546+0000] {logging_mixin.py:190} INFO - [2025-04-05T04:23:13.545+0000] {dag.py:4180} INFO - Setting next_dagrun for zillow_analytics to 2025-04-05 00:00:00+00:00, run_after=2025-04-06 00:00:00+00:00
[2025-04-05T04:23:13.567+0000] {processor.py:208} INFO - Processing /home/ubuntu/airflow/dags/zillowanalytics.py took 0.247 seconds
[2025-04-05T04:23:43.702+0000] {processor.py:186} INFO - Started process (PID=2637) to work on /home/ubuntu/airflow/dags/zillowanalytics.py
[2025-04-05T04:23:43.704+0000] {processor.py:914} INFO - Processing file /home/ubuntu/airflow/dags/zillowanalytics.py for tasks to queue
[2025-04-05T04:23:43.705+0000] {logging_mixin.py:190} INFO - [2025-04-05T04:23:43.705+0000] {dagbag.py:588} INFO - Filling up the DagBag from /home/ubuntu/airflow/dags/zillowanalytics.py
[2025-04-05T04:23:43.719+0000] {processor.py:925} INFO - DAG(s) 'zillow_analytics' retrieved from /home/ubuntu/airflow/dags/zillowanalytics.py
[2025-04-05T04:23:43.908+0000] {logging_mixin.py:190} INFO - [2025-04-05T04:23:43.908+0000] {dag.py:3239} INFO - Sync 1 DAGs
[2025-04-05T04:23:43.924+0000] {logging_mixin.py:190} INFO - [2025-04-05T04:23:43.924+0000] {dag.py:4180} INFO - Setting next_dagrun for zillow_analytics to 2025-04-05 00:00:00+00:00, run_after=2025-04-06 00:00:00+00:00
[2025-04-05T04:23:43.943+0000] {processor.py:208} INFO - Processing /home/ubuntu/airflow/dags/zillowanalytics.py took 0.246 seconds
[2025-04-05T04:24:14.078+0000] {processor.py:186} INFO - Started process (PID=2638) to work on /home/ubuntu/airflow/dags/zillowanalytics.py
[2025-04-05T04:24:14.079+0000] {processor.py:914} INFO - Processing file /home/ubuntu/airflow/dags/zillowanalytics.py for tasks to queue
[2025-04-05T04:24:14.081+0000] {logging_mixin.py:190} INFO - [2025-04-05T04:24:14.081+0000] {dagbag.py:588} INFO - Filling up the DagBag from /home/ubuntu/airflow/dags/zillowanalytics.py
[2025-04-05T04:24:14.094+0000] {processor.py:925} INFO - DAG(s) 'zillow_analytics' retrieved from /home/ubuntu/airflow/dags/zillowanalytics.py
[2025-04-05T04:24:14.289+0000] {logging_mixin.py:190} INFO - [2025-04-05T04:24:14.289+0000] {dag.py:3239} INFO - Sync 1 DAGs
[2025-04-05T04:24:14.304+0000] {logging_mixin.py:190} INFO - [2025-04-05T04:24:14.304+0000] {dag.py:4180} INFO - Setting next_dagrun for zillow_analytics to 2025-04-05 00:00:00+00:00, run_after=2025-04-06 00:00:00+00:00
[2025-04-05T04:24:14.324+0000] {processor.py:208} INFO - Processing /home/ubuntu/airflow/dags/zillowanalytics.py took 0.251 seconds
[2025-04-05T04:24:44.454+0000] {processor.py:186} INFO - Started process (PID=2639) to work on /home/ubuntu/airflow/dags/zillowanalytics.py
[2025-04-05T04:24:44.455+0000] {processor.py:914} INFO - Processing file /home/ubuntu/airflow/dags/zillowanalytics.py for tasks to queue
[2025-04-05T04:24:44.457+0000] {logging_mixin.py:190} INFO - [2025-04-05T04:24:44.456+0000] {dagbag.py:588} INFO - Filling up the DagBag from /home/ubuntu/airflow/dags/zillowanalytics.py
[2025-04-05T04:24:44.585+0000] {processor.py:925} INFO - DAG(s) 'zillow_analytics' retrieved from /home/ubuntu/airflow/dags/zillowanalytics.py
[2025-04-05T04:24:44.668+0000] {logging_mixin.py:190} INFO - [2025-04-05T04:24:44.667+0000] {dag.py:3239} INFO - Sync 1 DAGs
[2025-04-05T04:24:44.684+0000] {logging_mixin.py:190} INFO - [2025-04-05T04:24:44.684+0000] {dag.py:4180} INFO - Setting next_dagrun for zillow_analytics to 2025-04-05 00:00:00+00:00, run_after=2025-04-06 00:00:00+00:00
[2025-04-05T04:24:44.703+0000] {processor.py:208} INFO - Processing /home/ubuntu/airflow/dags/zillowanalytics.py took 0.255 seconds
[2025-04-05T04:25:14.834+0000] {processor.py:186} INFO - Started process (PID=2645) to work on /home/ubuntu/airflow/dags/zillowanalytics.py
[2025-04-05T04:25:14.835+0000] {processor.py:914} INFO - Processing file /home/ubuntu/airflow/dags/zillowanalytics.py for tasks to queue
[2025-04-05T04:25:14.837+0000] {logging_mixin.py:190} INFO - [2025-04-05T04:25:14.836+0000] {dagbag.py:588} INFO - Filling up the DagBag from /home/ubuntu/airflow/dags/zillowanalytics.py
[2025-04-05T04:25:14.850+0000] {processor.py:925} INFO - DAG(s) 'zillow_analytics' retrieved from /home/ubuntu/airflow/dags/zillowanalytics.py
[2025-04-05T04:25:15.061+0000] {logging_mixin.py:190} INFO - [2025-04-05T04:25:15.061+0000] {dag.py:3239} INFO - Sync 1 DAGs
[2025-04-05T04:25:15.075+0000] {logging_mixin.py:190} INFO - [2025-04-05T04:25:15.075+0000] {dag.py:4180} INFO - Setting next_dagrun for zillow_analytics to 2025-04-05 00:00:00+00:00, run_after=2025-04-06 00:00:00+00:00
[2025-04-05T04:25:15.096+0000] {processor.py:208} INFO - Processing /home/ubuntu/airflow/dags/zillowanalytics.py took 0.268 seconds
[2025-04-05T04:25:45.213+0000] {processor.py:186} INFO - Started process (PID=2646) to work on /home/ubuntu/airflow/dags/zillowanalytics.py
[2025-04-05T04:25:45.214+0000] {processor.py:914} INFO - Processing file /home/ubuntu/airflow/dags/zillowanalytics.py for tasks to queue
[2025-04-05T04:25:45.217+0000] {logging_mixin.py:190} INFO - [2025-04-05T04:25:45.216+0000] {dagbag.py:588} INFO - Filling up the DagBag from /home/ubuntu/airflow/dags/zillowanalytics.py
[2025-04-05T04:25:45.230+0000] {processor.py:925} INFO - DAG(s) 'zillow_analytics' retrieved from /home/ubuntu/airflow/dags/zillowanalytics.py
[2025-04-05T04:25:45.428+0000] {logging_mixin.py:190} INFO - [2025-04-05T04:25:45.428+0000] {dag.py:3239} INFO - Sync 1 DAGs
[2025-04-05T04:25:45.444+0000] {logging_mixin.py:190} INFO - [2025-04-05T04:25:45.443+0000] {dag.py:4180} INFO - Setting next_dagrun for zillow_analytics to 2025-04-05 00:00:00+00:00, run_after=2025-04-06 00:00:00+00:00
[2025-04-05T04:25:45.465+0000] {processor.py:208} INFO - Processing /home/ubuntu/airflow/dags/zillowanalytics.py took 0.257 seconds
[2025-04-05T04:26:15.592+0000] {processor.py:186} INFO - Started process (PID=2647) to work on /home/ubuntu/airflow/dags/zillowanalytics.py
[2025-04-05T04:26:15.593+0000] {processor.py:914} INFO - Processing file /home/ubuntu/airflow/dags/zillowanalytics.py for tasks to queue
[2025-04-05T04:26:15.595+0000] {logging_mixin.py:190} INFO - [2025-04-05T04:26:15.594+0000] {dagbag.py:588} INFO - Filling up the DagBag from /home/ubuntu/airflow/dags/zillowanalytics.py
[2025-04-05T04:26:15.608+0000] {processor.py:925} INFO - DAG(s) 'zillow_analytics' retrieved from /home/ubuntu/airflow/dags/zillowanalytics.py
[2025-04-05T04:26:15.812+0000] {logging_mixin.py:190} INFO - [2025-04-05T04:26:15.812+0000] {dag.py:3239} INFO - Sync 1 DAGs
[2025-04-05T04:26:15.827+0000] {logging_mixin.py:190} INFO - [2025-04-05T04:26:15.827+0000] {dag.py:4180} INFO - Setting next_dagrun for zillow_analytics to 2025-04-05 00:00:00+00:00, run_after=2025-04-06 00:00:00+00:00
[2025-04-05T04:26:15.847+0000] {processor.py:208} INFO - Processing /home/ubuntu/airflow/dags/zillowanalytics.py took 0.260 seconds
[2025-04-05T04:26:45.966+0000] {processor.py:186} INFO - Started process (PID=2648) to work on /home/ubuntu/airflow/dags/zillowanalytics.py
[2025-04-05T04:26:45.967+0000] {processor.py:914} INFO - Processing file /home/ubuntu/airflow/dags/zillowanalytics.py for tasks to queue
[2025-04-05T04:26:45.969+0000] {logging_mixin.py:190} INFO - [2025-04-05T04:26:45.969+0000] {dagbag.py:588} INFO - Filling up the DagBag from /home/ubuntu/airflow/dags/zillowanalytics.py
[2025-04-05T04:26:45.984+0000] {processor.py:925} INFO - DAG(s) 'zillow_analytics' retrieved from /home/ubuntu/airflow/dags/zillowanalytics.py
[2025-04-05T04:26:46.179+0000] {logging_mixin.py:190} INFO - [2025-04-05T04:26:46.178+0000] {dag.py:3239} INFO - Sync 1 DAGs
[2025-04-05T04:26:46.195+0000] {logging_mixin.py:190} INFO - [2025-04-05T04:26:46.194+0000] {dag.py:4180} INFO - Setting next_dagrun for zillow_analytics to 2025-04-05 00:00:00+00:00, run_after=2025-04-06 00:00:00+00:00
[2025-04-05T04:26:46.215+0000] {processor.py:208} INFO - Processing /home/ubuntu/airflow/dags/zillowanalytics.py took 0.254 seconds
[2025-04-05T04:27:16.343+0000] {processor.py:186} INFO - Started process (PID=2649) to work on /home/ubuntu/airflow/dags/zillowanalytics.py
[2025-04-05T04:27:16.345+0000] {processor.py:914} INFO - Processing file /home/ubuntu/airflow/dags/zillowanalytics.py for tasks to queue
[2025-04-05T04:27:16.347+0000] {logging_mixin.py:190} INFO - [2025-04-05T04:27:16.346+0000] {dagbag.py:588} INFO - Filling up the DagBag from /home/ubuntu/airflow/dags/zillowanalytics.py
[2025-04-05T04:27:16.360+0000] {processor.py:925} INFO - DAG(s) 'zillow_analytics' retrieved from /home/ubuntu/airflow/dags/zillowanalytics.py
[2025-04-05T04:27:16.554+0000] {logging_mixin.py:190} INFO - [2025-04-05T04:27:16.554+0000] {dag.py:3239} INFO - Sync 1 DAGs
[2025-04-05T04:27:16.571+0000] {logging_mixin.py:190} INFO - [2025-04-05T04:27:16.570+0000] {dag.py:4180} INFO - Setting next_dagrun for zillow_analytics to 2025-04-05 00:00:00+00:00, run_after=2025-04-06 00:00:00+00:00
[2025-04-05T04:27:16.592+0000] {processor.py:208} INFO - Processing /home/ubuntu/airflow/dags/zillowanalytics.py took 0.254 seconds
[2025-04-05T04:27:46.717+0000] {processor.py:186} INFO - Started process (PID=2651) to work on /home/ubuntu/airflow/dags/zillowanalytics.py
[2025-04-05T04:27:46.718+0000] {processor.py:914} INFO - Processing file /home/ubuntu/airflow/dags/zillowanalytics.py for tasks to queue
[2025-04-05T04:27:46.720+0000] {logging_mixin.py:190} INFO - [2025-04-05T04:27:46.720+0000] {dagbag.py:588} INFO - Filling up the DagBag from /home/ubuntu/airflow/dags/zillowanalytics.py
[2025-04-05T04:27:46.735+0000] {processor.py:925} INFO - DAG(s) 'zillow_analytics' retrieved from /home/ubuntu/airflow/dags/zillowanalytics.py
[2025-04-05T04:27:46.927+0000] {logging_mixin.py:190} INFO - [2025-04-05T04:27:46.926+0000] {dag.py:3239} INFO - Sync 1 DAGs
[2025-04-05T04:27:46.940+0000] {logging_mixin.py:190} INFO - [2025-04-05T04:27:46.940+0000] {dag.py:4180} INFO - Setting next_dagrun for zillow_analytics to 2025-04-05 00:00:00+00:00, run_after=2025-04-06 00:00:00+00:00
[2025-04-05T04:27:46.959+0000] {processor.py:208} INFO - Processing /home/ubuntu/airflow/dags/zillowanalytics.py took 0.248 seconds
[2025-04-05T04:28:17.093+0000] {processor.py:186} INFO - Started process (PID=2654) to work on /home/ubuntu/airflow/dags/zillowanalytics.py
[2025-04-05T04:28:17.094+0000] {processor.py:914} INFO - Processing file /home/ubuntu/airflow/dags/zillowanalytics.py for tasks to queue
[2025-04-05T04:28:17.096+0000] {logging_mixin.py:190} INFO - [2025-04-05T04:28:17.096+0000] {dagbag.py:588} INFO - Filling up the DagBag from /home/ubuntu/airflow/dags/zillowanalytics.py
[2025-04-05T04:28:17.109+0000] {processor.py:925} INFO - DAG(s) 'zillow_analytics' retrieved from /home/ubuntu/airflow/dags/zillowanalytics.py
[2025-04-05T04:28:17.310+0000] {logging_mixin.py:190} INFO - [2025-04-05T04:28:17.310+0000] {dag.py:3239} INFO - Sync 1 DAGs
[2025-04-05T04:28:17.324+0000] {logging_mixin.py:190} INFO - [2025-04-05T04:28:17.324+0000] {dag.py:4180} INFO - Setting next_dagrun for zillow_analytics to 2025-04-05 00:00:00+00:00, run_after=2025-04-06 00:00:00+00:00
[2025-04-05T04:28:17.344+0000] {processor.py:208} INFO - Processing /home/ubuntu/airflow/dags/zillowanalytics.py took 0.257 seconds
[2025-04-05T04:28:47.471+0000] {processor.py:186} INFO - Started process (PID=2655) to work on /home/ubuntu/airflow/dags/zillowanalytics.py
[2025-04-05T04:28:47.472+0000] {processor.py:914} INFO - Processing file /home/ubuntu/airflow/dags/zillowanalytics.py for tasks to queue
[2025-04-05T04:28:47.473+0000] {logging_mixin.py:190} INFO - [2025-04-05T04:28:47.473+0000] {dagbag.py:588} INFO - Filling up the DagBag from /home/ubuntu/airflow/dags/zillowanalytics.py
[2025-04-05T04:28:47.604+0000] {processor.py:925} INFO - DAG(s) 'zillow_analytics' retrieved from /home/ubuntu/airflow/dags/zillowanalytics.py
[2025-04-05T04:28:47.689+0000] {logging_mixin.py:190} INFO - [2025-04-05T04:28:47.689+0000] {dag.py:3239} INFO - Sync 1 DAGs
[2025-04-05T04:28:47.704+0000] {logging_mixin.py:190} INFO - [2025-04-05T04:28:47.704+0000] {dag.py:4180} INFO - Setting next_dagrun for zillow_analytics to 2025-04-05 00:00:00+00:00, run_after=2025-04-06 00:00:00+00:00
[2025-04-05T04:28:47.724+0000] {processor.py:208} INFO - Processing /home/ubuntu/airflow/dags/zillowanalytics.py took 0.259 seconds
[2025-04-05T04:29:17.845+0000] {processor.py:186} INFO - Started process (PID=2656) to work on /home/ubuntu/airflow/dags/zillowanalytics.py
[2025-04-05T04:29:17.847+0000] {processor.py:914} INFO - Processing file /home/ubuntu/airflow/dags/zillowanalytics.py for tasks to queue
[2025-04-05T04:29:17.849+0000] {logging_mixin.py:190} INFO - [2025-04-05T04:29:17.849+0000] {dagbag.py:588} INFO - Filling up the DagBag from /home/ubuntu/airflow/dags/zillowanalytics.py
[2025-04-05T04:29:17.863+0000] {processor.py:925} INFO - DAG(s) 'zillow_analytics' retrieved from /home/ubuntu/airflow/dags/zillowanalytics.py
[2025-04-05T04:29:18.056+0000] {logging_mixin.py:190} INFO - [2025-04-05T04:29:18.055+0000] {dag.py:3239} INFO - Sync 1 DAGs
[2025-04-05T04:29:18.070+0000] {logging_mixin.py:190} INFO - [2025-04-05T04:29:18.070+0000] {dag.py:4180} INFO - Setting next_dagrun for zillow_analytics to 2025-04-05 00:00:00+00:00, run_after=2025-04-06 00:00:00+00:00
[2025-04-05T04:29:18.091+0000] {processor.py:208} INFO - Processing /home/ubuntu/airflow/dags/zillowanalytics.py took 0.250 seconds
[2025-04-05T04:29:48.223+0000] {processor.py:186} INFO - Started process (PID=2657) to work on /home/ubuntu/airflow/dags/zillowanalytics.py
[2025-04-05T04:29:48.224+0000] {processor.py:914} INFO - Processing file /home/ubuntu/airflow/dags/zillowanalytics.py for tasks to queue
[2025-04-05T04:29:48.226+0000] {logging_mixin.py:190} INFO - [2025-04-05T04:29:48.226+0000] {dagbag.py:588} INFO - Filling up the DagBag from /home/ubuntu/airflow/dags/zillowanalytics.py
[2025-04-05T04:29:48.240+0000] {processor.py:925} INFO - DAG(s) 'zillow_analytics' retrieved from /home/ubuntu/airflow/dags/zillowanalytics.py
[2025-04-05T04:29:48.431+0000] {logging_mixin.py:190} INFO - [2025-04-05T04:29:48.431+0000] {dag.py:3239} INFO - Sync 1 DAGs
[2025-04-05T04:29:48.446+0000] {logging_mixin.py:190} INFO - [2025-04-05T04:29:48.445+0000] {dag.py:4180} INFO - Setting next_dagrun for zillow_analytics to 2025-04-05 00:00:00+00:00, run_after=2025-04-06 00:00:00+00:00
[2025-04-05T04:29:48.466+0000] {processor.py:208} INFO - Processing /home/ubuntu/airflow/dags/zillowanalytics.py took 0.248 seconds
[2025-04-05T04:30:18.597+0000] {processor.py:186} INFO - Started process (PID=2662) to work on /home/ubuntu/airflow/dags/zillowanalytics.py
[2025-04-05T04:30:18.599+0000] {processor.py:914} INFO - Processing file /home/ubuntu/airflow/dags/zillowanalytics.py for tasks to queue
[2025-04-05T04:30:18.601+0000] {logging_mixin.py:190} INFO - [2025-04-05T04:30:18.600+0000] {dagbag.py:588} INFO - Filling up the DagBag from /home/ubuntu/airflow/dags/zillowanalytics.py
[2025-04-05T04:30:18.615+0000] {processor.py:925} INFO - DAG(s) 'zillow_analytics' retrieved from /home/ubuntu/airflow/dags/zillowanalytics.py
[2025-04-05T04:30:18.808+0000] {logging_mixin.py:190} INFO - [2025-04-05T04:30:18.807+0000] {dag.py:3239} INFO - Sync 1 DAGs
[2025-04-05T04:30:18.823+0000] {logging_mixin.py:190} INFO - [2025-04-05T04:30:18.823+0000] {dag.py:4180} INFO - Setting next_dagrun for zillow_analytics to 2025-04-05 00:00:00+00:00, run_after=2025-04-06 00:00:00+00:00
[2025-04-05T04:30:18.846+0000] {processor.py:208} INFO - Processing /home/ubuntu/airflow/dags/zillowanalytics.py took 0.253 seconds
[2025-04-05T04:30:48.974+0000] {processor.py:186} INFO - Started process (PID=2663) to work on /home/ubuntu/airflow/dags/zillowanalytics.py
[2025-04-05T04:30:48.975+0000] {processor.py:914} INFO - Processing file /home/ubuntu/airflow/dags/zillowanalytics.py for tasks to queue
[2025-04-05T04:30:48.977+0000] {logging_mixin.py:190} INFO - [2025-04-05T04:30:48.976+0000] {dagbag.py:588} INFO - Filling up the DagBag from /home/ubuntu/airflow/dags/zillowanalytics.py
[2025-04-05T04:30:48.991+0000] {processor.py:925} INFO - DAG(s) 'zillow_analytics' retrieved from /home/ubuntu/airflow/dags/zillowanalytics.py
[2025-04-05T04:30:49.180+0000] {logging_mixin.py:190} INFO - [2025-04-05T04:30:49.179+0000] {dag.py:3239} INFO - Sync 1 DAGs
[2025-04-05T04:30:49.196+0000] {logging_mixin.py:190} INFO - [2025-04-05T04:30:49.196+0000] {dag.py:4180} INFO - Setting next_dagrun for zillow_analytics to 2025-04-05 00:00:00+00:00, run_after=2025-04-06 00:00:00+00:00
[2025-04-05T04:30:49.217+0000] {processor.py:208} INFO - Processing /home/ubuntu/airflow/dags/zillowanalytics.py took 0.249 seconds
[2025-04-05T04:31:19.350+0000] {processor.py:186} INFO - Started process (PID=2665) to work on /home/ubuntu/airflow/dags/zillowanalytics.py
[2025-04-05T04:31:19.352+0000] {processor.py:914} INFO - Processing file /home/ubuntu/airflow/dags/zillowanalytics.py for tasks to queue
[2025-04-05T04:31:19.353+0000] {logging_mixin.py:190} INFO - [2025-04-05T04:31:19.353+0000] {dagbag.py:588} INFO - Filling up the DagBag from /home/ubuntu/airflow/dags/zillowanalytics.py
[2025-04-05T04:31:19.367+0000] {processor.py:925} INFO - DAG(s) 'zillow_analytics' retrieved from /home/ubuntu/airflow/dags/zillowanalytics.py
[2025-04-05T04:31:19.562+0000] {logging_mixin.py:190} INFO - [2025-04-05T04:31:19.561+0000] {dag.py:3239} INFO - Sync 1 DAGs
[2025-04-05T04:31:19.578+0000] {logging_mixin.py:190} INFO - [2025-04-05T04:31:19.578+0000] {dag.py:4180} INFO - Setting next_dagrun for zillow_analytics to 2025-04-05 00:00:00+00:00, run_after=2025-04-06 00:00:00+00:00
[2025-04-05T04:31:19.596+0000] {processor.py:208} INFO - Processing /home/ubuntu/airflow/dags/zillowanalytics.py took 0.252 seconds
[2025-04-05T04:31:49.726+0000] {processor.py:186} INFO - Started process (PID=2666) to work on /home/ubuntu/airflow/dags/zillowanalytics.py
[2025-04-05T04:31:49.727+0000] {processor.py:914} INFO - Processing file /home/ubuntu/airflow/dags/zillowanalytics.py for tasks to queue
[2025-04-05T04:31:49.728+0000] {logging_mixin.py:190} INFO - [2025-04-05T04:31:49.728+0000] {dagbag.py:588} INFO - Filling up the DagBag from /home/ubuntu/airflow/dags/zillowanalytics.py
[2025-04-05T04:31:49.743+0000] {processor.py:925} INFO - DAG(s) 'zillow_analytics' retrieved from /home/ubuntu/airflow/dags/zillowanalytics.py
[2025-04-05T04:31:49.937+0000] {logging_mixin.py:190} INFO - [2025-04-05T04:31:49.937+0000] {dag.py:3239} INFO - Sync 1 DAGs
[2025-04-05T04:31:49.951+0000] {logging_mixin.py:190} INFO - [2025-04-05T04:31:49.951+0000] {dag.py:4180} INFO - Setting next_dagrun for zillow_analytics to 2025-04-05 00:00:00+00:00, run_after=2025-04-06 00:00:00+00:00
[2025-04-05T04:31:49.972+0000] {processor.py:208} INFO - Processing /home/ubuntu/airflow/dags/zillowanalytics.py took 0.251 seconds
[2025-04-05T04:32:20.105+0000] {processor.py:186} INFO - Started process (PID=2667) to work on /home/ubuntu/airflow/dags/zillowanalytics.py
[2025-04-05T04:32:20.107+0000] {processor.py:914} INFO - Processing file /home/ubuntu/airflow/dags/zillowanalytics.py for tasks to queue
[2025-04-05T04:32:20.108+0000] {logging_mixin.py:190} INFO - [2025-04-05T04:32:20.108+0000] {dagbag.py:588} INFO - Filling up the DagBag from /home/ubuntu/airflow/dags/zillowanalytics.py
[2025-04-05T04:32:20.123+0000] {processor.py:925} INFO - DAG(s) 'zillow_analytics' retrieved from /home/ubuntu/airflow/dags/zillowanalytics.py
[2025-04-05T04:32:20.317+0000] {logging_mixin.py:190} INFO - [2025-04-05T04:32:20.317+0000] {dag.py:3239} INFO - Sync 1 DAGs
[2025-04-05T04:32:20.333+0000] {logging_mixin.py:190} INFO - [2025-04-05T04:32:20.333+0000] {dag.py:4180} INFO - Setting next_dagrun for zillow_analytics to 2025-04-05 00:00:00+00:00, run_after=2025-04-06 00:00:00+00:00
[2025-04-05T04:32:20.352+0000] {processor.py:208} INFO - Processing /home/ubuntu/airflow/dags/zillowanalytics.py took 0.253 seconds
[2025-04-05T04:32:50.482+0000] {processor.py:186} INFO - Started process (PID=2669) to work on /home/ubuntu/airflow/dags/zillowanalytics.py
[2025-04-05T04:32:50.484+0000] {processor.py:914} INFO - Processing file /home/ubuntu/airflow/dags/zillowanalytics.py for tasks to queue
[2025-04-05T04:32:50.486+0000] {logging_mixin.py:190} INFO - [2025-04-05T04:32:50.485+0000] {dagbag.py:588} INFO - Filling up the DagBag from /home/ubuntu/airflow/dags/zillowanalytics.py
[2025-04-05T04:32:50.609+0000] {processor.py:925} INFO - DAG(s) 'zillow_analytics' retrieved from /home/ubuntu/airflow/dags/zillowanalytics.py
[2025-04-05T04:32:50.690+0000] {logging_mixin.py:190} INFO - [2025-04-05T04:32:50.690+0000] {dag.py:3239} INFO - Sync 1 DAGs
[2025-04-05T04:32:50.705+0000] {logging_mixin.py:190} INFO - [2025-04-05T04:32:50.705+0000] {dag.py:4180} INFO - Setting next_dagrun for zillow_analytics to 2025-04-05 00:00:00+00:00, run_after=2025-04-06 00:00:00+00:00
[2025-04-05T04:32:50.725+0000] {processor.py:208} INFO - Processing /home/ubuntu/airflow/dags/zillowanalytics.py took 0.249 seconds
[2025-04-05T04:33:20.857+0000] {processor.py:186} INFO - Started process (PID=2670) to work on /home/ubuntu/airflow/dags/zillowanalytics.py
[2025-04-05T04:33:20.858+0000] {processor.py:914} INFO - Processing file /home/ubuntu/airflow/dags/zillowanalytics.py for tasks to queue
[2025-04-05T04:33:20.860+0000] {logging_mixin.py:190} INFO - [2025-04-05T04:33:20.859+0000] {dagbag.py:588} INFO - Filling up the DagBag from /home/ubuntu/airflow/dags/zillowanalytics.py
[2025-04-05T04:33:20.874+0000] {processor.py:925} INFO - DAG(s) 'zillow_analytics' retrieved from /home/ubuntu/airflow/dags/zillowanalytics.py
[2025-04-05T04:33:21.068+0000] {logging_mixin.py:190} INFO - [2025-04-05T04:33:21.068+0000] {dag.py:3239} INFO - Sync 1 DAGs
[2025-04-05T04:33:21.082+0000] {logging_mixin.py:190} INFO - [2025-04-05T04:33:21.082+0000] {dag.py:4180} INFO - Setting next_dagrun for zillow_analytics to 2025-04-05 00:00:00+00:00, run_after=2025-04-06 00:00:00+00:00
[2025-04-05T04:33:21.103+0000] {processor.py:208} INFO - Processing /home/ubuntu/airflow/dags/zillowanalytics.py took 0.251 seconds
[2025-04-05T04:33:51.231+0000] {processor.py:186} INFO - Started process (PID=2671) to work on /home/ubuntu/airflow/dags/zillowanalytics.py
[2025-04-05T04:33:51.234+0000] {processor.py:914} INFO - Processing file /home/ubuntu/airflow/dags/zillowanalytics.py for tasks to queue
[2025-04-05T04:33:51.236+0000] {logging_mixin.py:190} INFO - [2025-04-05T04:33:51.235+0000] {dagbag.py:588} INFO - Filling up the DagBag from /home/ubuntu/airflow/dags/zillowanalytics.py
[2025-04-05T04:33:51.250+0000] {processor.py:925} INFO - DAG(s) 'zillow_analytics' retrieved from /home/ubuntu/airflow/dags/zillowanalytics.py
[2025-04-05T04:33:51.438+0000] {logging_mixin.py:190} INFO - [2025-04-05T04:33:51.438+0000] {dag.py:3239} INFO - Sync 1 DAGs
[2025-04-05T04:33:51.453+0000] {logging_mixin.py:190} INFO - [2025-04-05T04:33:51.453+0000] {dag.py:4180} INFO - Setting next_dagrun for zillow_analytics to 2025-04-05 00:00:00+00:00, run_after=2025-04-06 00:00:00+00:00
[2025-04-05T04:33:51.471+0000] {processor.py:208} INFO - Processing /home/ubuntu/airflow/dags/zillowanalytics.py took 0.245 seconds
[2025-04-05T04:34:21.610+0000] {processor.py:186} INFO - Started process (PID=2673) to work on /home/ubuntu/airflow/dags/zillowanalytics.py
[2025-04-05T04:34:21.612+0000] {processor.py:914} INFO - Processing file /home/ubuntu/airflow/dags/zillowanalytics.py for tasks to queue
[2025-04-05T04:34:21.614+0000] {logging_mixin.py:190} INFO - [2025-04-05T04:34:21.613+0000] {dagbag.py:588} INFO - Filling up the DagBag from /home/ubuntu/airflow/dags/zillowanalytics.py
[2025-04-05T04:34:21.627+0000] {processor.py:925} INFO - DAG(s) 'zillow_analytics' retrieved from /home/ubuntu/airflow/dags/zillowanalytics.py
[2025-04-05T04:34:21.831+0000] {logging_mixin.py:190} INFO - [2025-04-05T04:34:21.831+0000] {dag.py:3239} INFO - Sync 1 DAGs
[2025-04-05T04:34:21.847+0000] {logging_mixin.py:190} INFO - [2025-04-05T04:34:21.847+0000] {dag.py:4180} INFO - Setting next_dagrun for zillow_analytics to 2025-04-05 00:00:00+00:00, run_after=2025-04-06 00:00:00+00:00
[2025-04-05T04:34:21.869+0000] {processor.py:208} INFO - Processing /home/ubuntu/airflow/dags/zillowanalytics.py took 0.263 seconds
[2025-04-05T04:34:35.099+0000] {processor.py:186} INFO - Started process (PID=2674) to work on /home/ubuntu/airflow/dags/zillowanalytics.py
[2025-04-05T04:34:35.100+0000] {processor.py:914} INFO - Processing file /home/ubuntu/airflow/dags/zillowanalytics.py for tasks to queue
[2025-04-05T04:34:35.102+0000] {logging_mixin.py:190} INFO - [2025-04-05T04:34:35.101+0000] {dagbag.py:588} INFO - Filling up the DagBag from /home/ubuntu/airflow/dags/zillowanalytics.py
[2025-04-05T04:34:35.105+0000] {logging_mixin.py:190} INFO - [2025-04-05T04:34:35.104+0000] {dagbag.py:387} ERROR - Failed to import: /home/ubuntu/airflow/dags/zillowanalytics.py
Traceback (most recent call last):
  File "/home/ubuntu/venv/lib/python3.12/site-packages/airflow/models/dagbag.py", line 383, in parse
    loader.exec_module(new_module)
  File "<frozen importlib._bootstrap_external>", line 991, in exec_module
  File "<frozen importlib._bootstrap_external>", line 1129, in get_code
  File "<frozen importlib._bootstrap_external>", line 1059, in source_to_code
  File "<frozen importlib._bootstrap>", line 488, in _call_with_frames_removed
  File "/home/ubuntu/airflow/dags/zillowanalytics.py", line 4
    import airflow.operators.bash_operator import BashOperator
                                           ^^^^^^
SyntaxError: invalid syntax
[2025-04-05T04:34:35.105+0000] {processor.py:927} WARNING - No viable dags retrieved from /home/ubuntu/airflow/dags/zillowanalytics.py
[2025-04-05T04:34:35.126+0000] {processor.py:208} INFO - Processing /home/ubuntu/airflow/dags/zillowanalytics.py took 0.033 seconds
[2025-04-05T04:35:05.340+0000] {processor.py:186} INFO - Started process (PID=2678) to work on /home/ubuntu/airflow/dags/zillowanalytics.py
[2025-04-05T04:35:05.340+0000] {processor.py:914} INFO - Processing file /home/ubuntu/airflow/dags/zillowanalytics.py for tasks to queue
[2025-04-05T04:35:05.342+0000] {logging_mixin.py:190} INFO - [2025-04-05T04:35:05.342+0000] {dagbag.py:588} INFO - Filling up the DagBag from /home/ubuntu/airflow/dags/zillowanalytics.py
[2025-04-05T04:35:05.346+0000] {logging_mixin.py:190} INFO - [2025-04-05T04:35:05.345+0000] {dagbag.py:387} ERROR - Failed to import: /home/ubuntu/airflow/dags/zillowanalytics.py
Traceback (most recent call last):
  File "/home/ubuntu/venv/lib/python3.12/site-packages/airflow/models/dagbag.py", line 383, in parse
    loader.exec_module(new_module)
  File "<frozen importlib._bootstrap_external>", line 991, in exec_module
  File "<frozen importlib._bootstrap_external>", line 1129, in get_code
  File "<frozen importlib._bootstrap_external>", line 1059, in source_to_code
  File "<frozen importlib._bootstrap>", line 488, in _call_with_frames_removed
  File "/home/ubuntu/airflow/dags/zillowanalytics.py", line 4
    import airflow.operators.bash_operator import BashOperator
                                           ^^^^^^
SyntaxError: invalid syntax
[2025-04-05T04:35:05.346+0000] {processor.py:927} WARNING - No viable dags retrieved from /home/ubuntu/airflow/dags/zillowanalytics.py
[2025-04-05T04:35:05.367+0000] {processor.py:208} INFO - Processing /home/ubuntu/airflow/dags/zillowanalytics.py took 0.033 seconds
[2025-04-05T04:35:35.575+0000] {processor.py:186} INFO - Started process (PID=2681) to work on /home/ubuntu/airflow/dags/zillowanalytics.py
[2025-04-05T04:35:35.577+0000] {processor.py:914} INFO - Processing file /home/ubuntu/airflow/dags/zillowanalytics.py for tasks to queue
[2025-04-05T04:35:35.579+0000] {logging_mixin.py:190} INFO - [2025-04-05T04:35:35.579+0000] {dagbag.py:588} INFO - Filling up the DagBag from /home/ubuntu/airflow/dags/zillowanalytics.py
[2025-04-05T04:35:35.582+0000] {logging_mixin.py:190} INFO - [2025-04-05T04:35:35.581+0000] {dagbag.py:387} ERROR - Failed to import: /home/ubuntu/airflow/dags/zillowanalytics.py
Traceback (most recent call last):
  File "/home/ubuntu/venv/lib/python3.12/site-packages/airflow/models/dagbag.py", line 383, in parse
    loader.exec_module(new_module)
  File "<frozen importlib._bootstrap_external>", line 991, in exec_module
  File "<frozen importlib._bootstrap_external>", line 1129, in get_code
  File "<frozen importlib._bootstrap_external>", line 1059, in source_to_code
  File "<frozen importlib._bootstrap>", line 488, in _call_with_frames_removed
  File "/home/ubuntu/airflow/dags/zillowanalytics.py", line 4
    import airflow.operators.bash_operator import BashOperator
                                           ^^^^^^
SyntaxError: invalid syntax
[2025-04-05T04:35:35.582+0000] {processor.py:927} WARNING - No viable dags retrieved from /home/ubuntu/airflow/dags/zillowanalytics.py
[2025-04-05T04:35:35.602+0000] {processor.py:208} INFO - Processing /home/ubuntu/airflow/dags/zillowanalytics.py took 0.032 seconds
[2025-04-05T04:36:05.810+0000] {processor.py:186} INFO - Started process (PID=2682) to work on /home/ubuntu/airflow/dags/zillowanalytics.py
[2025-04-05T04:36:05.810+0000] {processor.py:914} INFO - Processing file /home/ubuntu/airflow/dags/zillowanalytics.py for tasks to queue
[2025-04-05T04:36:05.812+0000] {logging_mixin.py:190} INFO - [2025-04-05T04:36:05.811+0000] {dagbag.py:588} INFO - Filling up the DagBag from /home/ubuntu/airflow/dags/zillowanalytics.py
[2025-04-05T04:36:05.816+0000] {logging_mixin.py:190} INFO - [2025-04-05T04:36:05.815+0000] {dagbag.py:387} ERROR - Failed to import: /home/ubuntu/airflow/dags/zillowanalytics.py
Traceback (most recent call last):
  File "/home/ubuntu/venv/lib/python3.12/site-packages/airflow/models/dagbag.py", line 383, in parse
    loader.exec_module(new_module)
  File "<frozen importlib._bootstrap_external>", line 991, in exec_module
  File "<frozen importlib._bootstrap_external>", line 1129, in get_code
  File "<frozen importlib._bootstrap_external>", line 1059, in source_to_code
  File "<frozen importlib._bootstrap>", line 488, in _call_with_frames_removed
  File "/home/ubuntu/airflow/dags/zillowanalytics.py", line 4
    import airflow.operators.bash_operator import BashOperator
                                           ^^^^^^
SyntaxError: invalid syntax
[2025-04-05T04:36:05.816+0000] {processor.py:927} WARNING - No viable dags retrieved from /home/ubuntu/airflow/dags/zillowanalytics.py
[2025-04-05T04:36:05.835+0000] {processor.py:208} INFO - Processing /home/ubuntu/airflow/dags/zillowanalytics.py took 0.031 seconds
[2025-04-05T04:36:36.059+0000] {processor.py:186} INFO - Started process (PID=2702) to work on /home/ubuntu/airflow/dags/zillowanalytics.py
[2025-04-05T04:36:36.061+0000] {processor.py:914} INFO - Processing file /home/ubuntu/airflow/dags/zillowanalytics.py for tasks to queue
[2025-04-05T04:36:36.062+0000] {logging_mixin.py:190} INFO - [2025-04-05T04:36:36.061+0000] {dagbag.py:588} INFO - Filling up the DagBag from /home/ubuntu/airflow/dags/zillowanalytics.py
[2025-04-05T04:36:36.065+0000] {logging_mixin.py:190} INFO - [2025-04-05T04:36:36.064+0000] {dagbag.py:387} ERROR - Failed to import: /home/ubuntu/airflow/dags/zillowanalytics.py
Traceback (most recent call last):
  File "/home/ubuntu/venv/lib/python3.12/site-packages/airflow/models/dagbag.py", line 383, in parse
    loader.exec_module(new_module)
  File "<frozen importlib._bootstrap_external>", line 991, in exec_module
  File "<frozen importlib._bootstrap_external>", line 1129, in get_code
  File "<frozen importlib._bootstrap_external>", line 1059, in source_to_code
  File "<frozen importlib._bootstrap>", line 488, in _call_with_frames_removed
  File "/home/ubuntu/airflow/dags/zillowanalytics.py", line 4
    import airflow.operators.bash_operator import BashOperator
                                           ^^^^^^
SyntaxError: invalid syntax
[2025-04-05T04:36:36.065+0000] {processor.py:927} WARNING - No viable dags retrieved from /home/ubuntu/airflow/dags/zillowanalytics.py
[2025-04-05T04:36:36.085+0000] {processor.py:208} INFO - Processing /home/ubuntu/airflow/dags/zillowanalytics.py took 0.031 seconds
[2025-04-05T04:37:06.290+0000] {processor.py:186} INFO - Started process (PID=2704) to work on /home/ubuntu/airflow/dags/zillowanalytics.py
[2025-04-05T04:37:06.291+0000] {processor.py:914} INFO - Processing file /home/ubuntu/airflow/dags/zillowanalytics.py for tasks to queue
[2025-04-05T04:37:06.292+0000] {logging_mixin.py:190} INFO - [2025-04-05T04:37:06.291+0000] {dagbag.py:588} INFO - Filling up the DagBag from /home/ubuntu/airflow/dags/zillowanalytics.py
[2025-04-05T04:37:06.294+0000] {logging_mixin.py:190} INFO - [2025-04-05T04:37:06.294+0000] {dagbag.py:387} ERROR - Failed to import: /home/ubuntu/airflow/dags/zillowanalytics.py
Traceback (most recent call last):
  File "/home/ubuntu/venv/lib/python3.12/site-packages/airflow/models/dagbag.py", line 383, in parse
    loader.exec_module(new_module)
  File "<frozen importlib._bootstrap_external>", line 991, in exec_module
  File "<frozen importlib._bootstrap_external>", line 1129, in get_code
  File "<frozen importlib._bootstrap_external>", line 1059, in source_to_code
  File "<frozen importlib._bootstrap>", line 488, in _call_with_frames_removed
  File "/home/ubuntu/airflow/dags/zillowanalytics.py", line 4
    import airflow.operators.bash_operator import BashOperator
                                           ^^^^^^
SyntaxError: invalid syntax
[2025-04-05T04:37:06.295+0000] {processor.py:927} WARNING - No viable dags retrieved from /home/ubuntu/airflow/dags/zillowanalytics.py
[2025-04-05T04:37:06.424+0000] {processor.py:208} INFO - Processing /home/ubuntu/airflow/dags/zillowanalytics.py took 0.140 seconds
[2025-04-05T04:37:36.527+0000] {processor.py:186} INFO - Started process (PID=2705) to work on /home/ubuntu/airflow/dags/zillowanalytics.py
[2025-04-05T04:37:36.528+0000] {processor.py:914} INFO - Processing file /home/ubuntu/airflow/dags/zillowanalytics.py for tasks to queue
[2025-04-05T04:37:36.530+0000] {logging_mixin.py:190} INFO - [2025-04-05T04:37:36.529+0000] {dagbag.py:588} INFO - Filling up the DagBag from /home/ubuntu/airflow/dags/zillowanalytics.py
[2025-04-05T04:37:36.534+0000] {logging_mixin.py:190} INFO - [2025-04-05T04:37:36.533+0000] {dagbag.py:387} ERROR - Failed to import: /home/ubuntu/airflow/dags/zillowanalytics.py
Traceback (most recent call last):
  File "/home/ubuntu/venv/lib/python3.12/site-packages/airflow/models/dagbag.py", line 383, in parse
    loader.exec_module(new_module)
  File "<frozen importlib._bootstrap_external>", line 991, in exec_module
  File "<frozen importlib._bootstrap_external>", line 1129, in get_code
  File "<frozen importlib._bootstrap_external>", line 1059, in source_to_code
  File "<frozen importlib._bootstrap>", line 488, in _call_with_frames_removed
  File "/home/ubuntu/airflow/dags/zillowanalytics.py", line 4
    import airflow.operators.bash_operator import BashOperator
                                           ^^^^^^
SyntaxError: invalid syntax
[2025-04-05T04:37:36.534+0000] {processor.py:927} WARNING - No viable dags retrieved from /home/ubuntu/airflow/dags/zillowanalytics.py
[2025-04-05T04:37:36.554+0000] {processor.py:208} INFO - Processing /home/ubuntu/airflow/dags/zillowanalytics.py took 0.032 seconds
[2025-04-05T04:38:06.766+0000] {processor.py:186} INFO - Started process (PID=2706) to work on /home/ubuntu/airflow/dags/zillowanalytics.py
[2025-04-05T04:38:06.767+0000] {processor.py:914} INFO - Processing file /home/ubuntu/airflow/dags/zillowanalytics.py for tasks to queue
[2025-04-05T04:38:06.768+0000] {logging_mixin.py:190} INFO - [2025-04-05T04:38:06.768+0000] {dagbag.py:588} INFO - Filling up the DagBag from /home/ubuntu/airflow/dags/zillowanalytics.py
[2025-04-05T04:38:06.771+0000] {logging_mixin.py:190} INFO - [2025-04-05T04:38:06.770+0000] {dagbag.py:387} ERROR - Failed to import: /home/ubuntu/airflow/dags/zillowanalytics.py
Traceback (most recent call last):
  File "/home/ubuntu/venv/lib/python3.12/site-packages/airflow/models/dagbag.py", line 383, in parse
    loader.exec_module(new_module)
  File "<frozen importlib._bootstrap_external>", line 991, in exec_module
  File "<frozen importlib._bootstrap_external>", line 1129, in get_code
  File "<frozen importlib._bootstrap_external>", line 1059, in source_to_code
  File "<frozen importlib._bootstrap>", line 488, in _call_with_frames_removed
  File "/home/ubuntu/airflow/dags/zillowanalytics.py", line 4
    import airflow.operators.bash_operator import BashOperator
                                           ^^^^^^
SyntaxError: invalid syntax
[2025-04-05T04:38:06.771+0000] {processor.py:927} WARNING - No viable dags retrieved from /home/ubuntu/airflow/dags/zillowanalytics.py
[2025-04-05T04:38:06.793+0000] {processor.py:208} INFO - Processing /home/ubuntu/airflow/dags/zillowanalytics.py took 0.033 seconds
[2025-04-05T04:38:37.008+0000] {processor.py:186} INFO - Started process (PID=2707) to work on /home/ubuntu/airflow/dags/zillowanalytics.py
[2025-04-05T04:38:37.009+0000] {processor.py:914} INFO - Processing file /home/ubuntu/airflow/dags/zillowanalytics.py for tasks to queue
[2025-04-05T04:38:37.011+0000] {logging_mixin.py:190} INFO - [2025-04-05T04:38:37.010+0000] {dagbag.py:588} INFO - Filling up the DagBag from /home/ubuntu/airflow/dags/zillowanalytics.py
[2025-04-05T04:38:37.014+0000] {logging_mixin.py:190} INFO - [2025-04-05T04:38:37.013+0000] {dagbag.py:387} ERROR - Failed to import: /home/ubuntu/airflow/dags/zillowanalytics.py
Traceback (most recent call last):
  File "/home/ubuntu/venv/lib/python3.12/site-packages/airflow/models/dagbag.py", line 383, in parse
    loader.exec_module(new_module)
  File "<frozen importlib._bootstrap_external>", line 991, in exec_module
  File "<frozen importlib._bootstrap_external>", line 1129, in get_code
  File "<frozen importlib._bootstrap_external>", line 1059, in source_to_code
  File "<frozen importlib._bootstrap>", line 488, in _call_with_frames_removed
  File "/home/ubuntu/airflow/dags/zillowanalytics.py", line 4
    import airflow.operators.bash_operator import BashOperator
                                           ^^^^^^
SyntaxError: invalid syntax
[2025-04-05T04:38:37.014+0000] {processor.py:927} WARNING - No viable dags retrieved from /home/ubuntu/airflow/dags/zillowanalytics.py
[2025-04-05T04:38:37.035+0000] {processor.py:208} INFO - Processing /home/ubuntu/airflow/dags/zillowanalytics.py took 0.033 seconds
[2025-04-05T04:39:02.211+0000] {processor.py:186} INFO - Started process (PID=2708) to work on /home/ubuntu/airflow/dags/zillowanalytics.py
[2025-04-05T04:39:02.212+0000] {processor.py:914} INFO - Processing file /home/ubuntu/airflow/dags/zillowanalytics.py for tasks to queue
[2025-04-05T04:39:02.213+0000] {logging_mixin.py:190} INFO - [2025-04-05T04:39:02.213+0000] {dagbag.py:588} INFO - Filling up the DagBag from /home/ubuntu/airflow/dags/zillowanalytics.py
[2025-04-05T04:39:02.217+0000] {logging_mixin.py:190} INFO - [2025-04-05T04:39:02.216+0000] {dagbag.py:387} ERROR - Failed to import: /home/ubuntu/airflow/dags/zillowanalytics.py
Traceback (most recent call last):
  File "/home/ubuntu/venv/lib/python3.12/site-packages/airflow/models/dagbag.py", line 383, in parse
    loader.exec_module(new_module)
  File "<frozen importlib._bootstrap_external>", line 991, in exec_module
  File "<frozen importlib._bootstrap_external>", line 1129, in get_code
  File "<frozen importlib._bootstrap_external>", line 1059, in source_to_code
  File "<frozen importlib._bootstrap>", line 488, in _call_with_frames_removed
  File "/home/ubuntu/airflow/dags/zillowanalytics.py", line 4
    import airflow.operators.bash_operator import BashOperator
                                           ^^^^^^
SyntaxError: invalid syntax
[2025-04-05T04:39:02.217+0000] {processor.py:927} WARNING - No viable dags retrieved from /home/ubuntu/airflow/dags/zillowanalytics.py
[2025-04-05T04:39:02.238+0000] {processor.py:208} INFO - Processing /home/ubuntu/airflow/dags/zillowanalytics.py took 0.032 seconds
[2025-04-05T04:39:29.353+0000] {processor.py:186} INFO - Started process (PID=2709) to work on /home/ubuntu/airflow/dags/zillowanalytics.py
[2025-04-05T04:39:29.354+0000] {processor.py:914} INFO - Processing file /home/ubuntu/airflow/dags/zillowanalytics.py for tasks to queue
[2025-04-05T04:39:29.356+0000] {logging_mixin.py:190} INFO - [2025-04-05T04:39:29.355+0000] {dagbag.py:588} INFO - Filling up the DagBag from /home/ubuntu/airflow/dags/zillowanalytics.py
[2025-04-05T04:39:29.358+0000] {logging_mixin.py:190} INFO - [2025-04-05T04:39:29.358+0000] {dagbag.py:387} ERROR - Failed to import: /home/ubuntu/airflow/dags/zillowanalytics.py
Traceback (most recent call last):
  File "/home/ubuntu/venv/lib/python3.12/site-packages/airflow/models/dagbag.py", line 383, in parse
    loader.exec_module(new_module)
  File "<frozen importlib._bootstrap_external>", line 991, in exec_module
  File "<frozen importlib._bootstrap_external>", line 1129, in get_code
  File "<frozen importlib._bootstrap_external>", line 1059, in source_to_code
  File "<frozen importlib._bootstrap>", line 488, in _call_with_frames_removed
  File "/home/ubuntu/airflow/dags/zillowanalytics.py", line 4
    import airflow.operators.bashoperator import BashOperator
                                          ^^^^^^
SyntaxError: invalid syntax
[2025-04-05T04:39:29.359+0000] {processor.py:927} WARNING - No viable dags retrieved from /home/ubuntu/airflow/dags/zillowanalytics.py
[2025-04-05T04:39:29.382+0000] {processor.py:208} INFO - Processing /home/ubuntu/airflow/dags/zillowanalytics.py took 0.035 seconds
[2025-04-05T04:39:43.928+0000] {processor.py:186} INFO - Started process (PID=2710) to work on /home/ubuntu/airflow/dags/zillowanalytics.py
[2025-04-05T04:39:43.929+0000] {processor.py:914} INFO - Processing file /home/ubuntu/airflow/dags/zillowanalytics.py for tasks to queue
[2025-04-05T04:39:43.930+0000] {logging_mixin.py:190} INFO - [2025-04-05T04:39:43.930+0000] {dagbag.py:588} INFO - Filling up the DagBag from /home/ubuntu/airflow/dags/zillowanalytics.py
[2025-04-05T04:39:43.934+0000] {logging_mixin.py:190} INFO - [2025-04-05T04:39:43.933+0000] {dagbag.py:387} ERROR - Failed to import: /home/ubuntu/airflow/dags/zillowanalytics.py
Traceback (most recent call last):
  File "/home/ubuntu/venv/lib/python3.12/site-packages/airflow/models/dagbag.py", line 383, in parse
    loader.exec_module(new_module)
  File "<frozen importlib._bootstrap_external>", line 991, in exec_module
  File "<frozen importlib._bootstrap_external>", line 1129, in get_code
  File "<frozen importlib._bootstrap_external>", line 1059, in source_to_code
  File "<frozen importlib._bootstrap>", line 488, in _call_with_frames_removed
  File "/home/ubuntu/airflow/dags/zillowanalytics.py", line 4
    import airflow.operators.bash.operator import BashOperator
                                           ^^^^^^
SyntaxError: invalid syntax
[2025-04-05T04:39:43.934+0000] {processor.py:927} WARNING - No viable dags retrieved from /home/ubuntu/airflow/dags/zillowanalytics.py
[2025-04-05T04:39:43.954+0000] {processor.py:208} INFO - Processing /home/ubuntu/airflow/dags/zillowanalytics.py took 0.031 seconds
[2025-04-05T04:40:14.823+0000] {processor.py:186} INFO - Started process (PID=2717) to work on /home/ubuntu/airflow/dags/zillowanalytics.py
[2025-04-05T04:40:14.824+0000] {processor.py:914} INFO - Processing file /home/ubuntu/airflow/dags/zillowanalytics.py for tasks to queue
[2025-04-05T04:40:14.825+0000] {logging_mixin.py:190} INFO - [2025-04-05T04:40:14.825+0000] {dagbag.py:588} INFO - Filling up the DagBag from /home/ubuntu/airflow/dags/zillowanalytics.py
[2025-04-05T04:40:14.829+0000] {logging_mixin.py:190} INFO - [2025-04-05T04:40:14.827+0000] {dagbag.py:387} ERROR - Failed to import: /home/ubuntu/airflow/dags/zillowanalytics.py
Traceback (most recent call last):
  File "/home/ubuntu/venv/lib/python3.12/site-packages/airflow/models/dagbag.py", line 383, in parse
    loader.exec_module(new_module)
  File "<frozen importlib._bootstrap_external>", line 991, in exec_module
  File "<frozen importlib._bootstrap_external>", line 1129, in get_code
  File "<frozen importlib._bootstrap_external>", line 1059, in source_to_code
  File "<frozen importlib._bootstrap>", line 488, in _call_with_frames_removed
  File "/home/ubuntu/airflow/dags/zillowanalytics.py", line 4
    import airflow.operators.bash.operator import BashOperator
                                           ^^^^^^
SyntaxError: invalid syntax
[2025-04-05T04:40:14.829+0000] {processor.py:927} WARNING - No viable dags retrieved from /home/ubuntu/airflow/dags/zillowanalytics.py
[2025-04-05T04:40:14.849+0000] {processor.py:208} INFO - Processing /home/ubuntu/airflow/dags/zillowanalytics.py took 0.032 seconds
[2025-04-05T04:40:45.138+0000] {processor.py:186} INFO - Started process (PID=2718) to work on /home/ubuntu/airflow/dags/zillowanalytics.py
[2025-04-05T04:40:45.140+0000] {processor.py:914} INFO - Processing file /home/ubuntu/airflow/dags/zillowanalytics.py for tasks to queue
[2025-04-05T04:40:45.142+0000] {logging_mixin.py:190} INFO - [2025-04-05T04:40:45.141+0000] {dagbag.py:588} INFO - Filling up the DagBag from /home/ubuntu/airflow/dags/zillowanalytics.py
[2025-04-05T04:40:45.145+0000] {logging_mixin.py:190} INFO - [2025-04-05T04:40:45.144+0000] {dagbag.py:387} ERROR - Failed to import: /home/ubuntu/airflow/dags/zillowanalytics.py
Traceback (most recent call last):
  File "/home/ubuntu/venv/lib/python3.12/site-packages/airflow/models/dagbag.py", line 383, in parse
    loader.exec_module(new_module)
  File "<frozen importlib._bootstrap_external>", line 991, in exec_module
  File "<frozen importlib._bootstrap_external>", line 1129, in get_code
  File "<frozen importlib._bootstrap_external>", line 1059, in source_to_code
  File "<frozen importlib._bootstrap>", line 488, in _call_with_frames_removed
  File "/home/ubuntu/airflow/dags/zillowanalytics.py", line 4
    import airflow.operators.bash.operator import BashOperator
                                           ^^^^^^
SyntaxError: invalid syntax
[2025-04-05T04:40:45.145+0000] {processor.py:927} WARNING - No viable dags retrieved from /home/ubuntu/airflow/dags/zillowanalytics.py
[2025-04-05T04:40:45.167+0000] {processor.py:208} INFO - Processing /home/ubuntu/airflow/dags/zillowanalytics.py took 0.034 seconds
[2025-04-05T04:41:15.484+0000] {processor.py:186} INFO - Started process (PID=2723) to work on /home/ubuntu/airflow/dags/zillowanalytics.py
[2025-04-05T04:41:15.484+0000] {processor.py:914} INFO - Processing file /home/ubuntu/airflow/dags/zillowanalytics.py for tasks to queue
[2025-04-05T04:41:15.485+0000] {logging_mixin.py:190} INFO - [2025-04-05T04:41:15.485+0000] {dagbag.py:588} INFO - Filling up the DagBag from /home/ubuntu/airflow/dags/zillowanalytics.py
[2025-04-05T04:41:15.489+0000] {logging_mixin.py:190} INFO - [2025-04-05T04:41:15.488+0000] {dagbag.py:387} ERROR - Failed to import: /home/ubuntu/airflow/dags/zillowanalytics.py
Traceback (most recent call last):
  File "/home/ubuntu/venv/lib/python3.12/site-packages/airflow/models/dagbag.py", line 383, in parse
    loader.exec_module(new_module)
  File "<frozen importlib._bootstrap_external>", line 991, in exec_module
  File "<frozen importlib._bootstrap_external>", line 1129, in get_code
  File "<frozen importlib._bootstrap_external>", line 1059, in source_to_code
  File "<frozen importlib._bootstrap>", line 488, in _call_with_frames_removed
  File "/home/ubuntu/airflow/dags/zillowanalytics.py", line 4
    import airflow.operators.bash.operator import BashOperator
                                           ^^^^^^
SyntaxError: invalid syntax
[2025-04-05T04:41:15.489+0000] {processor.py:927} WARNING - No viable dags retrieved from /home/ubuntu/airflow/dags/zillowanalytics.py
[2025-04-05T04:41:15.511+0000] {processor.py:208} INFO - Processing /home/ubuntu/airflow/dags/zillowanalytics.py took 0.033 seconds
[2025-04-05T04:41:45.827+0000] {processor.py:186} INFO - Started process (PID=2724) to work on /home/ubuntu/airflow/dags/zillowanalytics.py
[2025-04-05T04:41:45.829+0000] {processor.py:914} INFO - Processing file /home/ubuntu/airflow/dags/zillowanalytics.py for tasks to queue
[2025-04-05T04:41:45.830+0000] {logging_mixin.py:190} INFO - [2025-04-05T04:41:45.829+0000] {dagbag.py:588} INFO - Filling up the DagBag from /home/ubuntu/airflow/dags/zillowanalytics.py
[2025-04-05T04:41:45.833+0000] {logging_mixin.py:190} INFO - [2025-04-05T04:41:45.832+0000] {dagbag.py:387} ERROR - Failed to import: /home/ubuntu/airflow/dags/zillowanalytics.py
Traceback (most recent call last):
  File "/home/ubuntu/venv/lib/python3.12/site-packages/airflow/models/dagbag.py", line 383, in parse
    loader.exec_module(new_module)
  File "<frozen importlib._bootstrap_external>", line 991, in exec_module
  File "<frozen importlib._bootstrap_external>", line 1129, in get_code
  File "<frozen importlib._bootstrap_external>", line 1059, in source_to_code
  File "<frozen importlib._bootstrap>", line 488, in _call_with_frames_removed
  File "/home/ubuntu/airflow/dags/zillowanalytics.py", line 4
    import airflow.operators.bash.operator import BashOperator
                                           ^^^^^^
SyntaxError: invalid syntax
[2025-04-05T04:41:45.834+0000] {processor.py:927} WARNING - No viable dags retrieved from /home/ubuntu/airflow/dags/zillowanalytics.py
[2025-04-05T04:41:45.853+0000] {processor.py:208} INFO - Processing /home/ubuntu/airflow/dags/zillowanalytics.py took 0.032 seconds
[2025-04-05T04:42:16.178+0000] {processor.py:186} INFO - Started process (PID=2725) to work on /home/ubuntu/airflow/dags/zillowanalytics.py
[2025-04-05T04:42:16.178+0000] {processor.py:914} INFO - Processing file /home/ubuntu/airflow/dags/zillowanalytics.py for tasks to queue
[2025-04-05T04:42:16.181+0000] {logging_mixin.py:190} INFO - [2025-04-05T04:42:16.180+0000] {dagbag.py:588} INFO - Filling up the DagBag from /home/ubuntu/airflow/dags/zillowanalytics.py
[2025-04-05T04:42:16.184+0000] {logging_mixin.py:190} INFO - [2025-04-05T04:42:16.182+0000] {dagbag.py:387} ERROR - Failed to import: /home/ubuntu/airflow/dags/zillowanalytics.py
Traceback (most recent call last):
  File "/home/ubuntu/venv/lib/python3.12/site-packages/airflow/models/dagbag.py", line 383, in parse
    loader.exec_module(new_module)
  File "<frozen importlib._bootstrap_external>", line 991, in exec_module
  File "<frozen importlib._bootstrap_external>", line 1129, in get_code
  File "<frozen importlib._bootstrap_external>", line 1059, in source_to_code
  File "<frozen importlib._bootstrap>", line 488, in _call_with_frames_removed
  File "/home/ubuntu/airflow/dags/zillowanalytics.py", line 4
    import airflow.operators.bash.operator import BashOperator
                                           ^^^^^^
SyntaxError: invalid syntax
[2025-04-05T04:42:16.184+0000] {processor.py:927} WARNING - No viable dags retrieved from /home/ubuntu/airflow/dags/zillowanalytics.py
[2025-04-05T04:42:16.205+0000] {processor.py:208} INFO - Processing /home/ubuntu/airflow/dags/zillowanalytics.py took 0.033 seconds
[2025-04-05T04:42:46.518+0000] {processor.py:186} INFO - Started process (PID=2727) to work on /home/ubuntu/airflow/dags/zillowanalytics.py
[2025-04-05T04:42:46.520+0000] {processor.py:914} INFO - Processing file /home/ubuntu/airflow/dags/zillowanalytics.py for tasks to queue
[2025-04-05T04:42:46.521+0000] {logging_mixin.py:190} INFO - [2025-04-05T04:42:46.521+0000] {dagbag.py:588} INFO - Filling up the DagBag from /home/ubuntu/airflow/dags/zillowanalytics.py
[2025-04-05T04:42:46.525+0000] {logging_mixin.py:190} INFO - [2025-04-05T04:42:46.524+0000] {dagbag.py:387} ERROR - Failed to import: /home/ubuntu/airflow/dags/zillowanalytics.py
Traceback (most recent call last):
  File "/home/ubuntu/venv/lib/python3.12/site-packages/airflow/models/dagbag.py", line 383, in parse
    loader.exec_module(new_module)
  File "<frozen importlib._bootstrap_external>", line 991, in exec_module
  File "<frozen importlib._bootstrap_external>", line 1129, in get_code
  File "<frozen importlib._bootstrap_external>", line 1059, in source_to_code
  File "<frozen importlib._bootstrap>", line 488, in _call_with_frames_removed
  File "/home/ubuntu/airflow/dags/zillowanalytics.py", line 4
    import airflow.operators.bash.operator import BashOperator
                                           ^^^^^^
SyntaxError: invalid syntax
[2025-04-05T04:42:46.525+0000] {processor.py:927} WARNING - No viable dags retrieved from /home/ubuntu/airflow/dags/zillowanalytics.py
[2025-04-05T04:42:46.546+0000] {processor.py:208} INFO - Processing /home/ubuntu/airflow/dags/zillowanalytics.py took 0.033 seconds
[2025-04-05T04:43:16.860+0000] {processor.py:186} INFO - Started process (PID=2729) to work on /home/ubuntu/airflow/dags/zillowanalytics.py
[2025-04-05T04:43:16.860+0000] {processor.py:914} INFO - Processing file /home/ubuntu/airflow/dags/zillowanalytics.py for tasks to queue
[2025-04-05T04:43:16.861+0000] {logging_mixin.py:190} INFO - [2025-04-05T04:43:16.861+0000] {dagbag.py:588} INFO - Filling up the DagBag from /home/ubuntu/airflow/dags/zillowanalytics.py
[2025-04-05T04:43:16.864+0000] {logging_mixin.py:190} INFO - [2025-04-05T04:43:16.863+0000] {dagbag.py:387} ERROR - Failed to import: /home/ubuntu/airflow/dags/zillowanalytics.py
Traceback (most recent call last):
  File "/home/ubuntu/venv/lib/python3.12/site-packages/airflow/models/dagbag.py", line 383, in parse
    loader.exec_module(new_module)
  File "<frozen importlib._bootstrap_external>", line 991, in exec_module
  File "<frozen importlib._bootstrap_external>", line 1129, in get_code
  File "<frozen importlib._bootstrap_external>", line 1059, in source_to_code
  File "<frozen importlib._bootstrap>", line 488, in _call_with_frames_removed
  File "/home/ubuntu/airflow/dags/zillowanalytics.py", line 4
    import airflow.operators.bash.operator import BashOperator
                                           ^^^^^^
SyntaxError: invalid syntax
[2025-04-05T04:43:16.865+0000] {processor.py:927} WARNING - No viable dags retrieved from /home/ubuntu/airflow/dags/zillowanalytics.py
[2025-04-05T04:43:16.886+0000] {processor.py:208} INFO - Processing /home/ubuntu/airflow/dags/zillowanalytics.py took 0.032 seconds
[2025-04-05T04:43:47.185+0000] {processor.py:186} INFO - Started process (PID=2730) to work on /home/ubuntu/airflow/dags/zillowanalytics.py
[2025-04-05T04:43:47.186+0000] {processor.py:914} INFO - Processing file /home/ubuntu/airflow/dags/zillowanalytics.py for tasks to queue
[2025-04-05T04:43:47.187+0000] {logging_mixin.py:190} INFO - [2025-04-05T04:43:47.187+0000] {dagbag.py:588} INFO - Filling up the DagBag from /home/ubuntu/airflow/dags/zillowanalytics.py
[2025-04-05T04:43:47.190+0000] {logging_mixin.py:190} INFO - [2025-04-05T04:43:47.189+0000] {dagbag.py:387} ERROR - Failed to import: /home/ubuntu/airflow/dags/zillowanalytics.py
Traceback (most recent call last):
  File "/home/ubuntu/venv/lib/python3.12/site-packages/airflow/models/dagbag.py", line 383, in parse
    loader.exec_module(new_module)
  File "<frozen importlib._bootstrap_external>", line 991, in exec_module
  File "<frozen importlib._bootstrap_external>", line 1129, in get_code
  File "<frozen importlib._bootstrap_external>", line 1059, in source_to_code
  File "<frozen importlib._bootstrap>", line 488, in _call_with_frames_removed
  File "/home/ubuntu/airflow/dags/zillowanalytics.py", line 4
    import airflow.operators.bash.operator import BashOperator
                                           ^^^^^^
SyntaxError: invalid syntax
[2025-04-05T04:43:47.191+0000] {processor.py:927} WARNING - No viable dags retrieved from /home/ubuntu/airflow/dags/zillowanalytics.py
[2025-04-05T04:43:47.210+0000] {processor.py:208} INFO - Processing /home/ubuntu/airflow/dags/zillowanalytics.py took 0.031 seconds
[2025-04-05T04:44:17.534+0000] {processor.py:186} INFO - Started process (PID=2731) to work on /home/ubuntu/airflow/dags/zillowanalytics.py
[2025-04-05T04:44:17.535+0000] {processor.py:914} INFO - Processing file /home/ubuntu/airflow/dags/zillowanalytics.py for tasks to queue
[2025-04-05T04:44:17.536+0000] {logging_mixin.py:190} INFO - [2025-04-05T04:44:17.536+0000] {dagbag.py:588} INFO - Filling up the DagBag from /home/ubuntu/airflow/dags/zillowanalytics.py
[2025-04-05T04:44:17.539+0000] {logging_mixin.py:190} INFO - [2025-04-05T04:44:17.538+0000] {dagbag.py:387} ERROR - Failed to import: /home/ubuntu/airflow/dags/zillowanalytics.py
Traceback (most recent call last):
  File "/home/ubuntu/venv/lib/python3.12/site-packages/airflow/models/dagbag.py", line 383, in parse
    loader.exec_module(new_module)
  File "<frozen importlib._bootstrap_external>", line 991, in exec_module
  File "<frozen importlib._bootstrap_external>", line 1129, in get_code
  File "<frozen importlib._bootstrap_external>", line 1059, in source_to_code
  File "<frozen importlib._bootstrap>", line 488, in _call_with_frames_removed
  File "/home/ubuntu/airflow/dags/zillowanalytics.py", line 4
    import airflow.operators.bash.operator import BashOperator
                                           ^^^^^^
SyntaxError: invalid syntax
[2025-04-05T04:44:17.540+0000] {processor.py:927} WARNING - No viable dags retrieved from /home/ubuntu/airflow/dags/zillowanalytics.py
[2025-04-05T04:44:17.560+0000] {processor.py:208} INFO - Processing /home/ubuntu/airflow/dags/zillowanalytics.py took 0.033 seconds
[2025-04-05T04:44:47.880+0000] {processor.py:186} INFO - Started process (PID=2732) to work on /home/ubuntu/airflow/dags/zillowanalytics.py
[2025-04-05T04:44:47.882+0000] {processor.py:914} INFO - Processing file /home/ubuntu/airflow/dags/zillowanalytics.py for tasks to queue
[2025-04-05T04:44:47.883+0000] {logging_mixin.py:190} INFO - [2025-04-05T04:44:47.882+0000] {dagbag.py:588} INFO - Filling up the DagBag from /home/ubuntu/airflow/dags/zillowanalytics.py
[2025-04-05T04:44:47.886+0000] {logging_mixin.py:190} INFO - [2025-04-05T04:44:47.885+0000] {dagbag.py:387} ERROR - Failed to import: /home/ubuntu/airflow/dags/zillowanalytics.py
Traceback (most recent call last):
  File "/home/ubuntu/venv/lib/python3.12/site-packages/airflow/models/dagbag.py", line 383, in parse
    loader.exec_module(new_module)
  File "<frozen importlib._bootstrap_external>", line 991, in exec_module
  File "<frozen importlib._bootstrap_external>", line 1129, in get_code
  File "<frozen importlib._bootstrap_external>", line 1059, in source_to_code
  File "<frozen importlib._bootstrap>", line 488, in _call_with_frames_removed
  File "/home/ubuntu/airflow/dags/zillowanalytics.py", line 4
    import airflow.operators.bash.operator import BashOperator
                                           ^^^^^^
SyntaxError: invalid syntax
[2025-04-05T04:44:47.886+0000] {processor.py:927} WARNING - No viable dags retrieved from /home/ubuntu/airflow/dags/zillowanalytics.py
[2025-04-05T04:44:47.905+0000] {processor.py:208} INFO - Processing /home/ubuntu/airflow/dags/zillowanalytics.py took 0.031 seconds
[2025-04-05T04:45:01.686+0000] {processor.py:186} INFO - Started process (PID=2736) to work on /home/ubuntu/airflow/dags/zillowanalytics.py
[2025-04-05T04:45:01.687+0000] {processor.py:914} INFO - Processing file /home/ubuntu/airflow/dags/zillowanalytics.py for tasks to queue
[2025-04-05T04:45:01.688+0000] {logging_mixin.py:190} INFO - [2025-04-05T04:45:01.688+0000] {dagbag.py:588} INFO - Filling up the DagBag from /home/ubuntu/airflow/dags/zillowanalytics.py
[2025-04-05T04:45:01.693+0000] {logging_mixin.py:190} INFO - [2025-04-05T04:45:01.690+0000] {dagbag.py:387} ERROR - Failed to import: /home/ubuntu/airflow/dags/zillowanalytics.py
Traceback (most recent call last):
  File "/home/ubuntu/venv/lib/python3.12/site-packages/airflow/models/dagbag.py", line 383, in parse
    loader.exec_module(new_module)
  File "<frozen importlib._bootstrap_external>", line 991, in exec_module
  File "<frozen importlib._bootstrap_external>", line 1129, in get_code
  File "<frozen importlib._bootstrap_external>", line 1059, in source_to_code
  File "<frozen importlib._bootstrap>", line 488, in _call_with_frames_removed
  File "/home/ubuntu/airflow/dags/zillowanalytics.py", line 4
    import airflow.operators.bash import BashOperator
                                  ^^^^^^
SyntaxError: invalid syntax
[2025-04-05T04:45:01.693+0000] {processor.py:927} WARNING - No viable dags retrieved from /home/ubuntu/airflow/dags/zillowanalytics.py
[2025-04-05T04:45:01.716+0000] {processor.py:208} INFO - Processing /home/ubuntu/airflow/dags/zillowanalytics.py took 0.036 seconds
[2025-04-05T04:45:13.189+0000] {processor.py:186} INFO - Started process (PID=2737) to work on /home/ubuntu/airflow/dags/zillowanalytics.py
[2025-04-05T04:45:13.189+0000] {processor.py:914} INFO - Processing file /home/ubuntu/airflow/dags/zillowanalytics.py for tasks to queue
[2025-04-05T04:45:13.190+0000] {logging_mixin.py:190} INFO - [2025-04-05T04:45:13.190+0000] {dagbag.py:588} INFO - Filling up the DagBag from /home/ubuntu/airflow/dags/zillowanalytics.py
[2025-04-05T04:45:13.195+0000] {logging_mixin.py:190} INFO - [2025-04-05T04:45:13.194+0000] {dagbag.py:387} ERROR - Failed to import: /home/ubuntu/airflow/dags/zillowanalytics.py
Traceback (most recent call last):
  File "/home/ubuntu/venv/lib/python3.12/site-packages/airflow/models/dagbag.py", line 383, in parse
    loader.exec_module(new_module)
  File "<frozen importlib._bootstrap_external>", line 991, in exec_module
  File "<frozen importlib._bootstrap_external>", line 1129, in get_code
  File "<frozen importlib._bootstrap_external>", line 1059, in source_to_code
  File "<frozen importlib._bootstrap>", line 488, in _call_with_frames_removed
  File "/home/ubuntu/airflow/dags/zillowanalytics.py", line 62
    task_id = 'load_to_s3',
    ^^^^^^^^^^^^^^^^^^^^^^
SyntaxError: invalid syntax. Maybe you meant '==' or ':=' instead of '='?
[2025-04-05T04:45:13.195+0000] {processor.py:927} WARNING - No viable dags retrieved from /home/ubuntu/airflow/dags/zillowanalytics.py
[2025-04-05T04:45:13.216+0000] {processor.py:208} INFO - Processing /home/ubuntu/airflow/dags/zillowanalytics.py took 0.034 seconds
[2025-04-05T04:45:43.541+0000] {processor.py:186} INFO - Started process (PID=2738) to work on /home/ubuntu/airflow/dags/zillowanalytics.py
[2025-04-05T04:45:43.543+0000] {processor.py:914} INFO - Processing file /home/ubuntu/airflow/dags/zillowanalytics.py for tasks to queue
[2025-04-05T04:45:43.544+0000] {logging_mixin.py:190} INFO - [2025-04-05T04:45:43.543+0000] {dagbag.py:588} INFO - Filling up the DagBag from /home/ubuntu/airflow/dags/zillowanalytics.py
[2025-04-05T04:45:43.548+0000] {logging_mixin.py:190} INFO - [2025-04-05T04:45:43.547+0000] {dagbag.py:387} ERROR - Failed to import: /home/ubuntu/airflow/dags/zillowanalytics.py
Traceback (most recent call last):
  File "/home/ubuntu/venv/lib/python3.12/site-packages/airflow/models/dagbag.py", line 383, in parse
    loader.exec_module(new_module)
  File "<frozen importlib._bootstrap_external>", line 991, in exec_module
  File "<frozen importlib._bootstrap_external>", line 1129, in get_code
  File "<frozen importlib._bootstrap_external>", line 1059, in source_to_code
  File "<frozen importlib._bootstrap>", line 488, in _call_with_frames_removed
  File "/home/ubuntu/airflow/dags/zillowanalytics.py", line 62
    task_id = 'load_to_s3',
    ^^^^^^^^^^^^^^^^^^^^^^
SyntaxError: invalid syntax. Maybe you meant '==' or ':=' instead of '='?
[2025-04-05T04:45:43.548+0000] {processor.py:927} WARNING - No viable dags retrieved from /home/ubuntu/airflow/dags/zillowanalytics.py
[2025-04-05T04:45:43.571+0000] {processor.py:208} INFO - Processing /home/ubuntu/airflow/dags/zillowanalytics.py took 0.036 seconds
[2025-04-05T04:45:59.803+0000] {processor.py:186} INFO - Started process (PID=2739) to work on /home/ubuntu/airflow/dags/zillowanalytics.py
[2025-04-05T04:45:59.804+0000] {processor.py:914} INFO - Processing file /home/ubuntu/airflow/dags/zillowanalytics.py for tasks to queue
[2025-04-05T04:45:59.806+0000] {logging_mixin.py:190} INFO - [2025-04-05T04:45:59.805+0000] {dagbag.py:588} INFO - Filling up the DagBag from /home/ubuntu/airflow/dags/zillowanalytics.py
[2025-04-05T04:45:59.810+0000] {logging_mixin.py:190} INFO - [2025-04-05T04:45:59.809+0000] {dagbag.py:387} ERROR - Failed to import: /home/ubuntu/airflow/dags/zillowanalytics.py
Traceback (most recent call last):
  File "/home/ubuntu/venv/lib/python3.12/site-packages/airflow/models/dagbag.py", line 383, in parse
    loader.exec_module(new_module)
  File "<frozen importlib._bootstrap_external>", line 991, in exec_module
  File "<frozen importlib._bootstrap_external>", line 1129, in get_code
  File "<frozen importlib._bootstrap_external>", line 1059, in source_to_code
  File "<frozen importlib._bootstrap>", line 488, in _call_with_frames_removed
  File "/home/ubuntu/airflow/dags/zillowanalytics.py", line 62
    task_id = 'load_to_s3',
    ^^^^^^^^^^^^^^^^^^^^^^
SyntaxError: invalid syntax. Maybe you meant '==' or ':=' instead of '='?
[2025-04-05T04:45:59.810+0000] {processor.py:927} WARNING - No viable dags retrieved from /home/ubuntu/airflow/dags/zillowanalytics.py
[2025-04-05T04:45:59.831+0000] {processor.py:208} INFO - Processing /home/ubuntu/airflow/dags/zillowanalytics.py took 0.033 seconds
[2025-04-05T04:46:22.022+0000] {processor.py:186} INFO - Started process (PID=2742) to work on /home/ubuntu/airflow/dags/zillowanalytics.py
[2025-04-05T04:46:22.023+0000] {processor.py:914} INFO - Processing file /home/ubuntu/airflow/dags/zillowanalytics.py for tasks to queue
[2025-04-05T04:46:22.024+0000] {logging_mixin.py:190} INFO - [2025-04-05T04:46:22.024+0000] {dagbag.py:588} INFO - Filling up the DagBag from /home/ubuntu/airflow/dags/zillowanalytics.py
[2025-04-05T04:46:22.040+0000] {processor.py:925} INFO - DAG(s) 'zillow_analytics' retrieved from /home/ubuntu/airflow/dags/zillowanalytics.py
[2025-04-05T04:46:22.130+0000] {logging_mixin.py:190} INFO - [2025-04-05T04:46:22.130+0000] {dag.py:3239} INFO - Sync 1 DAGs
[2025-04-05T04:46:22.148+0000] {logging_mixin.py:190} INFO - [2025-04-05T04:46:22.147+0000] {dag.py:4180} INFO - Setting next_dagrun for zillow_analytics to 2025-04-05 00:00:00+00:00, run_after=2025-04-06 00:00:00+00:00
[2025-04-05T04:46:22.178+0000] {processor.py:208} INFO - Processing /home/ubuntu/airflow/dags/zillowanalytics.py took 0.161 seconds
[2025-04-05T04:46:53.010+0000] {processor.py:186} INFO - Started process (PID=2755) to work on /home/ubuntu/airflow/dags/zillowanalytics.py
[2025-04-05T04:46:53.011+0000] {processor.py:914} INFO - Processing file /home/ubuntu/airflow/dags/zillowanalytics.py for tasks to queue
[2025-04-05T04:46:53.013+0000] {logging_mixin.py:190} INFO - [2025-04-05T04:46:53.012+0000] {dagbag.py:588} INFO - Filling up the DagBag from /home/ubuntu/airflow/dags/zillowanalytics.py
[2025-04-05T04:46:53.029+0000] {processor.py:925} INFO - DAG(s) 'zillow_analytics' retrieved from /home/ubuntu/airflow/dags/zillowanalytics.py
[2025-04-05T04:46:53.121+0000] {logging_mixin.py:190} INFO - [2025-04-05T04:46:53.121+0000] {dag.py:3239} INFO - Sync 1 DAGs
[2025-04-05T04:46:53.139+0000] {logging_mixin.py:190} INFO - [2025-04-05T04:46:53.139+0000] {dag.py:4180} INFO - Setting next_dagrun for zillow_analytics to 2025-04-05 00:00:00+00:00, run_after=2025-04-06 00:00:00+00:00
[2025-04-05T04:46:53.159+0000] {processor.py:208} INFO - Processing /home/ubuntu/airflow/dags/zillowanalytics.py took 0.155 seconds
[2025-04-05T04:47:15.230+0000] {processor.py:186} INFO - Started process (PID=2756) to work on /home/ubuntu/airflow/dags/zillowanalytics.py
[2025-04-05T04:47:15.231+0000] {processor.py:914} INFO - Processing file /home/ubuntu/airflow/dags/zillowanalytics.py for tasks to queue
[2025-04-05T04:47:15.232+0000] {logging_mixin.py:190} INFO - [2025-04-05T04:47:15.232+0000] {dagbag.py:588} INFO - Filling up the DagBag from /home/ubuntu/airflow/dags/zillowanalytics.py
[2025-04-05T04:47:15.248+0000] {processor.py:925} INFO - DAG(s) 'zillow_analytics' retrieved from /home/ubuntu/airflow/dags/zillowanalytics.py
[2025-04-05T04:47:15.257+0000] {logging_mixin.py:190} INFO - [2025-04-05T04:47:15.256+0000] {dag.py:3239} INFO - Sync 1 DAGs
[2025-04-05T04:47:15.277+0000] {logging_mixin.py:190} INFO - [2025-04-05T04:47:15.276+0000] {dag.py:4180} INFO - Setting next_dagrun for zillow_analytics to 2025-04-05 00:00:00+00:00, run_after=2025-04-06 00:00:00+00:00
[2025-04-05T04:47:15.299+0000] {processor.py:208} INFO - Processing /home/ubuntu/airflow/dags/zillowanalytics.py took 0.075 seconds
[2025-04-05T04:47:45.918+0000] {processor.py:186} INFO - Started process (PID=2769) to work on /home/ubuntu/airflow/dags/zillowanalytics.py
[2025-04-05T04:47:45.920+0000] {processor.py:914} INFO - Processing file /home/ubuntu/airflow/dags/zillowanalytics.py for tasks to queue
[2025-04-05T04:47:45.921+0000] {logging_mixin.py:190} INFO - [2025-04-05T04:47:45.921+0000] {dagbag.py:588} INFO - Filling up the DagBag from /home/ubuntu/airflow/dags/zillowanalytics.py
[2025-04-05T04:47:45.937+0000] {processor.py:925} INFO - DAG(s) 'zillow_analytics' retrieved from /home/ubuntu/airflow/dags/zillowanalytics.py
[2025-04-05T04:47:46.032+0000] {logging_mixin.py:190} INFO - [2025-04-05T04:47:46.032+0000] {dag.py:3239} INFO - Sync 1 DAGs
[2025-04-05T04:47:46.049+0000] {logging_mixin.py:190} INFO - [2025-04-05T04:47:46.049+0000] {dag.py:4180} INFO - Setting next_dagrun for zillow_analytics to 2025-04-05 00:00:00+00:00, run_after=2025-04-06 00:00:00+00:00
[2025-04-05T04:47:46.071+0000] {processor.py:208} INFO - Processing /home/ubuntu/airflow/dags/zillowanalytics.py took 0.159 seconds
[2025-04-05T04:48:08.024+0000] {processor.py:186} INFO - Started process (PID=2770) to work on /home/ubuntu/airflow/dags/zillowanalytics.py
[2025-04-05T04:48:08.026+0000] {processor.py:914} INFO - Processing file /home/ubuntu/airflow/dags/zillowanalytics.py for tasks to queue
[2025-04-05T04:48:08.027+0000] {logging_mixin.py:190} INFO - [2025-04-05T04:48:08.026+0000] {dagbag.py:588} INFO - Filling up the DagBag from /home/ubuntu/airflow/dags/zillowanalytics.py
[2025-04-05T04:48:08.043+0000] {processor.py:925} INFO - DAG(s) 'zillow_analytics' retrieved from /home/ubuntu/airflow/dags/zillowanalytics.py
[2025-04-05T04:48:08.050+0000] {logging_mixin.py:190} INFO - [2025-04-05T04:48:08.050+0000] {dag.py:3239} INFO - Sync 1 DAGs
[2025-04-05T04:48:08.071+0000] {logging_mixin.py:190} INFO - [2025-04-05T04:48:08.071+0000] {dag.py:4180} INFO - Setting next_dagrun for zillow_analytics to 2025-04-05 00:00:00+00:00, run_after=2025-04-06 00:00:00+00:00
[2025-04-05T04:48:08.093+0000] {processor.py:208} INFO - Processing /home/ubuntu/airflow/dags/zillowanalytics.py took 0.075 seconds
[2025-04-05T04:48:09.627+0000] {processor.py:186} INFO - Started process (PID=2771) to work on /home/ubuntu/airflow/dags/zillowanalytics.py
[2025-04-05T04:48:09.628+0000] {processor.py:914} INFO - Processing file /home/ubuntu/airflow/dags/zillowanalytics.py for tasks to queue
[2025-04-05T04:48:09.629+0000] {logging_mixin.py:190} INFO - [2025-04-05T04:48:09.629+0000] {dagbag.py:588} INFO - Filling up the DagBag from /home/ubuntu/airflow/dags/zillowanalytics.py
[2025-04-05T04:48:09.645+0000] {processor.py:925} INFO - DAG(s) 'zillow_analytics' retrieved from /home/ubuntu/airflow/dags/zillowanalytics.py
[2025-04-05T04:48:09.652+0000] {logging_mixin.py:190} INFO - [2025-04-05T04:48:09.652+0000] {dag.py:3239} INFO - Sync 1 DAGs
[2025-04-05T04:48:09.671+0000] {logging_mixin.py:190} INFO - [2025-04-05T04:48:09.671+0000] {dag.py:4180} INFO - Setting next_dagrun for zillow_analytics to 2025-04-05 00:00:00+00:00, run_after=2025-04-06 00:00:00+00:00
[2025-04-05T04:48:09.695+0000] {processor.py:208} INFO - Processing /home/ubuntu/airflow/dags/zillowanalytics.py took 0.073 seconds
[2025-04-05T04:48:40.734+0000] {processor.py:186} INFO - Started process (PID=2784) to work on /home/ubuntu/airflow/dags/zillowanalytics.py
[2025-04-05T04:48:40.735+0000] {processor.py:914} INFO - Processing file /home/ubuntu/airflow/dags/zillowanalytics.py for tasks to queue
[2025-04-05T04:48:40.736+0000] {logging_mixin.py:190} INFO - [2025-04-05T04:48:40.736+0000] {dagbag.py:588} INFO - Filling up the DagBag from /home/ubuntu/airflow/dags/zillowanalytics.py
[2025-04-05T04:48:40.752+0000] {processor.py:925} INFO - DAG(s) 'zillow_analytics' retrieved from /home/ubuntu/airflow/dags/zillowanalytics.py
[2025-04-05T04:48:40.845+0000] {logging_mixin.py:190} INFO - [2025-04-05T04:48:40.844+0000] {dag.py:3239} INFO - Sync 1 DAGs
[2025-04-05T04:48:40.861+0000] {logging_mixin.py:190} INFO - [2025-04-05T04:48:40.861+0000] {dag.py:4180} INFO - Setting next_dagrun for zillow_analytics to 2025-04-05 00:00:00+00:00, run_after=2025-04-06 00:00:00+00:00
[2025-04-05T04:48:40.881+0000] {processor.py:208} INFO - Processing /home/ubuntu/airflow/dags/zillowanalytics.py took 0.153 seconds
[2025-04-05T04:49:11.764+0000] {processor.py:186} INFO - Started process (PID=2786) to work on /home/ubuntu/airflow/dags/zillowanalytics.py
[2025-04-05T04:49:11.764+0000] {processor.py:914} INFO - Processing file /home/ubuntu/airflow/dags/zillowanalytics.py for tasks to queue
[2025-04-05T04:49:11.765+0000] {logging_mixin.py:190} INFO - [2025-04-05T04:49:11.765+0000] {dagbag.py:588} INFO - Filling up the DagBag from /home/ubuntu/airflow/dags/zillowanalytics.py
[2025-04-05T04:49:11.781+0000] {processor.py:925} INFO - DAG(s) 'zillow_analytics' retrieved from /home/ubuntu/airflow/dags/zillowanalytics.py
[2025-04-05T04:49:11.874+0000] {logging_mixin.py:190} INFO - [2025-04-05T04:49:11.874+0000] {dag.py:3239} INFO - Sync 1 DAGs
[2025-04-05T04:49:11.890+0000] {logging_mixin.py:190} INFO - [2025-04-05T04:49:11.890+0000] {dag.py:4180} INFO - Setting next_dagrun for zillow_analytics to 2025-04-05 00:00:00+00:00, run_after=2025-04-06 00:00:00+00:00
[2025-04-05T04:49:11.913+0000] {processor.py:208} INFO - Processing /home/ubuntu/airflow/dags/zillowanalytics.py took 0.155 seconds
[2025-04-05T04:49:42.211+0000] {processor.py:186} INFO - Started process (PID=2787) to work on /home/ubuntu/airflow/dags/zillowanalytics.py
[2025-04-05T04:49:42.213+0000] {processor.py:914} INFO - Processing file /home/ubuntu/airflow/dags/zillowanalytics.py for tasks to queue
[2025-04-05T04:49:42.214+0000] {logging_mixin.py:190} INFO - [2025-04-05T04:49:42.214+0000] {dagbag.py:588} INFO - Filling up the DagBag from /home/ubuntu/airflow/dags/zillowanalytics.py
[2025-04-05T04:49:42.230+0000] {processor.py:925} INFO - DAG(s) 'zillow_analytics' retrieved from /home/ubuntu/airflow/dags/zillowanalytics.py
[2025-04-05T04:49:42.323+0000] {logging_mixin.py:190} INFO - [2025-04-05T04:49:42.323+0000] {dag.py:3239} INFO - Sync 1 DAGs
[2025-04-05T04:49:42.341+0000] {logging_mixin.py:190} INFO - [2025-04-05T04:49:42.341+0000] {dag.py:4180} INFO - Setting next_dagrun for zillow_analytics to 2025-04-05 00:00:00+00:00, run_after=2025-04-06 00:00:00+00:00
[2025-04-05T04:49:42.364+0000] {processor.py:208} INFO - Processing /home/ubuntu/airflow/dags/zillowanalytics.py took 0.158 seconds
[2025-04-05T04:50:12.661+0000] {processor.py:186} INFO - Started process (PID=2794) to work on /home/ubuntu/airflow/dags/zillowanalytics.py
[2025-04-05T04:50:12.663+0000] {processor.py:914} INFO - Processing file /home/ubuntu/airflow/dags/zillowanalytics.py for tasks to queue
[2025-04-05T04:50:12.664+0000] {logging_mixin.py:190} INFO - [2025-04-05T04:50:12.664+0000] {dagbag.py:588} INFO - Filling up the DagBag from /home/ubuntu/airflow/dags/zillowanalytics.py
[2025-04-05T04:50:12.679+0000] {processor.py:925} INFO - DAG(s) 'zillow_analytics' retrieved from /home/ubuntu/airflow/dags/zillowanalytics.py
[2025-04-05T04:50:12.772+0000] {logging_mixin.py:190} INFO - [2025-04-05T04:50:12.772+0000] {dag.py:3239} INFO - Sync 1 DAGs
[2025-04-05T04:50:12.789+0000] {logging_mixin.py:190} INFO - [2025-04-05T04:50:12.789+0000] {dag.py:4180} INFO - Setting next_dagrun for zillow_analytics to 2025-04-05 00:00:00+00:00, run_after=2025-04-06 00:00:00+00:00
[2025-04-05T04:50:12.813+0000] {processor.py:208} INFO - Processing /home/ubuntu/airflow/dags/zillowanalytics.py took 0.158 seconds
[2025-04-05T04:50:43.038+0000] {processor.py:186} INFO - Started process (PID=2795) to work on /home/ubuntu/airflow/dags/zillowanalytics.py
[2025-04-05T04:50:43.039+0000] {processor.py:914} INFO - Processing file /home/ubuntu/airflow/dags/zillowanalytics.py for tasks to queue
[2025-04-05T04:50:43.040+0000] {logging_mixin.py:190} INFO - [2025-04-05T04:50:43.040+0000] {dagbag.py:588} INFO - Filling up the DagBag from /home/ubuntu/airflow/dags/zillowanalytics.py
[2025-04-05T04:50:43.057+0000] {processor.py:925} INFO - DAG(s) 'zillow_analytics' retrieved from /home/ubuntu/airflow/dags/zillowanalytics.py
[2025-04-05T04:50:43.153+0000] {logging_mixin.py:190} INFO - [2025-04-05T04:50:43.152+0000] {dag.py:3239} INFO - Sync 1 DAGs
[2025-04-05T04:50:43.171+0000] {logging_mixin.py:190} INFO - [2025-04-05T04:50:43.170+0000] {dag.py:4180} INFO - Setting next_dagrun for zillow_analytics to 2025-04-05 00:00:00+00:00, run_after=2025-04-06 00:00:00+00:00
[2025-04-05T04:50:43.191+0000] {processor.py:208} INFO - Processing /home/ubuntu/airflow/dags/zillowanalytics.py took 0.159 seconds
[2025-04-05T04:51:13.485+0000] {processor.py:186} INFO - Started process (PID=2796) to work on /home/ubuntu/airflow/dags/zillowanalytics.py
[2025-04-05T04:51:13.487+0000] {processor.py:914} INFO - Processing file /home/ubuntu/airflow/dags/zillowanalytics.py for tasks to queue
[2025-04-05T04:51:13.488+0000] {logging_mixin.py:190} INFO - [2025-04-05T04:51:13.488+0000] {dagbag.py:588} INFO - Filling up the DagBag from /home/ubuntu/airflow/dags/zillowanalytics.py
[2025-04-05T04:51:13.503+0000] {processor.py:925} INFO - DAG(s) 'zillow_analytics' retrieved from /home/ubuntu/airflow/dags/zillowanalytics.py
[2025-04-05T04:51:13.596+0000] {logging_mixin.py:190} INFO - [2025-04-05T04:51:13.596+0000] {dag.py:3239} INFO - Sync 1 DAGs
[2025-04-05T04:51:13.612+0000] {logging_mixin.py:190} INFO - [2025-04-05T04:51:13.612+0000] {dag.py:4180} INFO - Setting next_dagrun for zillow_analytics to 2025-04-05 00:00:00+00:00, run_after=2025-04-06 00:00:00+00:00
[2025-04-05T04:51:13.634+0000] {processor.py:208} INFO - Processing /home/ubuntu/airflow/dags/zillowanalytics.py took 0.154 seconds
[2025-04-05T04:51:43.939+0000] {processor.py:186} INFO - Started process (PID=2797) to work on /home/ubuntu/airflow/dags/zillowanalytics.py
[2025-04-05T04:51:43.940+0000] {processor.py:914} INFO - Processing file /home/ubuntu/airflow/dags/zillowanalytics.py for tasks to queue
[2025-04-05T04:51:43.942+0000] {logging_mixin.py:190} INFO - [2025-04-05T04:51:43.942+0000] {dagbag.py:588} INFO - Filling up the DagBag from /home/ubuntu/airflow/dags/zillowanalytics.py
[2025-04-05T04:51:43.957+0000] {processor.py:925} INFO - DAG(s) 'zillow_analytics' retrieved from /home/ubuntu/airflow/dags/zillowanalytics.py
[2025-04-05T04:51:44.055+0000] {logging_mixin.py:190} INFO - [2025-04-05T04:51:44.054+0000] {dag.py:3239} INFO - Sync 1 DAGs
[2025-04-05T04:51:44.071+0000] {logging_mixin.py:190} INFO - [2025-04-05T04:51:44.071+0000] {dag.py:4180} INFO - Setting next_dagrun for zillow_analytics to 2025-04-05 00:00:00+00:00, run_after=2025-04-06 00:00:00+00:00
[2025-04-05T04:51:44.092+0000] {processor.py:208} INFO - Processing /home/ubuntu/airflow/dags/zillowanalytics.py took 0.158 seconds
[2025-04-05T04:52:14.249+0000] {processor.py:186} INFO - Started process (PID=2799) to work on /home/ubuntu/airflow/dags/zillowanalytics.py
[2025-04-05T04:52:14.250+0000] {processor.py:914} INFO - Processing file /home/ubuntu/airflow/dags/zillowanalytics.py for tasks to queue
[2025-04-05T04:52:14.253+0000] {logging_mixin.py:190} INFO - [2025-04-05T04:52:14.252+0000] {dagbag.py:588} INFO - Filling up the DagBag from /home/ubuntu/airflow/dags/zillowanalytics.py
[2025-04-05T04:52:14.267+0000] {processor.py:925} INFO - DAG(s) 'zillow_analytics' retrieved from /home/ubuntu/airflow/dags/zillowanalytics.py
[2025-04-05T04:52:14.362+0000] {logging_mixin.py:190} INFO - [2025-04-05T04:52:14.362+0000] {dag.py:3239} INFO - Sync 1 DAGs
[2025-04-05T04:52:14.378+0000] {logging_mixin.py:190} INFO - [2025-04-05T04:52:14.378+0000] {dag.py:4180} INFO - Setting next_dagrun for zillow_analytics to 2025-04-05 00:00:00+00:00, run_after=2025-04-06 00:00:00+00:00
[2025-04-05T04:52:14.399+0000] {processor.py:208} INFO - Processing /home/ubuntu/airflow/dags/zillowanalytics.py took 0.156 seconds
[2025-04-05T04:52:44.664+0000] {processor.py:186} INFO - Started process (PID=2802) to work on /home/ubuntu/airflow/dags/zillowanalytics.py
[2025-04-05T04:52:44.666+0000] {processor.py:914} INFO - Processing file /home/ubuntu/airflow/dags/zillowanalytics.py for tasks to queue
[2025-04-05T04:52:44.667+0000] {logging_mixin.py:190} INFO - [2025-04-05T04:52:44.666+0000] {dagbag.py:588} INFO - Filling up the DagBag from /home/ubuntu/airflow/dags/zillowanalytics.py
[2025-04-05T04:52:44.682+0000] {processor.py:925} INFO - DAG(s) 'zillow_analytics' retrieved from /home/ubuntu/airflow/dags/zillowanalytics.py
[2025-04-05T04:52:44.778+0000] {logging_mixin.py:190} INFO - [2025-04-05T04:52:44.778+0000] {dag.py:3239} INFO - Sync 1 DAGs
[2025-04-05T04:52:44.794+0000] {logging_mixin.py:190} INFO - [2025-04-05T04:52:44.794+0000] {dag.py:4180} INFO - Setting next_dagrun for zillow_analytics to 2025-04-05 00:00:00+00:00, run_after=2025-04-06 00:00:00+00:00
[2025-04-05T04:52:44.818+0000] {processor.py:208} INFO - Processing /home/ubuntu/airflow/dags/zillowanalytics.py took 0.159 seconds
[2025-04-05T04:53:15.114+0000] {processor.py:186} INFO - Started process (PID=2803) to work on /home/ubuntu/airflow/dags/zillowanalytics.py
[2025-04-05T04:53:15.116+0000] {processor.py:914} INFO - Processing file /home/ubuntu/airflow/dags/zillowanalytics.py for tasks to queue
[2025-04-05T04:53:15.117+0000] {logging_mixin.py:190} INFO - [2025-04-05T04:53:15.116+0000] {dagbag.py:588} INFO - Filling up the DagBag from /home/ubuntu/airflow/dags/zillowanalytics.py
[2025-04-05T04:53:15.133+0000] {processor.py:925} INFO - DAG(s) 'zillow_analytics' retrieved from /home/ubuntu/airflow/dags/zillowanalytics.py
[2025-04-05T04:53:15.225+0000] {logging_mixin.py:190} INFO - [2025-04-05T04:53:15.225+0000] {dag.py:3239} INFO - Sync 1 DAGs
[2025-04-05T04:53:15.242+0000] {logging_mixin.py:190} INFO - [2025-04-05T04:53:15.241+0000] {dag.py:4180} INFO - Setting next_dagrun for zillow_analytics to 2025-04-05 00:00:00+00:00, run_after=2025-04-06 00:00:00+00:00
[2025-04-05T04:53:15.262+0000] {processor.py:208} INFO - Processing /home/ubuntu/airflow/dags/zillowanalytics.py took 0.154 seconds
[2025-04-05T04:53:45.563+0000] {processor.py:186} INFO - Started process (PID=2805) to work on /home/ubuntu/airflow/dags/zillowanalytics.py
[2025-04-05T04:53:45.563+0000] {processor.py:914} INFO - Processing file /home/ubuntu/airflow/dags/zillowanalytics.py for tasks to queue
[2025-04-05T04:53:45.564+0000] {logging_mixin.py:190} INFO - [2025-04-05T04:53:45.564+0000] {dagbag.py:588} INFO - Filling up the DagBag from /home/ubuntu/airflow/dags/zillowanalytics.py
[2025-04-05T04:53:45.580+0000] {processor.py:925} INFO - DAG(s) 'zillow_analytics' retrieved from /home/ubuntu/airflow/dags/zillowanalytics.py
[2025-04-05T04:53:45.673+0000] {logging_mixin.py:190} INFO - [2025-04-05T04:53:45.673+0000] {dag.py:3239} INFO - Sync 1 DAGs
[2025-04-05T04:53:45.692+0000] {logging_mixin.py:190} INFO - [2025-04-05T04:53:45.692+0000] {dag.py:4180} INFO - Setting next_dagrun for zillow_analytics to 2025-04-05 00:00:00+00:00, run_after=2025-04-06 00:00:00+00:00
[2025-04-05T04:53:45.713+0000] {processor.py:208} INFO - Processing /home/ubuntu/airflow/dags/zillowanalytics.py took 0.156 seconds
[2025-04-05T04:54:15.869+0000] {processor.py:186} INFO - Started process (PID=2806) to work on /home/ubuntu/airflow/dags/zillowanalytics.py
[2025-04-05T04:54:15.870+0000] {processor.py:914} INFO - Processing file /home/ubuntu/airflow/dags/zillowanalytics.py for tasks to queue
[2025-04-05T04:54:15.871+0000] {logging_mixin.py:190} INFO - [2025-04-05T04:54:15.871+0000] {dagbag.py:588} INFO - Filling up the DagBag from /home/ubuntu/airflow/dags/zillowanalytics.py
[2025-04-05T04:54:15.886+0000] {processor.py:925} INFO - DAG(s) 'zillow_analytics' retrieved from /home/ubuntu/airflow/dags/zillowanalytics.py
[2025-04-05T04:54:15.979+0000] {logging_mixin.py:190} INFO - [2025-04-05T04:54:15.978+0000] {dag.py:3239} INFO - Sync 1 DAGs
[2025-04-05T04:54:15.996+0000] {logging_mixin.py:190} INFO - [2025-04-05T04:54:15.995+0000] {dag.py:4180} INFO - Setting next_dagrun for zillow_analytics to 2025-04-05 00:00:00+00:00, run_after=2025-04-06 00:00:00+00:00
[2025-04-05T04:54:16.016+0000] {processor.py:208} INFO - Processing /home/ubuntu/airflow/dags/zillowanalytics.py took 0.153 seconds
[2025-04-05T04:54:46.177+0000] {processor.py:186} INFO - Started process (PID=2807) to work on /home/ubuntu/airflow/dags/zillowanalytics.py
[2025-04-05T04:54:46.177+0000] {processor.py:914} INFO - Processing file /home/ubuntu/airflow/dags/zillowanalytics.py for tasks to queue
[2025-04-05T04:54:46.178+0000] {logging_mixin.py:190} INFO - [2025-04-05T04:54:46.178+0000] {dagbag.py:588} INFO - Filling up the DagBag from /home/ubuntu/airflow/dags/zillowanalytics.py
[2025-04-05T04:54:46.194+0000] {processor.py:925} INFO - DAG(s) 'zillow_analytics' retrieved from /home/ubuntu/airflow/dags/zillowanalytics.py
[2025-04-05T04:54:46.284+0000] {logging_mixin.py:190} INFO - [2025-04-05T04:54:46.284+0000] {dag.py:3239} INFO - Sync 1 DAGs
[2025-04-05T04:54:46.301+0000] {logging_mixin.py:190} INFO - [2025-04-05T04:54:46.301+0000] {dag.py:4180} INFO - Setting next_dagrun for zillow_analytics to 2025-04-05 00:00:00+00:00, run_after=2025-04-06 00:00:00+00:00
[2025-04-05T04:54:46.322+0000] {processor.py:208} INFO - Processing /home/ubuntu/airflow/dags/zillowanalytics.py took 0.151 seconds
[2025-04-05T04:55:16.484+0000] {processor.py:186} INFO - Started process (PID=2812) to work on /home/ubuntu/airflow/dags/zillowanalytics.py
[2025-04-05T04:55:16.486+0000] {processor.py:914} INFO - Processing file /home/ubuntu/airflow/dags/zillowanalytics.py for tasks to queue
[2025-04-05T04:55:16.487+0000] {logging_mixin.py:190} INFO - [2025-04-05T04:55:16.487+0000] {dagbag.py:588} INFO - Filling up the DagBag from /home/ubuntu/airflow/dags/zillowanalytics.py
[2025-04-05T04:55:16.502+0000] {processor.py:925} INFO - DAG(s) 'zillow_analytics' retrieved from /home/ubuntu/airflow/dags/zillowanalytics.py
[2025-04-05T04:55:16.594+0000] {logging_mixin.py:190} INFO - [2025-04-05T04:55:16.594+0000] {dag.py:3239} INFO - Sync 1 DAGs
[2025-04-05T04:55:16.610+0000] {logging_mixin.py:190} INFO - [2025-04-05T04:55:16.610+0000] {dag.py:4180} INFO - Setting next_dagrun for zillow_analytics to 2025-04-05 00:00:00+00:00, run_after=2025-04-06 00:00:00+00:00
[2025-04-05T04:55:16.632+0000] {processor.py:208} INFO - Processing /home/ubuntu/airflow/dags/zillowanalytics.py took 0.153 seconds
[2025-04-05T04:55:46.793+0000] {processor.py:186} INFO - Started process (PID=2813) to work on /home/ubuntu/airflow/dags/zillowanalytics.py
[2025-04-05T04:55:46.795+0000] {processor.py:914} INFO - Processing file /home/ubuntu/airflow/dags/zillowanalytics.py for tasks to queue
[2025-04-05T04:55:46.796+0000] {logging_mixin.py:190} INFO - [2025-04-05T04:55:46.795+0000] {dagbag.py:588} INFO - Filling up the DagBag from /home/ubuntu/airflow/dags/zillowanalytics.py
[2025-04-05T04:55:46.811+0000] {processor.py:925} INFO - DAG(s) 'zillow_analytics' retrieved from /home/ubuntu/airflow/dags/zillowanalytics.py
[2025-04-05T04:55:46.906+0000] {logging_mixin.py:190} INFO - [2025-04-05T04:55:46.905+0000] {dag.py:3239} INFO - Sync 1 DAGs
[2025-04-05T04:55:46.922+0000] {logging_mixin.py:190} INFO - [2025-04-05T04:55:46.922+0000] {dag.py:4180} INFO - Setting next_dagrun for zillow_analytics to 2025-04-05 00:00:00+00:00, run_after=2025-04-06 00:00:00+00:00
[2025-04-05T04:55:46.940+0000] {processor.py:208} INFO - Processing /home/ubuntu/airflow/dags/zillowanalytics.py took 0.152 seconds
[2025-04-05T04:56:17.101+0000] {processor.py:186} INFO - Started process (PID=2814) to work on /home/ubuntu/airflow/dags/zillowanalytics.py
[2025-04-05T04:56:17.103+0000] {processor.py:914} INFO - Processing file /home/ubuntu/airflow/dags/zillowanalytics.py for tasks to queue
[2025-04-05T04:56:17.104+0000] {logging_mixin.py:190} INFO - [2025-04-05T04:56:17.104+0000] {dagbag.py:588} INFO - Filling up the DagBag from /home/ubuntu/airflow/dags/zillowanalytics.py
[2025-04-05T04:56:17.119+0000] {processor.py:925} INFO - DAG(s) 'zillow_analytics' retrieved from /home/ubuntu/airflow/dags/zillowanalytics.py
[2025-04-05T04:56:17.214+0000] {logging_mixin.py:190} INFO - [2025-04-05T04:56:17.214+0000] {dag.py:3239} INFO - Sync 1 DAGs
[2025-04-05T04:56:17.231+0000] {logging_mixin.py:190} INFO - [2025-04-05T04:56:17.231+0000] {dag.py:4180} INFO - Setting next_dagrun for zillow_analytics to 2025-04-05 00:00:00+00:00, run_after=2025-04-06 00:00:00+00:00
[2025-04-05T04:56:17.251+0000] {processor.py:208} INFO - Processing /home/ubuntu/airflow/dags/zillowanalytics.py took 0.155 seconds
[2025-04-05T04:56:47.408+0000] {processor.py:186} INFO - Started process (PID=2815) to work on /home/ubuntu/airflow/dags/zillowanalytics.py
[2025-04-05T04:56:47.411+0000] {processor.py:914} INFO - Processing file /home/ubuntu/airflow/dags/zillowanalytics.py for tasks to queue
[2025-04-05T04:56:47.411+0000] {logging_mixin.py:190} INFO - [2025-04-05T04:56:47.411+0000] {dagbag.py:588} INFO - Filling up the DagBag from /home/ubuntu/airflow/dags/zillowanalytics.py
[2025-04-05T04:56:47.427+0000] {processor.py:925} INFO - DAG(s) 'zillow_analytics' retrieved from /home/ubuntu/airflow/dags/zillowanalytics.py
[2025-04-05T04:56:47.520+0000] {logging_mixin.py:190} INFO - [2025-04-05T04:56:47.520+0000] {dag.py:3239} INFO - Sync 1 DAGs
[2025-04-05T04:56:47.536+0000] {logging_mixin.py:190} INFO - [2025-04-05T04:56:47.536+0000] {dag.py:4180} INFO - Setting next_dagrun for zillow_analytics to 2025-04-05 00:00:00+00:00, run_after=2025-04-06 00:00:00+00:00
[2025-04-05T04:56:47.557+0000] {processor.py:208} INFO - Processing /home/ubuntu/airflow/dags/zillowanalytics.py took 0.154 seconds
[2025-04-05T04:57:17.717+0000] {processor.py:186} INFO - Started process (PID=2816) to work on /home/ubuntu/airflow/dags/zillowanalytics.py
[2025-04-05T04:57:17.718+0000] {processor.py:914} INFO - Processing file /home/ubuntu/airflow/dags/zillowanalytics.py for tasks to queue
[2025-04-05T04:57:17.719+0000] {logging_mixin.py:190} INFO - [2025-04-05T04:57:17.719+0000] {dagbag.py:588} INFO - Filling up the DagBag from /home/ubuntu/airflow/dags/zillowanalytics.py
[2025-04-05T04:57:17.734+0000] {processor.py:925} INFO - DAG(s) 'zillow_analytics' retrieved from /home/ubuntu/airflow/dags/zillowanalytics.py
[2025-04-05T04:57:17.827+0000] {logging_mixin.py:190} INFO - [2025-04-05T04:57:17.827+0000] {dag.py:3239} INFO - Sync 1 DAGs
[2025-04-05T04:57:17.842+0000] {logging_mixin.py:190} INFO - [2025-04-05T04:57:17.842+0000] {dag.py:4180} INFO - Setting next_dagrun for zillow_analytics to 2025-04-05 00:00:00+00:00, run_after=2025-04-06 00:00:00+00:00
[2025-04-05T04:57:17.867+0000] {processor.py:208} INFO - Processing /home/ubuntu/airflow/dags/zillowanalytics.py took 0.155 seconds
[2025-04-05T04:57:48.024+0000] {processor.py:186} INFO - Started process (PID=2817) to work on /home/ubuntu/airflow/dags/zillowanalytics.py
[2025-04-05T04:57:48.025+0000] {processor.py:914} INFO - Processing file /home/ubuntu/airflow/dags/zillowanalytics.py for tasks to queue
[2025-04-05T04:57:48.026+0000] {logging_mixin.py:190} INFO - [2025-04-05T04:57:48.026+0000] {dagbag.py:588} INFO - Filling up the DagBag from /home/ubuntu/airflow/dags/zillowanalytics.py
[2025-04-05T04:57:48.042+0000] {processor.py:925} INFO - DAG(s) 'zillow_analytics' retrieved from /home/ubuntu/airflow/dags/zillowanalytics.py
[2025-04-05T04:57:48.136+0000] {logging_mixin.py:190} INFO - [2025-04-05T04:57:48.136+0000] {dag.py:3239} INFO - Sync 1 DAGs
[2025-04-05T04:57:48.154+0000] {logging_mixin.py:190} INFO - [2025-04-05T04:57:48.154+0000] {dag.py:4180} INFO - Setting next_dagrun for zillow_analytics to 2025-04-05 00:00:00+00:00, run_after=2025-04-06 00:00:00+00:00
[2025-04-05T04:57:48.177+0000] {processor.py:208} INFO - Processing /home/ubuntu/airflow/dags/zillowanalytics.py took 0.159 seconds
[2025-04-05T04:58:18.332+0000] {processor.py:186} INFO - Started process (PID=2821) to work on /home/ubuntu/airflow/dags/zillowanalytics.py
[2025-04-05T04:58:18.333+0000] {processor.py:914} INFO - Processing file /home/ubuntu/airflow/dags/zillowanalytics.py for tasks to queue
[2025-04-05T04:58:18.334+0000] {logging_mixin.py:190} INFO - [2025-04-05T04:58:18.333+0000] {dagbag.py:588} INFO - Filling up the DagBag from /home/ubuntu/airflow/dags/zillowanalytics.py
[2025-04-05T04:58:18.349+0000] {processor.py:925} INFO - DAG(s) 'zillow_analytics' retrieved from /home/ubuntu/airflow/dags/zillowanalytics.py
[2025-04-05T04:58:18.443+0000] {logging_mixin.py:190} INFO - [2025-04-05T04:58:18.443+0000] {dag.py:3239} INFO - Sync 1 DAGs
[2025-04-05T04:58:18.460+0000] {logging_mixin.py:190} INFO - [2025-04-05T04:58:18.460+0000] {dag.py:4180} INFO - Setting next_dagrun for zillow_analytics to 2025-04-05 00:00:00+00:00, run_after=2025-04-06 00:00:00+00:00
[2025-04-05T04:58:18.482+0000] {processor.py:208} INFO - Processing /home/ubuntu/airflow/dags/zillowanalytics.py took 0.156 seconds
[2025-04-05T04:58:48.637+0000] {processor.py:186} INFO - Started process (PID=2822) to work on /home/ubuntu/airflow/dags/zillowanalytics.py
[2025-04-05T04:58:48.638+0000] {processor.py:914} INFO - Processing file /home/ubuntu/airflow/dags/zillowanalytics.py for tasks to queue
[2025-04-05T04:58:48.640+0000] {logging_mixin.py:190} INFO - [2025-04-05T04:58:48.640+0000] {dagbag.py:588} INFO - Filling up the DagBag from /home/ubuntu/airflow/dags/zillowanalytics.py
[2025-04-05T04:58:48.656+0000] {processor.py:925} INFO - DAG(s) 'zillow_analytics' retrieved from /home/ubuntu/airflow/dags/zillowanalytics.py
[2025-04-05T04:58:48.748+0000] {logging_mixin.py:190} INFO - [2025-04-05T04:58:48.747+0000] {dag.py:3239} INFO - Sync 1 DAGs
[2025-04-05T04:58:48.766+0000] {logging_mixin.py:190} INFO - [2025-04-05T04:58:48.766+0000] {dag.py:4180} INFO - Setting next_dagrun for zillow_analytics to 2025-04-05 00:00:00+00:00, run_after=2025-04-06 00:00:00+00:00
[2025-04-05T04:58:48.785+0000] {processor.py:208} INFO - Processing /home/ubuntu/airflow/dags/zillowanalytics.py took 0.154 seconds
[2025-04-05T04:59:18.944+0000] {processor.py:186} INFO - Started process (PID=2823) to work on /home/ubuntu/airflow/dags/zillowanalytics.py
[2025-04-05T04:59:18.945+0000] {processor.py:914} INFO - Processing file /home/ubuntu/airflow/dags/zillowanalytics.py for tasks to queue
[2025-04-05T04:59:18.945+0000] {logging_mixin.py:190} INFO - [2025-04-05T04:59:18.945+0000] {dagbag.py:588} INFO - Filling up the DagBag from /home/ubuntu/airflow/dags/zillowanalytics.py
[2025-04-05T04:59:18.961+0000] {processor.py:925} INFO - DAG(s) 'zillow_analytics' retrieved from /home/ubuntu/airflow/dags/zillowanalytics.py
[2025-04-05T04:59:19.056+0000] {logging_mixin.py:190} INFO - [2025-04-05T04:59:19.056+0000] {dag.py:3239} INFO - Sync 1 DAGs
[2025-04-05T04:59:19.073+0000] {logging_mixin.py:190} INFO - [2025-04-05T04:59:19.072+0000] {dag.py:4180} INFO - Setting next_dagrun for zillow_analytics to 2025-04-05 00:00:00+00:00, run_after=2025-04-06 00:00:00+00:00
[2025-04-05T04:59:19.093+0000] {processor.py:208} INFO - Processing /home/ubuntu/airflow/dags/zillowanalytics.py took 0.155 seconds
[2025-04-05T04:59:49.247+0000] {processor.py:186} INFO - Started process (PID=2824) to work on /home/ubuntu/airflow/dags/zillowanalytics.py
[2025-04-05T04:59:49.249+0000] {processor.py:914} INFO - Processing file /home/ubuntu/airflow/dags/zillowanalytics.py for tasks to queue
[2025-04-05T04:59:49.251+0000] {logging_mixin.py:190} INFO - [2025-04-05T04:59:49.250+0000] {dagbag.py:588} INFO - Filling up the DagBag from /home/ubuntu/airflow/dags/zillowanalytics.py
[2025-04-05T04:59:49.266+0000] {processor.py:925} INFO - DAG(s) 'zillow_analytics' retrieved from /home/ubuntu/airflow/dags/zillowanalytics.py
[2025-04-05T04:59:49.360+0000] {logging_mixin.py:190} INFO - [2025-04-05T04:59:49.360+0000] {dag.py:3239} INFO - Sync 1 DAGs
[2025-04-05T04:59:49.377+0000] {logging_mixin.py:190} INFO - [2025-04-05T04:59:49.377+0000] {dag.py:4180} INFO - Setting next_dagrun for zillow_analytics to 2025-04-05 00:00:00+00:00, run_after=2025-04-06 00:00:00+00:00
[2025-04-05T04:59:49.399+0000] {processor.py:208} INFO - Processing /home/ubuntu/airflow/dags/zillowanalytics.py took 0.157 seconds
[2025-04-05T05:00:19.555+0000] {processor.py:186} INFO - Started process (PID=2830) to work on /home/ubuntu/airflow/dags/zillowanalytics.py
[2025-04-05T05:00:19.557+0000] {processor.py:914} INFO - Processing file /home/ubuntu/airflow/dags/zillowanalytics.py for tasks to queue
[2025-04-05T05:00:19.558+0000] {logging_mixin.py:190} INFO - [2025-04-05T05:00:19.558+0000] {dagbag.py:588} INFO - Filling up the DagBag from /home/ubuntu/airflow/dags/zillowanalytics.py
[2025-04-05T05:00:19.573+0000] {processor.py:925} INFO - DAG(s) 'zillow_analytics' retrieved from /home/ubuntu/airflow/dags/zillowanalytics.py
[2025-04-05T05:00:19.668+0000] {logging_mixin.py:190} INFO - [2025-04-05T05:00:19.667+0000] {dag.py:3239} INFO - Sync 1 DAGs
[2025-04-05T05:00:19.684+0000] {logging_mixin.py:190} INFO - [2025-04-05T05:00:19.684+0000] {dag.py:4180} INFO - Setting next_dagrun for zillow_analytics to 2025-04-05 00:00:00+00:00, run_after=2025-04-06 00:00:00+00:00
[2025-04-05T05:00:19.706+0000] {processor.py:208} INFO - Processing /home/ubuntu/airflow/dags/zillowanalytics.py took 0.156 seconds
[2025-04-05T05:00:49.863+0000] {processor.py:186} INFO - Started process (PID=2831) to work on /home/ubuntu/airflow/dags/zillowanalytics.py
[2025-04-05T05:00:49.863+0000] {processor.py:914} INFO - Processing file /home/ubuntu/airflow/dags/zillowanalytics.py for tasks to queue
[2025-04-05T05:00:49.865+0000] {logging_mixin.py:190} INFO - [2025-04-05T05:00:49.864+0000] {dagbag.py:588} INFO - Filling up the DagBag from /home/ubuntu/airflow/dags/zillowanalytics.py
[2025-04-05T05:00:49.880+0000] {processor.py:925} INFO - DAG(s) 'zillow_analytics' retrieved from /home/ubuntu/airflow/dags/zillowanalytics.py
[2025-04-05T05:00:49.974+0000] {logging_mixin.py:190} INFO - [2025-04-05T05:00:49.974+0000] {dag.py:3239} INFO - Sync 1 DAGs
[2025-04-05T05:00:49.991+0000] {logging_mixin.py:190} INFO - [2025-04-05T05:00:49.991+0000] {dag.py:4180} INFO - Setting next_dagrun for zillow_analytics to 2025-04-05 00:00:00+00:00, run_after=2025-04-06 00:00:00+00:00
[2025-04-05T05:00:50.013+0000] {processor.py:208} INFO - Processing /home/ubuntu/airflow/dags/zillowanalytics.py took 0.156 seconds
[2025-04-05T05:01:20.174+0000] {processor.py:186} INFO - Started process (PID=2833) to work on /home/ubuntu/airflow/dags/zillowanalytics.py
[2025-04-05T05:01:20.175+0000] {processor.py:914} INFO - Processing file /home/ubuntu/airflow/dags/zillowanalytics.py for tasks to queue
[2025-04-05T05:01:20.176+0000] {logging_mixin.py:190} INFO - [2025-04-05T05:01:20.176+0000] {dagbag.py:588} INFO - Filling up the DagBag from /home/ubuntu/airflow/dags/zillowanalytics.py
[2025-04-05T05:01:20.191+0000] {processor.py:925} INFO - DAG(s) 'zillow_analytics' retrieved from /home/ubuntu/airflow/dags/zillowanalytics.py
[2025-04-05T05:01:20.283+0000] {logging_mixin.py:190} INFO - [2025-04-05T05:01:20.283+0000] {dag.py:3239} INFO - Sync 1 DAGs
[2025-04-05T05:01:20.299+0000] {logging_mixin.py:190} INFO - [2025-04-05T05:01:20.299+0000] {dag.py:4180} INFO - Setting next_dagrun for zillow_analytics to 2025-04-05 00:00:00+00:00, run_after=2025-04-06 00:00:00+00:00
[2025-04-05T05:01:20.322+0000] {processor.py:208} INFO - Processing /home/ubuntu/airflow/dags/zillowanalytics.py took 0.155 seconds
[2025-04-05T05:01:50.462+0000] {processor.py:186} INFO - Started process (PID=2834) to work on /home/ubuntu/airflow/dags/zillowanalytics.py
[2025-04-05T05:01:50.463+0000] {processor.py:914} INFO - Processing file /home/ubuntu/airflow/dags/zillowanalytics.py for tasks to queue
[2025-04-05T05:01:50.464+0000] {logging_mixin.py:190} INFO - [2025-04-05T05:01:50.464+0000] {dagbag.py:588} INFO - Filling up the DagBag from /home/ubuntu/airflow/dags/zillowanalytics.py
[2025-04-05T05:01:50.479+0000] {processor.py:925} INFO - DAG(s) 'zillow_analytics' retrieved from /home/ubuntu/airflow/dags/zillowanalytics.py
[2025-04-05T05:01:50.573+0000] {logging_mixin.py:190} INFO - [2025-04-05T05:01:50.573+0000] {dag.py:3239} INFO - Sync 1 DAGs
[2025-04-05T05:01:50.590+0000] {logging_mixin.py:190} INFO - [2025-04-05T05:01:50.590+0000] {dag.py:4180} INFO - Setting next_dagrun for zillow_analytics to 2025-04-05 00:00:00+00:00, run_after=2025-04-06 00:00:00+00:00
[2025-04-05T05:01:50.610+0000] {processor.py:208} INFO - Processing /home/ubuntu/airflow/dags/zillowanalytics.py took 0.153 seconds
[2025-04-05T05:02:20.767+0000] {processor.py:186} INFO - Started process (PID=2835) to work on /home/ubuntu/airflow/dags/zillowanalytics.py
[2025-04-05T05:02:20.769+0000] {processor.py:914} INFO - Processing file /home/ubuntu/airflow/dags/zillowanalytics.py for tasks to queue
[2025-04-05T05:02:20.770+0000] {logging_mixin.py:190} INFO - [2025-04-05T05:02:20.770+0000] {dagbag.py:588} INFO - Filling up the DagBag from /home/ubuntu/airflow/dags/zillowanalytics.py
[2025-04-05T05:02:20.786+0000] {processor.py:925} INFO - DAG(s) 'zillow_analytics' retrieved from /home/ubuntu/airflow/dags/zillowanalytics.py
[2025-04-05T05:02:20.879+0000] {logging_mixin.py:190} INFO - [2025-04-05T05:02:20.878+0000] {dag.py:3239} INFO - Sync 1 DAGs
[2025-04-05T05:02:20.897+0000] {logging_mixin.py:190} INFO - [2025-04-05T05:02:20.897+0000] {dag.py:4180} INFO - Setting next_dagrun for zillow_analytics to 2025-04-05 00:00:00+00:00, run_after=2025-04-06 00:00:00+00:00
[2025-04-05T05:02:20.918+0000] {processor.py:208} INFO - Processing /home/ubuntu/airflow/dags/zillowanalytics.py took 0.156 seconds
[2025-04-05T05:02:51.078+0000] {processor.py:186} INFO - Started process (PID=2837) to work on /home/ubuntu/airflow/dags/zillowanalytics.py
[2025-04-05T05:02:51.079+0000] {processor.py:914} INFO - Processing file /home/ubuntu/airflow/dags/zillowanalytics.py for tasks to queue
[2025-04-05T05:02:51.080+0000] {logging_mixin.py:190} INFO - [2025-04-05T05:02:51.079+0000] {dagbag.py:588} INFO - Filling up the DagBag from /home/ubuntu/airflow/dags/zillowanalytics.py
[2025-04-05T05:02:51.096+0000] {processor.py:925} INFO - DAG(s) 'zillow_analytics' retrieved from /home/ubuntu/airflow/dags/zillowanalytics.py
[2025-04-05T05:02:51.191+0000] {logging_mixin.py:190} INFO - [2025-04-05T05:02:51.191+0000] {dag.py:3239} INFO - Sync 1 DAGs
[2025-04-05T05:02:51.209+0000] {logging_mixin.py:190} INFO - [2025-04-05T05:02:51.209+0000] {dag.py:4180} INFO - Setting next_dagrun for zillow_analytics to 2025-04-05 00:00:00+00:00, run_after=2025-04-06 00:00:00+00:00
[2025-04-05T05:02:51.231+0000] {processor.py:208} INFO - Processing /home/ubuntu/airflow/dags/zillowanalytics.py took 0.159 seconds
[2025-04-05T05:03:21.384+0000] {processor.py:186} INFO - Started process (PID=2838) to work on /home/ubuntu/airflow/dags/zillowanalytics.py
[2025-04-05T05:03:21.386+0000] {processor.py:914} INFO - Processing file /home/ubuntu/airflow/dags/zillowanalytics.py for tasks to queue
[2025-04-05T05:03:21.388+0000] {logging_mixin.py:190} INFO - [2025-04-05T05:03:21.387+0000] {dagbag.py:588} INFO - Filling up the DagBag from /home/ubuntu/airflow/dags/zillowanalytics.py
[2025-04-05T05:03:21.403+0000] {processor.py:925} INFO - DAG(s) 'zillow_analytics' retrieved from /home/ubuntu/airflow/dags/zillowanalytics.py
[2025-04-05T05:03:21.497+0000] {logging_mixin.py:190} INFO - [2025-04-05T05:03:21.497+0000] {dag.py:3239} INFO - Sync 1 DAGs
[2025-04-05T05:03:21.513+0000] {logging_mixin.py:190} INFO - [2025-04-05T05:03:21.512+0000] {dag.py:4180} INFO - Setting next_dagrun for zillow_analytics to 2025-04-05 00:00:00+00:00, run_after=2025-04-06 00:00:00+00:00
[2025-04-05T05:03:21.532+0000] {processor.py:208} INFO - Processing /home/ubuntu/airflow/dags/zillowanalytics.py took 0.153 seconds
[2025-04-05T05:03:51.695+0000] {processor.py:186} INFO - Started process (PID=2839) to work on /home/ubuntu/airflow/dags/zillowanalytics.py
[2025-04-05T05:03:51.696+0000] {processor.py:914} INFO - Processing file /home/ubuntu/airflow/dags/zillowanalytics.py for tasks to queue
[2025-04-05T05:03:51.697+0000] {logging_mixin.py:190} INFO - [2025-04-05T05:03:51.696+0000] {dagbag.py:588} INFO - Filling up the DagBag from /home/ubuntu/airflow/dags/zillowanalytics.py
[2025-04-05T05:03:51.712+0000] {processor.py:925} INFO - DAG(s) 'zillow_analytics' retrieved from /home/ubuntu/airflow/dags/zillowanalytics.py
[2025-04-05T05:03:51.806+0000] {logging_mixin.py:190} INFO - [2025-04-05T05:03:51.806+0000] {dag.py:3239} INFO - Sync 1 DAGs
[2025-04-05T05:03:51.823+0000] {logging_mixin.py:190} INFO - [2025-04-05T05:03:51.822+0000] {dag.py:4180} INFO - Setting next_dagrun for zillow_analytics to 2025-04-05 00:00:00+00:00, run_after=2025-04-06 00:00:00+00:00
[2025-04-05T05:03:51.844+0000] {processor.py:208} INFO - Processing /home/ubuntu/airflow/dags/zillowanalytics.py took 0.156 seconds
[2025-04-05T05:04:22.000+0000] {processor.py:186} INFO - Started process (PID=2841) to work on /home/ubuntu/airflow/dags/zillowanalytics.py
[2025-04-05T05:04:22.001+0000] {processor.py:914} INFO - Processing file /home/ubuntu/airflow/dags/zillowanalytics.py for tasks to queue
[2025-04-05T05:04:22.002+0000] {logging_mixin.py:190} INFO - [2025-04-05T05:04:22.002+0000] {dagbag.py:588} INFO - Filling up the DagBag from /home/ubuntu/airflow/dags/zillowanalytics.py
[2025-04-05T05:04:22.018+0000] {processor.py:925} INFO - DAG(s) 'zillow_analytics' retrieved from /home/ubuntu/airflow/dags/zillowanalytics.py
[2025-04-05T05:04:22.110+0000] {logging_mixin.py:190} INFO - [2025-04-05T05:04:22.110+0000] {dag.py:3239} INFO - Sync 1 DAGs
[2025-04-05T05:04:22.127+0000] {logging_mixin.py:190} INFO - [2025-04-05T05:04:22.127+0000] {dag.py:4180} INFO - Setting next_dagrun for zillow_analytics to 2025-04-05 00:00:00+00:00, run_after=2025-04-06 00:00:00+00:00
[2025-04-05T05:04:22.148+0000] {processor.py:208} INFO - Processing /home/ubuntu/airflow/dags/zillowanalytics.py took 0.154 seconds
[2025-04-05T05:04:52.306+0000] {processor.py:186} INFO - Started process (PID=2842) to work on /home/ubuntu/airflow/dags/zillowanalytics.py
[2025-04-05T05:04:52.306+0000] {processor.py:914} INFO - Processing file /home/ubuntu/airflow/dags/zillowanalytics.py for tasks to queue
[2025-04-05T05:04:52.308+0000] {logging_mixin.py:190} INFO - [2025-04-05T05:04:52.307+0000] {dagbag.py:588} INFO - Filling up the DagBag from /home/ubuntu/airflow/dags/zillowanalytics.py
[2025-04-05T05:04:52.323+0000] {processor.py:925} INFO - DAG(s) 'zillow_analytics' retrieved from /home/ubuntu/airflow/dags/zillowanalytics.py
[2025-04-05T05:04:52.417+0000] {logging_mixin.py:190} INFO - [2025-04-05T05:04:52.417+0000] {dag.py:3239} INFO - Sync 1 DAGs
[2025-04-05T05:04:52.434+0000] {logging_mixin.py:190} INFO - [2025-04-05T05:04:52.434+0000] {dag.py:4180} INFO - Setting next_dagrun for zillow_analytics to 2025-04-05 00:00:00+00:00, run_after=2025-04-06 00:00:00+00:00
[2025-04-05T05:04:52.455+0000] {processor.py:208} INFO - Processing /home/ubuntu/airflow/dags/zillowanalytics.py took 0.155 seconds
[2025-04-05T05:05:22.612+0000] {processor.py:186} INFO - Started process (PID=2847) to work on /home/ubuntu/airflow/dags/zillowanalytics.py
[2025-04-05T05:05:22.614+0000] {processor.py:914} INFO - Processing file /home/ubuntu/airflow/dags/zillowanalytics.py for tasks to queue
[2025-04-05T05:05:22.614+0000] {logging_mixin.py:190} INFO - [2025-04-05T05:05:22.614+0000] {dagbag.py:588} INFO - Filling up the DagBag from /home/ubuntu/airflow/dags/zillowanalytics.py
[2025-04-05T05:05:22.630+0000] {processor.py:925} INFO - DAG(s) 'zillow_analytics' retrieved from /home/ubuntu/airflow/dags/zillowanalytics.py
[2025-04-05T05:05:22.723+0000] {logging_mixin.py:190} INFO - [2025-04-05T05:05:22.722+0000] {dag.py:3239} INFO - Sync 1 DAGs
[2025-04-05T05:05:22.740+0000] {logging_mixin.py:190} INFO - [2025-04-05T05:05:22.740+0000] {dag.py:4180} INFO - Setting next_dagrun for zillow_analytics to 2025-04-05 00:00:00+00:00, run_after=2025-04-06 00:00:00+00:00
[2025-04-05T05:05:22.764+0000] {processor.py:208} INFO - Processing /home/ubuntu/airflow/dags/zillowanalytics.py took 0.157 seconds
[2025-04-05T05:05:52.923+0000] {processor.py:186} INFO - Started process (PID=2848) to work on /home/ubuntu/airflow/dags/zillowanalytics.py
[2025-04-05T05:05:52.925+0000] {processor.py:914} INFO - Processing file /home/ubuntu/airflow/dags/zillowanalytics.py for tasks to queue
[2025-04-05T05:05:52.926+0000] {logging_mixin.py:190} INFO - [2025-04-05T05:05:52.925+0000] {dagbag.py:588} INFO - Filling up the DagBag from /home/ubuntu/airflow/dags/zillowanalytics.py
[2025-04-05T05:05:52.941+0000] {processor.py:925} INFO - DAG(s) 'zillow_analytics' retrieved from /home/ubuntu/airflow/dags/zillowanalytics.py
[2025-04-05T05:05:53.035+0000] {logging_mixin.py:190} INFO - [2025-04-05T05:05:53.034+0000] {dag.py:3239} INFO - Sync 1 DAGs
[2025-04-05T05:05:53.054+0000] {logging_mixin.py:190} INFO - [2025-04-05T05:05:53.054+0000] {dag.py:4180} INFO - Setting next_dagrun for zillow_analytics to 2025-04-05 00:00:00+00:00, run_after=2025-04-06 00:00:00+00:00
[2025-04-05T05:05:53.075+0000] {processor.py:208} INFO - Processing /home/ubuntu/airflow/dags/zillowanalytics.py took 0.157 seconds
[2025-04-05T05:06:23.231+0000] {processor.py:186} INFO - Started process (PID=2849) to work on /home/ubuntu/airflow/dags/zillowanalytics.py
[2025-04-05T05:06:23.233+0000] {processor.py:914} INFO - Processing file /home/ubuntu/airflow/dags/zillowanalytics.py for tasks to queue
[2025-04-05T05:06:23.234+0000] {logging_mixin.py:190} INFO - [2025-04-05T05:06:23.233+0000] {dagbag.py:588} INFO - Filling up the DagBag from /home/ubuntu/airflow/dags/zillowanalytics.py
[2025-04-05T05:06:23.249+0000] {processor.py:925} INFO - DAG(s) 'zillow_analytics' retrieved from /home/ubuntu/airflow/dags/zillowanalytics.py
[2025-04-05T05:06:23.343+0000] {logging_mixin.py:190} INFO - [2025-04-05T05:06:23.342+0000] {dag.py:3239} INFO - Sync 1 DAGs
[2025-04-05T05:06:23.360+0000] {logging_mixin.py:190} INFO - [2025-04-05T05:06:23.360+0000] {dag.py:4180} INFO - Setting next_dagrun for zillow_analytics to 2025-04-05 00:00:00+00:00, run_after=2025-04-06 00:00:00+00:00
[2025-04-05T05:06:23.380+0000] {processor.py:208} INFO - Processing /home/ubuntu/airflow/dags/zillowanalytics.py took 0.155 seconds
[2025-04-05T05:06:53.538+0000] {processor.py:186} INFO - Started process (PID=2850) to work on /home/ubuntu/airflow/dags/zillowanalytics.py
[2025-04-05T05:06:53.538+0000] {processor.py:914} INFO - Processing file /home/ubuntu/airflow/dags/zillowanalytics.py for tasks to queue
[2025-04-05T05:06:53.540+0000] {logging_mixin.py:190} INFO - [2025-04-05T05:06:53.539+0000] {dagbag.py:588} INFO - Filling up the DagBag from /home/ubuntu/airflow/dags/zillowanalytics.py
[2025-04-05T05:06:53.555+0000] {processor.py:925} INFO - DAG(s) 'zillow_analytics' retrieved from /home/ubuntu/airflow/dags/zillowanalytics.py
[2025-04-05T05:06:53.649+0000] {logging_mixin.py:190} INFO - [2025-04-05T05:06:53.649+0000] {dag.py:3239} INFO - Sync 1 DAGs
[2025-04-05T05:06:53.667+0000] {logging_mixin.py:190} INFO - [2025-04-05T05:06:53.667+0000] {dag.py:4180} INFO - Setting next_dagrun for zillow_analytics to 2025-04-05 00:00:00+00:00, run_after=2025-04-06 00:00:00+00:00
[2025-04-05T05:06:53.687+0000] {processor.py:208} INFO - Processing /home/ubuntu/airflow/dags/zillowanalytics.py took 0.155 seconds
[2025-04-05T05:07:23.844+0000] {processor.py:186} INFO - Started process (PID=2852) to work on /home/ubuntu/airflow/dags/zillowanalytics.py
[2025-04-05T05:07:23.847+0000] {processor.py:914} INFO - Processing file /home/ubuntu/airflow/dags/zillowanalytics.py for tasks to queue
[2025-04-05T05:07:23.848+0000] {logging_mixin.py:190} INFO - [2025-04-05T05:07:23.847+0000] {dagbag.py:588} INFO - Filling up the DagBag from /home/ubuntu/airflow/dags/zillowanalytics.py
[2025-04-05T05:07:23.864+0000] {processor.py:925} INFO - DAG(s) 'zillow_analytics' retrieved from /home/ubuntu/airflow/dags/zillowanalytics.py
[2025-04-05T05:07:23.957+0000] {logging_mixin.py:190} INFO - [2025-04-05T05:07:23.956+0000] {dag.py:3239} INFO - Sync 1 DAGs
[2025-04-05T05:07:23.973+0000] {logging_mixin.py:190} INFO - [2025-04-05T05:07:23.973+0000] {dag.py:4180} INFO - Setting next_dagrun for zillow_analytics to 2025-04-05 00:00:00+00:00, run_after=2025-04-06 00:00:00+00:00
[2025-04-05T05:07:23.997+0000] {processor.py:208} INFO - Processing /home/ubuntu/airflow/dags/zillowanalytics.py took 0.159 seconds
[2025-04-05T05:07:54.150+0000] {processor.py:186} INFO - Started process (PID=2853) to work on /home/ubuntu/airflow/dags/zillowanalytics.py
[2025-04-05T05:07:54.151+0000] {processor.py:914} INFO - Processing file /home/ubuntu/airflow/dags/zillowanalytics.py for tasks to queue
[2025-04-05T05:07:54.152+0000] {logging_mixin.py:190} INFO - [2025-04-05T05:07:54.151+0000] {dagbag.py:588} INFO - Filling up the DagBag from /home/ubuntu/airflow/dags/zillowanalytics.py
[2025-04-05T05:07:54.167+0000] {processor.py:925} INFO - DAG(s) 'zillow_analytics' retrieved from /home/ubuntu/airflow/dags/zillowanalytics.py
[2025-04-05T05:07:54.262+0000] {logging_mixin.py:190} INFO - [2025-04-05T05:07:54.262+0000] {dag.py:3239} INFO - Sync 1 DAGs
[2025-04-05T05:07:54.279+0000] {logging_mixin.py:190} INFO - [2025-04-05T05:07:54.278+0000] {dag.py:4180} INFO - Setting next_dagrun for zillow_analytics to 2025-04-05 00:00:00+00:00, run_after=2025-04-06 00:00:00+00:00
[2025-04-05T05:07:54.299+0000] {processor.py:208} INFO - Processing /home/ubuntu/airflow/dags/zillowanalytics.py took 0.155 seconds
[2025-04-05T05:08:24.456+0000] {processor.py:186} INFO - Started process (PID=2854) to work on /home/ubuntu/airflow/dags/zillowanalytics.py
[2025-04-05T05:08:24.458+0000] {processor.py:914} INFO - Processing file /home/ubuntu/airflow/dags/zillowanalytics.py for tasks to queue
[2025-04-05T05:08:24.459+0000] {logging_mixin.py:190} INFO - [2025-04-05T05:08:24.458+0000] {dagbag.py:588} INFO - Filling up the DagBag from /home/ubuntu/airflow/dags/zillowanalytics.py
[2025-04-05T05:08:24.475+0000] {processor.py:925} INFO - DAG(s) 'zillow_analytics' retrieved from /home/ubuntu/airflow/dags/zillowanalytics.py
[2025-04-05T05:08:24.570+0000] {logging_mixin.py:190} INFO - [2025-04-05T05:08:24.570+0000] {dag.py:3239} INFO - Sync 1 DAGs
[2025-04-05T05:08:24.588+0000] {logging_mixin.py:190} INFO - [2025-04-05T05:08:24.588+0000] {dag.py:4180} INFO - Setting next_dagrun for zillow_analytics to 2025-04-05 00:00:00+00:00, run_after=2025-04-06 00:00:00+00:00
[2025-04-05T05:08:24.611+0000] {processor.py:208} INFO - Processing /home/ubuntu/airflow/dags/zillowanalytics.py took 0.160 seconds
[2025-04-05T05:08:54.763+0000] {processor.py:186} INFO - Started process (PID=2855) to work on /home/ubuntu/airflow/dags/zillowanalytics.py
[2025-04-05T05:08:54.764+0000] {processor.py:914} INFO - Processing file /home/ubuntu/airflow/dags/zillowanalytics.py for tasks to queue
[2025-04-05T05:08:54.765+0000] {logging_mixin.py:190} INFO - [2025-04-05T05:08:54.765+0000] {dagbag.py:588} INFO - Filling up the DagBag from /home/ubuntu/airflow/dags/zillowanalytics.py
[2025-04-05T05:08:54.780+0000] {processor.py:925} INFO - DAG(s) 'zillow_analytics' retrieved from /home/ubuntu/airflow/dags/zillowanalytics.py
[2025-04-05T05:08:54.874+0000] {logging_mixin.py:190} INFO - [2025-04-05T05:08:54.874+0000] {dag.py:3239} INFO - Sync 1 DAGs
[2025-04-05T05:08:54.891+0000] {logging_mixin.py:190} INFO - [2025-04-05T05:08:54.890+0000] {dag.py:4180} INFO - Setting next_dagrun for zillow_analytics to 2025-04-05 00:00:00+00:00, run_after=2025-04-06 00:00:00+00:00
[2025-04-05T05:08:54.913+0000] {processor.py:208} INFO - Processing /home/ubuntu/airflow/dags/zillowanalytics.py took 0.156 seconds
[2025-04-05T05:09:25.068+0000] {processor.py:186} INFO - Started process (PID=2856) to work on /home/ubuntu/airflow/dags/zillowanalytics.py
[2025-04-05T05:09:25.071+0000] {processor.py:914} INFO - Processing file /home/ubuntu/airflow/dags/zillowanalytics.py for tasks to queue
[2025-04-05T05:09:25.072+0000] {logging_mixin.py:190} INFO - [2025-04-05T05:09:25.072+0000] {dagbag.py:588} INFO - Filling up the DagBag from /home/ubuntu/airflow/dags/zillowanalytics.py
[2025-04-05T05:09:25.088+0000] {processor.py:925} INFO - DAG(s) 'zillow_analytics' retrieved from /home/ubuntu/airflow/dags/zillowanalytics.py
[2025-04-05T05:09:25.183+0000] {logging_mixin.py:190} INFO - [2025-04-05T05:09:25.182+0000] {dag.py:3239} INFO - Sync 1 DAGs
[2025-04-05T05:09:25.201+0000] {logging_mixin.py:190} INFO - [2025-04-05T05:09:25.201+0000] {dag.py:4180} INFO - Setting next_dagrun for zillow_analytics to 2025-04-05 00:00:00+00:00, run_after=2025-04-06 00:00:00+00:00
[2025-04-05T05:09:25.223+0000] {processor.py:208} INFO - Processing /home/ubuntu/airflow/dags/zillowanalytics.py took 0.160 seconds
[2025-04-05T05:09:55.376+0000] {processor.py:186} INFO - Started process (PID=2857) to work on /home/ubuntu/airflow/dags/zillowanalytics.py
[2025-04-05T05:09:55.377+0000] {processor.py:914} INFO - Processing file /home/ubuntu/airflow/dags/zillowanalytics.py for tasks to queue
[2025-04-05T05:09:55.378+0000] {logging_mixin.py:190} INFO - [2025-04-05T05:09:55.377+0000] {dagbag.py:588} INFO - Filling up the DagBag from /home/ubuntu/airflow/dags/zillowanalytics.py
[2025-04-05T05:09:55.393+0000] {processor.py:925} INFO - DAG(s) 'zillow_analytics' retrieved from /home/ubuntu/airflow/dags/zillowanalytics.py
[2025-04-05T05:09:55.487+0000] {logging_mixin.py:190} INFO - [2025-04-05T05:09:55.486+0000] {dag.py:3239} INFO - Sync 1 DAGs
[2025-04-05T05:09:55.505+0000] {logging_mixin.py:190} INFO - [2025-04-05T05:09:55.504+0000] {dag.py:4180} INFO - Setting next_dagrun for zillow_analytics to 2025-04-05 00:00:00+00:00, run_after=2025-04-06 00:00:00+00:00
[2025-04-05T05:09:55.526+0000] {processor.py:208} INFO - Processing /home/ubuntu/airflow/dags/zillowanalytics.py took 0.157 seconds
[2025-04-05T05:10:25.683+0000] {processor.py:186} INFO - Started process (PID=2863) to work on /home/ubuntu/airflow/dags/zillowanalytics.py
[2025-04-05T05:10:25.684+0000] {processor.py:914} INFO - Processing file /home/ubuntu/airflow/dags/zillowanalytics.py for tasks to queue
[2025-04-05T05:10:25.686+0000] {logging_mixin.py:190} INFO - [2025-04-05T05:10:25.686+0000] {dagbag.py:588} INFO - Filling up the DagBag from /home/ubuntu/airflow/dags/zillowanalytics.py
[2025-04-05T05:10:25.704+0000] {processor.py:925} INFO - DAG(s) 'zillow_analytics' retrieved from /home/ubuntu/airflow/dags/zillowanalytics.py
[2025-04-05T05:10:25.796+0000] {logging_mixin.py:190} INFO - [2025-04-05T05:10:25.794+0000] {dag.py:3239} INFO - Sync 1 DAGs
[2025-04-05T05:10:25.813+0000] {logging_mixin.py:190} INFO - [2025-04-05T05:10:25.812+0000] {dag.py:4180} INFO - Setting next_dagrun for zillow_analytics to 2025-04-05 00:00:00+00:00, run_after=2025-04-06 00:00:00+00:00
[2025-04-05T05:10:25.833+0000] {processor.py:208} INFO - Processing /home/ubuntu/airflow/dags/zillowanalytics.py took 0.156 seconds
[2025-04-05T05:10:55.990+0000] {processor.py:186} INFO - Started process (PID=2864) to work on /home/ubuntu/airflow/dags/zillowanalytics.py
[2025-04-05T05:10:55.991+0000] {processor.py:914} INFO - Processing file /home/ubuntu/airflow/dags/zillowanalytics.py for tasks to queue
[2025-04-05T05:10:55.992+0000] {logging_mixin.py:190} INFO - [2025-04-05T05:10:55.991+0000] {dagbag.py:588} INFO - Filling up the DagBag from /home/ubuntu/airflow/dags/zillowanalytics.py
[2025-04-05T05:10:56.008+0000] {processor.py:925} INFO - DAG(s) 'zillow_analytics' retrieved from /home/ubuntu/airflow/dags/zillowanalytics.py
[2025-04-05T05:10:56.102+0000] {logging_mixin.py:190} INFO - [2025-04-05T05:10:56.102+0000] {dag.py:3239} INFO - Sync 1 DAGs
[2025-04-05T05:10:56.118+0000] {logging_mixin.py:190} INFO - [2025-04-05T05:10:56.117+0000] {dag.py:4180} INFO - Setting next_dagrun for zillow_analytics to 2025-04-05 00:00:00+00:00, run_after=2025-04-06 00:00:00+00:00
[2025-04-05T05:10:56.139+0000] {processor.py:208} INFO - Processing /home/ubuntu/airflow/dags/zillowanalytics.py took 0.155 seconds
[2025-04-05T05:11:26.294+0000] {processor.py:186} INFO - Started process (PID=2865) to work on /home/ubuntu/airflow/dags/zillowanalytics.py
[2025-04-05T05:11:26.295+0000] {processor.py:914} INFO - Processing file /home/ubuntu/airflow/dags/zillowanalytics.py for tasks to queue
[2025-04-05T05:11:26.296+0000] {logging_mixin.py:190} INFO - [2025-04-05T05:11:26.296+0000] {dagbag.py:588} INFO - Filling up the DagBag from /home/ubuntu/airflow/dags/zillowanalytics.py
[2025-04-05T05:11:26.312+0000] {processor.py:925} INFO - DAG(s) 'zillow_analytics' retrieved from /home/ubuntu/airflow/dags/zillowanalytics.py
[2025-04-05T05:11:26.406+0000] {logging_mixin.py:190} INFO - [2025-04-05T05:11:26.406+0000] {dag.py:3239} INFO - Sync 1 DAGs
[2025-04-05T05:11:26.423+0000] {logging_mixin.py:190} INFO - [2025-04-05T05:11:26.423+0000] {dag.py:4180} INFO - Setting next_dagrun for zillow_analytics to 2025-04-05 00:00:00+00:00, run_after=2025-04-06 00:00:00+00:00
[2025-04-05T05:11:26.444+0000] {processor.py:208} INFO - Processing /home/ubuntu/airflow/dags/zillowanalytics.py took 0.156 seconds
[2025-04-05T05:11:56.601+0000] {processor.py:186} INFO - Started process (PID=2871) to work on /home/ubuntu/airflow/dags/zillowanalytics.py
[2025-04-05T05:11:56.603+0000] {processor.py:914} INFO - Processing file /home/ubuntu/airflow/dags/zillowanalytics.py for tasks to queue
[2025-04-05T05:11:56.604+0000] {logging_mixin.py:190} INFO - [2025-04-05T05:11:56.604+0000] {dagbag.py:588} INFO - Filling up the DagBag from /home/ubuntu/airflow/dags/zillowanalytics.py
[2025-04-05T05:11:56.619+0000] {processor.py:925} INFO - DAG(s) 'zillow_analytics' retrieved from /home/ubuntu/airflow/dags/zillowanalytics.py
[2025-04-05T05:11:56.713+0000] {logging_mixin.py:190} INFO - [2025-04-05T05:11:56.713+0000] {dag.py:3239} INFO - Sync 1 DAGs
[2025-04-05T05:11:56.730+0000] {logging_mixin.py:190} INFO - [2025-04-05T05:11:56.729+0000] {dag.py:4180} INFO - Setting next_dagrun for zillow_analytics to 2025-04-05 00:00:00+00:00, run_after=2025-04-06 00:00:00+00:00
[2025-04-05T05:11:56.751+0000] {processor.py:208} INFO - Processing /home/ubuntu/airflow/dags/zillowanalytics.py took 0.155 seconds
[2025-04-05T05:12:26.907+0000] {processor.py:186} INFO - Started process (PID=2872) to work on /home/ubuntu/airflow/dags/zillowanalytics.py
[2025-04-05T05:12:26.908+0000] {processor.py:914} INFO - Processing file /home/ubuntu/airflow/dags/zillowanalytics.py for tasks to queue
[2025-04-05T05:12:26.909+0000] {logging_mixin.py:190} INFO - [2025-04-05T05:12:26.909+0000] {dagbag.py:588} INFO - Filling up the DagBag from /home/ubuntu/airflow/dags/zillowanalytics.py
[2025-04-05T05:12:26.924+0000] {processor.py:925} INFO - DAG(s) 'zillow_analytics' retrieved from /home/ubuntu/airflow/dags/zillowanalytics.py
[2025-04-05T05:12:27.019+0000] {logging_mixin.py:190} INFO - [2025-04-05T05:12:27.019+0000] {dag.py:3239} INFO - Sync 1 DAGs
[2025-04-05T05:12:27.035+0000] {logging_mixin.py:190} INFO - [2025-04-05T05:12:27.035+0000] {dag.py:4180} INFO - Setting next_dagrun for zillow_analytics to 2025-04-05 00:00:00+00:00, run_after=2025-04-06 00:00:00+00:00
[2025-04-05T05:12:27.058+0000] {processor.py:208} INFO - Processing /home/ubuntu/airflow/dags/zillowanalytics.py took 0.156 seconds
[2025-04-05T05:12:57.214+0000] {processor.py:186} INFO - Started process (PID=2874) to work on /home/ubuntu/airflow/dags/zillowanalytics.py
[2025-04-05T05:12:57.216+0000] {processor.py:914} INFO - Processing file /home/ubuntu/airflow/dags/zillowanalytics.py for tasks to queue
[2025-04-05T05:12:57.217+0000] {logging_mixin.py:190} INFO - [2025-04-05T05:12:57.217+0000] {dagbag.py:588} INFO - Filling up the DagBag from /home/ubuntu/airflow/dags/zillowanalytics.py
[2025-04-05T05:12:57.232+0000] {processor.py:925} INFO - DAG(s) 'zillow_analytics' retrieved from /home/ubuntu/airflow/dags/zillowanalytics.py
[2025-04-05T05:12:57.324+0000] {logging_mixin.py:190} INFO - [2025-04-05T05:12:57.324+0000] {dag.py:3239} INFO - Sync 1 DAGs
[2025-04-05T05:12:57.340+0000] {logging_mixin.py:190} INFO - [2025-04-05T05:12:57.340+0000] {dag.py:4180} INFO - Setting next_dagrun for zillow_analytics to 2025-04-05 00:00:00+00:00, run_after=2025-04-06 00:00:00+00:00
[2025-04-05T05:12:57.364+0000] {processor.py:208} INFO - Processing /home/ubuntu/airflow/dags/zillowanalytics.py took 0.157 seconds
[2025-04-05T05:13:27.519+0000] {processor.py:186} INFO - Started process (PID=2876) to work on /home/ubuntu/airflow/dags/zillowanalytics.py
[2025-04-05T05:13:27.519+0000] {processor.py:914} INFO - Processing file /home/ubuntu/airflow/dags/zillowanalytics.py for tasks to queue
[2025-04-05T05:13:27.521+0000] {logging_mixin.py:190} INFO - [2025-04-05T05:13:27.520+0000] {dagbag.py:588} INFO - Filling up the DagBag from /home/ubuntu/airflow/dags/zillowanalytics.py
[2025-04-05T05:13:27.536+0000] {processor.py:925} INFO - DAG(s) 'zillow_analytics' retrieved from /home/ubuntu/airflow/dags/zillowanalytics.py
[2025-04-05T05:13:27.628+0000] {logging_mixin.py:190} INFO - [2025-04-05T05:13:27.628+0000] {dag.py:3239} INFO - Sync 1 DAGs
[2025-04-05T05:13:27.647+0000] {logging_mixin.py:190} INFO - [2025-04-05T05:13:27.647+0000] {dag.py:4180} INFO - Setting next_dagrun for zillow_analytics to 2025-04-05 00:00:00+00:00, run_after=2025-04-06 00:00:00+00:00
[2025-04-05T05:13:27.668+0000] {processor.py:208} INFO - Processing /home/ubuntu/airflow/dags/zillowanalytics.py took 0.155 seconds
[2025-04-05T05:13:57.824+0000] {processor.py:186} INFO - Started process (PID=2877) to work on /home/ubuntu/airflow/dags/zillowanalytics.py
[2025-04-05T05:13:57.826+0000] {processor.py:914} INFO - Processing file /home/ubuntu/airflow/dags/zillowanalytics.py for tasks to queue
[2025-04-05T05:13:57.827+0000] {logging_mixin.py:190} INFO - [2025-04-05T05:13:57.827+0000] {dagbag.py:588} INFO - Filling up the DagBag from /home/ubuntu/airflow/dags/zillowanalytics.py
[2025-04-05T05:13:57.842+0000] {processor.py:925} INFO - DAG(s) 'zillow_analytics' retrieved from /home/ubuntu/airflow/dags/zillowanalytics.py
[2025-04-05T05:13:57.935+0000] {logging_mixin.py:190} INFO - [2025-04-05T05:13:57.935+0000] {dag.py:3239} INFO - Sync 1 DAGs
[2025-04-05T05:13:57.952+0000] {logging_mixin.py:190} INFO - [2025-04-05T05:13:57.952+0000] {dag.py:4180} INFO - Setting next_dagrun for zillow_analytics to 2025-04-05 00:00:00+00:00, run_after=2025-04-06 00:00:00+00:00
[2025-04-05T05:13:57.973+0000] {processor.py:208} INFO - Processing /home/ubuntu/airflow/dags/zillowanalytics.py took 0.155 seconds
[2025-04-05T05:14:28.102+0000] {processor.py:186} INFO - Started process (PID=2878) to work on /home/ubuntu/airflow/dags/zillowanalytics.py
[2025-04-05T05:14:28.105+0000] {processor.py:914} INFO - Processing file /home/ubuntu/airflow/dags/zillowanalytics.py for tasks to queue
[2025-04-05T05:14:28.106+0000] {logging_mixin.py:190} INFO - [2025-04-05T05:14:28.105+0000] {dagbag.py:588} INFO - Filling up the DagBag from /home/ubuntu/airflow/dags/zillowanalytics.py
[2025-04-05T05:14:28.121+0000] {processor.py:925} INFO - DAG(s) 'zillow_analytics' retrieved from /home/ubuntu/airflow/dags/zillowanalytics.py
[2025-04-05T05:14:28.215+0000] {logging_mixin.py:190} INFO - [2025-04-05T05:14:28.215+0000] {dag.py:3239} INFO - Sync 1 DAGs
[2025-04-05T05:14:28.232+0000] {logging_mixin.py:190} INFO - [2025-04-05T05:14:28.232+0000] {dag.py:4180} INFO - Setting next_dagrun for zillow_analytics to 2025-04-05 00:00:00+00:00, run_after=2025-04-06 00:00:00+00:00
[2025-04-05T05:14:28.254+0000] {processor.py:208} INFO - Processing /home/ubuntu/airflow/dags/zillowanalytics.py took 0.157 seconds
[2025-04-05T05:14:58.382+0000] {processor.py:186} INFO - Started process (PID=2879) to work on /home/ubuntu/airflow/dags/zillowanalytics.py
[2025-04-05T05:14:58.383+0000] {processor.py:914} INFO - Processing file /home/ubuntu/airflow/dags/zillowanalytics.py for tasks to queue
[2025-04-05T05:14:58.384+0000] {logging_mixin.py:190} INFO - [2025-04-05T05:14:58.383+0000] {dagbag.py:588} INFO - Filling up the DagBag from /home/ubuntu/airflow/dags/zillowanalytics.py
[2025-04-05T05:14:58.399+0000] {processor.py:925} INFO - DAG(s) 'zillow_analytics' retrieved from /home/ubuntu/airflow/dags/zillowanalytics.py
[2025-04-05T05:14:58.493+0000] {logging_mixin.py:190} INFO - [2025-04-05T05:14:58.493+0000] {dag.py:3239} INFO - Sync 1 DAGs
[2025-04-05T05:14:58.509+0000] {logging_mixin.py:190} INFO - [2025-04-05T05:14:58.509+0000] {dag.py:4180} INFO - Setting next_dagrun for zillow_analytics to 2025-04-05 00:00:00+00:00, run_after=2025-04-06 00:00:00+00:00
[2025-04-05T05:14:58.530+0000] {processor.py:208} INFO - Processing /home/ubuntu/airflow/dags/zillowanalytics.py took 0.154 seconds
[2025-04-05T05:15:28.660+0000] {processor.py:186} INFO - Started process (PID=2884) to work on /home/ubuntu/airflow/dags/zillowanalytics.py
[2025-04-05T05:15:28.661+0000] {processor.py:914} INFO - Processing file /home/ubuntu/airflow/dags/zillowanalytics.py for tasks to queue
[2025-04-05T05:15:28.662+0000] {logging_mixin.py:190} INFO - [2025-04-05T05:15:28.662+0000] {dagbag.py:588} INFO - Filling up the DagBag from /home/ubuntu/airflow/dags/zillowanalytics.py
[2025-04-05T05:15:28.678+0000] {processor.py:925} INFO - DAG(s) 'zillow_analytics' retrieved from /home/ubuntu/airflow/dags/zillowanalytics.py
[2025-04-05T05:15:28.774+0000] {logging_mixin.py:190} INFO - [2025-04-05T05:15:28.773+0000] {dag.py:3239} INFO - Sync 1 DAGs
[2025-04-05T05:15:28.790+0000] {logging_mixin.py:190} INFO - [2025-04-05T05:15:28.789+0000] {dag.py:4180} INFO - Setting next_dagrun for zillow_analytics to 2025-04-05 00:00:00+00:00, run_after=2025-04-06 00:00:00+00:00
[2025-04-05T05:15:28.811+0000] {processor.py:208} INFO - Processing /home/ubuntu/airflow/dags/zillowanalytics.py took 0.156 seconds
[2025-04-05T05:15:58.936+0000] {processor.py:186} INFO - Started process (PID=2885) to work on /home/ubuntu/airflow/dags/zillowanalytics.py
[2025-04-05T05:15:58.938+0000] {processor.py:914} INFO - Processing file /home/ubuntu/airflow/dags/zillowanalytics.py for tasks to queue
[2025-04-05T05:15:58.939+0000] {logging_mixin.py:190} INFO - [2025-04-05T05:15:58.938+0000] {dagbag.py:588} INFO - Filling up the DagBag from /home/ubuntu/airflow/dags/zillowanalytics.py
[2025-04-05T05:15:58.954+0000] {processor.py:925} INFO - DAG(s) 'zillow_analytics' retrieved from /home/ubuntu/airflow/dags/zillowanalytics.py
[2025-04-05T05:15:59.048+0000] {logging_mixin.py:190} INFO - [2025-04-05T05:15:59.047+0000] {dag.py:3239} INFO - Sync 1 DAGs
[2025-04-05T05:15:59.064+0000] {logging_mixin.py:190} INFO - [2025-04-05T05:15:59.063+0000] {dag.py:4180} INFO - Setting next_dagrun for zillow_analytics to 2025-04-05 00:00:00+00:00, run_after=2025-04-06 00:00:00+00:00
[2025-04-05T05:15:59.083+0000] {processor.py:208} INFO - Processing /home/ubuntu/airflow/dags/zillowanalytics.py took 0.152 seconds
[2025-04-05T05:16:29.214+0000] {processor.py:186} INFO - Started process (PID=2887) to work on /home/ubuntu/airflow/dags/zillowanalytics.py
[2025-04-05T05:16:29.214+0000] {processor.py:914} INFO - Processing file /home/ubuntu/airflow/dags/zillowanalytics.py for tasks to queue
[2025-04-05T05:16:29.215+0000] {logging_mixin.py:190} INFO - [2025-04-05T05:16:29.215+0000] {dagbag.py:588} INFO - Filling up the DagBag from /home/ubuntu/airflow/dags/zillowanalytics.py
[2025-04-05T05:16:29.231+0000] {processor.py:925} INFO - DAG(s) 'zillow_analytics' retrieved from /home/ubuntu/airflow/dags/zillowanalytics.py
[2025-04-05T05:16:29.323+0000] {logging_mixin.py:190} INFO - [2025-04-05T05:16:29.322+0000] {dag.py:3239} INFO - Sync 1 DAGs
[2025-04-05T05:16:29.339+0000] {logging_mixin.py:190} INFO - [2025-04-05T05:16:29.339+0000] {dag.py:4180} INFO - Setting next_dagrun for zillow_analytics to 2025-04-05 00:00:00+00:00, run_after=2025-04-06 00:00:00+00:00
[2025-04-05T05:16:29.358+0000] {processor.py:208} INFO - Processing /home/ubuntu/airflow/dags/zillowanalytics.py took 0.151 seconds
[2025-04-05T05:16:59.492+0000] {processor.py:186} INFO - Started process (PID=2888) to work on /home/ubuntu/airflow/dags/zillowanalytics.py
[2025-04-05T05:16:59.493+0000] {processor.py:914} INFO - Processing file /home/ubuntu/airflow/dags/zillowanalytics.py for tasks to queue
[2025-04-05T05:16:59.495+0000] {logging_mixin.py:190} INFO - [2025-04-05T05:16:59.494+0000] {dagbag.py:588} INFO - Filling up the DagBag from /home/ubuntu/airflow/dags/zillowanalytics.py
[2025-04-05T05:16:59.509+0000] {processor.py:925} INFO - DAG(s) 'zillow_analytics' retrieved from /home/ubuntu/airflow/dags/zillowanalytics.py
[2025-04-05T05:16:59.602+0000] {logging_mixin.py:190} INFO - [2025-04-05T05:16:59.602+0000] {dag.py:3239} INFO - Sync 1 DAGs
[2025-04-05T05:16:59.619+0000] {logging_mixin.py:190} INFO - [2025-04-05T05:16:59.618+0000] {dag.py:4180} INFO - Setting next_dagrun for zillow_analytics to 2025-04-05 00:00:00+00:00, run_after=2025-04-06 00:00:00+00:00
[2025-04-05T05:16:59.642+0000] {processor.py:208} INFO - Processing /home/ubuntu/airflow/dags/zillowanalytics.py took 0.155 seconds
[2025-04-05T05:17:29.773+0000] {processor.py:186} INFO - Started process (PID=2892) to work on /home/ubuntu/airflow/dags/zillowanalytics.py
[2025-04-05T05:17:29.774+0000] {processor.py:914} INFO - Processing file /home/ubuntu/airflow/dags/zillowanalytics.py for tasks to queue
[2025-04-05T05:17:29.776+0000] {logging_mixin.py:190} INFO - [2025-04-05T05:17:29.775+0000] {dagbag.py:588} INFO - Filling up the DagBag from /home/ubuntu/airflow/dags/zillowanalytics.py
[2025-04-05T05:17:29.790+0000] {processor.py:925} INFO - DAG(s) 'zillow_analytics' retrieved from /home/ubuntu/airflow/dags/zillowanalytics.py
[2025-04-05T05:17:29.885+0000] {logging_mixin.py:190} INFO - [2025-04-05T05:17:29.884+0000] {dag.py:3239} INFO - Sync 1 DAGs
[2025-04-05T05:17:29.902+0000] {logging_mixin.py:190} INFO - [2025-04-05T05:17:29.902+0000] {dag.py:4180} INFO - Setting next_dagrun for zillow_analytics to 2025-04-05 00:00:00+00:00, run_after=2025-04-06 00:00:00+00:00
[2025-04-05T05:17:29.923+0000] {processor.py:208} INFO - Processing /home/ubuntu/airflow/dags/zillowanalytics.py took 0.157 seconds
[2025-04-05T05:18:00.052+0000] {processor.py:186} INFO - Started process (PID=2893) to work on /home/ubuntu/airflow/dags/zillowanalytics.py
[2025-04-05T05:18:00.053+0000] {processor.py:914} INFO - Processing file /home/ubuntu/airflow/dags/zillowanalytics.py for tasks to queue
[2025-04-05T05:18:00.054+0000] {logging_mixin.py:190} INFO - [2025-04-05T05:18:00.054+0000] {dagbag.py:588} INFO - Filling up the DagBag from /home/ubuntu/airflow/dags/zillowanalytics.py
[2025-04-05T05:18:00.070+0000] {processor.py:925} INFO - DAG(s) 'zillow_analytics' retrieved from /home/ubuntu/airflow/dags/zillowanalytics.py
[2025-04-05T05:18:00.166+0000] {logging_mixin.py:190} INFO - [2025-04-05T05:18:00.165+0000] {dag.py:3239} INFO - Sync 1 DAGs
[2025-04-05T05:18:00.185+0000] {logging_mixin.py:190} INFO - [2025-04-05T05:18:00.185+0000] {dag.py:4180} INFO - Setting next_dagrun for zillow_analytics to 2025-04-05 00:00:00+00:00, run_after=2025-04-06 00:00:00+00:00
[2025-04-05T05:18:00.207+0000] {processor.py:208} INFO - Processing /home/ubuntu/airflow/dags/zillowanalytics.py took 0.161 seconds
[2025-04-05T05:18:30.329+0000] {processor.py:186} INFO - Started process (PID=2894) to work on /home/ubuntu/airflow/dags/zillowanalytics.py
[2025-04-05T05:18:30.331+0000] {processor.py:914} INFO - Processing file /home/ubuntu/airflow/dags/zillowanalytics.py for tasks to queue
[2025-04-05T05:18:30.332+0000] {logging_mixin.py:190} INFO - [2025-04-05T05:18:30.332+0000] {dagbag.py:588} INFO - Filling up the DagBag from /home/ubuntu/airflow/dags/zillowanalytics.py
[2025-04-05T05:18:30.347+0000] {processor.py:925} INFO - DAG(s) 'zillow_analytics' retrieved from /home/ubuntu/airflow/dags/zillowanalytics.py
[2025-04-05T05:18:30.441+0000] {logging_mixin.py:190} INFO - [2025-04-05T05:18:30.440+0000] {dag.py:3239} INFO - Sync 1 DAGs
[2025-04-05T05:18:30.458+0000] {logging_mixin.py:190} INFO - [2025-04-05T05:18:30.458+0000] {dag.py:4180} INFO - Setting next_dagrun for zillow_analytics to 2025-04-05 00:00:00+00:00, run_after=2025-04-06 00:00:00+00:00
[2025-04-05T05:18:30.479+0000] {processor.py:208} INFO - Processing /home/ubuntu/airflow/dags/zillowanalytics.py took 0.155 seconds
[2025-04-05T05:19:00.606+0000] {processor.py:186} INFO - Started process (PID=2896) to work on /home/ubuntu/airflow/dags/zillowanalytics.py
[2025-04-05T05:19:00.609+0000] {processor.py:914} INFO - Processing file /home/ubuntu/airflow/dags/zillowanalytics.py for tasks to queue
[2025-04-05T05:19:00.610+0000] {logging_mixin.py:190} INFO - [2025-04-05T05:19:00.609+0000] {dagbag.py:588} INFO - Filling up the DagBag from /home/ubuntu/airflow/dags/zillowanalytics.py
[2025-04-05T05:19:00.625+0000] {processor.py:925} INFO - DAG(s) 'zillow_analytics' retrieved from /home/ubuntu/airflow/dags/zillowanalytics.py
[2025-04-05T05:19:00.720+0000] {logging_mixin.py:190} INFO - [2025-04-05T05:19:00.720+0000] {dag.py:3239} INFO - Sync 1 DAGs
[2025-04-05T05:19:00.737+0000] {logging_mixin.py:190} INFO - [2025-04-05T05:19:00.737+0000] {dag.py:4180} INFO - Setting next_dagrun for zillow_analytics to 2025-04-05 00:00:00+00:00, run_after=2025-04-06 00:00:00+00:00
[2025-04-05T05:19:00.757+0000] {processor.py:208} INFO - Processing /home/ubuntu/airflow/dags/zillowanalytics.py took 0.157 seconds
[2025-04-05T05:19:30.886+0000] {processor.py:186} INFO - Started process (PID=2897) to work on /home/ubuntu/airflow/dags/zillowanalytics.py
[2025-04-05T05:19:30.886+0000] {processor.py:914} INFO - Processing file /home/ubuntu/airflow/dags/zillowanalytics.py for tasks to queue
[2025-04-05T05:19:30.889+0000] {logging_mixin.py:190} INFO - [2025-04-05T05:19:30.888+0000] {dagbag.py:588} INFO - Filling up the DagBag from /home/ubuntu/airflow/dags/zillowanalytics.py
[2025-04-05T05:19:30.904+0000] {processor.py:925} INFO - DAG(s) 'zillow_analytics' retrieved from /home/ubuntu/airflow/dags/zillowanalytics.py
[2025-04-05T05:19:30.998+0000] {logging_mixin.py:190} INFO - [2025-04-05T05:19:30.997+0000] {dag.py:3239} INFO - Sync 1 DAGs
[2025-04-05T05:19:31.014+0000] {logging_mixin.py:190} INFO - [2025-04-05T05:19:31.014+0000] {dag.py:4180} INFO - Setting next_dagrun for zillow_analytics to 2025-04-05 00:00:00+00:00, run_after=2025-04-06 00:00:00+00:00
[2025-04-05T05:19:31.035+0000] {processor.py:208} INFO - Processing /home/ubuntu/airflow/dags/zillowanalytics.py took 0.154 seconds
[2025-04-05T05:20:01.161+0000] {processor.py:186} INFO - Started process (PID=2898) to work on /home/ubuntu/airflow/dags/zillowanalytics.py
[2025-04-05T05:20:01.163+0000] {processor.py:914} INFO - Processing file /home/ubuntu/airflow/dags/zillowanalytics.py for tasks to queue
[2025-04-05T05:20:01.164+0000] {logging_mixin.py:190} INFO - [2025-04-05T05:20:01.163+0000] {dagbag.py:588} INFO - Filling up the DagBag from /home/ubuntu/airflow/dags/zillowanalytics.py
[2025-04-05T05:20:01.179+0000] {processor.py:925} INFO - DAG(s) 'zillow_analytics' retrieved from /home/ubuntu/airflow/dags/zillowanalytics.py
[2025-04-05T05:20:01.276+0000] {logging_mixin.py:190} INFO - [2025-04-05T05:20:01.275+0000] {dag.py:3239} INFO - Sync 1 DAGs
[2025-04-05T05:20:01.295+0000] {logging_mixin.py:190} INFO - [2025-04-05T05:20:01.295+0000] {dag.py:4180} INFO - Setting next_dagrun for zillow_analytics to 2025-04-05 00:00:00+00:00, run_after=2025-04-06 00:00:00+00:00
[2025-04-05T05:20:01.314+0000] {processor.py:208} INFO - Processing /home/ubuntu/airflow/dags/zillowanalytics.py took 0.158 seconds
[2025-04-05T05:20:31.438+0000] {processor.py:186} INFO - Started process (PID=2903) to work on /home/ubuntu/airflow/dags/zillowanalytics.py
[2025-04-05T05:20:31.440+0000] {processor.py:914} INFO - Processing file /home/ubuntu/airflow/dags/zillowanalytics.py for tasks to queue
[2025-04-05T05:20:31.441+0000] {logging_mixin.py:190} INFO - [2025-04-05T05:20:31.441+0000] {dagbag.py:588} INFO - Filling up the DagBag from /home/ubuntu/airflow/dags/zillowanalytics.py
[2025-04-05T05:20:31.458+0000] {processor.py:925} INFO - DAG(s) 'zillow_analytics' retrieved from /home/ubuntu/airflow/dags/zillowanalytics.py
[2025-04-05T05:20:31.553+0000] {logging_mixin.py:190} INFO - [2025-04-05T05:20:31.553+0000] {dag.py:3239} INFO - Sync 1 DAGs
[2025-04-05T05:20:31.574+0000] {logging_mixin.py:190} INFO - [2025-04-05T05:20:31.573+0000] {dag.py:4180} INFO - Setting next_dagrun for zillow_analytics to 2025-04-05 00:00:00+00:00, run_after=2025-04-06 00:00:00+00:00
[2025-04-05T05:20:31.594+0000] {processor.py:208} INFO - Processing /home/ubuntu/airflow/dags/zillowanalytics.py took 0.161 seconds
[2025-04-05T05:21:01.716+0000] {processor.py:186} INFO - Started process (PID=2905) to work on /home/ubuntu/airflow/dags/zillowanalytics.py
[2025-04-05T05:21:01.717+0000] {processor.py:914} INFO - Processing file /home/ubuntu/airflow/dags/zillowanalytics.py for tasks to queue
[2025-04-05T05:21:01.718+0000] {logging_mixin.py:190} INFO - [2025-04-05T05:21:01.718+0000] {dagbag.py:588} INFO - Filling up the DagBag from /home/ubuntu/airflow/dags/zillowanalytics.py
[2025-04-05T05:21:01.734+0000] {processor.py:925} INFO - DAG(s) 'zillow_analytics' retrieved from /home/ubuntu/airflow/dags/zillowanalytics.py
[2025-04-05T05:21:01.831+0000] {logging_mixin.py:190} INFO - [2025-04-05T05:21:01.830+0000] {dag.py:3239} INFO - Sync 1 DAGs
[2025-04-05T05:21:01.847+0000] {logging_mixin.py:190} INFO - [2025-04-05T05:21:01.847+0000] {dag.py:4180} INFO - Setting next_dagrun for zillow_analytics to 2025-04-05 00:00:00+00:00, run_after=2025-04-06 00:00:00+00:00
[2025-04-05T05:21:01.870+0000] {processor.py:208} INFO - Processing /home/ubuntu/airflow/dags/zillowanalytics.py took 0.160 seconds
[2025-04-05T05:21:31.993+0000] {processor.py:186} INFO - Started process (PID=2906) to work on /home/ubuntu/airflow/dags/zillowanalytics.py
[2025-04-05T05:21:31.994+0000] {processor.py:914} INFO - Processing file /home/ubuntu/airflow/dags/zillowanalytics.py for tasks to queue
[2025-04-05T05:21:31.995+0000] {logging_mixin.py:190} INFO - [2025-04-05T05:21:31.995+0000] {dagbag.py:588} INFO - Filling up the DagBag from /home/ubuntu/airflow/dags/zillowanalytics.py
[2025-04-05T05:21:32.010+0000] {processor.py:925} INFO - DAG(s) 'zillow_analytics' retrieved from /home/ubuntu/airflow/dags/zillowanalytics.py
[2025-04-05T05:21:32.106+0000] {logging_mixin.py:190} INFO - [2025-04-05T05:21:32.106+0000] {dag.py:3239} INFO - Sync 1 DAGs
[2025-04-05T05:21:32.124+0000] {logging_mixin.py:190} INFO - [2025-04-05T05:21:32.124+0000] {dag.py:4180} INFO - Setting next_dagrun for zillow_analytics to 2025-04-05 00:00:00+00:00, run_after=2025-04-06 00:00:00+00:00
[2025-04-05T05:21:32.144+0000] {processor.py:208} INFO - Processing /home/ubuntu/airflow/dags/zillowanalytics.py took 0.158 seconds
[2025-04-05T05:22:02.273+0000] {processor.py:186} INFO - Started process (PID=2908) to work on /home/ubuntu/airflow/dags/zillowanalytics.py
[2025-04-05T05:22:02.274+0000] {processor.py:914} INFO - Processing file /home/ubuntu/airflow/dags/zillowanalytics.py for tasks to queue
[2025-04-05T05:22:02.275+0000] {logging_mixin.py:190} INFO - [2025-04-05T05:22:02.275+0000] {dagbag.py:588} INFO - Filling up the DagBag from /home/ubuntu/airflow/dags/zillowanalytics.py
[2025-04-05T05:22:02.291+0000] {processor.py:925} INFO - DAG(s) 'zillow_analytics' retrieved from /home/ubuntu/airflow/dags/zillowanalytics.py
[2025-04-05T05:22:02.385+0000] {logging_mixin.py:190} INFO - [2025-04-05T05:22:02.385+0000] {dag.py:3239} INFO - Sync 1 DAGs
[2025-04-05T05:22:02.404+0000] {logging_mixin.py:190} INFO - [2025-04-05T05:22:02.403+0000] {dag.py:4180} INFO - Setting next_dagrun for zillow_analytics to 2025-04-05 00:00:00+00:00, run_after=2025-04-06 00:00:00+00:00
[2025-04-05T05:22:02.424+0000] {processor.py:208} INFO - Processing /home/ubuntu/airflow/dags/zillowanalytics.py took 0.156 seconds
[2025-04-05T05:22:32.549+0000] {processor.py:186} INFO - Started process (PID=2909) to work on /home/ubuntu/airflow/dags/zillowanalytics.py
[2025-04-05T05:22:32.551+0000] {processor.py:914} INFO - Processing file /home/ubuntu/airflow/dags/zillowanalytics.py for tasks to queue
[2025-04-05T05:22:32.552+0000] {logging_mixin.py:190} INFO - [2025-04-05T05:22:32.551+0000] {dagbag.py:588} INFO - Filling up the DagBag from /home/ubuntu/airflow/dags/zillowanalytics.py
[2025-04-05T05:22:32.567+0000] {processor.py:925} INFO - DAG(s) 'zillow_analytics' retrieved from /home/ubuntu/airflow/dags/zillowanalytics.py
[2025-04-05T05:22:32.658+0000] {logging_mixin.py:190} INFO - [2025-04-05T05:22:32.658+0000] {dag.py:3239} INFO - Sync 1 DAGs
[2025-04-05T05:22:32.676+0000] {logging_mixin.py:190} INFO - [2025-04-05T05:22:32.676+0000] {dag.py:4180} INFO - Setting next_dagrun for zillow_analytics to 2025-04-05 00:00:00+00:00, run_after=2025-04-06 00:00:00+00:00
[2025-04-05T05:22:32.695+0000] {processor.py:208} INFO - Processing /home/ubuntu/airflow/dags/zillowanalytics.py took 0.152 seconds
[2025-04-05T05:23:02.827+0000] {processor.py:186} INFO - Started process (PID=2911) to work on /home/ubuntu/airflow/dags/zillowanalytics.py
[2025-04-05T05:23:02.827+0000] {processor.py:914} INFO - Processing file /home/ubuntu/airflow/dags/zillowanalytics.py for tasks to queue
[2025-04-05T05:23:02.828+0000] {logging_mixin.py:190} INFO - [2025-04-05T05:23:02.828+0000] {dagbag.py:588} INFO - Filling up the DagBag from /home/ubuntu/airflow/dags/zillowanalytics.py
[2025-04-05T05:23:02.844+0000] {processor.py:925} INFO - DAG(s) 'zillow_analytics' retrieved from /home/ubuntu/airflow/dags/zillowanalytics.py
[2025-04-05T05:23:02.939+0000] {logging_mixin.py:190} INFO - [2025-04-05T05:23:02.939+0000] {dag.py:3239} INFO - Sync 1 DAGs
[2025-04-05T05:23:02.955+0000] {logging_mixin.py:190} INFO - [2025-04-05T05:23:02.955+0000] {dag.py:4180} INFO - Setting next_dagrun for zillow_analytics to 2025-04-05 00:00:00+00:00, run_after=2025-04-06 00:00:00+00:00
[2025-04-05T05:23:02.976+0000] {processor.py:208} INFO - Processing /home/ubuntu/airflow/dags/zillowanalytics.py took 0.155 seconds
[2025-04-05T05:23:33.106+0000] {processor.py:186} INFO - Started process (PID=2912) to work on /home/ubuntu/airflow/dags/zillowanalytics.py
[2025-04-05T05:23:33.107+0000] {processor.py:914} INFO - Processing file /home/ubuntu/airflow/dags/zillowanalytics.py for tasks to queue
[2025-04-05T05:23:33.108+0000] {logging_mixin.py:190} INFO - [2025-04-05T05:23:33.108+0000] {dagbag.py:588} INFO - Filling up the DagBag from /home/ubuntu/airflow/dags/zillowanalytics.py
[2025-04-05T05:23:33.123+0000] {processor.py:925} INFO - DAG(s) 'zillow_analytics' retrieved from /home/ubuntu/airflow/dags/zillowanalytics.py
[2025-04-05T05:23:33.217+0000] {logging_mixin.py:190} INFO - [2025-04-05T05:23:33.217+0000] {dag.py:3239} INFO - Sync 1 DAGs
[2025-04-05T05:23:33.234+0000] {logging_mixin.py:190} INFO - [2025-04-05T05:23:33.234+0000] {dag.py:4180} INFO - Setting next_dagrun for zillow_analytics to 2025-04-05 00:00:00+00:00, run_after=2025-04-06 00:00:00+00:00
[2025-04-05T05:23:33.255+0000] {processor.py:208} INFO - Processing /home/ubuntu/airflow/dags/zillowanalytics.py took 0.155 seconds
[2025-04-05T05:24:03.383+0000] {processor.py:186} INFO - Started process (PID=2913) to work on /home/ubuntu/airflow/dags/zillowanalytics.py
[2025-04-05T05:24:03.384+0000] {processor.py:914} INFO - Processing file /home/ubuntu/airflow/dags/zillowanalytics.py for tasks to queue
[2025-04-05T05:24:03.385+0000] {logging_mixin.py:190} INFO - [2025-04-05T05:24:03.385+0000] {dagbag.py:588} INFO - Filling up the DagBag from /home/ubuntu/airflow/dags/zillowanalytics.py
[2025-04-05T05:24:03.402+0000] {processor.py:925} INFO - DAG(s) 'zillow_analytics' retrieved from /home/ubuntu/airflow/dags/zillowanalytics.py
[2025-04-05T05:24:03.496+0000] {logging_mixin.py:190} INFO - [2025-04-05T05:24:03.496+0000] {dag.py:3239} INFO - Sync 1 DAGs
[2025-04-05T05:24:03.513+0000] {logging_mixin.py:190} INFO - [2025-04-05T05:24:03.513+0000] {dag.py:4180} INFO - Setting next_dagrun for zillow_analytics to 2025-04-05 00:00:00+00:00, run_after=2025-04-06 00:00:00+00:00
[2025-04-05T05:24:03.534+0000] {processor.py:208} INFO - Processing /home/ubuntu/airflow/dags/zillowanalytics.py took 0.156 seconds
[2025-04-05T10:28:51.084+0000] {processor.py:186} INFO - Started process (PID=1343) to work on /home/ubuntu/airflow/dags/zillowanalytics.py
[2025-04-05T10:28:51.086+0000] {processor.py:914} INFO - Processing file /home/ubuntu/airflow/dags/zillowanalytics.py for tasks to queue
[2025-04-05T10:28:51.088+0000] {logging_mixin.py:190} INFO - [2025-04-05T10:28:51.088+0000] {dagbag.py:588} INFO - Filling up the DagBag from /home/ubuntu/airflow/dags/zillowanalytics.py
[2025-04-05T10:28:51.112+0000] {processor.py:925} INFO - DAG(s) 'zillow_analytics' retrieved from /home/ubuntu/airflow/dags/zillowanalytics.py
[2025-04-05T10:28:51.219+0000] {logging_mixin.py:190} INFO - [2025-04-05T10:28:51.218+0000] {dag.py:3239} INFO - Sync 1 DAGs
[2025-04-05T10:28:51.242+0000] {logging_mixin.py:190} INFO - [2025-04-05T10:28:51.241+0000] {dag.py:4180} INFO - Setting next_dagrun for zillow_analytics to 2025-04-05 00:00:00+00:00, run_after=2025-04-06 00:00:00+00:00
[2025-04-05T10:28:51.266+0000] {processor.py:208} INFO - Processing /home/ubuntu/airflow/dags/zillowanalytics.py took 0.187 seconds
[2025-04-05T10:29:22.290+0000] {processor.py:186} INFO - Started process (PID=1351) to work on /home/ubuntu/airflow/dags/zillowanalytics.py
[2025-04-05T10:29:22.291+0000] {processor.py:914} INFO - Processing file /home/ubuntu/airflow/dags/zillowanalytics.py for tasks to queue
[2025-04-05T10:29:22.293+0000] {logging_mixin.py:190} INFO - [2025-04-05T10:29:22.292+0000] {dagbag.py:588} INFO - Filling up the DagBag from /home/ubuntu/airflow/dags/zillowanalytics.py
[2025-04-05T10:29:22.307+0000] {processor.py:925} INFO - DAG(s) 'zillow_analytics' retrieved from /home/ubuntu/airflow/dags/zillowanalytics.py
[2025-04-05T10:29:22.398+0000] {logging_mixin.py:190} INFO - [2025-04-05T10:29:22.398+0000] {dag.py:3239} INFO - Sync 1 DAGs
[2025-04-05T10:29:22.414+0000] {logging_mixin.py:190} INFO - [2025-04-05T10:29:22.414+0000] {dag.py:4180} INFO - Setting next_dagrun for zillow_analytics to 2025-04-05 00:00:00+00:00, run_after=2025-04-06 00:00:00+00:00
[2025-04-05T10:29:22.436+0000] {processor.py:208} INFO - Processing /home/ubuntu/airflow/dags/zillowanalytics.py took 0.151 seconds
[2025-04-05T10:29:52.554+0000] {processor.py:186} INFO - Started process (PID=1352) to work on /home/ubuntu/airflow/dags/zillowanalytics.py
[2025-04-05T10:29:52.555+0000] {processor.py:914} INFO - Processing file /home/ubuntu/airflow/dags/zillowanalytics.py for tasks to queue
[2025-04-05T10:29:52.557+0000] {logging_mixin.py:190} INFO - [2025-04-05T10:29:52.556+0000] {dagbag.py:588} INFO - Filling up the DagBag from /home/ubuntu/airflow/dags/zillowanalytics.py
[2025-04-05T10:29:52.572+0000] {processor.py:925} INFO - DAG(s) 'zillow_analytics' retrieved from /home/ubuntu/airflow/dags/zillowanalytics.py
[2025-04-05T10:29:52.660+0000] {logging_mixin.py:190} INFO - [2025-04-05T10:29:52.660+0000] {dag.py:3239} INFO - Sync 1 DAGs
[2025-04-05T10:29:52.678+0000] {logging_mixin.py:190} INFO - [2025-04-05T10:29:52.678+0000] {dag.py:4180} INFO - Setting next_dagrun for zillow_analytics to 2025-04-05 00:00:00+00:00, run_after=2025-04-06 00:00:00+00:00
[2025-04-05T10:29:52.697+0000] {processor.py:208} INFO - Processing /home/ubuntu/airflow/dags/zillowanalytics.py took 0.148 seconds
[2025-04-05T10:30:22.797+0000] {processor.py:186} INFO - Started process (PID=1356) to work on /home/ubuntu/airflow/dags/zillowanalytics.py
[2025-04-05T10:30:22.798+0000] {processor.py:914} INFO - Processing file /home/ubuntu/airflow/dags/zillowanalytics.py for tasks to queue
[2025-04-05T10:30:22.800+0000] {logging_mixin.py:190} INFO - [2025-04-05T10:30:22.800+0000] {dagbag.py:588} INFO - Filling up the DagBag from /home/ubuntu/airflow/dags/zillowanalytics.py
[2025-04-05T10:30:22.815+0000] {processor.py:925} INFO - DAG(s) 'zillow_analytics' retrieved from /home/ubuntu/airflow/dags/zillowanalytics.py
[2025-04-05T10:30:22.906+0000] {logging_mixin.py:190} INFO - [2025-04-05T10:30:22.905+0000] {dag.py:3239} INFO - Sync 1 DAGs
[2025-04-05T10:30:22.922+0000] {logging_mixin.py:190} INFO - [2025-04-05T10:30:22.922+0000] {dag.py:4180} INFO - Setting next_dagrun for zillow_analytics to 2025-04-05 00:00:00+00:00, run_after=2025-04-06 00:00:00+00:00
[2025-04-05T10:30:22.942+0000] {processor.py:208} INFO - Processing /home/ubuntu/airflow/dags/zillowanalytics.py took 0.150 seconds
[2025-04-05T10:30:53.037+0000] {processor.py:186} INFO - Started process (PID=1357) to work on /home/ubuntu/airflow/dags/zillowanalytics.py
[2025-04-05T10:30:53.039+0000] {processor.py:914} INFO - Processing file /home/ubuntu/airflow/dags/zillowanalytics.py for tasks to queue
[2025-04-05T10:30:53.040+0000] {logging_mixin.py:190} INFO - [2025-04-05T10:30:53.040+0000] {dagbag.py:588} INFO - Filling up the DagBag from /home/ubuntu/airflow/dags/zillowanalytics.py
[2025-04-05T10:30:53.055+0000] {processor.py:925} INFO - DAG(s) 'zillow_analytics' retrieved from /home/ubuntu/airflow/dags/zillowanalytics.py
[2025-04-05T10:30:53.146+0000] {logging_mixin.py:190} INFO - [2025-04-05T10:30:53.146+0000] {dag.py:3239} INFO - Sync 1 DAGs
[2025-04-05T10:30:53.163+0000] {logging_mixin.py:190} INFO - [2025-04-05T10:30:53.163+0000] {dag.py:4180} INFO - Setting next_dagrun for zillow_analytics to 2025-04-05 00:00:00+00:00, run_after=2025-04-06 00:00:00+00:00
[2025-04-05T10:30:53.184+0000] {processor.py:208} INFO - Processing /home/ubuntu/airflow/dags/zillowanalytics.py took 0.152 seconds
[2025-04-05T10:31:23.279+0000] {processor.py:186} INFO - Started process (PID=1358) to work on /home/ubuntu/airflow/dags/zillowanalytics.py
[2025-04-05T10:31:23.281+0000] {processor.py:914} INFO - Processing file /home/ubuntu/airflow/dags/zillowanalytics.py for tasks to queue
[2025-04-05T10:31:23.282+0000] {logging_mixin.py:190} INFO - [2025-04-05T10:31:23.282+0000] {dagbag.py:588} INFO - Filling up the DagBag from /home/ubuntu/airflow/dags/zillowanalytics.py
[2025-04-05T10:31:23.297+0000] {processor.py:925} INFO - DAG(s) 'zillow_analytics' retrieved from /home/ubuntu/airflow/dags/zillowanalytics.py
[2025-04-05T10:31:23.389+0000] {logging_mixin.py:190} INFO - [2025-04-05T10:31:23.389+0000] {dag.py:3239} INFO - Sync 1 DAGs
[2025-04-05T10:31:23.405+0000] {logging_mixin.py:190} INFO - [2025-04-05T10:31:23.405+0000] {dag.py:4180} INFO - Setting next_dagrun for zillow_analytics to 2025-04-05 00:00:00+00:00, run_after=2025-04-06 00:00:00+00:00
[2025-04-05T10:31:23.426+0000] {processor.py:208} INFO - Processing /home/ubuntu/airflow/dags/zillowanalytics.py took 0.152 seconds
[2025-04-05T10:31:53.503+0000] {processor.py:186} INFO - Started process (PID=1365) to work on /home/ubuntu/airflow/dags/zillowanalytics.py
[2025-04-05T10:31:53.505+0000] {processor.py:914} INFO - Processing file /home/ubuntu/airflow/dags/zillowanalytics.py for tasks to queue
[2025-04-05T10:31:53.507+0000] {logging_mixin.py:190} INFO - [2025-04-05T10:31:53.506+0000] {dagbag.py:588} INFO - Filling up the DagBag from /home/ubuntu/airflow/dags/zillowanalytics.py
[2025-04-05T10:31:53.520+0000] {processor.py:925} INFO - DAG(s) 'zillow_analytics' retrieved from /home/ubuntu/airflow/dags/zillowanalytics.py
[2025-04-05T10:31:53.612+0000] {logging_mixin.py:190} INFO - [2025-04-05T10:31:53.612+0000] {dag.py:3239} INFO - Sync 1 DAGs
[2025-04-05T10:31:53.628+0000] {logging_mixin.py:190} INFO - [2025-04-05T10:31:53.628+0000] {dag.py:4180} INFO - Setting next_dagrun for zillow_analytics to 2025-04-05 00:00:00+00:00, run_after=2025-04-06 00:00:00+00:00
[2025-04-05T10:31:53.648+0000] {processor.py:208} INFO - Processing /home/ubuntu/airflow/dags/zillowanalytics.py took 0.150 seconds
[2025-04-05T10:32:23.740+0000] {processor.py:186} INFO - Started process (PID=1369) to work on /home/ubuntu/airflow/dags/zillowanalytics.py
[2025-04-05T10:32:23.741+0000] {processor.py:914} INFO - Processing file /home/ubuntu/airflow/dags/zillowanalytics.py for tasks to queue
[2025-04-05T10:32:23.743+0000] {logging_mixin.py:190} INFO - [2025-04-05T10:32:23.743+0000] {dagbag.py:588} INFO - Filling up the DagBag from /home/ubuntu/airflow/dags/zillowanalytics.py
[2025-04-05T10:32:23.757+0000] {processor.py:925} INFO - DAG(s) 'zillow_analytics' retrieved from /home/ubuntu/airflow/dags/zillowanalytics.py
[2025-04-05T10:32:23.852+0000] {logging_mixin.py:190} INFO - [2025-04-05T10:32:23.851+0000] {dag.py:3239} INFO - Sync 1 DAGs
[2025-04-05T10:32:23.867+0000] {logging_mixin.py:190} INFO - [2025-04-05T10:32:23.867+0000] {dag.py:4180} INFO - Setting next_dagrun for zillow_analytics to 2025-04-05 00:00:00+00:00, run_after=2025-04-06 00:00:00+00:00
[2025-04-05T10:32:23.888+0000] {processor.py:208} INFO - Processing /home/ubuntu/airflow/dags/zillowanalytics.py took 0.154 seconds
[2025-04-05T10:32:53.974+0000] {processor.py:186} INFO - Started process (PID=1371) to work on /home/ubuntu/airflow/dags/zillowanalytics.py
[2025-04-05T10:32:53.976+0000] {processor.py:914} INFO - Processing file /home/ubuntu/airflow/dags/zillowanalytics.py for tasks to queue
[2025-04-05T10:32:53.977+0000] {logging_mixin.py:190} INFO - [2025-04-05T10:32:53.977+0000] {dagbag.py:588} INFO - Filling up the DagBag from /home/ubuntu/airflow/dags/zillowanalytics.py
[2025-04-05T10:32:53.991+0000] {processor.py:925} INFO - DAG(s) 'zillow_analytics' retrieved from /home/ubuntu/airflow/dags/zillowanalytics.py
[2025-04-05T10:32:54.083+0000] {logging_mixin.py:190} INFO - [2025-04-05T10:32:54.083+0000] {dag.py:3239} INFO - Sync 1 DAGs
[2025-04-05T10:32:54.100+0000] {logging_mixin.py:190} INFO - [2025-04-05T10:32:54.100+0000] {dag.py:4180} INFO - Setting next_dagrun for zillow_analytics to 2025-04-05 00:00:00+00:00, run_after=2025-04-06 00:00:00+00:00
[2025-04-05T10:32:54.121+0000] {processor.py:208} INFO - Processing /home/ubuntu/airflow/dags/zillowanalytics.py took 0.152 seconds
[2025-04-05T10:33:24.212+0000] {processor.py:186} INFO - Started process (PID=1373) to work on /home/ubuntu/airflow/dags/zillowanalytics.py
[2025-04-05T10:33:24.213+0000] {processor.py:914} INFO - Processing file /home/ubuntu/airflow/dags/zillowanalytics.py for tasks to queue
[2025-04-05T10:33:24.214+0000] {logging_mixin.py:190} INFO - [2025-04-05T10:33:24.214+0000] {dagbag.py:588} INFO - Filling up the DagBag from /home/ubuntu/airflow/dags/zillowanalytics.py
[2025-04-05T10:33:24.229+0000] {processor.py:925} INFO - DAG(s) 'zillow_analytics' retrieved from /home/ubuntu/airflow/dags/zillowanalytics.py
[2025-04-05T10:33:24.318+0000] {logging_mixin.py:190} INFO - [2025-04-05T10:33:24.318+0000] {dag.py:3239} INFO - Sync 1 DAGs
[2025-04-05T10:33:24.335+0000] {logging_mixin.py:190} INFO - [2025-04-05T10:33:24.335+0000] {dag.py:4180} INFO - Setting next_dagrun for zillow_analytics to 2025-04-05 00:00:00+00:00, run_after=2025-04-06 00:00:00+00:00
[2025-04-05T10:33:24.356+0000] {processor.py:208} INFO - Processing /home/ubuntu/airflow/dags/zillowanalytics.py took 0.148 seconds
[2025-04-05T10:33:54.449+0000] {processor.py:186} INFO - Started process (PID=1374) to work on /home/ubuntu/airflow/dags/zillowanalytics.py
[2025-04-05T10:33:54.450+0000] {processor.py:914} INFO - Processing file /home/ubuntu/airflow/dags/zillowanalytics.py for tasks to queue
[2025-04-05T10:33:54.453+0000] {logging_mixin.py:190} INFO - [2025-04-05T10:33:54.452+0000] {dagbag.py:588} INFO - Filling up the DagBag from /home/ubuntu/airflow/dags/zillowanalytics.py
[2025-04-05T10:33:54.467+0000] {processor.py:925} INFO - DAG(s) 'zillow_analytics' retrieved from /home/ubuntu/airflow/dags/zillowanalytics.py
[2025-04-05T10:33:54.560+0000] {logging_mixin.py:190} INFO - [2025-04-05T10:33:54.559+0000] {dag.py:3239} INFO - Sync 1 DAGs
[2025-04-05T10:33:54.578+0000] {logging_mixin.py:190} INFO - [2025-04-05T10:33:54.577+0000] {dag.py:4180} INFO - Setting next_dagrun for zillow_analytics to 2025-04-05 00:00:00+00:00, run_after=2025-04-06 00:00:00+00:00
[2025-04-05T10:33:54.597+0000] {processor.py:208} INFO - Processing /home/ubuntu/airflow/dags/zillowanalytics.py took 0.153 seconds
[2025-04-05T10:34:24.690+0000] {processor.py:186} INFO - Started process (PID=1375) to work on /home/ubuntu/airflow/dags/zillowanalytics.py
[2025-04-05T10:34:24.692+0000] {processor.py:914} INFO - Processing file /home/ubuntu/airflow/dags/zillowanalytics.py for tasks to queue
[2025-04-05T10:34:24.693+0000] {logging_mixin.py:190} INFO - [2025-04-05T10:34:24.693+0000] {dagbag.py:588} INFO - Filling up the DagBag from /home/ubuntu/airflow/dags/zillowanalytics.py
[2025-04-05T10:34:24.707+0000] {processor.py:925} INFO - DAG(s) 'zillow_analytics' retrieved from /home/ubuntu/airflow/dags/zillowanalytics.py
[2025-04-05T10:34:24.798+0000] {logging_mixin.py:190} INFO - [2025-04-05T10:34:24.798+0000] {dag.py:3239} INFO - Sync 1 DAGs
[2025-04-05T10:34:24.817+0000] {logging_mixin.py:190} INFO - [2025-04-05T10:34:24.816+0000] {dag.py:4180} INFO - Setting next_dagrun for zillow_analytics to 2025-04-05 00:00:00+00:00, run_after=2025-04-06 00:00:00+00:00
[2025-04-05T10:34:24.837+0000] {processor.py:208} INFO - Processing /home/ubuntu/airflow/dags/zillowanalytics.py took 0.152 seconds
[2025-04-05T10:34:55.926+0000] {processor.py:186} INFO - Started process (PID=1376) to work on /home/ubuntu/airflow/dags/zillowanalytics.py
[2025-04-05T10:34:55.930+0000] {processor.py:914} INFO - Processing file /home/ubuntu/airflow/dags/zillowanalytics.py for tasks to queue
[2025-04-05T10:34:55.931+0000] {logging_mixin.py:190} INFO - [2025-04-05T10:34:55.931+0000] {dagbag.py:588} INFO - Filling up the DagBag from /home/ubuntu/airflow/dags/zillowanalytics.py
[2025-04-05T10:34:55.945+0000] {processor.py:925} INFO - DAG(s) 'zillow_analytics' retrieved from /home/ubuntu/airflow/dags/zillowanalytics.py
[2025-04-05T10:34:56.037+0000] {logging_mixin.py:190} INFO - [2025-04-05T10:34:56.037+0000] {dag.py:3239} INFO - Sync 1 DAGs
[2025-04-05T10:34:56.053+0000] {logging_mixin.py:190} INFO - [2025-04-05T10:34:56.052+0000] {dag.py:4180} INFO - Setting next_dagrun for zillow_analytics to 2025-04-05 00:00:00+00:00, run_after=2025-04-06 00:00:00+00:00
[2025-04-05T10:34:56.075+0000] {processor.py:208} INFO - Processing /home/ubuntu/airflow/dags/zillowanalytics.py took 0.153 seconds
[2025-04-05T10:35:26.173+0000] {processor.py:186} INFO - Started process (PID=1380) to work on /home/ubuntu/airflow/dags/zillowanalytics.py
[2025-04-05T10:35:26.174+0000] {processor.py:914} INFO - Processing file /home/ubuntu/airflow/dags/zillowanalytics.py for tasks to queue
[2025-04-05T10:35:26.176+0000] {logging_mixin.py:190} INFO - [2025-04-05T10:35:26.176+0000] {dagbag.py:588} INFO - Filling up the DagBag from /home/ubuntu/airflow/dags/zillowanalytics.py
[2025-04-05T10:35:26.190+0000] {processor.py:925} INFO - DAG(s) 'zillow_analytics' retrieved from /home/ubuntu/airflow/dags/zillowanalytics.py
[2025-04-05T10:35:26.281+0000] {logging_mixin.py:190} INFO - [2025-04-05T10:35:26.281+0000] {dag.py:3239} INFO - Sync 1 DAGs
[2025-04-05T10:35:26.297+0000] {logging_mixin.py:190} INFO - [2025-04-05T10:35:26.297+0000] {dag.py:4180} INFO - Setting next_dagrun for zillow_analytics to 2025-04-05 00:00:00+00:00, run_after=2025-04-06 00:00:00+00:00
[2025-04-05T10:35:26.317+0000] {processor.py:208} INFO - Processing /home/ubuntu/airflow/dags/zillowanalytics.py took 0.149 seconds
[2025-04-05T10:35:56.417+0000] {processor.py:186} INFO - Started process (PID=1381) to work on /home/ubuntu/airflow/dags/zillowanalytics.py
[2025-04-05T10:35:56.419+0000] {processor.py:914} INFO - Processing file /home/ubuntu/airflow/dags/zillowanalytics.py for tasks to queue
[2025-04-05T10:35:56.421+0000] {logging_mixin.py:190} INFO - [2025-04-05T10:35:56.421+0000] {dagbag.py:588} INFO - Filling up the DagBag from /home/ubuntu/airflow/dags/zillowanalytics.py
[2025-04-05T10:35:56.435+0000] {processor.py:925} INFO - DAG(s) 'zillow_analytics' retrieved from /home/ubuntu/airflow/dags/zillowanalytics.py
[2025-04-05T10:35:56.529+0000] {logging_mixin.py:190} INFO - [2025-04-05T10:35:56.529+0000] {dag.py:3239} INFO - Sync 1 DAGs
[2025-04-05T10:35:56.545+0000] {logging_mixin.py:190} INFO - [2025-04-05T10:35:56.545+0000] {dag.py:4180} INFO - Setting next_dagrun for zillow_analytics to 2025-04-05 00:00:00+00:00, run_after=2025-04-06 00:00:00+00:00
[2025-04-05T10:35:56.565+0000] {processor.py:208} INFO - Processing /home/ubuntu/airflow/dags/zillowanalytics.py took 0.153 seconds
[2025-04-05T10:36:26.664+0000] {processor.py:186} INFO - Started process (PID=1383) to work on /home/ubuntu/airflow/dags/zillowanalytics.py
[2025-04-05T10:36:26.664+0000] {processor.py:914} INFO - Processing file /home/ubuntu/airflow/dags/zillowanalytics.py for tasks to queue
[2025-04-05T10:36:26.666+0000] {logging_mixin.py:190} INFO - [2025-04-05T10:36:26.666+0000] {dagbag.py:588} INFO - Filling up the DagBag from /home/ubuntu/airflow/dags/zillowanalytics.py
[2025-04-05T10:36:26.681+0000] {processor.py:925} INFO - DAG(s) 'zillow_analytics' retrieved from /home/ubuntu/airflow/dags/zillowanalytics.py
[2025-04-05T10:36:26.774+0000] {logging_mixin.py:190} INFO - [2025-04-05T10:36:26.773+0000] {dag.py:3239} INFO - Sync 1 DAGs
[2025-04-05T10:36:26.794+0000] {logging_mixin.py:190} INFO - [2025-04-05T10:36:26.793+0000] {dag.py:4180} INFO - Setting next_dagrun for zillow_analytics to 2025-04-05 00:00:00+00:00, run_after=2025-04-06 00:00:00+00:00
[2025-04-05T10:36:26.814+0000] {processor.py:208} INFO - Processing /home/ubuntu/airflow/dags/zillowanalytics.py took 0.155 seconds
[2025-04-05T10:36:56.897+0000] {processor.py:186} INFO - Started process (PID=1388) to work on /home/ubuntu/airflow/dags/zillowanalytics.py
[2025-04-05T10:36:56.899+0000] {processor.py:914} INFO - Processing file /home/ubuntu/airflow/dags/zillowanalytics.py for tasks to queue
[2025-04-05T10:36:56.901+0000] {logging_mixin.py:190} INFO - [2025-04-05T10:36:56.901+0000] {dagbag.py:588} INFO - Filling up the DagBag from /home/ubuntu/airflow/dags/zillowanalytics.py
[2025-04-05T10:36:56.915+0000] {processor.py:925} INFO - DAG(s) 'zillow_analytics' retrieved from /home/ubuntu/airflow/dags/zillowanalytics.py
[2025-04-05T10:36:57.007+0000] {logging_mixin.py:190} INFO - [2025-04-05T10:36:57.007+0000] {dag.py:3239} INFO - Sync 1 DAGs
[2025-04-05T10:36:57.023+0000] {logging_mixin.py:190} INFO - [2025-04-05T10:36:57.023+0000] {dag.py:4180} INFO - Setting next_dagrun for zillow_analytics to 2025-04-05 00:00:00+00:00, run_after=2025-04-06 00:00:00+00:00
[2025-04-05T10:36:57.044+0000] {processor.py:208} INFO - Processing /home/ubuntu/airflow/dags/zillowanalytics.py took 0.152 seconds
[2025-04-05T10:37:27.136+0000] {processor.py:186} INFO - Started process (PID=1390) to work on /home/ubuntu/airflow/dags/zillowanalytics.py
[2025-04-05T10:37:27.136+0000] {processor.py:914} INFO - Processing file /home/ubuntu/airflow/dags/zillowanalytics.py for tasks to queue
[2025-04-05T10:37:27.138+0000] {logging_mixin.py:190} INFO - [2025-04-05T10:37:27.138+0000] {dagbag.py:588} INFO - Filling up the DagBag from /home/ubuntu/airflow/dags/zillowanalytics.py
[2025-04-05T10:37:27.153+0000] {processor.py:925} INFO - DAG(s) 'zillow_analytics' retrieved from /home/ubuntu/airflow/dags/zillowanalytics.py
[2025-04-05T10:37:27.243+0000] {logging_mixin.py:190} INFO - [2025-04-05T10:37:27.243+0000] {dag.py:3239} INFO - Sync 1 DAGs
[2025-04-05T10:37:27.259+0000] {logging_mixin.py:190} INFO - [2025-04-05T10:37:27.259+0000] {dag.py:4180} INFO - Setting next_dagrun for zillow_analytics to 2025-04-05 00:00:00+00:00, run_after=2025-04-06 00:00:00+00:00
[2025-04-05T10:37:27.281+0000] {processor.py:208} INFO - Processing /home/ubuntu/airflow/dags/zillowanalytics.py took 0.150 seconds
[2025-04-05T10:37:57.372+0000] {processor.py:186} INFO - Started process (PID=1391) to work on /home/ubuntu/airflow/dags/zillowanalytics.py
[2025-04-05T10:37:57.375+0000] {processor.py:914} INFO - Processing file /home/ubuntu/airflow/dags/zillowanalytics.py for tasks to queue
[2025-04-05T10:37:57.376+0000] {logging_mixin.py:190} INFO - [2025-04-05T10:37:57.376+0000] {dagbag.py:588} INFO - Filling up the DagBag from /home/ubuntu/airflow/dags/zillowanalytics.py
[2025-04-05T10:37:57.392+0000] {processor.py:925} INFO - DAG(s) 'zillow_analytics' retrieved from /home/ubuntu/airflow/dags/zillowanalytics.py
[2025-04-05T10:37:57.483+0000] {logging_mixin.py:190} INFO - [2025-04-05T10:37:57.483+0000] {dag.py:3239} INFO - Sync 1 DAGs
[2025-04-05T10:37:57.500+0000] {logging_mixin.py:190} INFO - [2025-04-05T10:37:57.500+0000] {dag.py:4180} INFO - Setting next_dagrun for zillow_analytics to 2025-04-05 00:00:00+00:00, run_after=2025-04-06 00:00:00+00:00
[2025-04-05T10:37:57.522+0000] {processor.py:208} INFO - Processing /home/ubuntu/airflow/dags/zillowanalytics.py took 0.154 seconds
[2025-04-05T10:38:27.620+0000] {processor.py:186} INFO - Started process (PID=1608) to work on /home/ubuntu/airflow/dags/zillowanalytics.py
[2025-04-05T10:38:27.621+0000] {processor.py:914} INFO - Processing file /home/ubuntu/airflow/dags/zillowanalytics.py for tasks to queue
[2025-04-05T10:38:27.624+0000] {logging_mixin.py:190} INFO - [2025-04-05T10:38:27.623+0000] {dagbag.py:588} INFO - Filling up the DagBag from /home/ubuntu/airflow/dags/zillowanalytics.py
[2025-04-05T10:38:27.641+0000] {processor.py:925} INFO - DAG(s) 'zillow_analytics' retrieved from /home/ubuntu/airflow/dags/zillowanalytics.py
[2025-04-05T10:38:27.742+0000] {logging_mixin.py:190} INFO - [2025-04-05T10:38:27.742+0000] {dag.py:3239} INFO - Sync 1 DAGs
[2025-04-05T10:38:27.760+0000] {logging_mixin.py:190} INFO - [2025-04-05T10:38:27.759+0000] {dag.py:4180} INFO - Setting next_dagrun for zillow_analytics to 2025-04-05 00:00:00+00:00, run_after=2025-04-06 00:00:00+00:00
[2025-04-05T10:38:27.780+0000] {processor.py:208} INFO - Processing /home/ubuntu/airflow/dags/zillowanalytics.py took 0.166 seconds
[2025-04-05T10:38:57.869+0000] {processor.py:186} INFO - Started process (PID=3087) to work on /home/ubuntu/airflow/dags/zillowanalytics.py
[2025-04-05T10:38:57.874+0000] {processor.py:914} INFO - Processing file /home/ubuntu/airflow/dags/zillowanalytics.py for tasks to queue
[2025-04-05T10:38:57.878+0000] {logging_mixin.py:190} INFO - [2025-04-05T10:38:57.876+0000] {dagbag.py:588} INFO - Filling up the DagBag from /home/ubuntu/airflow/dags/zillowanalytics.py
[2025-04-05T10:38:57.892+0000] {processor.py:925} INFO - DAG(s) 'zillow_analytics' retrieved from /home/ubuntu/airflow/dags/zillowanalytics.py
[2025-04-05T10:38:57.974+0000] {logging_mixin.py:190} INFO - [2025-04-05T10:38:57.974+0000] {dag.py:3239} INFO - Sync 1 DAGs
[2025-04-05T10:38:57.987+0000] {logging_mixin.py:190} INFO - [2025-04-05T10:38:57.987+0000] {dag.py:4180} INFO - Setting next_dagrun for zillow_analytics to 2025-04-05 00:00:00+00:00, run_after=2025-04-06 00:00:00+00:00
[2025-04-05T10:38:58.021+0000] {processor.py:208} INFO - Processing /home/ubuntu/airflow/dags/zillowanalytics.py took 0.159 seconds
[2025-04-05T10:39:29.095+0000] {processor.py:186} INFO - Started process (PID=7329) to work on /home/ubuntu/airflow/dags/zillowanalytics.py
[2025-04-05T10:39:29.097+0000] {processor.py:914} INFO - Processing file /home/ubuntu/airflow/dags/zillowanalytics.py for tasks to queue
[2025-04-05T10:39:29.099+0000] {logging_mixin.py:190} INFO - [2025-04-05T10:39:29.098+0000] {dagbag.py:588} INFO - Filling up the DagBag from /home/ubuntu/airflow/dags/zillowanalytics.py
[2025-04-05T10:39:29.117+0000] {processor.py:925} INFO - DAG(s) 'zillow_analytics' retrieved from /home/ubuntu/airflow/dags/zillowanalytics.py
[2025-04-05T10:39:29.231+0000] {logging_mixin.py:190} INFO - [2025-04-05T10:39:29.231+0000] {dag.py:3239} INFO - Sync 1 DAGs
[2025-04-05T10:39:29.247+0000] {logging_mixin.py:190} INFO - [2025-04-05T10:39:29.246+0000] {dag.py:4180} INFO - Setting next_dagrun for zillow_analytics to 2025-04-05 00:00:00+00:00, run_after=2025-04-06 00:00:00+00:00
[2025-04-05T10:39:29.265+0000] {processor.py:208} INFO - Processing /home/ubuntu/airflow/dags/zillowanalytics.py took 0.174 seconds
[2025-04-05T10:39:59.324+0000] {processor.py:186} INFO - Started process (PID=7330) to work on /home/ubuntu/airflow/dags/zillowanalytics.py
[2025-04-05T10:39:59.325+0000] {processor.py:914} INFO - Processing file /home/ubuntu/airflow/dags/zillowanalytics.py for tasks to queue
[2025-04-05T10:39:59.326+0000] {logging_mixin.py:190} INFO - [2025-04-05T10:39:59.326+0000] {dagbag.py:588} INFO - Filling up the DagBag from /home/ubuntu/airflow/dags/zillowanalytics.py
[2025-04-05T10:39:59.341+0000] {processor.py:925} INFO - DAG(s) 'zillow_analytics' retrieved from /home/ubuntu/airflow/dags/zillowanalytics.py
[2025-04-05T10:39:59.432+0000] {logging_mixin.py:190} INFO - [2025-04-05T10:39:59.432+0000] {dag.py:3239} INFO - Sync 1 DAGs
[2025-04-05T10:39:59.450+0000] {logging_mixin.py:190} INFO - [2025-04-05T10:39:59.450+0000] {dag.py:4180} INFO - Setting next_dagrun for zillow_analytics to 2025-04-05 00:00:00+00:00, run_after=2025-04-06 00:00:00+00:00
[2025-04-05T10:39:59.471+0000] {processor.py:208} INFO - Processing /home/ubuntu/airflow/dags/zillowanalytics.py took 0.152 seconds
[2025-04-05T10:40:29.564+0000] {processor.py:186} INFO - Started process (PID=7333) to work on /home/ubuntu/airflow/dags/zillowanalytics.py
[2025-04-05T10:40:29.566+0000] {processor.py:914} INFO - Processing file /home/ubuntu/airflow/dags/zillowanalytics.py for tasks to queue
[2025-04-05T10:40:29.568+0000] {logging_mixin.py:190} INFO - [2025-04-05T10:40:29.568+0000] {dagbag.py:588} INFO - Filling up the DagBag from /home/ubuntu/airflow/dags/zillowanalytics.py
[2025-04-05T10:40:29.582+0000] {processor.py:925} INFO - DAG(s) 'zillow_analytics' retrieved from /home/ubuntu/airflow/dags/zillowanalytics.py
[2025-04-05T10:40:29.674+0000] {logging_mixin.py:190} INFO - [2025-04-05T10:40:29.674+0000] {dag.py:3239} INFO - Sync 1 DAGs
[2025-04-05T10:40:29.691+0000] {logging_mixin.py:190} INFO - [2025-04-05T10:40:29.690+0000] {dag.py:4180} INFO - Setting next_dagrun for zillow_analytics to 2025-04-05 00:00:00+00:00, run_after=2025-04-06 00:00:00+00:00
[2025-04-05T10:40:29.711+0000] {processor.py:208} INFO - Processing /home/ubuntu/airflow/dags/zillowanalytics.py took 0.152 seconds
[2025-04-05T10:40:59.805+0000] {processor.py:186} INFO - Started process (PID=7335) to work on /home/ubuntu/airflow/dags/zillowanalytics.py
[2025-04-05T10:40:59.806+0000] {processor.py:914} INFO - Processing file /home/ubuntu/airflow/dags/zillowanalytics.py for tasks to queue
[2025-04-05T10:40:59.808+0000] {logging_mixin.py:190} INFO - [2025-04-05T10:40:59.808+0000] {dagbag.py:588} INFO - Filling up the DagBag from /home/ubuntu/airflow/dags/zillowanalytics.py
[2025-04-05T10:40:59.823+0000] {processor.py:925} INFO - DAG(s) 'zillow_analytics' retrieved from /home/ubuntu/airflow/dags/zillowanalytics.py
[2025-04-05T10:40:59.914+0000] {logging_mixin.py:190} INFO - [2025-04-05T10:40:59.914+0000] {dag.py:3239} INFO - Sync 1 DAGs
[2025-04-05T10:40:59.931+0000] {logging_mixin.py:190} INFO - [2025-04-05T10:40:59.931+0000] {dag.py:4180} INFO - Setting next_dagrun for zillow_analytics to 2025-04-05 00:00:00+00:00, run_after=2025-04-06 00:00:00+00:00
[2025-04-05T10:40:59.953+0000] {processor.py:208} INFO - Processing /home/ubuntu/airflow/dags/zillowanalytics.py took 0.153 seconds
[2025-04-05T10:41:30.046+0000] {processor.py:186} INFO - Started process (PID=7336) to work on /home/ubuntu/airflow/dags/zillowanalytics.py
[2025-04-05T10:41:30.049+0000] {processor.py:914} INFO - Processing file /home/ubuntu/airflow/dags/zillowanalytics.py for tasks to queue
[2025-04-05T10:41:30.050+0000] {logging_mixin.py:190} INFO - [2025-04-05T10:41:30.050+0000] {dagbag.py:588} INFO - Filling up the DagBag from /home/ubuntu/airflow/dags/zillowanalytics.py
[2025-04-05T10:41:30.065+0000] {processor.py:925} INFO - DAG(s) 'zillow_analytics' retrieved from /home/ubuntu/airflow/dags/zillowanalytics.py
[2025-04-05T10:41:30.159+0000] {logging_mixin.py:190} INFO - [2025-04-05T10:41:30.158+0000] {dag.py:3239} INFO - Sync 1 DAGs
[2025-04-05T10:41:30.175+0000] {logging_mixin.py:190} INFO - [2025-04-05T10:41:30.175+0000] {dag.py:4180} INFO - Setting next_dagrun for zillow_analytics to 2025-04-05 00:00:00+00:00, run_after=2025-04-06 00:00:00+00:00
[2025-04-05T10:41:30.197+0000] {processor.py:208} INFO - Processing /home/ubuntu/airflow/dags/zillowanalytics.py took 0.156 seconds
[2025-04-05T10:42:00.283+0000] {processor.py:186} INFO - Started process (PID=7340) to work on /home/ubuntu/airflow/dags/zillowanalytics.py
[2025-04-05T10:42:00.284+0000] {processor.py:914} INFO - Processing file /home/ubuntu/airflow/dags/zillowanalytics.py for tasks to queue
[2025-04-05T10:42:00.286+0000] {logging_mixin.py:190} INFO - [2025-04-05T10:42:00.286+0000] {dagbag.py:588} INFO - Filling up the DagBag from /home/ubuntu/airflow/dags/zillowanalytics.py
[2025-04-05T10:42:00.301+0000] {processor.py:925} INFO - DAG(s) 'zillow_analytics' retrieved from /home/ubuntu/airflow/dags/zillowanalytics.py
[2025-04-05T10:42:00.393+0000] {logging_mixin.py:190} INFO - [2025-04-05T10:42:00.393+0000] {dag.py:3239} INFO - Sync 1 DAGs
[2025-04-05T10:42:00.411+0000] {logging_mixin.py:190} INFO - [2025-04-05T10:42:00.411+0000] {dag.py:4180} INFO - Setting next_dagrun for zillow_analytics to 2025-04-05 00:00:00+00:00, run_after=2025-04-06 00:00:00+00:00
[2025-04-05T10:42:00.431+0000] {processor.py:208} INFO - Processing /home/ubuntu/airflow/dags/zillowanalytics.py took 0.154 seconds
[2025-04-05T10:42:30.523+0000] {processor.py:186} INFO - Started process (PID=7342) to work on /home/ubuntu/airflow/dags/zillowanalytics.py
[2025-04-05T10:42:30.525+0000] {processor.py:914} INFO - Processing file /home/ubuntu/airflow/dags/zillowanalytics.py for tasks to queue
[2025-04-05T10:42:30.527+0000] {logging_mixin.py:190} INFO - [2025-04-05T10:42:30.526+0000] {dagbag.py:588} INFO - Filling up the DagBag from /home/ubuntu/airflow/dags/zillowanalytics.py
[2025-04-05T10:42:30.542+0000] {processor.py:925} INFO - DAG(s) 'zillow_analytics' retrieved from /home/ubuntu/airflow/dags/zillowanalytics.py
[2025-04-05T10:42:30.631+0000] {logging_mixin.py:190} INFO - [2025-04-05T10:42:30.631+0000] {dag.py:3239} INFO - Sync 1 DAGs
[2025-04-05T10:42:30.649+0000] {logging_mixin.py:190} INFO - [2025-04-05T10:42:30.648+0000] {dag.py:4180} INFO - Setting next_dagrun for zillow_analytics to 2025-04-05 00:00:00+00:00, run_after=2025-04-06 00:00:00+00:00
[2025-04-05T10:42:30.670+0000] {processor.py:208} INFO - Processing /home/ubuntu/airflow/dags/zillowanalytics.py took 0.153 seconds
[2025-04-05T10:43:00.764+0000] {processor.py:186} INFO - Started process (PID=7343) to work on /home/ubuntu/airflow/dags/zillowanalytics.py
[2025-04-05T10:43:00.766+0000] {processor.py:914} INFO - Processing file /home/ubuntu/airflow/dags/zillowanalytics.py for tasks to queue
[2025-04-05T10:43:00.768+0000] {logging_mixin.py:190} INFO - [2025-04-05T10:43:00.767+0000] {dagbag.py:588} INFO - Filling up the DagBag from /home/ubuntu/airflow/dags/zillowanalytics.py
[2025-04-05T10:43:00.782+0000] {processor.py:925} INFO - DAG(s) 'zillow_analytics' retrieved from /home/ubuntu/airflow/dags/zillowanalytics.py
[2025-04-05T10:43:00.876+0000] {logging_mixin.py:190} INFO - [2025-04-05T10:43:00.876+0000] {dag.py:3239} INFO - Sync 1 DAGs
[2025-04-05T10:43:00.894+0000] {logging_mixin.py:190} INFO - [2025-04-05T10:43:00.894+0000] {dag.py:4180} INFO - Setting next_dagrun for zillow_analytics to 2025-04-05 00:00:00+00:00, run_after=2025-04-06 00:00:00+00:00
[2025-04-05T10:43:00.914+0000] {processor.py:208} INFO - Processing /home/ubuntu/airflow/dags/zillowanalytics.py took 0.154 seconds
[2025-04-05T10:43:31.002+0000] {processor.py:186} INFO - Started process (PID=7344) to work on /home/ubuntu/airflow/dags/zillowanalytics.py
[2025-04-05T10:43:31.004+0000] {processor.py:914} INFO - Processing file /home/ubuntu/airflow/dags/zillowanalytics.py for tasks to queue
[2025-04-05T10:43:31.005+0000] {logging_mixin.py:190} INFO - [2025-04-05T10:43:31.005+0000] {dagbag.py:588} INFO - Filling up the DagBag from /home/ubuntu/airflow/dags/zillowanalytics.py
[2025-04-05T10:43:31.021+0000] {processor.py:925} INFO - DAG(s) 'zillow_analytics' retrieved from /home/ubuntu/airflow/dags/zillowanalytics.py
[2025-04-05T10:43:31.115+0000] {logging_mixin.py:190} INFO - [2025-04-05T10:43:31.114+0000] {dag.py:3239} INFO - Sync 1 DAGs
[2025-04-05T10:43:31.132+0000] {logging_mixin.py:190} INFO - [2025-04-05T10:43:31.132+0000] {dag.py:4180} INFO - Setting next_dagrun for zillow_analytics to 2025-04-05 00:00:00+00:00, run_after=2025-04-06 00:00:00+00:00
[2025-04-05T10:43:31.152+0000] {processor.py:208} INFO - Processing /home/ubuntu/airflow/dags/zillowanalytics.py took 0.155 seconds
[2025-04-05T10:44:01.244+0000] {processor.py:186} INFO - Started process (PID=7349) to work on /home/ubuntu/airflow/dags/zillowanalytics.py
[2025-04-05T10:44:01.244+0000] {processor.py:914} INFO - Processing file /home/ubuntu/airflow/dags/zillowanalytics.py for tasks to queue
[2025-04-05T10:44:01.247+0000] {logging_mixin.py:190} INFO - [2025-04-05T10:44:01.246+0000] {dagbag.py:588} INFO - Filling up the DagBag from /home/ubuntu/airflow/dags/zillowanalytics.py
[2025-04-05T10:44:01.262+0000] {processor.py:925} INFO - DAG(s) 'zillow_analytics' retrieved from /home/ubuntu/airflow/dags/zillowanalytics.py
[2025-04-05T10:44:01.359+0000] {logging_mixin.py:190} INFO - [2025-04-05T10:44:01.359+0000] {dag.py:3239} INFO - Sync 1 DAGs
[2025-04-05T10:44:01.376+0000] {logging_mixin.py:190} INFO - [2025-04-05T10:44:01.376+0000] {dag.py:4180} INFO - Setting next_dagrun for zillow_analytics to 2025-04-05 00:00:00+00:00, run_after=2025-04-06 00:00:00+00:00
[2025-04-05T10:44:01.397+0000] {processor.py:208} INFO - Processing /home/ubuntu/airflow/dags/zillowanalytics.py took 0.159 seconds
[2025-04-05T10:44:31.482+0000] {processor.py:186} INFO - Started process (PID=7351) to work on /home/ubuntu/airflow/dags/zillowanalytics.py
[2025-04-05T10:44:31.484+0000] {processor.py:914} INFO - Processing file /home/ubuntu/airflow/dags/zillowanalytics.py for tasks to queue
[2025-04-05T10:44:31.485+0000] {logging_mixin.py:190} INFO - [2025-04-05T10:44:31.485+0000] {dagbag.py:588} INFO - Filling up the DagBag from /home/ubuntu/airflow/dags/zillowanalytics.py
[2025-04-05T10:44:31.501+0000] {processor.py:925} INFO - DAG(s) 'zillow_analytics' retrieved from /home/ubuntu/airflow/dags/zillowanalytics.py
[2025-04-05T10:44:31.594+0000] {logging_mixin.py:190} INFO - [2025-04-05T10:44:31.594+0000] {dag.py:3239} INFO - Sync 1 DAGs
[2025-04-05T10:44:31.611+0000] {logging_mixin.py:190} INFO - [2025-04-05T10:44:31.611+0000] {dag.py:4180} INFO - Setting next_dagrun for zillow_analytics to 2025-04-05 00:00:00+00:00, run_after=2025-04-06 00:00:00+00:00
[2025-04-05T10:44:31.631+0000] {processor.py:208} INFO - Processing /home/ubuntu/airflow/dags/zillowanalytics.py took 0.154 seconds
[2025-04-05T10:45:01.723+0000] {processor.py:186} INFO - Started process (PID=7355) to work on /home/ubuntu/airflow/dags/zillowanalytics.py
[2025-04-05T10:45:01.723+0000] {processor.py:914} INFO - Processing file /home/ubuntu/airflow/dags/zillowanalytics.py for tasks to queue
[2025-04-05T10:45:01.726+0000] {logging_mixin.py:190} INFO - [2025-04-05T10:45:01.725+0000] {dagbag.py:588} INFO - Filling up the DagBag from /home/ubuntu/airflow/dags/zillowanalytics.py
[2025-04-05T10:45:01.741+0000] {processor.py:925} INFO - DAG(s) 'zillow_analytics' retrieved from /home/ubuntu/airflow/dags/zillowanalytics.py
[2025-04-05T10:45:01.838+0000] {logging_mixin.py:190} INFO - [2025-04-05T10:45:01.837+0000] {dag.py:3239} INFO - Sync 1 DAGs
[2025-04-05T10:45:01.855+0000] {logging_mixin.py:190} INFO - [2025-04-05T10:45:01.855+0000] {dag.py:4180} INFO - Setting next_dagrun for zillow_analytics to 2025-04-05 00:00:00+00:00, run_after=2025-04-06 00:00:00+00:00
[2025-04-05T10:45:01.880+0000] {processor.py:208} INFO - Processing /home/ubuntu/airflow/dags/zillowanalytics.py took 0.163 seconds
[2025-04-05T10:45:31.967+0000] {processor.py:186} INFO - Started process (PID=7358) to work on /home/ubuntu/airflow/dags/zillowanalytics.py
[2025-04-05T10:45:31.970+0000] {processor.py:914} INFO - Processing file /home/ubuntu/airflow/dags/zillowanalytics.py for tasks to queue
[2025-04-05T10:45:31.971+0000] {logging_mixin.py:190} INFO - [2025-04-05T10:45:31.971+0000] {dagbag.py:588} INFO - Filling up the DagBag from /home/ubuntu/airflow/dags/zillowanalytics.py
[2025-04-05T10:45:31.985+0000] {processor.py:925} INFO - DAG(s) 'zillow_analytics' retrieved from /home/ubuntu/airflow/dags/zillowanalytics.py
[2025-04-05T10:45:32.079+0000] {logging_mixin.py:190} INFO - [2025-04-05T10:45:32.078+0000] {dag.py:3239} INFO - Sync 1 DAGs
[2025-04-05T10:45:32.200+0000] {logging_mixin.py:190} INFO - [2025-04-05T10:45:32.199+0000] {dag.py:4180} INFO - Setting next_dagrun for zillow_analytics to 2025-04-05 00:00:00+00:00, run_after=2025-04-06 00:00:00+00:00
[2025-04-05T10:45:32.219+0000] {processor.py:208} INFO - Processing /home/ubuntu/airflow/dags/zillowanalytics.py took 0.257 seconds
[2025-04-05T10:46:03.198+0000] {processor.py:186} INFO - Started process (PID=7359) to work on /home/ubuntu/airflow/dags/zillowanalytics.py
[2025-04-05T10:46:03.200+0000] {processor.py:914} INFO - Processing file /home/ubuntu/airflow/dags/zillowanalytics.py for tasks to queue
[2025-04-05T10:46:03.202+0000] {logging_mixin.py:190} INFO - [2025-04-05T10:46:03.202+0000] {dagbag.py:588} INFO - Filling up the DagBag from /home/ubuntu/airflow/dags/zillowanalytics.py
[2025-04-05T10:46:03.217+0000] {processor.py:925} INFO - DAG(s) 'zillow_analytics' retrieved from /home/ubuntu/airflow/dags/zillowanalytics.py
[2025-04-05T10:46:03.310+0000] {logging_mixin.py:190} INFO - [2025-04-05T10:46:03.310+0000] {dag.py:3239} INFO - Sync 1 DAGs
[2025-04-05T10:46:03.439+0000] {logging_mixin.py:190} INFO - [2025-04-05T10:46:03.439+0000] {dag.py:4180} INFO - Setting next_dagrun for zillow_analytics to 2025-04-05 00:00:00+00:00, run_after=2025-04-06 00:00:00+00:00
[2025-04-05T10:46:03.460+0000] {processor.py:208} INFO - Processing /home/ubuntu/airflow/dags/zillowanalytics.py took 0.267 seconds
[2025-04-05T10:46:34.139+0000] {processor.py:186} INFO - Started process (PID=7360) to work on /home/ubuntu/airflow/dags/zillowanalytics.py
[2025-04-05T10:46:34.141+0000] {processor.py:914} INFO - Processing file /home/ubuntu/airflow/dags/zillowanalytics.py for tasks to queue
[2025-04-05T10:46:34.143+0000] {logging_mixin.py:190} INFO - [2025-04-05T10:46:34.142+0000] {dagbag.py:588} INFO - Filling up the DagBag from /home/ubuntu/airflow/dags/zillowanalytics.py
[2025-04-05T10:46:34.157+0000] {processor.py:925} INFO - DAG(s) 'zillow_analytics' retrieved from /home/ubuntu/airflow/dags/zillowanalytics.py
[2025-04-05T10:46:34.253+0000] {logging_mixin.py:190} INFO - [2025-04-05T10:46:34.253+0000] {dag.py:3239} INFO - Sync 1 DAGs
[2025-04-05T10:46:34.381+0000] {logging_mixin.py:190} INFO - [2025-04-05T10:46:34.381+0000] {dag.py:4180} INFO - Setting next_dagrun for zillow_analytics to 2025-04-05 00:00:00+00:00, run_after=2025-04-06 00:00:00+00:00
[2025-04-05T10:46:34.401+0000] {processor.py:208} INFO - Processing /home/ubuntu/airflow/dags/zillowanalytics.py took 0.268 seconds
[2025-04-05T10:47:04.540+0000] {processor.py:186} INFO - Started process (PID=7361) to work on /home/ubuntu/airflow/dags/zillowanalytics.py
[2025-04-05T10:47:04.542+0000] {processor.py:914} INFO - Processing file /home/ubuntu/airflow/dags/zillowanalytics.py for tasks to queue
[2025-04-05T10:47:04.544+0000] {logging_mixin.py:190} INFO - [2025-04-05T10:47:04.543+0000] {dagbag.py:588} INFO - Filling up the DagBag from /home/ubuntu/airflow/dags/zillowanalytics.py
[2025-04-05T10:47:04.559+0000] {processor.py:925} INFO - DAG(s) 'zillow_analytics' retrieved from /home/ubuntu/airflow/dags/zillowanalytics.py
[2025-04-05T10:47:04.773+0000] {logging_mixin.py:190} INFO - [2025-04-05T10:47:04.772+0000] {dag.py:3239} INFO - Sync 1 DAGs
[2025-04-05T10:47:04.788+0000] {logging_mixin.py:190} INFO - [2025-04-05T10:47:04.788+0000] {dag.py:4180} INFO - Setting next_dagrun for zillow_analytics to 2025-04-05 00:00:00+00:00, run_after=2025-04-06 00:00:00+00:00
[2025-04-05T10:47:04.810+0000] {processor.py:208} INFO - Processing /home/ubuntu/airflow/dags/zillowanalytics.py took 0.275 seconds
[2025-04-05T10:47:34.946+0000] {processor.py:186} INFO - Started process (PID=7362) to work on /home/ubuntu/airflow/dags/zillowanalytics.py
[2025-04-05T10:47:34.947+0000] {processor.py:914} INFO - Processing file /home/ubuntu/airflow/dags/zillowanalytics.py for tasks to queue
[2025-04-05T10:47:34.949+0000] {logging_mixin.py:190} INFO - [2025-04-05T10:47:34.949+0000] {dagbag.py:588} INFO - Filling up the DagBag from /home/ubuntu/airflow/dags/zillowanalytics.py
[2025-04-05T10:47:34.964+0000] {processor.py:925} INFO - DAG(s) 'zillow_analytics' retrieved from /home/ubuntu/airflow/dags/zillowanalytics.py
[2025-04-05T10:47:35.170+0000] {logging_mixin.py:190} INFO - [2025-04-05T10:47:35.170+0000] {dag.py:3239} INFO - Sync 1 DAGs
[2025-04-05T10:47:35.184+0000] {logging_mixin.py:190} INFO - [2025-04-05T10:47:35.184+0000] {dag.py:4180} INFO - Setting next_dagrun for zillow_analytics to 2025-04-05 00:00:00+00:00, run_after=2025-04-06 00:00:00+00:00
[2025-04-05T10:47:35.204+0000] {processor.py:208} INFO - Processing /home/ubuntu/airflow/dags/zillowanalytics.py took 0.263 seconds
[2025-04-05T10:48:05.345+0000] {processor.py:186} INFO - Started process (PID=7363) to work on /home/ubuntu/airflow/dags/zillowanalytics.py
[2025-04-05T10:48:05.348+0000] {processor.py:914} INFO - Processing file /home/ubuntu/airflow/dags/zillowanalytics.py for tasks to queue
[2025-04-05T10:48:05.350+0000] {logging_mixin.py:190} INFO - [2025-04-05T10:48:05.349+0000] {dagbag.py:588} INFO - Filling up the DagBag from /home/ubuntu/airflow/dags/zillowanalytics.py
[2025-04-05T10:48:05.364+0000] {processor.py:925} INFO - DAG(s) 'zillow_analytics' retrieved from /home/ubuntu/airflow/dags/zillowanalytics.py
[2025-04-05T10:48:05.572+0000] {logging_mixin.py:190} INFO - [2025-04-05T10:48:05.572+0000] {dag.py:3239} INFO - Sync 1 DAGs
[2025-04-05T10:48:05.587+0000] {logging_mixin.py:190} INFO - [2025-04-05T10:48:05.587+0000] {dag.py:4180} INFO - Setting next_dagrun for zillow_analytics to 2025-04-05 00:00:00+00:00, run_after=2025-04-06 00:00:00+00:00
[2025-04-05T10:48:05.608+0000] {processor.py:208} INFO - Processing /home/ubuntu/airflow/dags/zillowanalytics.py took 0.267 seconds
[2025-04-05T10:48:35.750+0000] {processor.py:186} INFO - Started process (PID=7365) to work on /home/ubuntu/airflow/dags/zillowanalytics.py
[2025-04-05T10:48:35.751+0000] {processor.py:914} INFO - Processing file /home/ubuntu/airflow/dags/zillowanalytics.py for tasks to queue
[2025-04-05T10:48:35.753+0000] {logging_mixin.py:190} INFO - [2025-04-05T10:48:35.753+0000] {dagbag.py:588} INFO - Filling up the DagBag from /home/ubuntu/airflow/dags/zillowanalytics.py
[2025-04-05T10:48:35.768+0000] {processor.py:925} INFO - DAG(s) 'zillow_analytics' retrieved from /home/ubuntu/airflow/dags/zillowanalytics.py
[2025-04-05T10:48:35.963+0000] {logging_mixin.py:190} INFO - [2025-04-05T10:48:35.962+0000] {dag.py:3239} INFO - Sync 1 DAGs
[2025-04-05T10:48:35.977+0000] {logging_mixin.py:190} INFO - [2025-04-05T10:48:35.977+0000] {dag.py:4180} INFO - Setting next_dagrun for zillow_analytics to 2025-04-05 00:00:00+00:00, run_after=2025-04-06 00:00:00+00:00
[2025-04-05T10:48:35.996+0000] {processor.py:208} INFO - Processing /home/ubuntu/airflow/dags/zillowanalytics.py took 0.250 seconds
[2025-04-05T10:49:06.158+0000] {processor.py:186} INFO - Started process (PID=7368) to work on /home/ubuntu/airflow/dags/zillowanalytics.py
[2025-04-05T10:49:06.160+0000] {processor.py:914} INFO - Processing file /home/ubuntu/airflow/dags/zillowanalytics.py for tasks to queue
[2025-04-05T10:49:06.161+0000] {logging_mixin.py:190} INFO - [2025-04-05T10:49:06.161+0000] {dagbag.py:588} INFO - Filling up the DagBag from /home/ubuntu/airflow/dags/zillowanalytics.py
[2025-04-05T10:49:06.178+0000] {processor.py:925} INFO - DAG(s) 'zillow_analytics' retrieved from /home/ubuntu/airflow/dags/zillowanalytics.py
[2025-04-05T10:49:06.383+0000] {logging_mixin.py:190} INFO - [2025-04-05T10:49:06.383+0000] {dag.py:3239} INFO - Sync 1 DAGs
[2025-04-05T10:49:06.400+0000] {logging_mixin.py:190} INFO - [2025-04-05T10:49:06.399+0000] {dag.py:4180} INFO - Setting next_dagrun for zillow_analytics to 2025-04-05 00:00:00+00:00, run_after=2025-04-06 00:00:00+00:00
[2025-04-05T10:49:06.421+0000] {processor.py:208} INFO - Processing /home/ubuntu/airflow/dags/zillowanalytics.py took 0.268 seconds
[2025-04-05T10:49:36.558+0000] {processor.py:186} INFO - Started process (PID=7371) to work on /home/ubuntu/airflow/dags/zillowanalytics.py
[2025-04-05T10:49:36.560+0000] {processor.py:914} INFO - Processing file /home/ubuntu/airflow/dags/zillowanalytics.py for tasks to queue
[2025-04-05T10:49:36.562+0000] {logging_mixin.py:190} INFO - [2025-04-05T10:49:36.562+0000] {dagbag.py:588} INFO - Filling up the DagBag from /home/ubuntu/airflow/dags/zillowanalytics.py
[2025-04-05T10:49:36.578+0000] {processor.py:925} INFO - DAG(s) 'zillow_analytics' retrieved from /home/ubuntu/airflow/dags/zillowanalytics.py
[2025-04-05T10:49:36.770+0000] {logging_mixin.py:190} INFO - [2025-04-05T10:49:36.770+0000] {dag.py:3239} INFO - Sync 1 DAGs
[2025-04-05T10:49:36.786+0000] {logging_mixin.py:190} INFO - [2025-04-05T10:49:36.786+0000] {dag.py:4180} INFO - Setting next_dagrun for zillow_analytics to 2025-04-05 00:00:00+00:00, run_after=2025-04-06 00:00:00+00:00
[2025-04-05T10:49:36.804+0000] {processor.py:208} INFO - Processing /home/ubuntu/airflow/dags/zillowanalytics.py took 0.251 seconds
[2025-04-05T10:50:06.962+0000] {processor.py:186} INFO - Started process (PID=7372) to work on /home/ubuntu/airflow/dags/zillowanalytics.py
[2025-04-05T10:50:06.963+0000] {processor.py:914} INFO - Processing file /home/ubuntu/airflow/dags/zillowanalytics.py for tasks to queue
[2025-04-05T10:50:06.965+0000] {logging_mixin.py:190} INFO - [2025-04-05T10:50:06.965+0000] {dagbag.py:588} INFO - Filling up the DagBag from /home/ubuntu/airflow/dags/zillowanalytics.py
[2025-04-05T10:50:06.981+0000] {processor.py:925} INFO - DAG(s) 'zillow_analytics' retrieved from /home/ubuntu/airflow/dags/zillowanalytics.py
[2025-04-05T10:50:07.075+0000] {logging_mixin.py:190} INFO - [2025-04-05T10:50:07.074+0000] {dag.py:3239} INFO - Sync 1 DAGs
[2025-04-05T10:50:07.204+0000] {logging_mixin.py:190} INFO - [2025-04-05T10:50:07.204+0000] {dag.py:4180} INFO - Setting next_dagrun for zillow_analytics to 2025-04-05 00:00:00+00:00, run_after=2025-04-06 00:00:00+00:00
[2025-04-05T10:50:07.225+0000] {processor.py:208} INFO - Processing /home/ubuntu/airflow/dags/zillowanalytics.py took 0.268 seconds
[2025-04-05T10:50:37.371+0000] {processor.py:186} INFO - Started process (PID=7377) to work on /home/ubuntu/airflow/dags/zillowanalytics.py
[2025-04-05T10:50:37.373+0000] {processor.py:914} INFO - Processing file /home/ubuntu/airflow/dags/zillowanalytics.py for tasks to queue
[2025-04-05T10:50:37.375+0000] {logging_mixin.py:190} INFO - [2025-04-05T10:50:37.375+0000] {dagbag.py:588} INFO - Filling up the DagBag from /home/ubuntu/airflow/dags/zillowanalytics.py
[2025-04-05T10:50:37.390+0000] {processor.py:925} INFO - DAG(s) 'zillow_analytics' retrieved from /home/ubuntu/airflow/dags/zillowanalytics.py
[2025-04-05T10:50:37.483+0000] {logging_mixin.py:190} INFO - [2025-04-05T10:50:37.483+0000] {dag.py:3239} INFO - Sync 1 DAGs
[2025-04-05T10:50:37.605+0000] {logging_mixin.py:190} INFO - [2025-04-05T10:50:37.605+0000] {dag.py:4180} INFO - Setting next_dagrun for zillow_analytics to 2025-04-05 00:00:00+00:00, run_after=2025-04-06 00:00:00+00:00
[2025-04-05T10:50:37.625+0000] {processor.py:208} INFO - Processing /home/ubuntu/airflow/dags/zillowanalytics.py took 0.259 seconds
[2025-04-05T10:51:07.774+0000] {processor.py:186} INFO - Started process (PID=7379) to work on /home/ubuntu/airflow/dags/zillowanalytics.py
[2025-04-05T10:51:07.775+0000] {processor.py:914} INFO - Processing file /home/ubuntu/airflow/dags/zillowanalytics.py for tasks to queue
[2025-04-05T10:51:07.777+0000] {logging_mixin.py:190} INFO - [2025-04-05T10:51:07.777+0000] {dagbag.py:588} INFO - Filling up the DagBag from /home/ubuntu/airflow/dags/zillowanalytics.py
[2025-04-05T10:51:07.792+0000] {processor.py:925} INFO - DAG(s) 'zillow_analytics' retrieved from /home/ubuntu/airflow/dags/zillowanalytics.py
[2025-04-05T10:51:07.992+0000] {logging_mixin.py:190} INFO - [2025-04-05T10:51:07.992+0000] {dag.py:3239} INFO - Sync 1 DAGs
[2025-04-05T10:51:08.008+0000] {logging_mixin.py:190} INFO - [2025-04-05T10:51:08.008+0000] {dag.py:4180} INFO - Setting next_dagrun for zillow_analytics to 2025-04-05 00:00:00+00:00, run_after=2025-04-06 00:00:00+00:00
[2025-04-05T10:51:08.027+0000] {processor.py:208} INFO - Processing /home/ubuntu/airflow/dags/zillowanalytics.py took 0.258 seconds
[2025-04-05T10:51:38.180+0000] {processor.py:186} INFO - Started process (PID=7380) to work on /home/ubuntu/airflow/dags/zillowanalytics.py
[2025-04-05T10:51:38.180+0000] {processor.py:914} INFO - Processing file /home/ubuntu/airflow/dags/zillowanalytics.py for tasks to queue
[2025-04-05T10:51:38.183+0000] {logging_mixin.py:190} INFO - [2025-04-05T10:51:38.182+0000] {dagbag.py:588} INFO - Filling up the DagBag from /home/ubuntu/airflow/dags/zillowanalytics.py
[2025-04-05T10:51:38.198+0000] {processor.py:925} INFO - DAG(s) 'zillow_analytics' retrieved from /home/ubuntu/airflow/dags/zillowanalytics.py
[2025-04-05T10:51:38.405+0000] {logging_mixin.py:190} INFO - [2025-04-05T10:51:38.405+0000] {dag.py:3239} INFO - Sync 1 DAGs
[2025-04-05T10:51:38.421+0000] {logging_mixin.py:190} INFO - [2025-04-05T10:51:38.420+0000] {dag.py:4180} INFO - Setting next_dagrun for zillow_analytics to 2025-04-05 00:00:00+00:00, run_after=2025-04-06 00:00:00+00:00
[2025-04-05T10:51:38.440+0000] {processor.py:208} INFO - Processing /home/ubuntu/airflow/dags/zillowanalytics.py took 0.266 seconds
[2025-04-05T10:52:08.584+0000] {processor.py:186} INFO - Started process (PID=7381) to work on /home/ubuntu/airflow/dags/zillowanalytics.py
[2025-04-05T10:52:08.586+0000] {processor.py:914} INFO - Processing file /home/ubuntu/airflow/dags/zillowanalytics.py for tasks to queue
[2025-04-05T10:52:08.588+0000] {logging_mixin.py:190} INFO - [2025-04-05T10:52:08.587+0000] {dagbag.py:588} INFO - Filling up the DagBag from /home/ubuntu/airflow/dags/zillowanalytics.py
[2025-04-05T10:52:08.602+0000] {processor.py:925} INFO - DAG(s) 'zillow_analytics' retrieved from /home/ubuntu/airflow/dags/zillowanalytics.py
[2025-04-05T10:52:08.800+0000] {logging_mixin.py:190} INFO - [2025-04-05T10:52:08.800+0000] {dag.py:3239} INFO - Sync 1 DAGs
[2025-04-05T10:52:08.815+0000] {logging_mixin.py:190} INFO - [2025-04-05T10:52:08.815+0000] {dag.py:4180} INFO - Setting next_dagrun for zillow_analytics to 2025-04-05 00:00:00+00:00, run_after=2025-04-06 00:00:00+00:00
[2025-04-05T10:52:08.834+0000] {processor.py:208} INFO - Processing /home/ubuntu/airflow/dags/zillowanalytics.py took 0.256 seconds
[2025-04-05T10:52:38.964+0000] {processor.py:186} INFO - Started process (PID=7382) to work on /home/ubuntu/airflow/dags/zillowanalytics.py
[2025-04-05T10:52:38.965+0000] {processor.py:914} INFO - Processing file /home/ubuntu/airflow/dags/zillowanalytics.py for tasks to queue
[2025-04-05T10:52:38.968+0000] {logging_mixin.py:190} INFO - [2025-04-05T10:52:38.968+0000] {dagbag.py:588} INFO - Filling up the DagBag from /home/ubuntu/airflow/dags/zillowanalytics.py
[2025-04-05T10:52:38.983+0000] {processor.py:925} INFO - DAG(s) 'zillow_analytics' retrieved from /home/ubuntu/airflow/dags/zillowanalytics.py
[2025-04-05T10:52:39.177+0000] {logging_mixin.py:190} INFO - [2025-04-05T10:52:39.177+0000] {dag.py:3239} INFO - Sync 1 DAGs
[2025-04-05T10:52:39.192+0000] {logging_mixin.py:190} INFO - [2025-04-05T10:52:39.192+0000] {dag.py:4180} INFO - Setting next_dagrun for zillow_analytics to 2025-04-05 00:00:00+00:00, run_after=2025-04-06 00:00:00+00:00
[2025-04-05T10:52:39.212+0000] {processor.py:208} INFO - Processing /home/ubuntu/airflow/dags/zillowanalytics.py took 0.253 seconds
[2025-04-05T10:53:09.343+0000] {processor.py:186} INFO - Started process (PID=7383) to work on /home/ubuntu/airflow/dags/zillowanalytics.py
[2025-04-05T10:53:09.345+0000] {processor.py:914} INFO - Processing file /home/ubuntu/airflow/dags/zillowanalytics.py for tasks to queue
[2025-04-05T10:53:09.346+0000] {logging_mixin.py:190} INFO - [2025-04-05T10:53:09.346+0000] {dagbag.py:588} INFO - Filling up the DagBag from /home/ubuntu/airflow/dags/zillowanalytics.py
[2025-04-05T10:53:09.360+0000] {processor.py:925} INFO - DAG(s) 'zillow_analytics' retrieved from /home/ubuntu/airflow/dags/zillowanalytics.py
[2025-04-05T10:53:09.561+0000] {logging_mixin.py:190} INFO - [2025-04-05T10:53:09.561+0000] {dag.py:3239} INFO - Sync 1 DAGs
[2025-04-05T10:53:09.581+0000] {logging_mixin.py:190} INFO - [2025-04-05T10:53:09.581+0000] {dag.py:4180} INFO - Setting next_dagrun for zillow_analytics to 2025-04-05 00:00:00+00:00, run_after=2025-04-06 00:00:00+00:00
[2025-04-05T10:53:09.600+0000] {processor.py:208} INFO - Processing /home/ubuntu/airflow/dags/zillowanalytics.py took 0.263 seconds
[2025-04-05T10:53:39.721+0000] {processor.py:186} INFO - Started process (PID=7385) to work on /home/ubuntu/airflow/dags/zillowanalytics.py
[2025-04-05T10:53:39.721+0000] {processor.py:914} INFO - Processing file /home/ubuntu/airflow/dags/zillowanalytics.py for tasks to queue
[2025-04-05T10:53:39.724+0000] {logging_mixin.py:190} INFO - [2025-04-05T10:53:39.724+0000] {dagbag.py:588} INFO - Filling up the DagBag from /home/ubuntu/airflow/dags/zillowanalytics.py
[2025-04-05T10:53:39.738+0000] {processor.py:925} INFO - DAG(s) 'zillow_analytics' retrieved from /home/ubuntu/airflow/dags/zillowanalytics.py
[2025-04-05T10:53:39.935+0000] {logging_mixin.py:190} INFO - [2025-04-05T10:53:39.934+0000] {dag.py:3239} INFO - Sync 1 DAGs
[2025-04-05T10:53:39.950+0000] {logging_mixin.py:190} INFO - [2025-04-05T10:53:39.950+0000] {dag.py:4180} INFO - Setting next_dagrun for zillow_analytics to 2025-04-05 00:00:00+00:00, run_after=2025-04-06 00:00:00+00:00
[2025-04-05T10:53:39.971+0000] {processor.py:208} INFO - Processing /home/ubuntu/airflow/dags/zillowanalytics.py took 0.256 seconds
[2025-04-05T10:54:10.098+0000] {processor.py:186} INFO - Started process (PID=7387) to work on /home/ubuntu/airflow/dags/zillowanalytics.py
[2025-04-05T10:54:10.100+0000] {processor.py:914} INFO - Processing file /home/ubuntu/airflow/dags/zillowanalytics.py for tasks to queue
[2025-04-05T10:54:10.101+0000] {logging_mixin.py:190} INFO - [2025-04-05T10:54:10.101+0000] {dagbag.py:588} INFO - Filling up the DagBag from /home/ubuntu/airflow/dags/zillowanalytics.py
[2025-04-05T10:54:10.115+0000] {processor.py:925} INFO - DAG(s) 'zillow_analytics' retrieved from /home/ubuntu/airflow/dags/zillowanalytics.py
[2025-04-05T10:54:10.208+0000] {logging_mixin.py:190} INFO - [2025-04-05T10:54:10.208+0000] {dag.py:3239} INFO - Sync 1 DAGs
[2025-04-05T10:54:10.325+0000] {logging_mixin.py:190} INFO - [2025-04-05T10:54:10.325+0000] {dag.py:4180} INFO - Setting next_dagrun for zillow_analytics to 2025-04-05 00:00:00+00:00, run_after=2025-04-06 00:00:00+00:00
[2025-04-05T10:54:10.347+0000] {processor.py:208} INFO - Processing /home/ubuntu/airflow/dags/zillowanalytics.py took 0.254 seconds
[2025-04-05T10:54:40.478+0000] {processor.py:186} INFO - Started process (PID=7389) to work on /home/ubuntu/airflow/dags/zillowanalytics.py
[2025-04-05T10:54:40.478+0000] {processor.py:914} INFO - Processing file /home/ubuntu/airflow/dags/zillowanalytics.py for tasks to queue
[2025-04-05T10:54:40.480+0000] {logging_mixin.py:190} INFO - [2025-04-05T10:54:40.479+0000] {dagbag.py:588} INFO - Filling up the DagBag from /home/ubuntu/airflow/dags/zillowanalytics.py
[2025-04-05T10:54:40.496+0000] {processor.py:925} INFO - DAG(s) 'zillow_analytics' retrieved from /home/ubuntu/airflow/dags/zillowanalytics.py
[2025-04-05T10:54:40.695+0000] {logging_mixin.py:190} INFO - [2025-04-05T10:54:40.695+0000] {dag.py:3239} INFO - Sync 1 DAGs
[2025-04-05T10:54:40.711+0000] {logging_mixin.py:190} INFO - [2025-04-05T10:54:40.711+0000] {dag.py:4180} INFO - Setting next_dagrun for zillow_analytics to 2025-04-05 00:00:00+00:00, run_after=2025-04-06 00:00:00+00:00
[2025-04-05T10:54:40.731+0000] {processor.py:208} INFO - Processing /home/ubuntu/airflow/dags/zillowanalytics.py took 0.259 seconds
[2025-04-05T10:55:10.853+0000] {processor.py:186} INFO - Started process (PID=7393) to work on /home/ubuntu/airflow/dags/zillowanalytics.py
[2025-04-05T10:55:10.855+0000] {processor.py:914} INFO - Processing file /home/ubuntu/airflow/dags/zillowanalytics.py for tasks to queue
[2025-04-05T10:55:10.856+0000] {logging_mixin.py:190} INFO - [2025-04-05T10:55:10.856+0000] {dagbag.py:588} INFO - Filling up the DagBag from /home/ubuntu/airflow/dags/zillowanalytics.py
[2025-04-05T10:55:10.871+0000] {processor.py:925} INFO - DAG(s) 'zillow_analytics' retrieved from /home/ubuntu/airflow/dags/zillowanalytics.py
[2025-04-05T10:55:11.080+0000] {logging_mixin.py:190} INFO - [2025-04-05T10:55:11.079+0000] {dag.py:3239} INFO - Sync 1 DAGs
[2025-04-05T10:55:11.094+0000] {logging_mixin.py:190} INFO - [2025-04-05T10:55:11.094+0000] {dag.py:4180} INFO - Setting next_dagrun for zillow_analytics to 2025-04-05 00:00:00+00:00, run_after=2025-04-06 00:00:00+00:00
[2025-04-05T10:55:11.114+0000] {processor.py:208} INFO - Processing /home/ubuntu/airflow/dags/zillowanalytics.py took 0.267 seconds
[2025-04-05T10:55:41.228+0000] {processor.py:186} INFO - Started process (PID=7394) to work on /home/ubuntu/airflow/dags/zillowanalytics.py
[2025-04-05T10:55:41.228+0000] {processor.py:914} INFO - Processing file /home/ubuntu/airflow/dags/zillowanalytics.py for tasks to queue
[2025-04-05T10:55:41.230+0000] {logging_mixin.py:190} INFO - [2025-04-05T10:55:41.230+0000] {dagbag.py:588} INFO - Filling up the DagBag from /home/ubuntu/airflow/dags/zillowanalytics.py
[2025-04-05T10:55:41.245+0000] {processor.py:925} INFO - DAG(s) 'zillow_analytics' retrieved from /home/ubuntu/airflow/dags/zillowanalytics.py
[2025-04-05T10:55:41.441+0000] {logging_mixin.py:190} INFO - [2025-04-05T10:55:41.440+0000] {dag.py:3239} INFO - Sync 1 DAGs
[2025-04-05T10:55:41.456+0000] {logging_mixin.py:190} INFO - [2025-04-05T10:55:41.455+0000] {dag.py:4180} INFO - Setting next_dagrun for zillow_analytics to 2025-04-05 00:00:00+00:00, run_after=2025-04-06 00:00:00+00:00
[2025-04-05T10:55:41.474+0000] {processor.py:208} INFO - Processing /home/ubuntu/airflow/dags/zillowanalytics.py took 0.252 seconds
[2025-04-05T10:56:11.606+0000] {processor.py:186} INFO - Started process (PID=7395) to work on /home/ubuntu/airflow/dags/zillowanalytics.py
[2025-04-05T10:56:11.608+0000] {processor.py:914} INFO - Processing file /home/ubuntu/airflow/dags/zillowanalytics.py for tasks to queue
[2025-04-05T10:56:11.610+0000] {logging_mixin.py:190} INFO - [2025-04-05T10:56:11.610+0000] {dagbag.py:588} INFO - Filling up the DagBag from /home/ubuntu/airflow/dags/zillowanalytics.py
[2025-04-05T10:56:11.624+0000] {processor.py:925} INFO - DAG(s) 'zillow_analytics' retrieved from /home/ubuntu/airflow/dags/zillowanalytics.py
[2025-04-05T10:56:11.827+0000] {logging_mixin.py:190} INFO - [2025-04-05T10:56:11.827+0000] {dag.py:3239} INFO - Sync 1 DAGs
[2025-04-05T10:56:11.841+0000] {logging_mixin.py:190} INFO - [2025-04-05T10:56:11.841+0000] {dag.py:4180} INFO - Setting next_dagrun for zillow_analytics to 2025-04-05 00:00:00+00:00, run_after=2025-04-06 00:00:00+00:00
[2025-04-05T10:56:11.862+0000] {processor.py:208} INFO - Processing /home/ubuntu/airflow/dags/zillowanalytics.py took 0.261 seconds
[2025-04-05T10:56:41.979+0000] {processor.py:186} INFO - Started process (PID=7396) to work on /home/ubuntu/airflow/dags/zillowanalytics.py
[2025-04-05T10:56:41.980+0000] {processor.py:914} INFO - Processing file /home/ubuntu/airflow/dags/zillowanalytics.py for tasks to queue
[2025-04-05T10:56:41.981+0000] {logging_mixin.py:190} INFO - [2025-04-05T10:56:41.981+0000] {dagbag.py:588} INFO - Filling up the DagBag from /home/ubuntu/airflow/dags/zillowanalytics.py
[2025-04-05T10:56:41.996+0000] {processor.py:925} INFO - DAG(s) 'zillow_analytics' retrieved from /home/ubuntu/airflow/dags/zillowanalytics.py
[2025-04-05T10:56:42.194+0000] {logging_mixin.py:190} INFO - [2025-04-05T10:56:42.194+0000] {dag.py:3239} INFO - Sync 1 DAGs
[2025-04-05T10:56:42.209+0000] {logging_mixin.py:190} INFO - [2025-04-05T10:56:42.208+0000] {dag.py:4180} INFO - Setting next_dagrun for zillow_analytics to 2025-04-05 00:00:00+00:00, run_after=2025-04-06 00:00:00+00:00
[2025-04-05T10:56:42.229+0000] {processor.py:208} INFO - Processing /home/ubuntu/airflow/dags/zillowanalytics.py took 0.256 seconds
[2025-04-05T10:57:12.353+0000] {processor.py:186} INFO - Started process (PID=7398) to work on /home/ubuntu/airflow/dags/zillowanalytics.py
[2025-04-05T10:57:12.355+0000] {processor.py:914} INFO - Processing file /home/ubuntu/airflow/dags/zillowanalytics.py for tasks to queue
[2025-04-05T10:57:12.357+0000] {logging_mixin.py:190} INFO - [2025-04-05T10:57:12.357+0000] {dagbag.py:588} INFO - Filling up the DagBag from /home/ubuntu/airflow/dags/zillowanalytics.py
[2025-04-05T10:57:12.371+0000] {processor.py:925} INFO - DAG(s) 'zillow_analytics' retrieved from /home/ubuntu/airflow/dags/zillowanalytics.py
[2025-04-05T10:57:12.564+0000] {logging_mixin.py:190} INFO - [2025-04-05T10:57:12.564+0000] {dag.py:3239} INFO - Sync 1 DAGs
[2025-04-05T10:57:12.581+0000] {logging_mixin.py:190} INFO - [2025-04-05T10:57:12.580+0000] {dag.py:4180} INFO - Setting next_dagrun for zillow_analytics to 2025-04-05 00:00:00+00:00, run_after=2025-04-06 00:00:00+00:00
[2025-04-05T10:57:12.600+0000] {processor.py:208} INFO - Processing /home/ubuntu/airflow/dags/zillowanalytics.py took 0.252 seconds
[2025-04-05T10:57:42.726+0000] {processor.py:186} INFO - Started process (PID=7400) to work on /home/ubuntu/airflow/dags/zillowanalytics.py
[2025-04-05T10:57:42.727+0000] {processor.py:914} INFO - Processing file /home/ubuntu/airflow/dags/zillowanalytics.py for tasks to queue
[2025-04-05T10:57:42.729+0000] {logging_mixin.py:190} INFO - [2025-04-05T10:57:42.729+0000] {dagbag.py:588} INFO - Filling up the DagBag from /home/ubuntu/airflow/dags/zillowanalytics.py
[2025-04-05T10:57:42.743+0000] {processor.py:925} INFO - DAG(s) 'zillow_analytics' retrieved from /home/ubuntu/airflow/dags/zillowanalytics.py
[2025-04-05T10:57:42.938+0000] {logging_mixin.py:190} INFO - [2025-04-05T10:57:42.938+0000] {dag.py:3239} INFO - Sync 1 DAGs
[2025-04-05T10:57:42.954+0000] {logging_mixin.py:190} INFO - [2025-04-05T10:57:42.954+0000] {dag.py:4180} INFO - Setting next_dagrun for zillow_analytics to 2025-04-05 00:00:00+00:00, run_after=2025-04-06 00:00:00+00:00
[2025-04-05T10:57:42.974+0000] {processor.py:208} INFO - Processing /home/ubuntu/airflow/dags/zillowanalytics.py took 0.254 seconds
[2025-04-05T10:58:13.099+0000] {processor.py:186} INFO - Started process (PID=7401) to work on /home/ubuntu/airflow/dags/zillowanalytics.py
[2025-04-05T10:58:13.100+0000] {processor.py:914} INFO - Processing file /home/ubuntu/airflow/dags/zillowanalytics.py for tasks to queue
[2025-04-05T10:58:13.101+0000] {logging_mixin.py:190} INFO - [2025-04-05T10:58:13.101+0000] {dagbag.py:588} INFO - Filling up the DagBag from /home/ubuntu/airflow/dags/zillowanalytics.py
[2025-04-05T10:58:13.117+0000] {processor.py:925} INFO - DAG(s) 'zillow_analytics' retrieved from /home/ubuntu/airflow/dags/zillowanalytics.py
[2025-04-05T10:58:13.210+0000] {logging_mixin.py:190} INFO - [2025-04-05T10:58:13.210+0000] {dag.py:3239} INFO - Sync 1 DAGs
[2025-04-05T10:58:13.329+0000] {logging_mixin.py:190} INFO - [2025-04-05T10:58:13.328+0000] {dag.py:4180} INFO - Setting next_dagrun for zillow_analytics to 2025-04-05 00:00:00+00:00, run_after=2025-04-06 00:00:00+00:00
[2025-04-05T10:58:13.348+0000] {processor.py:208} INFO - Processing /home/ubuntu/airflow/dags/zillowanalytics.py took 0.254 seconds
[2025-04-05T10:58:43.474+0000] {processor.py:186} INFO - Started process (PID=7402) to work on /home/ubuntu/airflow/dags/zillowanalytics.py
[2025-04-05T10:58:43.476+0000] {processor.py:914} INFO - Processing file /home/ubuntu/airflow/dags/zillowanalytics.py for tasks to queue
[2025-04-05T10:58:43.478+0000] {logging_mixin.py:190} INFO - [2025-04-05T10:58:43.477+0000] {dagbag.py:588} INFO - Filling up the DagBag from /home/ubuntu/airflow/dags/zillowanalytics.py
[2025-04-05T10:58:43.492+0000] {processor.py:925} INFO - DAG(s) 'zillow_analytics' retrieved from /home/ubuntu/airflow/dags/zillowanalytics.py
[2025-04-05T10:58:43.697+0000] {logging_mixin.py:190} INFO - [2025-04-05T10:58:43.697+0000] {dag.py:3239} INFO - Sync 1 DAGs
[2025-04-05T10:58:43.712+0000] {logging_mixin.py:190} INFO - [2025-04-05T10:58:43.712+0000] {dag.py:4180} INFO - Setting next_dagrun for zillow_analytics to 2025-04-05 00:00:00+00:00, run_after=2025-04-06 00:00:00+00:00
[2025-04-05T10:58:43.732+0000] {processor.py:208} INFO - Processing /home/ubuntu/airflow/dags/zillowanalytics.py took 0.263 seconds
[2025-04-05T10:59:13.849+0000] {processor.py:186} INFO - Started process (PID=7404) to work on /home/ubuntu/airflow/dags/zillowanalytics.py
[2025-04-05T10:59:13.850+0000] {processor.py:914} INFO - Processing file /home/ubuntu/airflow/dags/zillowanalytics.py for tasks to queue
[2025-04-05T10:59:13.851+0000] {logging_mixin.py:190} INFO - [2025-04-05T10:59:13.851+0000] {dagbag.py:588} INFO - Filling up the DagBag from /home/ubuntu/airflow/dags/zillowanalytics.py
[2025-04-05T10:59:13.867+0000] {processor.py:925} INFO - DAG(s) 'zillow_analytics' retrieved from /home/ubuntu/airflow/dags/zillowanalytics.py
[2025-04-05T10:59:14.072+0000] {logging_mixin.py:190} INFO - [2025-04-05T10:59:14.072+0000] {dag.py:3239} INFO - Sync 1 DAGs
[2025-04-05T10:59:14.088+0000] {logging_mixin.py:190} INFO - [2025-04-05T10:59:14.087+0000] {dag.py:4180} INFO - Setting next_dagrun for zillow_analytics to 2025-04-05 00:00:00+00:00, run_after=2025-04-06 00:00:00+00:00
[2025-04-05T10:59:14.107+0000] {processor.py:208} INFO - Processing /home/ubuntu/airflow/dags/zillowanalytics.py took 0.264 seconds
[2025-04-05T10:59:44.222+0000] {processor.py:186} INFO - Started process (PID=7405) to work on /home/ubuntu/airflow/dags/zillowanalytics.py
[2025-04-05T10:59:44.223+0000] {processor.py:914} INFO - Processing file /home/ubuntu/airflow/dags/zillowanalytics.py for tasks to queue
[2025-04-05T10:59:44.225+0000] {logging_mixin.py:190} INFO - [2025-04-05T10:59:44.224+0000] {dagbag.py:588} INFO - Filling up the DagBag from /home/ubuntu/airflow/dags/zillowanalytics.py
[2025-04-05T10:59:44.239+0000] {processor.py:925} INFO - DAG(s) 'zillow_analytics' retrieved from /home/ubuntu/airflow/dags/zillowanalytics.py
[2025-04-05T10:59:44.438+0000] {logging_mixin.py:190} INFO - [2025-04-05T10:59:44.437+0000] {dag.py:3239} INFO - Sync 1 DAGs
[2025-04-05T10:59:44.452+0000] {logging_mixin.py:190} INFO - [2025-04-05T10:59:44.451+0000] {dag.py:4180} INFO - Setting next_dagrun for zillow_analytics to 2025-04-05 00:00:00+00:00, run_after=2025-04-06 00:00:00+00:00
[2025-04-05T10:59:44.470+0000] {processor.py:208} INFO - Processing /home/ubuntu/airflow/dags/zillowanalytics.py took 0.254 seconds
[2025-04-05T11:00:14.599+0000] {processor.py:186} INFO - Started process (PID=7424) to work on /home/ubuntu/airflow/dags/zillowanalytics.py
[2025-04-05T11:00:14.600+0000] {processor.py:914} INFO - Processing file /home/ubuntu/airflow/dags/zillowanalytics.py for tasks to queue
[2025-04-05T11:00:14.602+0000] {logging_mixin.py:190} INFO - [2025-04-05T11:00:14.602+0000] {dagbag.py:588} INFO - Filling up the DagBag from /home/ubuntu/airflow/dags/zillowanalytics.py
[2025-04-05T11:00:14.617+0000] {processor.py:925} INFO - DAG(s) 'zillow_analytics' retrieved from /home/ubuntu/airflow/dags/zillowanalytics.py
[2025-04-05T11:00:14.811+0000] {logging_mixin.py:190} INFO - [2025-04-05T11:00:14.810+0000] {dag.py:3239} INFO - Sync 1 DAGs
[2025-04-05T11:00:14.824+0000] {logging_mixin.py:190} INFO - [2025-04-05T11:00:14.824+0000] {dag.py:4180} INFO - Setting next_dagrun for zillow_analytics to 2025-04-05 00:00:00+00:00, run_after=2025-04-06 00:00:00+00:00
[2025-04-05T11:00:14.845+0000] {processor.py:208} INFO - Processing /home/ubuntu/airflow/dags/zillowanalytics.py took 0.250 seconds
[2025-04-05T11:00:44.964+0000] {processor.py:186} INFO - Started process (PID=7425) to work on /home/ubuntu/airflow/dags/zillowanalytics.py
[2025-04-05T11:00:44.965+0000] {processor.py:914} INFO - Processing file /home/ubuntu/airflow/dags/zillowanalytics.py for tasks to queue
[2025-04-05T11:00:44.968+0000] {logging_mixin.py:190} INFO - [2025-04-05T11:00:44.968+0000] {dagbag.py:588} INFO - Filling up the DagBag from /home/ubuntu/airflow/dags/zillowanalytics.py
[2025-04-05T11:00:44.983+0000] {processor.py:925} INFO - DAG(s) 'zillow_analytics' retrieved from /home/ubuntu/airflow/dags/zillowanalytics.py
[2025-04-05T11:00:45.177+0000] {logging_mixin.py:190} INFO - [2025-04-05T11:00:45.177+0000] {dag.py:3239} INFO - Sync 1 DAGs
[2025-04-05T11:00:45.192+0000] {logging_mixin.py:190} INFO - [2025-04-05T11:00:45.192+0000] {dag.py:4180} INFO - Setting next_dagrun for zillow_analytics to 2025-04-05 00:00:00+00:00, run_after=2025-04-06 00:00:00+00:00
[2025-04-05T11:00:45.216+0000] {processor.py:208} INFO - Processing /home/ubuntu/airflow/dags/zillowanalytics.py took 0.257 seconds
[2025-04-05T11:01:15.329+0000] {processor.py:186} INFO - Started process (PID=7426) to work on /home/ubuntu/airflow/dags/zillowanalytics.py
[2025-04-05T11:01:15.331+0000] {processor.py:914} INFO - Processing file /home/ubuntu/airflow/dags/zillowanalytics.py for tasks to queue
[2025-04-05T11:01:15.333+0000] {logging_mixin.py:190} INFO - [2025-04-05T11:01:15.333+0000] {dagbag.py:588} INFO - Filling up the DagBag from /home/ubuntu/airflow/dags/zillowanalytics.py
[2025-04-05T11:01:15.348+0000] {processor.py:925} INFO - DAG(s) 'zillow_analytics' retrieved from /home/ubuntu/airflow/dags/zillowanalytics.py
[2025-04-05T11:01:15.550+0000] {logging_mixin.py:190} INFO - [2025-04-05T11:01:15.550+0000] {dag.py:3239} INFO - Sync 1 DAGs
[2025-04-05T11:01:15.567+0000] {logging_mixin.py:190} INFO - [2025-04-05T11:01:15.566+0000] {dag.py:4180} INFO - Setting next_dagrun for zillow_analytics to 2025-04-05 00:00:00+00:00, run_after=2025-04-06 00:00:00+00:00
[2025-04-05T11:01:15.588+0000] {processor.py:208} INFO - Processing /home/ubuntu/airflow/dags/zillowanalytics.py took 0.265 seconds
[2025-04-05T11:01:45.694+0000] {processor.py:186} INFO - Started process (PID=7427) to work on /home/ubuntu/airflow/dags/zillowanalytics.py
[2025-04-05T11:01:45.695+0000] {processor.py:914} INFO - Processing file /home/ubuntu/airflow/dags/zillowanalytics.py for tasks to queue
[2025-04-05T11:01:45.698+0000] {logging_mixin.py:190} INFO - [2025-04-05T11:01:45.697+0000] {dagbag.py:588} INFO - Filling up the DagBag from /home/ubuntu/airflow/dags/zillowanalytics.py
[2025-04-05T11:01:45.712+0000] {processor.py:925} INFO - DAG(s) 'zillow_analytics' retrieved from /home/ubuntu/airflow/dags/zillowanalytics.py
[2025-04-05T11:01:45.906+0000] {logging_mixin.py:190} INFO - [2025-04-05T11:01:45.906+0000] {dag.py:3239} INFO - Sync 1 DAGs
[2025-04-05T11:01:45.922+0000] {logging_mixin.py:190} INFO - [2025-04-05T11:01:45.922+0000] {dag.py:4180} INFO - Setting next_dagrun for zillow_analytics to 2025-04-05 00:00:00+00:00, run_after=2025-04-06 00:00:00+00:00
[2025-04-05T11:01:45.941+0000] {processor.py:208} INFO - Processing /home/ubuntu/airflow/dags/zillowanalytics.py took 0.252 seconds
[2025-04-05T11:02:16.067+0000] {processor.py:186} INFO - Started process (PID=7430) to work on /home/ubuntu/airflow/dags/zillowanalytics.py
[2025-04-05T11:02:16.070+0000] {processor.py:914} INFO - Processing file /home/ubuntu/airflow/dags/zillowanalytics.py for tasks to queue
[2025-04-05T11:02:16.072+0000] {logging_mixin.py:190} INFO - [2025-04-05T11:02:16.071+0000] {dagbag.py:588} INFO - Filling up the DagBag from /home/ubuntu/airflow/dags/zillowanalytics.py
[2025-04-05T11:02:16.086+0000] {processor.py:925} INFO - DAG(s) 'zillow_analytics' retrieved from /home/ubuntu/airflow/dags/zillowanalytics.py
[2025-04-05T11:02:16.180+0000] {logging_mixin.py:190} INFO - [2025-04-05T11:02:16.180+0000] {dag.py:3239} INFO - Sync 1 DAGs
[2025-04-05T11:02:16.299+0000] {logging_mixin.py:190} INFO - [2025-04-05T11:02:16.299+0000] {dag.py:4180} INFO - Setting next_dagrun for zillow_analytics to 2025-04-05 00:00:00+00:00, run_after=2025-04-06 00:00:00+00:00
[2025-04-05T11:02:16.319+0000] {processor.py:208} INFO - Processing /home/ubuntu/airflow/dags/zillowanalytics.py took 0.256 seconds
[2025-04-05T11:02:46.446+0000] {processor.py:186} INFO - Started process (PID=7431) to work on /home/ubuntu/airflow/dags/zillowanalytics.py
[2025-04-05T11:02:46.447+0000] {processor.py:914} INFO - Processing file /home/ubuntu/airflow/dags/zillowanalytics.py for tasks to queue
[2025-04-05T11:02:46.449+0000] {logging_mixin.py:190} INFO - [2025-04-05T11:02:46.449+0000] {dagbag.py:588} INFO - Filling up the DagBag from /home/ubuntu/airflow/dags/zillowanalytics.py
[2025-04-05T11:02:46.463+0000] {processor.py:925} INFO - DAG(s) 'zillow_analytics' retrieved from /home/ubuntu/airflow/dags/zillowanalytics.py
[2025-04-05T11:02:46.662+0000] {logging_mixin.py:190} INFO - [2025-04-05T11:02:46.662+0000] {dag.py:3239} INFO - Sync 1 DAGs
[2025-04-05T11:02:46.677+0000] {logging_mixin.py:190} INFO - [2025-04-05T11:02:46.677+0000] {dag.py:4180} INFO - Setting next_dagrun for zillow_analytics to 2025-04-05 00:00:00+00:00, run_after=2025-04-06 00:00:00+00:00
[2025-04-05T11:02:46.696+0000] {processor.py:208} INFO - Processing /home/ubuntu/airflow/dags/zillowanalytics.py took 0.255 seconds
[2025-04-05T11:03:16.822+0000] {processor.py:186} INFO - Started process (PID=7433) to work on /home/ubuntu/airflow/dags/zillowanalytics.py
[2025-04-05T11:03:16.824+0000] {processor.py:914} INFO - Processing file /home/ubuntu/airflow/dags/zillowanalytics.py for tasks to queue
[2025-04-05T11:03:16.825+0000] {logging_mixin.py:190} INFO - [2025-04-05T11:03:16.825+0000] {dagbag.py:588} INFO - Filling up the DagBag from /home/ubuntu/airflow/dags/zillowanalytics.py
[2025-04-05T11:03:16.839+0000] {processor.py:925} INFO - DAG(s) 'zillow_analytics' retrieved from /home/ubuntu/airflow/dags/zillowanalytics.py
[2025-04-05T11:03:17.046+0000] {logging_mixin.py:190} INFO - [2025-04-05T11:03:17.046+0000] {dag.py:3239} INFO - Sync 1 DAGs
[2025-04-05T11:03:17.062+0000] {logging_mixin.py:190} INFO - [2025-04-05T11:03:17.062+0000] {dag.py:4180} INFO - Setting next_dagrun for zillow_analytics to 2025-04-05 00:00:00+00:00, run_after=2025-04-06 00:00:00+00:00
[2025-04-05T11:03:17.083+0000] {processor.py:208} INFO - Processing /home/ubuntu/airflow/dags/zillowanalytics.py took 0.266 seconds
[2025-04-05T11:03:47.199+0000] {processor.py:186} INFO - Started process (PID=7434) to work on /home/ubuntu/airflow/dags/zillowanalytics.py
[2025-04-05T11:03:47.201+0000] {processor.py:914} INFO - Processing file /home/ubuntu/airflow/dags/zillowanalytics.py for tasks to queue
[2025-04-05T11:03:47.203+0000] {logging_mixin.py:190} INFO - [2025-04-05T11:03:47.203+0000] {dagbag.py:588} INFO - Filling up the DagBag from /home/ubuntu/airflow/dags/zillowanalytics.py
[2025-04-05T11:03:47.219+0000] {processor.py:925} INFO - DAG(s) 'zillow_analytics' retrieved from /home/ubuntu/airflow/dags/zillowanalytics.py
[2025-04-05T11:03:47.417+0000] {logging_mixin.py:190} INFO - [2025-04-05T11:03:47.416+0000] {dag.py:3239} INFO - Sync 1 DAGs
[2025-04-05T11:03:47.430+0000] {logging_mixin.py:190} INFO - [2025-04-05T11:03:47.430+0000] {dag.py:4180} INFO - Setting next_dagrun for zillow_analytics to 2025-04-05 00:00:00+00:00, run_after=2025-04-06 00:00:00+00:00
[2025-04-05T11:03:47.452+0000] {processor.py:208} INFO - Processing /home/ubuntu/airflow/dags/zillowanalytics.py took 0.258 seconds
[2025-04-05T11:04:17.574+0000] {processor.py:186} INFO - Started process (PID=7435) to work on /home/ubuntu/airflow/dags/zillowanalytics.py
[2025-04-05T11:04:17.575+0000] {processor.py:914} INFO - Processing file /home/ubuntu/airflow/dags/zillowanalytics.py for tasks to queue
[2025-04-05T11:04:17.577+0000] {logging_mixin.py:190} INFO - [2025-04-05T11:04:17.577+0000] {dagbag.py:588} INFO - Filling up the DagBag from /home/ubuntu/airflow/dags/zillowanalytics.py
[2025-04-05T11:04:17.592+0000] {processor.py:925} INFO - DAG(s) 'zillow_analytics' retrieved from /home/ubuntu/airflow/dags/zillowanalytics.py
[2025-04-05T11:04:17.786+0000] {logging_mixin.py:190} INFO - [2025-04-05T11:04:17.786+0000] {dag.py:3239} INFO - Sync 1 DAGs
[2025-04-05T11:04:17.801+0000] {logging_mixin.py:190} INFO - [2025-04-05T11:04:17.801+0000] {dag.py:4180} INFO - Setting next_dagrun for zillow_analytics to 2025-04-05 00:00:00+00:00, run_after=2025-04-06 00:00:00+00:00
[2025-04-05T11:04:17.822+0000] {processor.py:208} INFO - Processing /home/ubuntu/airflow/dags/zillowanalytics.py took 0.253 seconds
[2025-04-05T11:04:47.949+0000] {processor.py:186} INFO - Started process (PID=7436) to work on /home/ubuntu/airflow/dags/zillowanalytics.py
[2025-04-05T11:04:47.952+0000] {processor.py:914} INFO - Processing file /home/ubuntu/airflow/dags/zillowanalytics.py for tasks to queue
[2025-04-05T11:04:47.954+0000] {logging_mixin.py:190} INFO - [2025-04-05T11:04:47.953+0000] {dagbag.py:588} INFO - Filling up the DagBag from /home/ubuntu/airflow/dags/zillowanalytics.py
[2025-04-05T11:04:47.968+0000] {processor.py:925} INFO - DAG(s) 'zillow_analytics' retrieved from /home/ubuntu/airflow/dags/zillowanalytics.py
[2025-04-05T11:04:48.181+0000] {logging_mixin.py:190} INFO - [2025-04-05T11:04:48.181+0000] {dag.py:3239} INFO - Sync 1 DAGs
[2025-04-05T11:04:48.198+0000] {logging_mixin.py:190} INFO - [2025-04-05T11:04:48.197+0000] {dag.py:4180} INFO - Setting next_dagrun for zillow_analytics to 2025-04-05 00:00:00+00:00, run_after=2025-04-06 00:00:00+00:00
[2025-04-05T11:04:48.217+0000] {processor.py:208} INFO - Processing /home/ubuntu/airflow/dags/zillowanalytics.py took 0.273 seconds
[2025-04-05T11:05:18.330+0000] {processor.py:186} INFO - Started process (PID=7453) to work on /home/ubuntu/airflow/dags/zillowanalytics.py
[2025-04-05T11:05:18.330+0000] {processor.py:914} INFO - Processing file /home/ubuntu/airflow/dags/zillowanalytics.py for tasks to queue
[2025-04-05T11:05:18.332+0000] {logging_mixin.py:190} INFO - [2025-04-05T11:05:18.332+0000] {dagbag.py:588} INFO - Filling up the DagBag from /home/ubuntu/airflow/dags/zillowanalytics.py
[2025-04-05T11:05:18.347+0000] {processor.py:925} INFO - DAG(s) 'zillow_analytics' retrieved from /home/ubuntu/airflow/dags/zillowanalytics.py
[2025-04-05T11:05:18.538+0000] {logging_mixin.py:190} INFO - [2025-04-05T11:05:18.538+0000] {dag.py:3239} INFO - Sync 1 DAGs
[2025-04-05T11:05:18.555+0000] {logging_mixin.py:190} INFO - [2025-04-05T11:05:18.555+0000] {dag.py:4180} INFO - Setting next_dagrun for zillow_analytics to 2025-04-05 00:00:00+00:00, run_after=2025-04-06 00:00:00+00:00
[2025-04-05T11:05:18.576+0000] {processor.py:208} INFO - Processing /home/ubuntu/airflow/dags/zillowanalytics.py took 0.252 seconds
[2025-04-05T11:05:48.694+0000] {processor.py:186} INFO - Started process (PID=7455) to work on /home/ubuntu/airflow/dags/zillowanalytics.py
[2025-04-05T11:05:48.696+0000] {processor.py:914} INFO - Processing file /home/ubuntu/airflow/dags/zillowanalytics.py for tasks to queue
[2025-04-05T11:05:48.697+0000] {logging_mixin.py:190} INFO - [2025-04-05T11:05:48.697+0000] {dagbag.py:588} INFO - Filling up the DagBag from /home/ubuntu/airflow/dags/zillowanalytics.py
[2025-04-05T11:05:48.712+0000] {processor.py:925} INFO - DAG(s) 'zillow_analytics' retrieved from /home/ubuntu/airflow/dags/zillowanalytics.py
[2025-04-05T11:05:48.923+0000] {logging_mixin.py:190} INFO - [2025-04-05T11:05:48.923+0000] {dag.py:3239} INFO - Sync 1 DAGs
[2025-04-05T11:05:48.939+0000] {logging_mixin.py:190} INFO - [2025-04-05T11:05:48.939+0000] {dag.py:4180} INFO - Setting next_dagrun for zillow_analytics to 2025-04-05 00:00:00+00:00, run_after=2025-04-06 00:00:00+00:00
[2025-04-05T11:05:48.962+0000] {processor.py:208} INFO - Processing /home/ubuntu/airflow/dags/zillowanalytics.py took 0.273 seconds
[2025-04-05T11:06:19.061+0000] {processor.py:186} INFO - Started process (PID=7457) to work on /home/ubuntu/airflow/dags/zillowanalytics.py
[2025-04-05T11:06:19.062+0000] {processor.py:914} INFO - Processing file /home/ubuntu/airflow/dags/zillowanalytics.py for tasks to queue
[2025-04-05T11:06:19.064+0000] {logging_mixin.py:190} INFO - [2025-04-05T11:06:19.064+0000] {dagbag.py:588} INFO - Filling up the DagBag from /home/ubuntu/airflow/dags/zillowanalytics.py
[2025-04-05T11:06:19.080+0000] {processor.py:925} INFO - DAG(s) 'zillow_analytics' retrieved from /home/ubuntu/airflow/dags/zillowanalytics.py
[2025-04-05T11:06:19.174+0000] {logging_mixin.py:190} INFO - [2025-04-05T11:06:19.173+0000] {dag.py:3239} INFO - Sync 1 DAGs
[2025-04-05T11:06:19.292+0000] {logging_mixin.py:190} INFO - [2025-04-05T11:06:19.291+0000] {dag.py:4180} INFO - Setting next_dagrun for zillow_analytics to 2025-04-05 00:00:00+00:00, run_after=2025-04-06 00:00:00+00:00
[2025-04-05T11:06:19.311+0000] {processor.py:208} INFO - Processing /home/ubuntu/airflow/dags/zillowanalytics.py took 0.255 seconds
[2025-04-05T11:06:49.427+0000] {processor.py:186} INFO - Started process (PID=7458) to work on /home/ubuntu/airflow/dags/zillowanalytics.py
[2025-04-05T11:06:49.429+0000] {processor.py:914} INFO - Processing file /home/ubuntu/airflow/dags/zillowanalytics.py for tasks to queue
[2025-04-05T11:06:49.431+0000] {logging_mixin.py:190} INFO - [2025-04-05T11:06:49.430+0000] {dagbag.py:588} INFO - Filling up the DagBag from /home/ubuntu/airflow/dags/zillowanalytics.py
[2025-04-05T11:06:49.446+0000] {processor.py:925} INFO - DAG(s) 'zillow_analytics' retrieved from /home/ubuntu/airflow/dags/zillowanalytics.py
[2025-04-05T11:06:49.660+0000] {logging_mixin.py:190} INFO - [2025-04-05T11:06:49.659+0000] {dag.py:3239} INFO - Sync 1 DAGs
[2025-04-05T11:06:49.675+0000] {logging_mixin.py:190} INFO - [2025-04-05T11:06:49.675+0000] {dag.py:4180} INFO - Setting next_dagrun for zillow_analytics to 2025-04-05 00:00:00+00:00, run_after=2025-04-06 00:00:00+00:00
[2025-04-05T11:06:49.696+0000] {processor.py:208} INFO - Processing /home/ubuntu/airflow/dags/zillowanalytics.py took 0.275 seconds
[2025-04-05T11:07:19.792+0000] {processor.py:186} INFO - Started process (PID=7459) to work on /home/ubuntu/airflow/dags/zillowanalytics.py
[2025-04-05T11:07:19.795+0000] {processor.py:914} INFO - Processing file /home/ubuntu/airflow/dags/zillowanalytics.py for tasks to queue
[2025-04-05T11:07:19.796+0000] {logging_mixin.py:190} INFO - [2025-04-05T11:07:19.796+0000] {dagbag.py:588} INFO - Filling up the DagBag from /home/ubuntu/airflow/dags/zillowanalytics.py
[2025-04-05T11:07:19.811+0000] {processor.py:925} INFO - DAG(s) 'zillow_analytics' retrieved from /home/ubuntu/airflow/dags/zillowanalytics.py
[2025-04-05T11:07:20.020+0000] {logging_mixin.py:190} INFO - [2025-04-05T11:07:20.020+0000] {dag.py:3239} INFO - Sync 1 DAGs
[2025-04-05T11:07:20.035+0000] {logging_mixin.py:190} INFO - [2025-04-05T11:07:20.035+0000] {dag.py:4180} INFO - Setting next_dagrun for zillow_analytics to 2025-04-05 00:00:00+00:00, run_after=2025-04-06 00:00:00+00:00
[2025-04-05T11:07:20.054+0000] {processor.py:208} INFO - Processing /home/ubuntu/airflow/dags/zillowanalytics.py took 0.267 seconds
[2025-04-05T11:07:50.159+0000] {processor.py:186} INFO - Started process (PID=7460) to work on /home/ubuntu/airflow/dags/zillowanalytics.py
[2025-04-05T11:07:50.160+0000] {processor.py:914} INFO - Processing file /home/ubuntu/airflow/dags/zillowanalytics.py for tasks to queue
[2025-04-05T11:07:50.162+0000] {logging_mixin.py:190} INFO - [2025-04-05T11:07:50.162+0000] {dagbag.py:588} INFO - Filling up the DagBag from /home/ubuntu/airflow/dags/zillowanalytics.py
[2025-04-05T11:07:50.178+0000] {processor.py:925} INFO - DAG(s) 'zillow_analytics' retrieved from /home/ubuntu/airflow/dags/zillowanalytics.py
[2025-04-05T11:07:50.381+0000] {logging_mixin.py:190} INFO - [2025-04-05T11:07:50.381+0000] {dag.py:3239} INFO - Sync 1 DAGs
[2025-04-05T11:07:50.396+0000] {logging_mixin.py:190} INFO - [2025-04-05T11:07:50.396+0000] {dag.py:4180} INFO - Setting next_dagrun for zillow_analytics to 2025-04-05 00:00:00+00:00, run_after=2025-04-06 00:00:00+00:00
[2025-04-05T11:07:50.415+0000] {processor.py:208} INFO - Processing /home/ubuntu/airflow/dags/zillowanalytics.py took 0.261 seconds
[2025-04-05T11:08:20.525+0000] {processor.py:186} INFO - Started process (PID=7461) to work on /home/ubuntu/airflow/dags/zillowanalytics.py
[2025-04-05T11:08:20.527+0000] {processor.py:914} INFO - Processing file /home/ubuntu/airflow/dags/zillowanalytics.py for tasks to queue
[2025-04-05T11:08:20.529+0000] {logging_mixin.py:190} INFO - [2025-04-05T11:08:20.529+0000] {dagbag.py:588} INFO - Filling up the DagBag from /home/ubuntu/airflow/dags/zillowanalytics.py
[2025-04-05T11:08:20.544+0000] {processor.py:925} INFO - DAG(s) 'zillow_analytics' retrieved from /home/ubuntu/airflow/dags/zillowanalytics.py
[2025-04-05T11:08:20.743+0000] {logging_mixin.py:190} INFO - [2025-04-05T11:08:20.743+0000] {dag.py:3239} INFO - Sync 1 DAGs
[2025-04-05T11:08:20.758+0000] {logging_mixin.py:190} INFO - [2025-04-05T11:08:20.758+0000] {dag.py:4180} INFO - Setting next_dagrun for zillow_analytics to 2025-04-05 00:00:00+00:00, run_after=2025-04-06 00:00:00+00:00
[2025-04-05T11:08:20.778+0000] {processor.py:208} INFO - Processing /home/ubuntu/airflow/dags/zillowanalytics.py took 0.258 seconds
[2025-04-05T11:08:50.892+0000] {processor.py:186} INFO - Started process (PID=7463) to work on /home/ubuntu/airflow/dags/zillowanalytics.py
[2025-04-05T11:08:50.892+0000] {processor.py:914} INFO - Processing file /home/ubuntu/airflow/dags/zillowanalytics.py for tasks to queue
[2025-04-05T11:08:50.895+0000] {logging_mixin.py:190} INFO - [2025-04-05T11:08:50.894+0000] {dagbag.py:588} INFO - Filling up the DagBag from /home/ubuntu/airflow/dags/zillowanalytics.py
[2025-04-05T11:08:50.910+0000] {processor.py:925} INFO - DAG(s) 'zillow_analytics' retrieved from /home/ubuntu/airflow/dags/zillowanalytics.py
[2025-04-05T11:08:51.106+0000] {logging_mixin.py:190} INFO - [2025-04-05T11:08:51.106+0000] {dag.py:3239} INFO - Sync 1 DAGs
[2025-04-05T11:08:51.122+0000] {logging_mixin.py:190} INFO - [2025-04-05T11:08:51.122+0000] {dag.py:4180} INFO - Setting next_dagrun for zillow_analytics to 2025-04-05 00:00:00+00:00, run_after=2025-04-06 00:00:00+00:00
[2025-04-05T11:08:51.142+0000] {processor.py:208} INFO - Processing /home/ubuntu/airflow/dags/zillowanalytics.py took 0.256 seconds
[2025-04-05T11:09:21.256+0000] {processor.py:186} INFO - Started process (PID=7465) to work on /home/ubuntu/airflow/dags/zillowanalytics.py
[2025-04-05T11:09:21.258+0000] {processor.py:914} INFO - Processing file /home/ubuntu/airflow/dags/zillowanalytics.py for tasks to queue
[2025-04-05T11:09:21.260+0000] {logging_mixin.py:190} INFO - [2025-04-05T11:09:21.260+0000] {dagbag.py:588} INFO - Filling up the DagBag from /home/ubuntu/airflow/dags/zillowanalytics.py
[2025-04-05T11:09:21.275+0000] {processor.py:925} INFO - DAG(s) 'zillow_analytics' retrieved from /home/ubuntu/airflow/dags/zillowanalytics.py
[2025-04-05T11:09:21.478+0000] {logging_mixin.py:190} INFO - [2025-04-05T11:09:21.478+0000] {dag.py:3239} INFO - Sync 1 DAGs
[2025-04-05T11:09:21.494+0000] {logging_mixin.py:190} INFO - [2025-04-05T11:09:21.494+0000] {dag.py:4180} INFO - Setting next_dagrun for zillow_analytics to 2025-04-05 00:00:00+00:00, run_after=2025-04-06 00:00:00+00:00
[2025-04-05T11:09:21.513+0000] {processor.py:208} INFO - Processing /home/ubuntu/airflow/dags/zillowanalytics.py took 0.263 seconds
[2025-04-05T11:09:51.622+0000] {processor.py:186} INFO - Started process (PID=7467) to work on /home/ubuntu/airflow/dags/zillowanalytics.py
[2025-04-05T11:09:51.624+0000] {processor.py:914} INFO - Processing file /home/ubuntu/airflow/dags/zillowanalytics.py for tasks to queue
[2025-04-05T11:09:51.625+0000] {logging_mixin.py:190} INFO - [2025-04-05T11:09:51.625+0000] {dagbag.py:588} INFO - Filling up the DagBag from /home/ubuntu/airflow/dags/zillowanalytics.py
[2025-04-05T11:09:51.639+0000] {processor.py:925} INFO - DAG(s) 'zillow_analytics' retrieved from /home/ubuntu/airflow/dags/zillowanalytics.py
[2025-04-05T11:09:51.730+0000] {logging_mixin.py:190} INFO - [2025-04-05T11:09:51.730+0000] {dag.py:3239} INFO - Sync 1 DAGs
[2025-04-05T11:09:51.858+0000] {logging_mixin.py:190} INFO - [2025-04-05T11:09:51.858+0000] {dag.py:4180} INFO - Setting next_dagrun for zillow_analytics to 2025-04-05 00:00:00+00:00, run_after=2025-04-06 00:00:00+00:00
[2025-04-05T11:09:51.879+0000] {processor.py:208} INFO - Processing /home/ubuntu/airflow/dags/zillowanalytics.py took 0.261 seconds
[2025-04-05T11:10:21.986+0000] {processor.py:186} INFO - Started process (PID=7472) to work on /home/ubuntu/airflow/dags/zillowanalytics.py
[2025-04-05T11:10:21.988+0000] {processor.py:914} INFO - Processing file /home/ubuntu/airflow/dags/zillowanalytics.py for tasks to queue
[2025-04-05T11:10:21.989+0000] {logging_mixin.py:190} INFO - [2025-04-05T11:10:21.989+0000] {dagbag.py:588} INFO - Filling up the DagBag from /home/ubuntu/airflow/dags/zillowanalytics.py
[2025-04-05T11:10:22.004+0000] {processor.py:925} INFO - DAG(s) 'zillow_analytics' retrieved from /home/ubuntu/airflow/dags/zillowanalytics.py
[2025-04-05T11:10:22.206+0000] {logging_mixin.py:190} INFO - [2025-04-05T11:10:22.206+0000] {dag.py:3239} INFO - Sync 1 DAGs
[2025-04-05T11:10:22.221+0000] {logging_mixin.py:190} INFO - [2025-04-05T11:10:22.221+0000] {dag.py:4180} INFO - Setting next_dagrun for zillow_analytics to 2025-04-05 00:00:00+00:00, run_after=2025-04-06 00:00:00+00:00
[2025-04-05T11:10:22.240+0000] {processor.py:208} INFO - Processing /home/ubuntu/airflow/dags/zillowanalytics.py took 0.260 seconds
[2025-04-05T11:10:52.350+0000] {processor.py:186} INFO - Started process (PID=7474) to work on /home/ubuntu/airflow/dags/zillowanalytics.py
[2025-04-05T11:10:52.352+0000] {processor.py:914} INFO - Processing file /home/ubuntu/airflow/dags/zillowanalytics.py for tasks to queue
[2025-04-05T11:10:52.354+0000] {logging_mixin.py:190} INFO - [2025-04-05T11:10:52.353+0000] {dagbag.py:588} INFO - Filling up the DagBag from /home/ubuntu/airflow/dags/zillowanalytics.py
[2025-04-05T11:10:52.368+0000] {processor.py:925} INFO - DAG(s) 'zillow_analytics' retrieved from /home/ubuntu/airflow/dags/zillowanalytics.py
[2025-04-05T11:10:52.561+0000] {logging_mixin.py:190} INFO - [2025-04-05T11:10:52.561+0000] {dag.py:3239} INFO - Sync 1 DAGs
[2025-04-05T11:10:52.576+0000] {logging_mixin.py:190} INFO - [2025-04-05T11:10:52.576+0000] {dag.py:4180} INFO - Setting next_dagrun for zillow_analytics to 2025-04-05 00:00:00+00:00, run_after=2025-04-06 00:00:00+00:00
[2025-04-05T11:10:52.595+0000] {processor.py:208} INFO - Processing /home/ubuntu/airflow/dags/zillowanalytics.py took 0.250 seconds
[2025-04-05T11:11:22.712+0000] {processor.py:186} INFO - Started process (PID=7475) to work on /home/ubuntu/airflow/dags/zillowanalytics.py
[2025-04-05T11:11:22.714+0000] {processor.py:914} INFO - Processing file /home/ubuntu/airflow/dags/zillowanalytics.py for tasks to queue
[2025-04-05T11:11:22.716+0000] {logging_mixin.py:190} INFO - [2025-04-05T11:11:22.715+0000] {dagbag.py:588} INFO - Filling up the DagBag from /home/ubuntu/airflow/dags/zillowanalytics.py
[2025-04-05T11:11:22.731+0000] {processor.py:925} INFO - DAG(s) 'zillow_analytics' retrieved from /home/ubuntu/airflow/dags/zillowanalytics.py
[2025-04-05T11:11:22.927+0000] {logging_mixin.py:190} INFO - [2025-04-05T11:11:22.927+0000] {dag.py:3239} INFO - Sync 1 DAGs
[2025-04-05T11:11:22.941+0000] {logging_mixin.py:190} INFO - [2025-04-05T11:11:22.941+0000] {dag.py:4180} INFO - Setting next_dagrun for zillow_analytics to 2025-04-05 00:00:00+00:00, run_after=2025-04-06 00:00:00+00:00
[2025-04-05T11:11:22.961+0000] {processor.py:208} INFO - Processing /home/ubuntu/airflow/dags/zillowanalytics.py took 0.255 seconds
[2025-04-05T11:11:53.076+0000] {processor.py:186} INFO - Started process (PID=7476) to work on /home/ubuntu/airflow/dags/zillowanalytics.py
[2025-04-05T11:11:53.078+0000] {processor.py:914} INFO - Processing file /home/ubuntu/airflow/dags/zillowanalytics.py for tasks to queue
[2025-04-05T11:11:53.080+0000] {logging_mixin.py:190} INFO - [2025-04-05T11:11:53.079+0000] {dagbag.py:588} INFO - Filling up the DagBag from /home/ubuntu/airflow/dags/zillowanalytics.py
[2025-04-05T11:11:53.093+0000] {processor.py:925} INFO - DAG(s) 'zillow_analytics' retrieved from /home/ubuntu/airflow/dags/zillowanalytics.py
[2025-04-05T11:11:53.290+0000] {logging_mixin.py:190} INFO - [2025-04-05T11:11:53.290+0000] {dag.py:3239} INFO - Sync 1 DAGs
[2025-04-05T11:11:53.304+0000] {logging_mixin.py:190} INFO - [2025-04-05T11:11:53.304+0000] {dag.py:4180} INFO - Setting next_dagrun for zillow_analytics to 2025-04-05 00:00:00+00:00, run_after=2025-04-06 00:00:00+00:00
[2025-04-05T11:11:53.323+0000] {processor.py:208} INFO - Processing /home/ubuntu/airflow/dags/zillowanalytics.py took 0.252 seconds
[2025-04-05T11:12:23.443+0000] {processor.py:186} INFO - Started process (PID=7478) to work on /home/ubuntu/airflow/dags/zillowanalytics.py
[2025-04-05T11:12:23.445+0000] {processor.py:914} INFO - Processing file /home/ubuntu/airflow/dags/zillowanalytics.py for tasks to queue
[2025-04-05T11:12:23.447+0000] {logging_mixin.py:190} INFO - [2025-04-05T11:12:23.446+0000] {dagbag.py:588} INFO - Filling up the DagBag from /home/ubuntu/airflow/dags/zillowanalytics.py
[2025-04-05T11:12:23.461+0000] {processor.py:925} INFO - DAG(s) 'zillow_analytics' retrieved from /home/ubuntu/airflow/dags/zillowanalytics.py
[2025-04-05T11:12:23.658+0000] {logging_mixin.py:190} INFO - [2025-04-05T11:12:23.657+0000] {dag.py:3239} INFO - Sync 1 DAGs
[2025-04-05T11:12:23.672+0000] {logging_mixin.py:190} INFO - [2025-04-05T11:12:23.672+0000] {dag.py:4180} INFO - Setting next_dagrun for zillow_analytics to 2025-04-05 00:00:00+00:00, run_after=2025-04-06 00:00:00+00:00
[2025-04-05T11:12:23.693+0000] {processor.py:208} INFO - Processing /home/ubuntu/airflow/dags/zillowanalytics.py took 0.256 seconds
[2025-04-05T11:12:53.810+0000] {processor.py:186} INFO - Started process (PID=7479) to work on /home/ubuntu/airflow/dags/zillowanalytics.py
[2025-04-05T11:12:53.811+0000] {processor.py:914} INFO - Processing file /home/ubuntu/airflow/dags/zillowanalytics.py for tasks to queue
[2025-04-05T11:12:53.813+0000] {logging_mixin.py:190} INFO - [2025-04-05T11:12:53.813+0000] {dagbag.py:588} INFO - Filling up the DagBag from /home/ubuntu/airflow/dags/zillowanalytics.py
[2025-04-05T11:12:53.827+0000] {processor.py:925} INFO - DAG(s) 'zillow_analytics' retrieved from /home/ubuntu/airflow/dags/zillowanalytics.py
[2025-04-05T11:12:54.026+0000] {logging_mixin.py:190} INFO - [2025-04-05T11:12:54.026+0000] {dag.py:3239} INFO - Sync 1 DAGs
[2025-04-05T11:12:54.042+0000] {logging_mixin.py:190} INFO - [2025-04-05T11:12:54.042+0000] {dag.py:4180} INFO - Setting next_dagrun for zillow_analytics to 2025-04-05 00:00:00+00:00, run_after=2025-04-06 00:00:00+00:00
[2025-04-05T11:12:54.062+0000] {processor.py:208} INFO - Processing /home/ubuntu/airflow/dags/zillowanalytics.py took 0.258 seconds
[2025-04-05T11:13:24.174+0000] {processor.py:186} INFO - Started process (PID=7481) to work on /home/ubuntu/airflow/dags/zillowanalytics.py
[2025-04-05T11:13:24.175+0000] {processor.py:914} INFO - Processing file /home/ubuntu/airflow/dags/zillowanalytics.py for tasks to queue
[2025-04-05T11:13:24.176+0000] {logging_mixin.py:190} INFO - [2025-04-05T11:13:24.176+0000] {dagbag.py:588} INFO - Filling up the DagBag from /home/ubuntu/airflow/dags/zillowanalytics.py
[2025-04-05T11:13:24.191+0000] {processor.py:925} INFO - DAG(s) 'zillow_analytics' retrieved from /home/ubuntu/airflow/dags/zillowanalytics.py
[2025-04-05T11:13:24.380+0000] {logging_mixin.py:190} INFO - [2025-04-05T11:13:24.380+0000] {dag.py:3239} INFO - Sync 1 DAGs
[2025-04-05T11:13:24.397+0000] {logging_mixin.py:190} INFO - [2025-04-05T11:13:24.397+0000] {dag.py:4180} INFO - Setting next_dagrun for zillow_analytics to 2025-04-05 00:00:00+00:00, run_after=2025-04-06 00:00:00+00:00
[2025-04-05T11:13:24.420+0000] {processor.py:208} INFO - Processing /home/ubuntu/airflow/dags/zillowanalytics.py took 0.251 seconds
[2025-04-05T11:13:54.509+0000] {processor.py:186} INFO - Started process (PID=7482) to work on /home/ubuntu/airflow/dags/zillowanalytics.py
[2025-04-05T11:13:54.511+0000] {processor.py:914} INFO - Processing file /home/ubuntu/airflow/dags/zillowanalytics.py for tasks to queue
[2025-04-05T11:13:54.512+0000] {logging_mixin.py:190} INFO - [2025-04-05T11:13:54.512+0000] {dagbag.py:588} INFO - Filling up the DagBag from /home/ubuntu/airflow/dags/zillowanalytics.py
[2025-04-05T11:13:54.527+0000] {processor.py:925} INFO - DAG(s) 'zillow_analytics' retrieved from /home/ubuntu/airflow/dags/zillowanalytics.py
[2025-04-05T11:13:54.620+0000] {logging_mixin.py:190} INFO - [2025-04-05T11:13:54.619+0000] {dag.py:3239} INFO - Sync 1 DAGs
[2025-04-05T11:13:54.739+0000] {logging_mixin.py:190} INFO - [2025-04-05T11:13:54.739+0000] {dag.py:4180} INFO - Setting next_dagrun for zillow_analytics to 2025-04-05 00:00:00+00:00, run_after=2025-04-06 00:00:00+00:00
[2025-04-05T11:13:54.761+0000] {processor.py:208} INFO - Processing /home/ubuntu/airflow/dags/zillowanalytics.py took 0.258 seconds
[2025-04-05T11:14:24.874+0000] {processor.py:186} INFO - Started process (PID=7483) to work on /home/ubuntu/airflow/dags/zillowanalytics.py
[2025-04-05T11:14:24.875+0000] {processor.py:914} INFO - Processing file /home/ubuntu/airflow/dags/zillowanalytics.py for tasks to queue
[2025-04-05T11:14:24.877+0000] {logging_mixin.py:190} INFO - [2025-04-05T11:14:24.876+0000] {dagbag.py:588} INFO - Filling up the DagBag from /home/ubuntu/airflow/dags/zillowanalytics.py
[2025-04-05T11:14:24.892+0000] {processor.py:925} INFO - DAG(s) 'zillow_analytics' retrieved from /home/ubuntu/airflow/dags/zillowanalytics.py
[2025-04-05T11:14:25.096+0000] {logging_mixin.py:190} INFO - [2025-04-05T11:14:25.096+0000] {dag.py:3239} INFO - Sync 1 DAGs
[2025-04-05T11:14:25.112+0000] {logging_mixin.py:190} INFO - [2025-04-05T11:14:25.111+0000] {dag.py:4180} INFO - Setting next_dagrun for zillow_analytics to 2025-04-05 00:00:00+00:00, run_after=2025-04-06 00:00:00+00:00
[2025-04-05T11:14:25.131+0000] {processor.py:208} INFO - Processing /home/ubuntu/airflow/dags/zillowanalytics.py took 0.261 seconds
[2025-04-05T11:14:55.251+0000] {processor.py:186} INFO - Started process (PID=7485) to work on /home/ubuntu/airflow/dags/zillowanalytics.py
[2025-04-05T11:14:55.253+0000] {processor.py:914} INFO - Processing file /home/ubuntu/airflow/dags/zillowanalytics.py for tasks to queue
[2025-04-05T11:14:55.255+0000] {logging_mixin.py:190} INFO - [2025-04-05T11:14:55.254+0000] {dagbag.py:588} INFO - Filling up the DagBag from /home/ubuntu/airflow/dags/zillowanalytics.py
[2025-04-05T11:14:55.270+0000] {processor.py:925} INFO - DAG(s) 'zillow_analytics' retrieved from /home/ubuntu/airflow/dags/zillowanalytics.py
[2025-04-05T11:14:55.461+0000] {logging_mixin.py:190} INFO - [2025-04-05T11:14:55.461+0000] {dag.py:3239} INFO - Sync 1 DAGs
[2025-04-05T11:14:55.475+0000] {logging_mixin.py:190} INFO - [2025-04-05T11:14:55.474+0000] {dag.py:4180} INFO - Setting next_dagrun for zillow_analytics to 2025-04-05 00:00:00+00:00, run_after=2025-04-06 00:00:00+00:00
[2025-04-05T11:14:55.495+0000] {processor.py:208} INFO - Processing /home/ubuntu/airflow/dags/zillowanalytics.py took 0.249 seconds
[2025-04-05T11:15:25.627+0000] {processor.py:186} INFO - Started process (PID=7490) to work on /home/ubuntu/airflow/dags/zillowanalytics.py
[2025-04-05T11:15:25.629+0000] {processor.py:914} INFO - Processing file /home/ubuntu/airflow/dags/zillowanalytics.py for tasks to queue
[2025-04-05T11:15:25.631+0000] {logging_mixin.py:190} INFO - [2025-04-05T11:15:25.630+0000] {dagbag.py:588} INFO - Filling up the DagBag from /home/ubuntu/airflow/dags/zillowanalytics.py
[2025-04-05T11:15:25.644+0000] {processor.py:925} INFO - DAG(s) 'zillow_analytics' retrieved from /home/ubuntu/airflow/dags/zillowanalytics.py
[2025-04-05T11:15:25.837+0000] {logging_mixin.py:190} INFO - [2025-04-05T11:15:25.837+0000] {dag.py:3239} INFO - Sync 1 DAGs
[2025-04-05T11:15:25.852+0000] {logging_mixin.py:190} INFO - [2025-04-05T11:15:25.851+0000] {dag.py:4180} INFO - Setting next_dagrun for zillow_analytics to 2025-04-05 00:00:00+00:00, run_after=2025-04-06 00:00:00+00:00
[2025-04-05T11:15:25.872+0000] {processor.py:208} INFO - Processing /home/ubuntu/airflow/dags/zillowanalytics.py took 0.251 seconds
[2025-04-05T11:15:55.984+0000] {processor.py:186} INFO - Started process (PID=7491) to work on /home/ubuntu/airflow/dags/zillowanalytics.py
[2025-04-05T11:15:55.986+0000] {processor.py:914} INFO - Processing file /home/ubuntu/airflow/dags/zillowanalytics.py for tasks to queue
[2025-04-05T11:15:55.988+0000] {logging_mixin.py:190} INFO - [2025-04-05T11:15:55.988+0000] {dagbag.py:588} INFO - Filling up the DagBag from /home/ubuntu/airflow/dags/zillowanalytics.py
[2025-04-05T11:15:56.002+0000] {processor.py:925} INFO - DAG(s) 'zillow_analytics' retrieved from /home/ubuntu/airflow/dags/zillowanalytics.py
[2025-04-05T11:15:56.192+0000] {logging_mixin.py:190} INFO - [2025-04-05T11:15:56.192+0000] {dag.py:3239} INFO - Sync 1 DAGs
[2025-04-05T11:15:56.206+0000] {logging_mixin.py:190} INFO - [2025-04-05T11:15:56.206+0000] {dag.py:4180} INFO - Setting next_dagrun for zillow_analytics to 2025-04-05 00:00:00+00:00, run_after=2025-04-06 00:00:00+00:00
[2025-04-05T11:15:56.226+0000] {processor.py:208} INFO - Processing /home/ubuntu/airflow/dags/zillowanalytics.py took 0.248 seconds
[2025-04-05T11:16:26.364+0000] {processor.py:186} INFO - Started process (PID=7499) to work on /home/ubuntu/airflow/dags/zillowanalytics.py
[2025-04-05T11:16:26.366+0000] {processor.py:914} INFO - Processing file /home/ubuntu/airflow/dags/zillowanalytics.py for tasks to queue
[2025-04-05T11:16:26.367+0000] {logging_mixin.py:190} INFO - [2025-04-05T11:16:26.367+0000] {dagbag.py:588} INFO - Filling up the DagBag from /home/ubuntu/airflow/dags/zillowanalytics.py
[2025-04-05T11:16:26.381+0000] {processor.py:925} INFO - DAG(s) 'zillow_analytics' retrieved from /home/ubuntu/airflow/dags/zillowanalytics.py
[2025-04-05T11:16:26.577+0000] {logging_mixin.py:190} INFO - [2025-04-05T11:16:26.575+0000] {dag.py:3239} INFO - Sync 1 DAGs
[2025-04-05T11:16:26.591+0000] {logging_mixin.py:190} INFO - [2025-04-05T11:16:26.591+0000] {dag.py:4180} INFO - Setting next_dagrun for zillow_analytics to 2025-04-05 00:00:00+00:00, run_after=2025-04-06 00:00:00+00:00
[2025-04-05T11:16:26.611+0000] {processor.py:208} INFO - Processing /home/ubuntu/airflow/dags/zillowanalytics.py took 0.252 seconds
[2025-04-05T11:16:56.740+0000] {processor.py:186} INFO - Started process (PID=7516) to work on /home/ubuntu/airflow/dags/zillowanalytics.py
[2025-04-05T11:16:56.742+0000] {processor.py:914} INFO - Processing file /home/ubuntu/airflow/dags/zillowanalytics.py for tasks to queue
[2025-04-05T11:16:56.743+0000] {logging_mixin.py:190} INFO - [2025-04-05T11:16:56.743+0000] {dagbag.py:588} INFO - Filling up the DagBag from /home/ubuntu/airflow/dags/zillowanalytics.py
[2025-04-05T11:16:56.757+0000] {processor.py:925} INFO - DAG(s) 'zillow_analytics' retrieved from /home/ubuntu/airflow/dags/zillowanalytics.py
[2025-04-05T11:16:56.951+0000] {logging_mixin.py:190} INFO - [2025-04-05T11:16:56.950+0000] {dag.py:3239} INFO - Sync 1 DAGs
[2025-04-05T11:16:56.971+0000] {logging_mixin.py:190} INFO - [2025-04-05T11:16:56.971+0000] {dag.py:4180} INFO - Setting next_dagrun for zillow_analytics to 2025-04-05 00:00:00+00:00, run_after=2025-04-06 00:00:00+00:00
[2025-04-05T11:16:56.990+0000] {processor.py:208} INFO - Processing /home/ubuntu/airflow/dags/zillowanalytics.py took 0.255 seconds
[2025-04-05T11:17:27.115+0000] {processor.py:186} INFO - Started process (PID=7520) to work on /home/ubuntu/airflow/dags/zillowanalytics.py
[2025-04-05T11:17:27.117+0000] {processor.py:914} INFO - Processing file /home/ubuntu/airflow/dags/zillowanalytics.py for tasks to queue
[2025-04-05T11:17:27.119+0000] {logging_mixin.py:190} INFO - [2025-04-05T11:17:27.119+0000] {dagbag.py:588} INFO - Filling up the DagBag from /home/ubuntu/airflow/dags/zillowanalytics.py
[2025-04-05T11:17:27.134+0000] {processor.py:925} INFO - DAG(s) 'zillow_analytics' retrieved from /home/ubuntu/airflow/dags/zillowanalytics.py
[2025-04-05T11:17:27.337+0000] {logging_mixin.py:190} INFO - [2025-04-05T11:17:27.337+0000] {dag.py:3239} INFO - Sync 1 DAGs
[2025-04-05T11:17:27.354+0000] {logging_mixin.py:190} INFO - [2025-04-05T11:17:27.354+0000] {dag.py:4180} INFO - Setting next_dagrun for zillow_analytics to 2025-04-05 00:00:00+00:00, run_after=2025-04-06 00:00:00+00:00
[2025-04-05T11:17:27.374+0000] {processor.py:208} INFO - Processing /home/ubuntu/airflow/dags/zillowanalytics.py took 0.264 seconds
[2025-04-05T11:17:57.497+0000] {processor.py:186} INFO - Started process (PID=7521) to work on /home/ubuntu/airflow/dags/zillowanalytics.py
[2025-04-05T11:17:57.499+0000] {processor.py:914} INFO - Processing file /home/ubuntu/airflow/dags/zillowanalytics.py for tasks to queue
[2025-04-05T11:17:57.500+0000] {logging_mixin.py:190} INFO - [2025-04-05T11:17:57.500+0000] {dagbag.py:588} INFO - Filling up the DagBag from /home/ubuntu/airflow/dags/zillowanalytics.py
[2025-04-05T11:17:57.515+0000] {processor.py:925} INFO - DAG(s) 'zillow_analytics' retrieved from /home/ubuntu/airflow/dags/zillowanalytics.py
[2025-04-05T11:17:57.712+0000] {logging_mixin.py:190} INFO - [2025-04-05T11:17:57.712+0000] {dag.py:3239} INFO - Sync 1 DAGs
[2025-04-05T11:17:57.726+0000] {logging_mixin.py:190} INFO - [2025-04-05T11:17:57.726+0000] {dag.py:4180} INFO - Setting next_dagrun for zillow_analytics to 2025-04-05 00:00:00+00:00, run_after=2025-04-06 00:00:00+00:00
[2025-04-05T11:17:57.746+0000] {processor.py:208} INFO - Processing /home/ubuntu/airflow/dags/zillowanalytics.py took 0.255 seconds
[2025-04-05T11:18:27.874+0000] {processor.py:186} INFO - Started process (PID=7524) to work on /home/ubuntu/airflow/dags/zillowanalytics.py
[2025-04-05T11:18:27.877+0000] {processor.py:914} INFO - Processing file /home/ubuntu/airflow/dags/zillowanalytics.py for tasks to queue
[2025-04-05T11:18:27.879+0000] {logging_mixin.py:190} INFO - [2025-04-05T11:18:27.879+0000] {dagbag.py:588} INFO - Filling up the DagBag from /home/ubuntu/airflow/dags/zillowanalytics.py
[2025-04-05T11:18:27.893+0000] {processor.py:925} INFO - DAG(s) 'zillow_analytics' retrieved from /home/ubuntu/airflow/dags/zillowanalytics.py
[2025-04-05T11:18:28.102+0000] {logging_mixin.py:190} INFO - [2025-04-05T11:18:28.101+0000] {dag.py:3239} INFO - Sync 1 DAGs
[2025-04-05T11:18:28.118+0000] {logging_mixin.py:190} INFO - [2025-04-05T11:18:28.118+0000] {dag.py:4180} INFO - Setting next_dagrun for zillow_analytics to 2025-04-05 00:00:00+00:00, run_after=2025-04-06 00:00:00+00:00
[2025-04-05T11:18:28.137+0000] {processor.py:208} INFO - Processing /home/ubuntu/airflow/dags/zillowanalytics.py took 0.268 seconds
[2025-04-05T11:18:58.250+0000] {processor.py:186} INFO - Started process (PID=7526) to work on /home/ubuntu/airflow/dags/zillowanalytics.py
[2025-04-05T11:18:58.251+0000] {processor.py:914} INFO - Processing file /home/ubuntu/airflow/dags/zillowanalytics.py for tasks to queue
[2025-04-05T11:18:58.253+0000] {logging_mixin.py:190} INFO - [2025-04-05T11:18:58.253+0000] {dagbag.py:588} INFO - Filling up the DagBag from /home/ubuntu/airflow/dags/zillowanalytics.py
[2025-04-05T11:18:58.267+0000] {processor.py:925} INFO - DAG(s) 'zillow_analytics' retrieved from /home/ubuntu/airflow/dags/zillowanalytics.py
[2025-04-05T11:18:58.468+0000] {logging_mixin.py:190} INFO - [2025-04-05T11:18:58.468+0000] {dag.py:3239} INFO - Sync 1 DAGs
[2025-04-05T11:18:58.483+0000] {logging_mixin.py:190} INFO - [2025-04-05T11:18:58.482+0000] {dag.py:4180} INFO - Setting next_dagrun for zillow_analytics to 2025-04-05 00:00:00+00:00, run_after=2025-04-06 00:00:00+00:00
[2025-04-05T11:18:58.506+0000] {processor.py:208} INFO - Processing /home/ubuntu/airflow/dags/zillowanalytics.py took 0.261 seconds
[2025-04-05T11:19:28.626+0000] {processor.py:186} INFO - Started process (PID=7527) to work on /home/ubuntu/airflow/dags/zillowanalytics.py
[2025-04-05T11:19:28.628+0000] {processor.py:914} INFO - Processing file /home/ubuntu/airflow/dags/zillowanalytics.py for tasks to queue
[2025-04-05T11:19:28.629+0000] {logging_mixin.py:190} INFO - [2025-04-05T11:19:28.629+0000] {dagbag.py:588} INFO - Filling up the DagBag from /home/ubuntu/airflow/dags/zillowanalytics.py
[2025-04-05T11:19:28.644+0000] {processor.py:925} INFO - DAG(s) 'zillow_analytics' retrieved from /home/ubuntu/airflow/dags/zillowanalytics.py
[2025-04-05T11:19:28.842+0000] {logging_mixin.py:190} INFO - [2025-04-05T11:19:28.841+0000] {dag.py:3239} INFO - Sync 1 DAGs
[2025-04-05T11:19:28.855+0000] {logging_mixin.py:190} INFO - [2025-04-05T11:19:28.855+0000] {dag.py:4180} INFO - Setting next_dagrun for zillow_analytics to 2025-04-05 00:00:00+00:00, run_after=2025-04-06 00:00:00+00:00
[2025-04-05T11:19:28.874+0000] {processor.py:208} INFO - Processing /home/ubuntu/airflow/dags/zillowanalytics.py took 0.253 seconds
[2025-04-05T11:19:58.999+0000] {processor.py:186} INFO - Started process (PID=7528) to work on /home/ubuntu/airflow/dags/zillowanalytics.py
[2025-04-05T11:19:59.000+0000] {processor.py:914} INFO - Processing file /home/ubuntu/airflow/dags/zillowanalytics.py for tasks to queue
[2025-04-05T11:19:59.002+0000] {logging_mixin.py:190} INFO - [2025-04-05T11:19:59.001+0000] {dagbag.py:588} INFO - Filling up the DagBag from /home/ubuntu/airflow/dags/zillowanalytics.py
[2025-04-05T11:19:59.017+0000] {processor.py:925} INFO - DAG(s) 'zillow_analytics' retrieved from /home/ubuntu/airflow/dags/zillowanalytics.py
[2025-04-05T11:19:59.215+0000] {logging_mixin.py:190} INFO - [2025-04-05T11:19:59.215+0000] {dag.py:3239} INFO - Sync 1 DAGs
[2025-04-05T11:19:59.229+0000] {logging_mixin.py:190} INFO - [2025-04-05T11:19:59.229+0000] {dag.py:4180} INFO - Setting next_dagrun for zillow_analytics to 2025-04-05 00:00:00+00:00, run_after=2025-04-06 00:00:00+00:00
[2025-04-05T11:19:59.250+0000] {processor.py:208} INFO - Processing /home/ubuntu/airflow/dags/zillowanalytics.py took 0.257 seconds
[2025-04-05T11:20:29.374+0000] {processor.py:186} INFO - Started process (PID=7533) to work on /home/ubuntu/airflow/dags/zillowanalytics.py
[2025-04-05T11:20:29.375+0000] {processor.py:914} INFO - Processing file /home/ubuntu/airflow/dags/zillowanalytics.py for tasks to queue
[2025-04-05T11:20:29.377+0000] {logging_mixin.py:190} INFO - [2025-04-05T11:20:29.377+0000] {dagbag.py:588} INFO - Filling up the DagBag from /home/ubuntu/airflow/dags/zillowanalytics.py
[2025-04-05T11:20:29.392+0000] {processor.py:925} INFO - DAG(s) 'zillow_analytics' retrieved from /home/ubuntu/airflow/dags/zillowanalytics.py
[2025-04-05T11:20:29.592+0000] {logging_mixin.py:190} INFO - [2025-04-05T11:20:29.592+0000] {dag.py:3239} INFO - Sync 1 DAGs
[2025-04-05T11:20:29.609+0000] {logging_mixin.py:190} INFO - [2025-04-05T11:20:29.609+0000] {dag.py:4180} INFO - Setting next_dagrun for zillow_analytics to 2025-04-05 00:00:00+00:00, run_after=2025-04-06 00:00:00+00:00
[2025-04-05T11:20:29.629+0000] {processor.py:208} INFO - Processing /home/ubuntu/airflow/dags/zillowanalytics.py took 0.261 seconds
[2025-04-05T11:20:59.826+0000] {processor.py:186} INFO - Started process (PID=7534) to work on /home/ubuntu/airflow/dags/zillowanalytics.py
[2025-04-05T11:20:59.827+0000] {processor.py:914} INFO - Processing file /home/ubuntu/airflow/dags/zillowanalytics.py for tasks to queue
[2025-04-05T11:20:59.829+0000] {logging_mixin.py:190} INFO - [2025-04-05T11:20:59.829+0000] {dagbag.py:588} INFO - Filling up the DagBag from /home/ubuntu/airflow/dags/zillowanalytics.py
[2025-04-05T11:20:59.844+0000] {processor.py:925} INFO - DAG(s) 'zillow_analytics' retrieved from /home/ubuntu/airflow/dags/zillowanalytics.py
[2025-04-05T11:21:00.042+0000] {logging_mixin.py:190} INFO - [2025-04-05T11:21:00.041+0000] {dag.py:3239} INFO - Sync 1 DAGs
[2025-04-05T11:21:00.059+0000] {logging_mixin.py:190} INFO - [2025-04-05T11:21:00.059+0000] {dag.py:4180} INFO - Setting next_dagrun for zillow_analytics to 2025-04-05 00:00:00+00:00, run_after=2025-04-06 00:00:00+00:00
[2025-04-05T11:21:00.081+0000] {processor.py:208} INFO - Processing /home/ubuntu/airflow/dags/zillowanalytics.py took 0.261 seconds
[2025-04-05T11:21:30.201+0000] {processor.py:186} INFO - Started process (PID=7536) to work on /home/ubuntu/airflow/dags/zillowanalytics.py
[2025-04-05T11:21:30.202+0000] {processor.py:914} INFO - Processing file /home/ubuntu/airflow/dags/zillowanalytics.py for tasks to queue
[2025-04-05T11:21:30.203+0000] {logging_mixin.py:190} INFO - [2025-04-05T11:21:30.203+0000] {dagbag.py:588} INFO - Filling up the DagBag from /home/ubuntu/airflow/dags/zillowanalytics.py
[2025-04-05T11:21:30.218+0000] {processor.py:925} INFO - DAG(s) 'zillow_analytics' retrieved from /home/ubuntu/airflow/dags/zillowanalytics.py
[2025-04-05T11:21:30.409+0000] {logging_mixin.py:190} INFO - [2025-04-05T11:21:30.409+0000] {dag.py:3239} INFO - Sync 1 DAGs
[2025-04-05T11:21:30.424+0000] {logging_mixin.py:190} INFO - [2025-04-05T11:21:30.424+0000] {dag.py:4180} INFO - Setting next_dagrun for zillow_analytics to 2025-04-05 00:00:00+00:00, run_after=2025-04-06 00:00:00+00:00
[2025-04-05T11:21:30.444+0000] {processor.py:208} INFO - Processing /home/ubuntu/airflow/dags/zillowanalytics.py took 0.248 seconds
[2025-04-05T11:22:00.575+0000] {processor.py:186} INFO - Started process (PID=7537) to work on /home/ubuntu/airflow/dags/zillowanalytics.py
[2025-04-05T11:22:00.577+0000] {processor.py:914} INFO - Processing file /home/ubuntu/airflow/dags/zillowanalytics.py for tasks to queue
[2025-04-05T11:22:00.579+0000] {logging_mixin.py:190} INFO - [2025-04-05T11:22:00.578+0000] {dagbag.py:588} INFO - Filling up the DagBag from /home/ubuntu/airflow/dags/zillowanalytics.py
[2025-04-05T11:22:00.593+0000] {processor.py:925} INFO - DAG(s) 'zillow_analytics' retrieved from /home/ubuntu/airflow/dags/zillowanalytics.py
[2025-04-05T11:22:00.782+0000] {logging_mixin.py:190} INFO - [2025-04-05T11:22:00.782+0000] {dag.py:3239} INFO - Sync 1 DAGs
[2025-04-05T11:22:00.797+0000] {logging_mixin.py:190} INFO - [2025-04-05T11:22:00.797+0000] {dag.py:4180} INFO - Setting next_dagrun for zillow_analytics to 2025-04-05 00:00:00+00:00, run_after=2025-04-06 00:00:00+00:00
[2025-04-05T11:22:00.816+0000] {processor.py:208} INFO - Processing /home/ubuntu/airflow/dags/zillowanalytics.py took 0.246 seconds
[2025-04-05T11:22:30.950+0000] {processor.py:186} INFO - Started process (PID=7538) to work on /home/ubuntu/airflow/dags/zillowanalytics.py
[2025-04-05T11:22:30.952+0000] {processor.py:914} INFO - Processing file /home/ubuntu/airflow/dags/zillowanalytics.py for tasks to queue
[2025-04-05T11:22:30.953+0000] {logging_mixin.py:190} INFO - [2025-04-05T11:22:30.953+0000] {dagbag.py:588} INFO - Filling up the DagBag from /home/ubuntu/airflow/dags/zillowanalytics.py
[2025-04-05T11:22:30.969+0000] {processor.py:925} INFO - DAG(s) 'zillow_analytics' retrieved from /home/ubuntu/airflow/dags/zillowanalytics.py
[2025-04-05T11:22:31.164+0000] {logging_mixin.py:190} INFO - [2025-04-05T11:22:31.164+0000] {dag.py:3239} INFO - Sync 1 DAGs
[2025-04-05T11:22:31.178+0000] {logging_mixin.py:190} INFO - [2025-04-05T11:22:31.178+0000] {dag.py:4180} INFO - Setting next_dagrun for zillow_analytics to 2025-04-05 00:00:00+00:00, run_after=2025-04-06 00:00:00+00:00
[2025-04-05T11:22:31.198+0000] {processor.py:208} INFO - Processing /home/ubuntu/airflow/dags/zillowanalytics.py took 0.253 seconds
[2025-04-05T11:23:01.327+0000] {processor.py:186} INFO - Started process (PID=7539) to work on /home/ubuntu/airflow/dags/zillowanalytics.py
[2025-04-05T11:23:01.329+0000] {processor.py:914} INFO - Processing file /home/ubuntu/airflow/dags/zillowanalytics.py for tasks to queue
[2025-04-05T11:23:01.331+0000] {logging_mixin.py:190} INFO - [2025-04-05T11:23:01.330+0000] {dagbag.py:588} INFO - Filling up the DagBag from /home/ubuntu/airflow/dags/zillowanalytics.py
[2025-04-05T11:23:01.345+0000] {processor.py:925} INFO - DAG(s) 'zillow_analytics' retrieved from /home/ubuntu/airflow/dags/zillowanalytics.py
[2025-04-05T11:23:01.555+0000] {logging_mixin.py:190} INFO - [2025-04-05T11:23:01.555+0000] {dag.py:3239} INFO - Sync 1 DAGs
[2025-04-05T11:23:01.571+0000] {logging_mixin.py:190} INFO - [2025-04-05T11:23:01.571+0000] {dag.py:4180} INFO - Setting next_dagrun for zillow_analytics to 2025-04-05 00:00:00+00:00, run_after=2025-04-06 00:00:00+00:00
[2025-04-05T11:23:01.591+0000] {processor.py:208} INFO - Processing /home/ubuntu/airflow/dags/zillowanalytics.py took 0.270 seconds
[2025-04-05T11:23:31.705+0000] {processor.py:186} INFO - Started process (PID=7540) to work on /home/ubuntu/airflow/dags/zillowanalytics.py
[2025-04-05T11:23:31.707+0000] {processor.py:914} INFO - Processing file /home/ubuntu/airflow/dags/zillowanalytics.py for tasks to queue
[2025-04-05T11:23:31.709+0000] {logging_mixin.py:190} INFO - [2025-04-05T11:23:31.709+0000] {dagbag.py:588} INFO - Filling up the DagBag from /home/ubuntu/airflow/dags/zillowanalytics.py
[2025-04-05T11:23:31.723+0000] {processor.py:925} INFO - DAG(s) 'zillow_analytics' retrieved from /home/ubuntu/airflow/dags/zillowanalytics.py
[2025-04-05T11:23:31.923+0000] {logging_mixin.py:190} INFO - [2025-04-05T11:23:31.923+0000] {dag.py:3239} INFO - Sync 1 DAGs
[2025-04-05T11:23:31.939+0000] {logging_mixin.py:190} INFO - [2025-04-05T11:23:31.939+0000] {dag.py:4180} INFO - Setting next_dagrun for zillow_analytics to 2025-04-05 00:00:00+00:00, run_after=2025-04-06 00:00:00+00:00
[2025-04-05T11:23:31.958+0000] {processor.py:208} INFO - Processing /home/ubuntu/airflow/dags/zillowanalytics.py took 0.259 seconds
[2025-04-05T11:24:02.080+0000] {processor.py:186} INFO - Started process (PID=7541) to work on /home/ubuntu/airflow/dags/zillowanalytics.py
[2025-04-05T11:24:02.081+0000] {processor.py:914} INFO - Processing file /home/ubuntu/airflow/dags/zillowanalytics.py for tasks to queue
[2025-04-05T11:24:02.083+0000] {logging_mixin.py:190} INFO - [2025-04-05T11:24:02.083+0000] {dagbag.py:588} INFO - Filling up the DagBag from /home/ubuntu/airflow/dags/zillowanalytics.py
[2025-04-05T11:24:02.099+0000] {processor.py:925} INFO - DAG(s) 'zillow_analytics' retrieved from /home/ubuntu/airflow/dags/zillowanalytics.py
[2025-04-05T11:24:02.301+0000] {logging_mixin.py:190} INFO - [2025-04-05T11:24:02.300+0000] {dag.py:3239} INFO - Sync 1 DAGs
[2025-04-05T11:24:02.316+0000] {logging_mixin.py:190} INFO - [2025-04-05T11:24:02.316+0000] {dag.py:4180} INFO - Setting next_dagrun for zillow_analytics to 2025-04-05 00:00:00+00:00, run_after=2025-04-06 00:00:00+00:00
[2025-04-05T11:24:02.338+0000] {processor.py:208} INFO - Processing /home/ubuntu/airflow/dags/zillowanalytics.py took 0.263 seconds
[2025-04-05T11:24:32.457+0000] {processor.py:186} INFO - Started process (PID=7543) to work on /home/ubuntu/airflow/dags/zillowanalytics.py
[2025-04-05T11:24:32.459+0000] {processor.py:914} INFO - Processing file /home/ubuntu/airflow/dags/zillowanalytics.py for tasks to queue
[2025-04-05T11:24:32.461+0000] {logging_mixin.py:190} INFO - [2025-04-05T11:24:32.460+0000] {dagbag.py:588} INFO - Filling up the DagBag from /home/ubuntu/airflow/dags/zillowanalytics.py
[2025-04-05T11:24:32.475+0000] {processor.py:925} INFO - DAG(s) 'zillow_analytics' retrieved from /home/ubuntu/airflow/dags/zillowanalytics.py
[2025-04-05T11:24:32.668+0000] {logging_mixin.py:190} INFO - [2025-04-05T11:24:32.668+0000] {dag.py:3239} INFO - Sync 1 DAGs
[2025-04-05T11:24:32.685+0000] {logging_mixin.py:190} INFO - [2025-04-05T11:24:32.685+0000] {dag.py:4180} INFO - Setting next_dagrun for zillow_analytics to 2025-04-05 00:00:00+00:00, run_after=2025-04-06 00:00:00+00:00
[2025-04-05T11:24:32.702+0000] {processor.py:208} INFO - Processing /home/ubuntu/airflow/dags/zillowanalytics.py took 0.250 seconds
[2025-04-05T11:25:02.833+0000] {processor.py:186} INFO - Started process (PID=7547) to work on /home/ubuntu/airflow/dags/zillowanalytics.py
[2025-04-05T11:25:02.834+0000] {processor.py:914} INFO - Processing file /home/ubuntu/airflow/dags/zillowanalytics.py for tasks to queue
[2025-04-05T11:25:02.835+0000] {logging_mixin.py:190} INFO - [2025-04-05T11:25:02.835+0000] {dagbag.py:588} INFO - Filling up the DagBag from /home/ubuntu/airflow/dags/zillowanalytics.py
[2025-04-05T11:25:02.851+0000] {processor.py:925} INFO - DAG(s) 'zillow_analytics' retrieved from /home/ubuntu/airflow/dags/zillowanalytics.py
[2025-04-05T11:25:03.060+0000] {logging_mixin.py:190} INFO - [2025-04-05T11:25:03.059+0000] {dag.py:3239} INFO - Sync 1 DAGs
[2025-04-05T11:25:03.076+0000] {logging_mixin.py:190} INFO - [2025-04-05T11:25:03.076+0000] {dag.py:4180} INFO - Setting next_dagrun for zillow_analytics to 2025-04-05 00:00:00+00:00, run_after=2025-04-06 00:00:00+00:00
[2025-04-05T11:25:03.097+0000] {processor.py:208} INFO - Processing /home/ubuntu/airflow/dags/zillowanalytics.py took 0.269 seconds
[2025-04-05T11:25:33.209+0000] {processor.py:186} INFO - Started process (PID=7549) to work on /home/ubuntu/airflow/dags/zillowanalytics.py
[2025-04-05T11:25:33.211+0000] {processor.py:914} INFO - Processing file /home/ubuntu/airflow/dags/zillowanalytics.py for tasks to queue
[2025-04-05T11:25:33.212+0000] {logging_mixin.py:190} INFO - [2025-04-05T11:25:33.212+0000] {dagbag.py:588} INFO - Filling up the DagBag from /home/ubuntu/airflow/dags/zillowanalytics.py
[2025-04-05T11:25:33.226+0000] {processor.py:925} INFO - DAG(s) 'zillow_analytics' retrieved from /home/ubuntu/airflow/dags/zillowanalytics.py
[2025-04-05T11:25:33.417+0000] {logging_mixin.py:190} INFO - [2025-04-05T11:25:33.417+0000] {dag.py:3239} INFO - Sync 1 DAGs
[2025-04-05T11:25:33.431+0000] {logging_mixin.py:190} INFO - [2025-04-05T11:25:33.431+0000] {dag.py:4180} INFO - Setting next_dagrun for zillow_analytics to 2025-04-05 00:00:00+00:00, run_after=2025-04-06 00:00:00+00:00
[2025-04-05T11:25:33.452+0000] {processor.py:208} INFO - Processing /home/ubuntu/airflow/dags/zillowanalytics.py took 0.249 seconds
[2025-04-05T11:26:03.585+0000] {processor.py:186} INFO - Started process (PID=7550) to work on /home/ubuntu/airflow/dags/zillowanalytics.py
[2025-04-05T11:26:03.586+0000] {processor.py:914} INFO - Processing file /home/ubuntu/airflow/dags/zillowanalytics.py for tasks to queue
[2025-04-05T11:26:03.588+0000] {logging_mixin.py:190} INFO - [2025-04-05T11:26:03.588+0000] {dagbag.py:588} INFO - Filling up the DagBag from /home/ubuntu/airflow/dags/zillowanalytics.py
[2025-04-05T11:26:03.603+0000] {processor.py:925} INFO - DAG(s) 'zillow_analytics' retrieved from /home/ubuntu/airflow/dags/zillowanalytics.py
[2025-04-05T11:26:03.808+0000] {logging_mixin.py:190} INFO - [2025-04-05T11:26:03.808+0000] {dag.py:3239} INFO - Sync 1 DAGs
[2025-04-05T11:26:03.823+0000] {logging_mixin.py:190} INFO - [2025-04-05T11:26:03.822+0000] {dag.py:4180} INFO - Setting next_dagrun for zillow_analytics to 2025-04-05 00:00:00+00:00, run_after=2025-04-06 00:00:00+00:00
[2025-04-05T11:26:03.843+0000] {processor.py:208} INFO - Processing /home/ubuntu/airflow/dags/zillowanalytics.py took 0.264 seconds
[2025-04-05T11:26:33.959+0000] {processor.py:186} INFO - Started process (PID=7552) to work on /home/ubuntu/airflow/dags/zillowanalytics.py
[2025-04-05T11:26:33.960+0000] {processor.py:914} INFO - Processing file /home/ubuntu/airflow/dags/zillowanalytics.py for tasks to queue
[2025-04-05T11:26:33.962+0000] {logging_mixin.py:190} INFO - [2025-04-05T11:26:33.962+0000] {dagbag.py:588} INFO - Filling up the DagBag from /home/ubuntu/airflow/dags/zillowanalytics.py
[2025-04-05T11:26:33.976+0000] {processor.py:925} INFO - DAG(s) 'zillow_analytics' retrieved from /home/ubuntu/airflow/dags/zillowanalytics.py
[2025-04-05T11:26:34.172+0000] {logging_mixin.py:190} INFO - [2025-04-05T11:26:34.172+0000] {dag.py:3239} INFO - Sync 1 DAGs
[2025-04-05T11:26:34.185+0000] {logging_mixin.py:190} INFO - [2025-04-05T11:26:34.185+0000] {dag.py:4180} INFO - Setting next_dagrun for zillow_analytics to 2025-04-05 00:00:00+00:00, run_after=2025-04-06 00:00:00+00:00
[2025-04-05T11:26:34.206+0000] {processor.py:208} INFO - Processing /home/ubuntu/airflow/dags/zillowanalytics.py took 0.251 seconds
[2025-04-05T11:27:04.335+0000] {processor.py:186} INFO - Started process (PID=7553) to work on /home/ubuntu/airflow/dags/zillowanalytics.py
[2025-04-05T11:27:04.337+0000] {processor.py:914} INFO - Processing file /home/ubuntu/airflow/dags/zillowanalytics.py for tasks to queue
[2025-04-05T11:27:04.339+0000] {logging_mixin.py:190} INFO - [2025-04-05T11:27:04.338+0000] {dagbag.py:588} INFO - Filling up the DagBag from /home/ubuntu/airflow/dags/zillowanalytics.py
[2025-04-05T11:27:04.353+0000] {processor.py:925} INFO - DAG(s) 'zillow_analytics' retrieved from /home/ubuntu/airflow/dags/zillowanalytics.py
[2025-04-05T11:27:04.563+0000] {logging_mixin.py:190} INFO - [2025-04-05T11:27:04.563+0000] {dag.py:3239} INFO - Sync 1 DAGs
[2025-04-05T11:27:04.579+0000] {logging_mixin.py:190} INFO - [2025-04-05T11:27:04.578+0000] {dag.py:4180} INFO - Setting next_dagrun for zillow_analytics to 2025-04-05 00:00:00+00:00, run_after=2025-04-06 00:00:00+00:00
[2025-04-05T11:27:04.599+0000] {processor.py:208} INFO - Processing /home/ubuntu/airflow/dags/zillowanalytics.py took 0.270 seconds
[2025-04-05T11:27:34.711+0000] {processor.py:186} INFO - Started process (PID=7555) to work on /home/ubuntu/airflow/dags/zillowanalytics.py
[2025-04-05T11:27:34.712+0000] {processor.py:914} INFO - Processing file /home/ubuntu/airflow/dags/zillowanalytics.py for tasks to queue
[2025-04-05T11:27:34.713+0000] {logging_mixin.py:190} INFO - [2025-04-05T11:27:34.713+0000] {dagbag.py:588} INFO - Filling up the DagBag from /home/ubuntu/airflow/dags/zillowanalytics.py
[2025-04-05T11:27:34.729+0000] {processor.py:925} INFO - DAG(s) 'zillow_analytics' retrieved from /home/ubuntu/airflow/dags/zillowanalytics.py
[2025-04-05T11:27:34.920+0000] {logging_mixin.py:190} INFO - [2025-04-05T11:27:34.920+0000] {dag.py:3239} INFO - Sync 1 DAGs
[2025-04-05T11:27:34.935+0000] {logging_mixin.py:190} INFO - [2025-04-05T11:27:34.934+0000] {dag.py:4180} INFO - Setting next_dagrun for zillow_analytics to 2025-04-05 00:00:00+00:00, run_after=2025-04-06 00:00:00+00:00
[2025-04-05T11:27:34.953+0000] {processor.py:208} INFO - Processing /home/ubuntu/airflow/dags/zillowanalytics.py took 0.248 seconds
[2025-04-05T11:28:05.086+0000] {processor.py:186} INFO - Started process (PID=7557) to work on /home/ubuntu/airflow/dags/zillowanalytics.py
[2025-04-05T11:28:05.088+0000] {processor.py:914} INFO - Processing file /home/ubuntu/airflow/dags/zillowanalytics.py for tasks to queue
[2025-04-05T11:28:05.090+0000] {logging_mixin.py:190} INFO - [2025-04-05T11:28:05.089+0000] {dagbag.py:588} INFO - Filling up the DagBag from /home/ubuntu/airflow/dags/zillowanalytics.py
[2025-04-05T11:28:05.105+0000] {processor.py:925} INFO - DAG(s) 'zillow_analytics' retrieved from /home/ubuntu/airflow/dags/zillowanalytics.py
[2025-04-05T11:28:05.308+0000] {logging_mixin.py:190} INFO - [2025-04-05T11:28:05.308+0000] {dag.py:3239} INFO - Sync 1 DAGs
[2025-04-05T11:28:05.322+0000] {logging_mixin.py:190} INFO - [2025-04-05T11:28:05.322+0000] {dag.py:4180} INFO - Setting next_dagrun for zillow_analytics to 2025-04-05 00:00:00+00:00, run_after=2025-04-06 00:00:00+00:00
[2025-04-05T11:28:05.344+0000] {processor.py:208} INFO - Processing /home/ubuntu/airflow/dags/zillowanalytics.py took 0.263 seconds
[2025-04-05T11:28:35.464+0000] {processor.py:186} INFO - Started process (PID=7558) to work on /home/ubuntu/airflow/dags/zillowanalytics.py
[2025-04-05T11:28:35.465+0000] {processor.py:914} INFO - Processing file /home/ubuntu/airflow/dags/zillowanalytics.py for tasks to queue
[2025-04-05T11:28:35.466+0000] {logging_mixin.py:190} INFO - [2025-04-05T11:28:35.466+0000] {dagbag.py:588} INFO - Filling up the DagBag from /home/ubuntu/airflow/dags/zillowanalytics.py
[2025-04-05T11:28:35.481+0000] {processor.py:925} INFO - DAG(s) 'zillow_analytics' retrieved from /home/ubuntu/airflow/dags/zillowanalytics.py
[2025-04-05T11:28:35.677+0000] {logging_mixin.py:190} INFO - [2025-04-05T11:28:35.677+0000] {dag.py:3239} INFO - Sync 1 DAGs
[2025-04-05T11:28:35.694+0000] {logging_mixin.py:190} INFO - [2025-04-05T11:28:35.694+0000] {dag.py:4180} INFO - Setting next_dagrun for zillow_analytics to 2025-04-05 00:00:00+00:00, run_after=2025-04-06 00:00:00+00:00
[2025-04-05T11:28:35.714+0000] {processor.py:208} INFO - Processing /home/ubuntu/airflow/dags/zillowanalytics.py took 0.256 seconds
[2025-04-05T11:29:05.838+0000] {processor.py:186} INFO - Started process (PID=7560) to work on /home/ubuntu/airflow/dags/zillowanalytics.py
[2025-04-05T11:29:05.840+0000] {processor.py:914} INFO - Processing file /home/ubuntu/airflow/dags/zillowanalytics.py for tasks to queue
[2025-04-05T11:29:05.842+0000] {logging_mixin.py:190} INFO - [2025-04-05T11:29:05.842+0000] {dagbag.py:588} INFO - Filling up the DagBag from /home/ubuntu/airflow/dags/zillowanalytics.py
[2025-04-05T11:29:05.858+0000] {processor.py:925} INFO - DAG(s) 'zillow_analytics' retrieved from /home/ubuntu/airflow/dags/zillowanalytics.py
[2025-04-05T11:29:06.052+0000] {logging_mixin.py:190} INFO - [2025-04-05T11:29:06.052+0000] {dag.py:3239} INFO - Sync 1 DAGs
[2025-04-05T11:29:06.069+0000] {logging_mixin.py:190} INFO - [2025-04-05T11:29:06.069+0000] {dag.py:4180} INFO - Setting next_dagrun for zillow_analytics to 2025-04-05 00:00:00+00:00, run_after=2025-04-06 00:00:00+00:00
[2025-04-05T11:29:06.090+0000] {processor.py:208} INFO - Processing /home/ubuntu/airflow/dags/zillowanalytics.py took 0.257 seconds
[2025-04-05T11:29:36.217+0000] {processor.py:186} INFO - Started process (PID=7561) to work on /home/ubuntu/airflow/dags/zillowanalytics.py
[2025-04-05T11:29:36.218+0000] {processor.py:914} INFO - Processing file /home/ubuntu/airflow/dags/zillowanalytics.py for tasks to queue
[2025-04-05T11:29:36.221+0000] {logging_mixin.py:190} INFO - [2025-04-05T11:29:36.220+0000] {dagbag.py:588} INFO - Filling up the DagBag from /home/ubuntu/airflow/dags/zillowanalytics.py
[2025-04-05T11:29:36.236+0000] {processor.py:925} INFO - DAG(s) 'zillow_analytics' retrieved from /home/ubuntu/airflow/dags/zillowanalytics.py
[2025-04-05T11:29:36.437+0000] {logging_mixin.py:190} INFO - [2025-04-05T11:29:36.437+0000] {dag.py:3239} INFO - Sync 1 DAGs
[2025-04-05T11:29:36.451+0000] {logging_mixin.py:190} INFO - [2025-04-05T11:29:36.451+0000] {dag.py:4180} INFO - Setting next_dagrun for zillow_analytics to 2025-04-05 00:00:00+00:00, run_after=2025-04-06 00:00:00+00:00
[2025-04-05T11:29:36.471+0000] {processor.py:208} INFO - Processing /home/ubuntu/airflow/dags/zillowanalytics.py took 0.258 seconds
[2025-04-05T11:30:06.595+0000] {processor.py:186} INFO - Started process (PID=7562) to work on /home/ubuntu/airflow/dags/zillowanalytics.py
[2025-04-05T11:30:06.597+0000] {processor.py:914} INFO - Processing file /home/ubuntu/airflow/dags/zillowanalytics.py for tasks to queue
[2025-04-05T11:30:06.599+0000] {logging_mixin.py:190} INFO - [2025-04-05T11:30:06.598+0000] {dagbag.py:588} INFO - Filling up the DagBag from /home/ubuntu/airflow/dags/zillowanalytics.py
[2025-04-05T11:30:06.614+0000] {processor.py:925} INFO - DAG(s) 'zillow_analytics' retrieved from /home/ubuntu/airflow/dags/zillowanalytics.py
[2025-04-05T11:30:06.824+0000] {logging_mixin.py:190} INFO - [2025-04-05T11:30:06.824+0000] {dag.py:3239} INFO - Sync 1 DAGs
[2025-04-05T11:30:06.839+0000] {logging_mixin.py:190} INFO - [2025-04-05T11:30:06.839+0000] {dag.py:4180} INFO - Setting next_dagrun for zillow_analytics to 2025-04-05 00:00:00+00:00, run_after=2025-04-06 00:00:00+00:00
[2025-04-05T11:30:06.860+0000] {processor.py:208} INFO - Processing /home/ubuntu/airflow/dags/zillowanalytics.py took 0.271 seconds
[2025-04-05T11:30:36.975+0000] {processor.py:186} INFO - Started process (PID=7568) to work on /home/ubuntu/airflow/dags/zillowanalytics.py
[2025-04-05T11:30:36.975+0000] {processor.py:914} INFO - Processing file /home/ubuntu/airflow/dags/zillowanalytics.py for tasks to queue
[2025-04-05T11:30:36.977+0000] {logging_mixin.py:190} INFO - [2025-04-05T11:30:36.976+0000] {dagbag.py:588} INFO - Filling up the DagBag from /home/ubuntu/airflow/dags/zillowanalytics.py
[2025-04-05T11:30:36.992+0000] {processor.py:925} INFO - DAG(s) 'zillow_analytics' retrieved from /home/ubuntu/airflow/dags/zillowanalytics.py
[2025-04-05T11:30:37.199+0000] {logging_mixin.py:190} INFO - [2025-04-05T11:30:37.199+0000] {dag.py:3239} INFO - Sync 1 DAGs
[2025-04-05T11:30:37.214+0000] {logging_mixin.py:190} INFO - [2025-04-05T11:30:37.214+0000] {dag.py:4180} INFO - Setting next_dagrun for zillow_analytics to 2025-04-05 00:00:00+00:00, run_after=2025-04-06 00:00:00+00:00
[2025-04-05T11:30:37.234+0000] {processor.py:208} INFO - Processing /home/ubuntu/airflow/dags/zillowanalytics.py took 0.264 seconds
[2025-04-05T11:31:07.349+0000] {processor.py:186} INFO - Started process (PID=7569) to work on /home/ubuntu/airflow/dags/zillowanalytics.py
[2025-04-05T11:31:07.350+0000] {processor.py:914} INFO - Processing file /home/ubuntu/airflow/dags/zillowanalytics.py for tasks to queue
[2025-04-05T11:31:07.351+0000] {logging_mixin.py:190} INFO - [2025-04-05T11:31:07.351+0000] {dagbag.py:588} INFO - Filling up the DagBag from /home/ubuntu/airflow/dags/zillowanalytics.py
[2025-04-05T11:31:07.366+0000] {processor.py:925} INFO - DAG(s) 'zillow_analytics' retrieved from /home/ubuntu/airflow/dags/zillowanalytics.py
[2025-04-05T11:31:07.569+0000] {logging_mixin.py:190} INFO - [2025-04-05T11:31:07.569+0000] {dag.py:3239} INFO - Sync 1 DAGs
[2025-04-05T11:31:07.583+0000] {logging_mixin.py:190} INFO - [2025-04-05T11:31:07.583+0000] {dag.py:4180} INFO - Setting next_dagrun for zillow_analytics to 2025-04-05 00:00:00+00:00, run_after=2025-04-06 00:00:00+00:00
[2025-04-05T11:31:07.603+0000] {processor.py:208} INFO - Processing /home/ubuntu/airflow/dags/zillowanalytics.py took 0.259 seconds
[2025-04-05T11:31:37.722+0000] {processor.py:186} INFO - Started process (PID=7570) to work on /home/ubuntu/airflow/dags/zillowanalytics.py
[2025-04-05T11:31:37.724+0000] {processor.py:914} INFO - Processing file /home/ubuntu/airflow/dags/zillowanalytics.py for tasks to queue
[2025-04-05T11:31:37.726+0000] {logging_mixin.py:190} INFO - [2025-04-05T11:31:37.725+0000] {dagbag.py:588} INFO - Filling up the DagBag from /home/ubuntu/airflow/dags/zillowanalytics.py
[2025-04-05T11:31:37.740+0000] {processor.py:925} INFO - DAG(s) 'zillow_analytics' retrieved from /home/ubuntu/airflow/dags/zillowanalytics.py
[2025-04-05T11:31:37.940+0000] {logging_mixin.py:190} INFO - [2025-04-05T11:31:37.939+0000] {dag.py:3239} INFO - Sync 1 DAGs
[2025-04-05T11:31:37.953+0000] {logging_mixin.py:190} INFO - [2025-04-05T11:31:37.953+0000] {dag.py:4180} INFO - Setting next_dagrun for zillow_analytics to 2025-04-05 00:00:00+00:00, run_after=2025-04-06 00:00:00+00:00
[2025-04-05T11:31:37.973+0000] {processor.py:208} INFO - Processing /home/ubuntu/airflow/dags/zillowanalytics.py took 0.256 seconds
[2025-04-05T11:32:08.099+0000] {processor.py:186} INFO - Started process (PID=7571) to work on /home/ubuntu/airflow/dags/zillowanalytics.py
[2025-04-05T11:32:08.101+0000] {processor.py:914} INFO - Processing file /home/ubuntu/airflow/dags/zillowanalytics.py for tasks to queue
[2025-04-05T11:32:08.103+0000] {logging_mixin.py:190} INFO - [2025-04-05T11:32:08.103+0000] {dagbag.py:588} INFO - Filling up the DagBag from /home/ubuntu/airflow/dags/zillowanalytics.py
[2025-04-05T11:32:08.118+0000] {processor.py:925} INFO - DAG(s) 'zillow_analytics' retrieved from /home/ubuntu/airflow/dags/zillowanalytics.py
[2025-04-05T11:32:08.316+0000] {logging_mixin.py:190} INFO - [2025-04-05T11:32:08.316+0000] {dag.py:3239} INFO - Sync 1 DAGs
[2025-04-05T11:32:08.331+0000] {logging_mixin.py:190} INFO - [2025-04-05T11:32:08.331+0000] {dag.py:4180} INFO - Setting next_dagrun for zillow_analytics to 2025-04-05 00:00:00+00:00, run_after=2025-04-06 00:00:00+00:00
[2025-04-05T11:32:08.350+0000] {processor.py:208} INFO - Processing /home/ubuntu/airflow/dags/zillowanalytics.py took 0.256 seconds
[2025-04-05T11:32:38.475+0000] {processor.py:186} INFO - Started process (PID=7572) to work on /home/ubuntu/airflow/dags/zillowanalytics.py
[2025-04-05T11:32:38.476+0000] {processor.py:914} INFO - Processing file /home/ubuntu/airflow/dags/zillowanalytics.py for tasks to queue
[2025-04-05T11:32:38.477+0000] {logging_mixin.py:190} INFO - [2025-04-05T11:32:38.477+0000] {dagbag.py:588} INFO - Filling up the DagBag from /home/ubuntu/airflow/dags/zillowanalytics.py
[2025-04-05T11:32:38.494+0000] {processor.py:925} INFO - DAG(s) 'zillow_analytics' retrieved from /home/ubuntu/airflow/dags/zillowanalytics.py
[2025-04-05T11:32:38.699+0000] {logging_mixin.py:190} INFO - [2025-04-05T11:32:38.699+0000] {dag.py:3239} INFO - Sync 1 DAGs
[2025-04-05T11:32:38.715+0000] {logging_mixin.py:190} INFO - [2025-04-05T11:32:38.715+0000] {dag.py:4180} INFO - Setting next_dagrun for zillow_analytics to 2025-04-05 00:00:00+00:00, run_after=2025-04-06 00:00:00+00:00
[2025-04-05T11:32:38.735+0000] {processor.py:208} INFO - Processing /home/ubuntu/airflow/dags/zillowanalytics.py took 0.266 seconds
[2025-04-05T11:33:08.851+0000] {processor.py:186} INFO - Started process (PID=7574) to work on /home/ubuntu/airflow/dags/zillowanalytics.py
[2025-04-05T11:33:08.854+0000] {processor.py:914} INFO - Processing file /home/ubuntu/airflow/dags/zillowanalytics.py for tasks to queue
[2025-04-05T11:33:08.855+0000] {logging_mixin.py:190} INFO - [2025-04-05T11:33:08.855+0000] {dagbag.py:588} INFO - Filling up the DagBag from /home/ubuntu/airflow/dags/zillowanalytics.py
[2025-04-05T11:33:08.870+0000] {processor.py:925} INFO - DAG(s) 'zillow_analytics' retrieved from /home/ubuntu/airflow/dags/zillowanalytics.py
[2025-04-05T11:33:09.069+0000] {logging_mixin.py:190} INFO - [2025-04-05T11:33:09.068+0000] {dag.py:3239} INFO - Sync 1 DAGs
[2025-04-05T11:33:09.084+0000] {logging_mixin.py:190} INFO - [2025-04-05T11:33:09.084+0000] {dag.py:4180} INFO - Setting next_dagrun for zillow_analytics to 2025-04-05 00:00:00+00:00, run_after=2025-04-06 00:00:00+00:00
[2025-04-05T11:33:09.104+0000] {processor.py:208} INFO - Processing /home/ubuntu/airflow/dags/zillowanalytics.py took 0.258 seconds
[2025-04-05T11:33:39.226+0000] {processor.py:186} INFO - Started process (PID=7575) to work on /home/ubuntu/airflow/dags/zillowanalytics.py
[2025-04-05T11:33:39.227+0000] {processor.py:914} INFO - Processing file /home/ubuntu/airflow/dags/zillowanalytics.py for tasks to queue
[2025-04-05T11:33:39.229+0000] {logging_mixin.py:190} INFO - [2025-04-05T11:33:39.229+0000] {dagbag.py:588} INFO - Filling up the DagBag from /home/ubuntu/airflow/dags/zillowanalytics.py
[2025-04-05T11:33:39.244+0000] {processor.py:925} INFO - DAG(s) 'zillow_analytics' retrieved from /home/ubuntu/airflow/dags/zillowanalytics.py
[2025-04-05T11:33:39.449+0000] {logging_mixin.py:190} INFO - [2025-04-05T11:33:39.449+0000] {dag.py:3239} INFO - Sync 1 DAGs
[2025-04-05T11:33:39.463+0000] {logging_mixin.py:190} INFO - [2025-04-05T11:33:39.463+0000] {dag.py:4180} INFO - Setting next_dagrun for zillow_analytics to 2025-04-05 00:00:00+00:00, run_after=2025-04-06 00:00:00+00:00
[2025-04-05T11:33:39.483+0000] {processor.py:208} INFO - Processing /home/ubuntu/airflow/dags/zillowanalytics.py took 0.262 seconds
[2025-04-05T11:34:09.604+0000] {processor.py:186} INFO - Started process (PID=7590) to work on /home/ubuntu/airflow/dags/zillowanalytics.py
[2025-04-05T11:34:09.606+0000] {processor.py:914} INFO - Processing file /home/ubuntu/airflow/dags/zillowanalytics.py for tasks to queue
[2025-04-05T11:34:09.608+0000] {logging_mixin.py:190} INFO - [2025-04-05T11:34:09.608+0000] {dagbag.py:588} INFO - Filling up the DagBag from /home/ubuntu/airflow/dags/zillowanalytics.py
[2025-04-05T11:34:09.624+0000] {processor.py:925} INFO - DAG(s) 'zillow_analytics' retrieved from /home/ubuntu/airflow/dags/zillowanalytics.py
[2025-04-05T11:34:09.824+0000] {logging_mixin.py:190} INFO - [2025-04-05T11:34:09.824+0000] {dag.py:3239} INFO - Sync 1 DAGs
[2025-04-05T11:34:09.839+0000] {logging_mixin.py:190} INFO - [2025-04-05T11:34:09.838+0000] {dag.py:4180} INFO - Setting next_dagrun for zillow_analytics to 2025-04-05 00:00:00+00:00, run_after=2025-04-06 00:00:00+00:00
[2025-04-05T11:34:09.859+0000] {processor.py:208} INFO - Processing /home/ubuntu/airflow/dags/zillowanalytics.py took 0.260 seconds
[2025-04-05T11:34:39.976+0000] {processor.py:186} INFO - Started process (PID=7591) to work on /home/ubuntu/airflow/dags/zillowanalytics.py
[2025-04-05T11:34:39.977+0000] {processor.py:914} INFO - Processing file /home/ubuntu/airflow/dags/zillowanalytics.py for tasks to queue
[2025-04-05T11:34:39.979+0000] {logging_mixin.py:190} INFO - [2025-04-05T11:34:39.978+0000] {dagbag.py:588} INFO - Filling up the DagBag from /home/ubuntu/airflow/dags/zillowanalytics.py
[2025-04-05T11:34:39.994+0000] {processor.py:925} INFO - DAG(s) 'zillow_analytics' retrieved from /home/ubuntu/airflow/dags/zillowanalytics.py
[2025-04-05T11:34:40.208+0000] {logging_mixin.py:190} INFO - [2025-04-05T11:34:40.207+0000] {dag.py:3239} INFO - Sync 1 DAGs
[2025-04-05T11:34:40.223+0000] {logging_mixin.py:190} INFO - [2025-04-05T11:34:40.223+0000] {dag.py:4180} INFO - Setting next_dagrun for zillow_analytics to 2025-04-05 00:00:00+00:00, run_after=2025-04-06 00:00:00+00:00
[2025-04-05T11:34:40.242+0000] {processor.py:208} INFO - Processing /home/ubuntu/airflow/dags/zillowanalytics.py took 0.271 seconds
[2025-04-05T11:35:10.669+0000] {processor.py:186} INFO - Started process (PID=7607) to work on /home/ubuntu/airflow/dags/zillowanalytics.py
[2025-04-05T11:35:10.671+0000] {processor.py:914} INFO - Processing file /home/ubuntu/airflow/dags/zillowanalytics.py for tasks to queue
[2025-04-05T11:35:10.673+0000] {logging_mixin.py:190} INFO - [2025-04-05T11:35:10.673+0000] {dagbag.py:588} INFO - Filling up the DagBag from /home/ubuntu/airflow/dags/zillowanalytics.py
[2025-04-05T11:35:10.687+0000] {processor.py:925} INFO - DAG(s) 'zillow_analytics' retrieved from /home/ubuntu/airflow/dags/zillowanalytics.py
[2025-04-05T11:35:10.884+0000] {logging_mixin.py:190} INFO - [2025-04-05T11:35:10.884+0000] {dag.py:3239} INFO - Sync 1 DAGs
[2025-04-05T11:35:10.899+0000] {logging_mixin.py:190} INFO - [2025-04-05T11:35:10.899+0000] {dag.py:4180} INFO - Setting next_dagrun for zillow_analytics to 2025-04-05 00:00:00+00:00, run_after=2025-04-06 00:00:00+00:00
[2025-04-05T11:35:10.918+0000] {processor.py:208} INFO - Processing /home/ubuntu/airflow/dags/zillowanalytics.py took 0.255 seconds
[2025-04-05T11:35:41.939+0000] {processor.py:186} INFO - Started process (PID=7609) to work on /home/ubuntu/airflow/dags/zillowanalytics.py
[2025-04-05T11:35:41.941+0000] {processor.py:914} INFO - Processing file /home/ubuntu/airflow/dags/zillowanalytics.py for tasks to queue
[2025-04-05T11:35:41.942+0000] {logging_mixin.py:190} INFO - [2025-04-05T11:35:41.942+0000] {dagbag.py:588} INFO - Filling up the DagBag from /home/ubuntu/airflow/dags/zillowanalytics.py
[2025-04-05T11:35:41.957+0000] {processor.py:925} INFO - DAG(s) 'zillow_analytics' retrieved from /home/ubuntu/airflow/dags/zillowanalytics.py
[2025-04-05T11:35:42.149+0000] {logging_mixin.py:190} INFO - [2025-04-05T11:35:42.149+0000] {dag.py:3239} INFO - Sync 1 DAGs
[2025-04-05T11:35:42.163+0000] {logging_mixin.py:190} INFO - [2025-04-05T11:35:42.163+0000] {dag.py:4180} INFO - Setting next_dagrun for zillow_analytics to 2025-04-05 00:00:00+00:00, run_after=2025-04-06 00:00:00+00:00
[2025-04-05T11:35:42.186+0000] {processor.py:208} INFO - Processing /home/ubuntu/airflow/dags/zillowanalytics.py took 0.252 seconds
[2025-04-05T11:36:13.202+0000] {processor.py:186} INFO - Started process (PID=7611) to work on /home/ubuntu/airflow/dags/zillowanalytics.py
[2025-04-05T11:36:13.204+0000] {processor.py:914} INFO - Processing file /home/ubuntu/airflow/dags/zillowanalytics.py for tasks to queue
[2025-04-05T11:36:13.206+0000] {logging_mixin.py:190} INFO - [2025-04-05T11:36:13.206+0000] {dagbag.py:588} INFO - Filling up the DagBag from /home/ubuntu/airflow/dags/zillowanalytics.py
[2025-04-05T11:36:13.221+0000] {processor.py:925} INFO - DAG(s) 'zillow_analytics' retrieved from /home/ubuntu/airflow/dags/zillowanalytics.py
[2025-04-05T11:36:13.413+0000] {logging_mixin.py:190} INFO - [2025-04-05T11:36:13.413+0000] {dag.py:3239} INFO - Sync 1 DAGs
[2025-04-05T11:36:13.429+0000] {logging_mixin.py:190} INFO - [2025-04-05T11:36:13.429+0000] {dag.py:4180} INFO - Setting next_dagrun for zillow_analytics to 2025-04-05 00:00:00+00:00, run_after=2025-04-06 00:00:00+00:00
[2025-04-05T11:36:13.450+0000] {processor.py:208} INFO - Processing /home/ubuntu/airflow/dags/zillowanalytics.py took 0.253 seconds
[2025-04-05T11:36:43.656+0000] {processor.py:186} INFO - Started process (PID=7612) to work on /home/ubuntu/airflow/dags/zillowanalytics.py
[2025-04-05T11:36:43.657+0000] {processor.py:914} INFO - Processing file /home/ubuntu/airflow/dags/zillowanalytics.py for tasks to queue
[2025-04-05T11:36:43.659+0000] {logging_mixin.py:190} INFO - [2025-04-05T11:36:43.659+0000] {dagbag.py:588} INFO - Filling up the DagBag from /home/ubuntu/airflow/dags/zillowanalytics.py
[2025-04-05T11:36:43.674+0000] {processor.py:925} INFO - DAG(s) 'zillow_analytics' retrieved from /home/ubuntu/airflow/dags/zillowanalytics.py
[2025-04-05T11:36:43.861+0000] {logging_mixin.py:190} INFO - [2025-04-05T11:36:43.861+0000] {dag.py:3239} INFO - Sync 1 DAGs
[2025-04-05T11:36:43.877+0000] {logging_mixin.py:190} INFO - [2025-04-05T11:36:43.877+0000] {dag.py:4180} INFO - Setting next_dagrun for zillow_analytics to 2025-04-05 00:00:00+00:00, run_after=2025-04-06 00:00:00+00:00
[2025-04-05T11:36:43.897+0000] {processor.py:208} INFO - Processing /home/ubuntu/airflow/dags/zillowanalytics.py took 0.247 seconds
[2025-04-05T11:37:13.999+0000] {processor.py:186} INFO - Started process (PID=7613) to work on /home/ubuntu/airflow/dags/zillowanalytics.py
[2025-04-05T11:37:14.000+0000] {processor.py:914} INFO - Processing file /home/ubuntu/airflow/dags/zillowanalytics.py for tasks to queue
[2025-04-05T11:37:14.002+0000] {logging_mixin.py:190} INFO - [2025-04-05T11:37:14.001+0000] {dagbag.py:588} INFO - Filling up the DagBag from /home/ubuntu/airflow/dags/zillowanalytics.py
[2025-04-05T11:37:14.018+0000] {processor.py:925} INFO - DAG(s) 'zillow_analytics' retrieved from /home/ubuntu/airflow/dags/zillowanalytics.py
[2025-04-05T11:37:14.210+0000] {logging_mixin.py:190} INFO - [2025-04-05T11:37:14.210+0000] {dag.py:3239} INFO - Sync 1 DAGs
[2025-04-05T11:37:14.224+0000] {logging_mixin.py:190} INFO - [2025-04-05T11:37:14.224+0000] {dag.py:4180} INFO - Setting next_dagrun for zillow_analytics to 2025-04-05 00:00:00+00:00, run_after=2025-04-06 00:00:00+00:00
[2025-04-05T11:37:14.244+0000] {processor.py:208} INFO - Processing /home/ubuntu/airflow/dags/zillowanalytics.py took 0.250 seconds
[2025-04-05T11:37:44.364+0000] {processor.py:186} INFO - Started process (PID=7614) to work on /home/ubuntu/airflow/dags/zillowanalytics.py
[2025-04-05T11:37:44.366+0000] {processor.py:914} INFO - Processing file /home/ubuntu/airflow/dags/zillowanalytics.py for tasks to queue
[2025-04-05T11:37:44.368+0000] {logging_mixin.py:190} INFO - [2025-04-05T11:37:44.367+0000] {dagbag.py:588} INFO - Filling up the DagBag from /home/ubuntu/airflow/dags/zillowanalytics.py
[2025-04-05T11:37:44.381+0000] {processor.py:925} INFO - DAG(s) 'zillow_analytics' retrieved from /home/ubuntu/airflow/dags/zillowanalytics.py
[2025-04-05T11:37:44.570+0000] {logging_mixin.py:190} INFO - [2025-04-05T11:37:44.570+0000] {dag.py:3239} INFO - Sync 1 DAGs
[2025-04-05T11:37:44.585+0000] {logging_mixin.py:190} INFO - [2025-04-05T11:37:44.584+0000] {dag.py:4180} INFO - Setting next_dagrun for zillow_analytics to 2025-04-05 00:00:00+00:00, run_after=2025-04-06 00:00:00+00:00
[2025-04-05T11:37:44.604+0000] {processor.py:208} INFO - Processing /home/ubuntu/airflow/dags/zillowanalytics.py took 0.245 seconds
[2025-04-05T11:38:14.731+0000] {processor.py:186} INFO - Started process (PID=7615) to work on /home/ubuntu/airflow/dags/zillowanalytics.py
[2025-04-05T11:38:14.731+0000] {processor.py:914} INFO - Processing file /home/ubuntu/airflow/dags/zillowanalytics.py for tasks to queue
[2025-04-05T11:38:14.734+0000] {logging_mixin.py:190} INFO - [2025-04-05T11:38:14.734+0000] {dagbag.py:588} INFO - Filling up the DagBag from /home/ubuntu/airflow/dags/zillowanalytics.py
[2025-04-05T11:38:14.749+0000] {processor.py:925} INFO - DAG(s) 'zillow_analytics' retrieved from /home/ubuntu/airflow/dags/zillowanalytics.py
[2025-04-05T11:38:14.946+0000] {logging_mixin.py:190} INFO - [2025-04-05T11:38:14.946+0000] {dag.py:3239} INFO - Sync 1 DAGs
[2025-04-05T11:38:14.960+0000] {logging_mixin.py:190} INFO - [2025-04-05T11:38:14.960+0000] {dag.py:4180} INFO - Setting next_dagrun for zillow_analytics to 2025-04-05 00:00:00+00:00, run_after=2025-04-06 00:00:00+00:00
[2025-04-05T11:38:14.979+0000] {processor.py:208} INFO - Processing /home/ubuntu/airflow/dags/zillowanalytics.py took 0.254 seconds
[2025-04-05T11:38:45.096+0000] {processor.py:186} INFO - Started process (PID=7617) to work on /home/ubuntu/airflow/dags/zillowanalytics.py
[2025-04-05T11:38:45.097+0000] {processor.py:914} INFO - Processing file /home/ubuntu/airflow/dags/zillowanalytics.py for tasks to queue
[2025-04-05T11:38:45.099+0000] {logging_mixin.py:190} INFO - [2025-04-05T11:38:45.099+0000] {dagbag.py:588} INFO - Filling up the DagBag from /home/ubuntu/airflow/dags/zillowanalytics.py
[2025-04-05T11:38:45.113+0000] {processor.py:925} INFO - DAG(s) 'zillow_analytics' retrieved from /home/ubuntu/airflow/dags/zillowanalytics.py
[2025-04-05T11:38:45.309+0000] {logging_mixin.py:190} INFO - [2025-04-05T11:38:45.309+0000] {dag.py:3239} INFO - Sync 1 DAGs
[2025-04-05T11:38:45.324+0000] {logging_mixin.py:190} INFO - [2025-04-05T11:38:45.323+0000] {dag.py:4180} INFO - Setting next_dagrun for zillow_analytics to 2025-04-05 00:00:00+00:00, run_after=2025-04-06 00:00:00+00:00
[2025-04-05T11:38:45.342+0000] {processor.py:208} INFO - Processing /home/ubuntu/airflow/dags/zillowanalytics.py took 0.251 seconds
[2025-04-05T11:39:15.468+0000] {processor.py:186} INFO - Started process (PID=7623) to work on /home/ubuntu/airflow/dags/zillowanalytics.py
[2025-04-05T11:39:15.469+0000] {processor.py:914} INFO - Processing file /home/ubuntu/airflow/dags/zillowanalytics.py for tasks to queue
[2025-04-05T11:39:15.470+0000] {logging_mixin.py:190} INFO - [2025-04-05T11:39:15.470+0000] {dagbag.py:588} INFO - Filling up the DagBag from /home/ubuntu/airflow/dags/zillowanalytics.py
[2025-04-05T11:39:15.485+0000] {processor.py:925} INFO - DAG(s) 'zillow_analytics' retrieved from /home/ubuntu/airflow/dags/zillowanalytics.py
[2025-04-05T11:39:15.678+0000] {logging_mixin.py:190} INFO - [2025-04-05T11:39:15.677+0000] {dag.py:3239} INFO - Sync 1 DAGs
[2025-04-05T11:39:15.692+0000] {logging_mixin.py:190} INFO - [2025-04-05T11:39:15.692+0000] {dag.py:4180} INFO - Setting next_dagrun for zillow_analytics to 2025-04-05 00:00:00+00:00, run_after=2025-04-06 00:00:00+00:00
[2025-04-05T11:39:15.713+0000] {processor.py:208} INFO - Processing /home/ubuntu/airflow/dags/zillowanalytics.py took 0.250 seconds
[2025-04-05T11:39:45.846+0000] {processor.py:186} INFO - Started process (PID=7624) to work on /home/ubuntu/airflow/dags/zillowanalytics.py
[2025-04-05T11:39:45.848+0000] {processor.py:914} INFO - Processing file /home/ubuntu/airflow/dags/zillowanalytics.py for tasks to queue
[2025-04-05T11:39:45.850+0000] {logging_mixin.py:190} INFO - [2025-04-05T11:39:45.849+0000] {dagbag.py:588} INFO - Filling up the DagBag from /home/ubuntu/airflow/dags/zillowanalytics.py
[2025-04-05T11:39:45.864+0000] {processor.py:925} INFO - DAG(s) 'zillow_analytics' retrieved from /home/ubuntu/airflow/dags/zillowanalytics.py
[2025-04-05T11:39:46.059+0000] {logging_mixin.py:190} INFO - [2025-04-05T11:39:46.059+0000] {dag.py:3239} INFO - Sync 1 DAGs
[2025-04-05T11:39:46.074+0000] {logging_mixin.py:190} INFO - [2025-04-05T11:39:46.074+0000] {dag.py:4180} INFO - Setting next_dagrun for zillow_analytics to 2025-04-05 00:00:00+00:00, run_after=2025-04-06 00:00:00+00:00
[2025-04-05T11:39:46.095+0000] {processor.py:208} INFO - Processing /home/ubuntu/airflow/dags/zillowanalytics.py took 0.255 seconds
[2025-04-05T11:40:16.220+0000] {processor.py:186} INFO - Started process (PID=7630) to work on /home/ubuntu/airflow/dags/zillowanalytics.py
[2025-04-05T11:40:16.221+0000] {processor.py:914} INFO - Processing file /home/ubuntu/airflow/dags/zillowanalytics.py for tasks to queue
[2025-04-05T11:40:16.223+0000] {logging_mixin.py:190} INFO - [2025-04-05T11:40:16.223+0000] {dagbag.py:588} INFO - Filling up the DagBag from /home/ubuntu/airflow/dags/zillowanalytics.py
[2025-04-05T11:40:16.238+0000] {processor.py:925} INFO - DAG(s) 'zillow_analytics' retrieved from /home/ubuntu/airflow/dags/zillowanalytics.py
[2025-04-05T11:40:16.433+0000] {logging_mixin.py:190} INFO - [2025-04-05T11:40:16.433+0000] {dag.py:3239} INFO - Sync 1 DAGs
[2025-04-05T11:40:16.449+0000] {logging_mixin.py:190} INFO - [2025-04-05T11:40:16.449+0000] {dag.py:4180} INFO - Setting next_dagrun for zillow_analytics to 2025-04-05 00:00:00+00:00, run_after=2025-04-06 00:00:00+00:00
[2025-04-05T11:40:16.468+0000] {processor.py:208} INFO - Processing /home/ubuntu/airflow/dags/zillowanalytics.py took 0.253 seconds
[2025-04-05T11:40:46.595+0000] {processor.py:186} INFO - Started process (PID=7632) to work on /home/ubuntu/airflow/dags/zillowanalytics.py
[2025-04-05T11:40:46.597+0000] {processor.py:914} INFO - Processing file /home/ubuntu/airflow/dags/zillowanalytics.py for tasks to queue
[2025-04-05T11:40:46.599+0000] {logging_mixin.py:190} INFO - [2025-04-05T11:40:46.599+0000] {dagbag.py:588} INFO - Filling up the DagBag from /home/ubuntu/airflow/dags/zillowanalytics.py
[2025-04-05T11:40:46.614+0000] {processor.py:925} INFO - DAG(s) 'zillow_analytics' retrieved from /home/ubuntu/airflow/dags/zillowanalytics.py
[2025-04-05T11:40:46.817+0000] {logging_mixin.py:190} INFO - [2025-04-05T11:40:46.816+0000] {dag.py:3239} INFO - Sync 1 DAGs
[2025-04-05T11:40:46.833+0000] {logging_mixin.py:190} INFO - [2025-04-05T11:40:46.833+0000] {dag.py:4180} INFO - Setting next_dagrun for zillow_analytics to 2025-04-05 00:00:00+00:00, run_after=2025-04-06 00:00:00+00:00
[2025-04-05T11:40:46.854+0000] {processor.py:208} INFO - Processing /home/ubuntu/airflow/dags/zillowanalytics.py took 0.263 seconds
[2025-04-05T11:41:16.973+0000] {processor.py:186} INFO - Started process (PID=7633) to work on /home/ubuntu/airflow/dags/zillowanalytics.py
[2025-04-05T11:41:16.975+0000] {processor.py:914} INFO - Processing file /home/ubuntu/airflow/dags/zillowanalytics.py for tasks to queue
[2025-04-05T11:41:16.977+0000] {logging_mixin.py:190} INFO - [2025-04-05T11:41:16.976+0000] {dagbag.py:588} INFO - Filling up the DagBag from /home/ubuntu/airflow/dags/zillowanalytics.py
[2025-04-05T11:41:16.991+0000] {processor.py:925} INFO - DAG(s) 'zillow_analytics' retrieved from /home/ubuntu/airflow/dags/zillowanalytics.py
[2025-04-05T11:41:17.190+0000] {logging_mixin.py:190} INFO - [2025-04-05T11:41:17.189+0000] {dag.py:3239} INFO - Sync 1 DAGs
[2025-04-05T11:41:17.203+0000] {logging_mixin.py:190} INFO - [2025-04-05T11:41:17.203+0000] {dag.py:4180} INFO - Setting next_dagrun for zillow_analytics to 2025-04-05 00:00:00+00:00, run_after=2025-04-06 00:00:00+00:00
[2025-04-05T11:41:17.225+0000] {processor.py:208} INFO - Processing /home/ubuntu/airflow/dags/zillowanalytics.py took 0.258 seconds
[2025-04-05T11:41:47.346+0000] {processor.py:186} INFO - Started process (PID=7634) to work on /home/ubuntu/airflow/dags/zillowanalytics.py
[2025-04-05T11:41:47.346+0000] {processor.py:914} INFO - Processing file /home/ubuntu/airflow/dags/zillowanalytics.py for tasks to queue
[2025-04-05T11:41:47.348+0000] {logging_mixin.py:190} INFO - [2025-04-05T11:41:47.347+0000] {dagbag.py:588} INFO - Filling up the DagBag from /home/ubuntu/airflow/dags/zillowanalytics.py
[2025-04-05T11:41:47.363+0000] {processor.py:925} INFO - DAG(s) 'zillow_analytics' retrieved from /home/ubuntu/airflow/dags/zillowanalytics.py
[2025-04-05T11:41:47.559+0000] {logging_mixin.py:190} INFO - [2025-04-05T11:41:47.559+0000] {dag.py:3239} INFO - Sync 1 DAGs
[2025-04-05T11:41:47.574+0000] {logging_mixin.py:190} INFO - [2025-04-05T11:41:47.574+0000] {dag.py:4180} INFO - Setting next_dagrun for zillow_analytics to 2025-04-05 00:00:00+00:00, run_after=2025-04-06 00:00:00+00:00
[2025-04-05T11:41:47.594+0000] {processor.py:208} INFO - Processing /home/ubuntu/airflow/dags/zillowanalytics.py took 0.253 seconds
[2025-04-05T11:42:17.720+0000] {processor.py:186} INFO - Started process (PID=7638) to work on /home/ubuntu/airflow/dags/zillowanalytics.py
[2025-04-05T11:42:17.722+0000] {processor.py:914} INFO - Processing file /home/ubuntu/airflow/dags/zillowanalytics.py for tasks to queue
[2025-04-05T11:42:17.724+0000] {logging_mixin.py:190} INFO - [2025-04-05T11:42:17.724+0000] {dagbag.py:588} INFO - Filling up the DagBag from /home/ubuntu/airflow/dags/zillowanalytics.py
[2025-04-05T11:42:17.739+0000] {processor.py:925} INFO - DAG(s) 'zillow_analytics' retrieved from /home/ubuntu/airflow/dags/zillowanalytics.py
[2025-04-05T11:42:17.948+0000] {logging_mixin.py:190} INFO - [2025-04-05T11:42:17.947+0000] {dag.py:3239} INFO - Sync 1 DAGs
[2025-04-05T11:42:17.961+0000] {logging_mixin.py:190} INFO - [2025-04-05T11:42:17.961+0000] {dag.py:4180} INFO - Setting next_dagrun for zillow_analytics to 2025-04-05 00:00:00+00:00, run_after=2025-04-06 00:00:00+00:00
[2025-04-05T11:42:17.981+0000] {processor.py:208} INFO - Processing /home/ubuntu/airflow/dags/zillowanalytics.py took 0.267 seconds
[2025-04-05T11:42:48.098+0000] {processor.py:186} INFO - Started process (PID=7639) to work on /home/ubuntu/airflow/dags/zillowanalytics.py
[2025-04-05T11:42:48.099+0000] {processor.py:914} INFO - Processing file /home/ubuntu/airflow/dags/zillowanalytics.py for tasks to queue
[2025-04-05T11:42:48.102+0000] {logging_mixin.py:190} INFO - [2025-04-05T11:42:48.101+0000] {dagbag.py:588} INFO - Filling up the DagBag from /home/ubuntu/airflow/dags/zillowanalytics.py
[2025-04-05T11:42:48.117+0000] {processor.py:925} INFO - DAG(s) 'zillow_analytics' retrieved from /home/ubuntu/airflow/dags/zillowanalytics.py
[2025-04-05T11:42:48.317+0000] {logging_mixin.py:190} INFO - [2025-04-05T11:42:48.316+0000] {dag.py:3239} INFO - Sync 1 DAGs
[2025-04-05T11:42:48.332+0000] {logging_mixin.py:190} INFO - [2025-04-05T11:42:48.331+0000] {dag.py:4180} INFO - Setting next_dagrun for zillow_analytics to 2025-04-05 00:00:00+00:00, run_after=2025-04-06 00:00:00+00:00
[2025-04-05T11:42:48.351+0000] {processor.py:208} INFO - Processing /home/ubuntu/airflow/dags/zillowanalytics.py took 0.258 seconds
[2025-04-05T11:43:18.473+0000] {processor.py:186} INFO - Started process (PID=7640) to work on /home/ubuntu/airflow/dags/zillowanalytics.py
[2025-04-05T11:43:18.475+0000] {processor.py:914} INFO - Processing file /home/ubuntu/airflow/dags/zillowanalytics.py for tasks to queue
[2025-04-05T11:43:18.477+0000] {logging_mixin.py:190} INFO - [2025-04-05T11:43:18.477+0000] {dagbag.py:588} INFO - Filling up the DagBag from /home/ubuntu/airflow/dags/zillowanalytics.py
[2025-04-05T11:43:18.493+0000] {processor.py:925} INFO - DAG(s) 'zillow_analytics' retrieved from /home/ubuntu/airflow/dags/zillowanalytics.py
[2025-04-05T11:43:18.682+0000] {logging_mixin.py:190} INFO - [2025-04-05T11:43:18.682+0000] {dag.py:3239} INFO - Sync 1 DAGs
[2025-04-05T11:43:18.696+0000] {logging_mixin.py:190} INFO - [2025-04-05T11:43:18.696+0000] {dag.py:4180} INFO - Setting next_dagrun for zillow_analytics to 2025-04-05 00:00:00+00:00, run_after=2025-04-06 00:00:00+00:00
[2025-04-05T11:43:18.715+0000] {processor.py:208} INFO - Processing /home/ubuntu/airflow/dags/zillowanalytics.py took 0.246 seconds
[2025-04-05T11:43:46.056+0000] {processor.py:186} INFO - Started process (PID=7641) to work on /home/ubuntu/airflow/dags/zillowanalytics.py
[2025-04-05T11:43:46.057+0000] {processor.py:914} INFO - Processing file /home/ubuntu/airflow/dags/zillowanalytics.py for tasks to queue
[2025-04-05T11:43:46.059+0000] {logging_mixin.py:190} INFO - [2025-04-05T11:43:46.059+0000] {dagbag.py:588} INFO - Filling up the DagBag from /home/ubuntu/airflow/dags/zillowanalytics.py
[2025-04-05T11:43:46.076+0000] {logging_mixin.py:190} INFO - [2025-04-05T11:43:46.070+0000] {dagbag.py:387} ERROR - Failed to import: /home/ubuntu/airflow/dags/zillowanalytics.py
Traceback (most recent call last):
  File "/home/ubuntu/venv/lib/python3.12/site-packages/airflow/models/dagbag.py", line 383, in parse
    loader.exec_module(new_module)
  File "<frozen importlib._bootstrap_external>", line 995, in exec_module
  File "<frozen importlib._bootstrap>", line 488, in _call_with_frames_removed
  File "/home/ubuntu/airflow/dags/zillowanalytics.py", line 66, in <module>
    is_file_in_s3_available = S3KeySensor(
                              ^^^^^^^^^^^
NameError: name 'S3KeySensor' is not defined
[2025-04-05T11:43:46.079+0000] {processor.py:927} WARNING - No viable dags retrieved from /home/ubuntu/airflow/dags/zillowanalytics.py
[2025-04-05T11:43:46.101+0000] {processor.py:208} INFO - Processing /home/ubuntu/airflow/dags/zillowanalytics.py took 0.050 seconds
[2025-04-05T11:44:16.293+0000] {processor.py:186} INFO - Started process (PID=7643) to work on /home/ubuntu/airflow/dags/zillowanalytics.py
[2025-04-05T11:44:16.294+0000] {processor.py:914} INFO - Processing file /home/ubuntu/airflow/dags/zillowanalytics.py for tasks to queue
[2025-04-05T11:44:16.296+0000] {logging_mixin.py:190} INFO - [2025-04-05T11:44:16.296+0000] {dagbag.py:588} INFO - Filling up the DagBag from /home/ubuntu/airflow/dags/zillowanalytics.py
[2025-04-05T11:44:16.310+0000] {logging_mixin.py:190} INFO - [2025-04-05T11:44:16.306+0000] {dagbag.py:387} ERROR - Failed to import: /home/ubuntu/airflow/dags/zillowanalytics.py
Traceback (most recent call last):
  File "/home/ubuntu/venv/lib/python3.12/site-packages/airflow/models/dagbag.py", line 383, in parse
    loader.exec_module(new_module)
  File "<frozen importlib._bootstrap_external>", line 995, in exec_module
  File "<frozen importlib._bootstrap>", line 488, in _call_with_frames_removed
  File "/home/ubuntu/airflow/dags/zillowanalytics.py", line 66, in <module>
    is_file_in_s3_available = S3KeySensor(
                              ^^^^^^^^^^^
NameError: name 'S3KeySensor' is not defined
[2025-04-05T11:44:16.313+0000] {processor.py:927} WARNING - No viable dags retrieved from /home/ubuntu/airflow/dags/zillowanalytics.py
[2025-04-05T11:44:16.334+0000] {processor.py:208} INFO - Processing /home/ubuntu/airflow/dags/zillowanalytics.py took 0.046 seconds
[2025-04-05T11:44:46.535+0000] {processor.py:186} INFO - Started process (PID=7644) to work on /home/ubuntu/airflow/dags/zillowanalytics.py
[2025-04-05T11:44:46.535+0000] {processor.py:914} INFO - Processing file /home/ubuntu/airflow/dags/zillowanalytics.py for tasks to queue
[2025-04-05T11:44:46.537+0000] {logging_mixin.py:190} INFO - [2025-04-05T11:44:46.537+0000] {dagbag.py:588} INFO - Filling up the DagBag from /home/ubuntu/airflow/dags/zillowanalytics.py
[2025-04-05T11:44:46.551+0000] {logging_mixin.py:190} INFO - [2025-04-05T11:44:46.547+0000] {dagbag.py:387} ERROR - Failed to import: /home/ubuntu/airflow/dags/zillowanalytics.py
Traceback (most recent call last):
  File "/home/ubuntu/venv/lib/python3.12/site-packages/airflow/models/dagbag.py", line 383, in parse
    loader.exec_module(new_module)
  File "<frozen importlib._bootstrap_external>", line 995, in exec_module
  File "<frozen importlib._bootstrap>", line 488, in _call_with_frames_removed
  File "/home/ubuntu/airflow/dags/zillowanalytics.py", line 66, in <module>
    is_file_in_s3_available = S3KeySensor(
                              ^^^^^^^^^^^
NameError: name 'S3KeySensor' is not defined
[2025-04-05T11:44:46.554+0000] {processor.py:927} WARNING - No viable dags retrieved from /home/ubuntu/airflow/dags/zillowanalytics.py
[2025-04-05T11:44:46.574+0000] {processor.py:208} INFO - Processing /home/ubuntu/airflow/dags/zillowanalytics.py took 0.044 seconds
[2025-04-05T11:45:16.773+0000] {processor.py:186} INFO - Started process (PID=7649) to work on /home/ubuntu/airflow/dags/zillowanalytics.py
[2025-04-05T11:45:16.775+0000] {processor.py:914} INFO - Processing file /home/ubuntu/airflow/dags/zillowanalytics.py for tasks to queue
[2025-04-05T11:45:16.776+0000] {logging_mixin.py:190} INFO - [2025-04-05T11:45:16.775+0000] {dagbag.py:588} INFO - Filling up the DagBag from /home/ubuntu/airflow/dags/zillowanalytics.py
[2025-04-05T11:45:16.790+0000] {logging_mixin.py:190} INFO - [2025-04-05T11:45:16.786+0000] {dagbag.py:387} ERROR - Failed to import: /home/ubuntu/airflow/dags/zillowanalytics.py
Traceback (most recent call last):
  File "/home/ubuntu/venv/lib/python3.12/site-packages/airflow/models/dagbag.py", line 383, in parse
    loader.exec_module(new_module)
  File "<frozen importlib._bootstrap_external>", line 995, in exec_module
  File "<frozen importlib._bootstrap>", line 488, in _call_with_frames_removed
  File "/home/ubuntu/airflow/dags/zillowanalytics.py", line 66, in <module>
    is_file_in_s3_available = S3KeySensor(
                              ^^^^^^^^^^^
NameError: name 'S3KeySensor' is not defined
[2025-04-05T11:45:16.793+0000] {processor.py:927} WARNING - No viable dags retrieved from /home/ubuntu/airflow/dags/zillowanalytics.py
[2025-04-05T11:45:16.815+0000] {processor.py:208} INFO - Processing /home/ubuntu/airflow/dags/zillowanalytics.py took 0.047 seconds
[2025-04-05T11:45:47.015+0000] {processor.py:186} INFO - Started process (PID=7650) to work on /home/ubuntu/airflow/dags/zillowanalytics.py
[2025-04-05T11:45:47.015+0000] {processor.py:914} INFO - Processing file /home/ubuntu/airflow/dags/zillowanalytics.py for tasks to queue
[2025-04-05T11:45:47.017+0000] {logging_mixin.py:190} INFO - [2025-04-05T11:45:47.017+0000] {dagbag.py:588} INFO - Filling up the DagBag from /home/ubuntu/airflow/dags/zillowanalytics.py
[2025-04-05T11:45:47.031+0000] {logging_mixin.py:190} INFO - [2025-04-05T11:45:47.027+0000] {dagbag.py:387} ERROR - Failed to import: /home/ubuntu/airflow/dags/zillowanalytics.py
Traceback (most recent call last):
  File "/home/ubuntu/venv/lib/python3.12/site-packages/airflow/models/dagbag.py", line 383, in parse
    loader.exec_module(new_module)
  File "<frozen importlib._bootstrap_external>", line 995, in exec_module
  File "<frozen importlib._bootstrap>", line 488, in _call_with_frames_removed
  File "/home/ubuntu/airflow/dags/zillowanalytics.py", line 66, in <module>
    is_file_in_s3_available = S3KeySensor(
                              ^^^^^^^^^^^
NameError: name 'S3KeySensor' is not defined
[2025-04-05T11:45:47.035+0000] {processor.py:927} WARNING - No viable dags retrieved from /home/ubuntu/airflow/dags/zillowanalytics.py
[2025-04-05T11:45:47.055+0000] {processor.py:208} INFO - Processing /home/ubuntu/airflow/dags/zillowanalytics.py took 0.045 seconds
[2025-04-05T11:46:17.251+0000] {processor.py:186} INFO - Started process (PID=7651) to work on /home/ubuntu/airflow/dags/zillowanalytics.py
[2025-04-05T11:46:17.253+0000] {processor.py:914} INFO - Processing file /home/ubuntu/airflow/dags/zillowanalytics.py for tasks to queue
[2025-04-05T11:46:17.255+0000] {logging_mixin.py:190} INFO - [2025-04-05T11:46:17.255+0000] {dagbag.py:588} INFO - Filling up the DagBag from /home/ubuntu/airflow/dags/zillowanalytics.py
[2025-04-05T11:46:17.269+0000] {logging_mixin.py:190} INFO - [2025-04-05T11:46:17.266+0000] {dagbag.py:387} ERROR - Failed to import: /home/ubuntu/airflow/dags/zillowanalytics.py
Traceback (most recent call last):
  File "/home/ubuntu/venv/lib/python3.12/site-packages/airflow/models/dagbag.py", line 383, in parse
    loader.exec_module(new_module)
  File "<frozen importlib._bootstrap_external>", line 995, in exec_module
  File "<frozen importlib._bootstrap>", line 488, in _call_with_frames_removed
  File "/home/ubuntu/airflow/dags/zillowanalytics.py", line 66, in <module>
    is_file_in_s3_available = S3KeySensor(
                              ^^^^^^^^^^^
NameError: name 'S3KeySensor' is not defined
[2025-04-05T11:46:17.273+0000] {processor.py:927} WARNING - No viable dags retrieved from /home/ubuntu/airflow/dags/zillowanalytics.py
[2025-04-05T11:46:17.293+0000] {processor.py:208} INFO - Processing /home/ubuntu/airflow/dags/zillowanalytics.py took 0.047 seconds
[2025-04-05T11:46:47.493+0000] {processor.py:186} INFO - Started process (PID=7652) to work on /home/ubuntu/airflow/dags/zillowanalytics.py
[2025-04-05T11:46:47.493+0000] {processor.py:914} INFO - Processing file /home/ubuntu/airflow/dags/zillowanalytics.py for tasks to queue
[2025-04-05T11:46:47.494+0000] {logging_mixin.py:190} INFO - [2025-04-05T11:46:47.494+0000] {dagbag.py:588} INFO - Filling up the DagBag from /home/ubuntu/airflow/dags/zillowanalytics.py
[2025-04-05T11:46:47.509+0000] {logging_mixin.py:190} INFO - [2025-04-05T11:46:47.505+0000] {dagbag.py:387} ERROR - Failed to import: /home/ubuntu/airflow/dags/zillowanalytics.py
Traceback (most recent call last):
  File "/home/ubuntu/venv/lib/python3.12/site-packages/airflow/models/dagbag.py", line 383, in parse
    loader.exec_module(new_module)
  File "<frozen importlib._bootstrap_external>", line 995, in exec_module
  File "<frozen importlib._bootstrap>", line 488, in _call_with_frames_removed
  File "/home/ubuntu/airflow/dags/zillowanalytics.py", line 66, in <module>
    is_file_in_s3_available = S3KeySensor(
                              ^^^^^^^^^^^
NameError: name 'S3KeySensor' is not defined
[2025-04-05T11:46:47.512+0000] {processor.py:927} WARNING - No viable dags retrieved from /home/ubuntu/airflow/dags/zillowanalytics.py
[2025-04-05T11:46:47.532+0000] {processor.py:208} INFO - Processing /home/ubuntu/airflow/dags/zillowanalytics.py took 0.044 seconds
[2025-04-05T11:46:48.628+0000] {processor.py:186} INFO - Started process (PID=7653) to work on /home/ubuntu/airflow/dags/zillowanalytics.py
[2025-04-05T11:46:48.629+0000] {processor.py:914} INFO - Processing file /home/ubuntu/airflow/dags/zillowanalytics.py for tasks to queue
[2025-04-05T11:46:48.630+0000] {logging_mixin.py:190} INFO - [2025-04-05T11:46:48.630+0000] {dagbag.py:588} INFO - Filling up the DagBag from /home/ubuntu/airflow/dags/zillowanalytics.py
[2025-04-05T11:46:48.638+0000] {logging_mixin.py:190} INFO - [2025-04-05T11:46:48.637+0000] {dagbag.py:387} ERROR - Failed to import: /home/ubuntu/airflow/dags/zillowanalytics.py
Traceback (most recent call last):
  File "/home/ubuntu/venv/lib/python3.12/site-packages/airflow/models/dagbag.py", line 383, in parse
    loader.exec_module(new_module)
  File "<frozen importlib._bootstrap_external>", line 995, in exec_module
  File "<frozen importlib._bootstrap>", line 488, in _call_with_frames_removed
  File "/home/ubuntu/airflow/dags/zillowanalytics.py", line 5, in <module>
    from airflow.providers.amazon.aws.sensors.s3 import S3KeySensor
ModuleNotFoundError: No module named 'airflow.providers.amazon'
[2025-04-05T11:46:48.638+0000] {processor.py:927} WARNING - No viable dags retrieved from /home/ubuntu/airflow/dags/zillowanalytics.py
[2025-04-05T11:46:48.662+0000] {processor.py:208} INFO - Processing /home/ubuntu/airflow/dags/zillowanalytics.py took 0.039 seconds
[2025-04-05T11:47:18.740+0000] {processor.py:186} INFO - Started process (PID=7654) to work on /home/ubuntu/airflow/dags/zillowanalytics.py
[2025-04-05T11:47:18.741+0000] {processor.py:914} INFO - Processing file /home/ubuntu/airflow/dags/zillowanalytics.py for tasks to queue
[2025-04-05T11:47:18.742+0000] {logging_mixin.py:190} INFO - [2025-04-05T11:47:18.742+0000] {dagbag.py:588} INFO - Filling up the DagBag from /home/ubuntu/airflow/dags/zillowanalytics.py
[2025-04-05T11:47:18.749+0000] {logging_mixin.py:190} INFO - [2025-04-05T11:47:18.749+0000] {dagbag.py:387} ERROR - Failed to import: /home/ubuntu/airflow/dags/zillowanalytics.py
Traceback (most recent call last):
  File "/home/ubuntu/venv/lib/python3.12/site-packages/airflow/models/dagbag.py", line 383, in parse
    loader.exec_module(new_module)
  File "<frozen importlib._bootstrap_external>", line 995, in exec_module
  File "<frozen importlib._bootstrap>", line 488, in _call_with_frames_removed
  File "/home/ubuntu/airflow/dags/zillowanalytics.py", line 5, in <module>
    from airflow.providers.amazon.aws.sensors.s3 import S3KeySensor
ModuleNotFoundError: No module named 'airflow.providers.amazon'
[2025-04-05T11:47:18.750+0000] {processor.py:927} WARNING - No viable dags retrieved from /home/ubuntu/airflow/dags/zillowanalytics.py
[2025-04-05T11:47:18.770+0000] {processor.py:208} INFO - Processing /home/ubuntu/airflow/dags/zillowanalytics.py took 0.035 seconds
[2025-04-05T11:47:48.975+0000] {processor.py:186} INFO - Started process (PID=7655) to work on /home/ubuntu/airflow/dags/zillowanalytics.py
[2025-04-05T11:47:48.976+0000] {processor.py:914} INFO - Processing file /home/ubuntu/airflow/dags/zillowanalytics.py for tasks to queue
[2025-04-05T11:47:48.977+0000] {logging_mixin.py:190} INFO - [2025-04-05T11:47:48.977+0000] {dagbag.py:588} INFO - Filling up the DagBag from /home/ubuntu/airflow/dags/zillowanalytics.py
[2025-04-05T11:47:48.985+0000] {logging_mixin.py:190} INFO - [2025-04-05T11:47:48.984+0000] {dagbag.py:387} ERROR - Failed to import: /home/ubuntu/airflow/dags/zillowanalytics.py
Traceback (most recent call last):
  File "/home/ubuntu/venv/lib/python3.12/site-packages/airflow/models/dagbag.py", line 383, in parse
    loader.exec_module(new_module)
  File "<frozen importlib._bootstrap_external>", line 995, in exec_module
  File "<frozen importlib._bootstrap>", line 488, in _call_with_frames_removed
  File "/home/ubuntu/airflow/dags/zillowanalytics.py", line 5, in <module>
    from airflow.providers.amazon.aws.sensors.s3 import S3KeySensor
ModuleNotFoundError: No module named 'airflow.providers.amazon'
[2025-04-05T11:47:48.985+0000] {processor.py:927} WARNING - No viable dags retrieved from /home/ubuntu/airflow/dags/zillowanalytics.py
[2025-04-05T11:47:49.006+0000] {processor.py:208} INFO - Processing /home/ubuntu/airflow/dags/zillowanalytics.py took 0.036 seconds
[2025-04-05T11:48:19.211+0000] {processor.py:186} INFO - Started process (PID=7773) to work on /home/ubuntu/airflow/dags/zillowanalytics.py
[2025-04-05T11:48:19.213+0000] {processor.py:914} INFO - Processing file /home/ubuntu/airflow/dags/zillowanalytics.py for tasks to queue
[2025-04-05T11:48:19.214+0000] {logging_mixin.py:190} INFO - [2025-04-05T11:48:19.213+0000] {dagbag.py:588} INFO - Filling up the DagBag from /home/ubuntu/airflow/dags/zillowanalytics.py
[2025-04-05T11:48:19.221+0000] {logging_mixin.py:190} INFO - [2025-04-05T11:48:19.220+0000] {dagbag.py:387} ERROR - Failed to import: /home/ubuntu/airflow/dags/zillowanalytics.py
Traceback (most recent call last):
  File "/home/ubuntu/venv/lib/python3.12/site-packages/airflow/models/dagbag.py", line 383, in parse
    loader.exec_module(new_module)
  File "<frozen importlib._bootstrap_external>", line 995, in exec_module
  File "<frozen importlib._bootstrap>", line 488, in _call_with_frames_removed
  File "/home/ubuntu/airflow/dags/zillowanalytics.py", line 5, in <module>
    from airflow.providers.amazon.aws.sensors.s3 import S3KeySensor
ModuleNotFoundError: No module named 'airflow.providers.amazon'
[2025-04-05T11:48:19.221+0000] {processor.py:927} WARNING - No viable dags retrieved from /home/ubuntu/airflow/dags/zillowanalytics.py
[2025-04-05T11:48:19.242+0000] {processor.py:208} INFO - Processing /home/ubuntu/airflow/dags/zillowanalytics.py took 0.035 seconds
[2025-04-05T11:48:49.466+0000] {processor.py:186} INFO - Started process (PID=7914) to work on /home/ubuntu/airflow/dags/zillowanalytics.py
[2025-04-05T11:48:49.468+0000] {processor.py:914} INFO - Processing file /home/ubuntu/airflow/dags/zillowanalytics.py for tasks to queue
[2025-04-05T11:48:49.469+0000] {logging_mixin.py:190} INFO - [2025-04-05T11:48:49.469+0000] {dagbag.py:588} INFO - Filling up the DagBag from /home/ubuntu/airflow/dags/zillowanalytics.py
[2025-04-05T11:48:49.477+0000] {logging_mixin.py:190} INFO - [2025-04-05T11:48:49.476+0000] {dagbag.py:387} ERROR - Failed to import: /home/ubuntu/airflow/dags/zillowanalytics.py
Traceback (most recent call last):
  File "/home/ubuntu/venv/lib/python3.12/site-packages/airflow/models/dagbag.py", line 383, in parse
    loader.exec_module(new_module)
  File "<frozen importlib._bootstrap_external>", line 995, in exec_module
  File "<frozen importlib._bootstrap>", line 488, in _call_with_frames_removed
  File "/home/ubuntu/airflow/dags/zillowanalytics.py", line 5, in <module>
    from airflow.providers.amazon.aws.sensors.s3 import S3KeySensor
ModuleNotFoundError: No module named 'airflow.providers.amazon'
[2025-04-05T11:48:49.477+0000] {processor.py:927} WARNING - No viable dags retrieved from /home/ubuntu/airflow/dags/zillowanalytics.py
[2025-04-05T11:48:49.495+0000] {processor.py:208} INFO - Processing /home/ubuntu/airflow/dags/zillowanalytics.py took 0.034 seconds
[2025-04-05T11:49:19.610+0000] {processor.py:186} INFO - Started process (PID=7915) to work on /home/ubuntu/airflow/dags/zillowanalytics.py
[2025-04-05T11:49:19.611+0000] {processor.py:914} INFO - Processing file /home/ubuntu/airflow/dags/zillowanalytics.py for tasks to queue
[2025-04-05T11:49:19.612+0000] {logging_mixin.py:190} INFO - [2025-04-05T11:49:19.612+0000] {dagbag.py:588} INFO - Filling up the DagBag from /home/ubuntu/airflow/dags/zillowanalytics.py
[2025-04-05T11:49:19.619+0000] {logging_mixin.py:190} INFO - [2025-04-05T11:49:19.619+0000] {dagbag.py:387} ERROR - Failed to import: /home/ubuntu/airflow/dags/zillowanalytics.py
Traceback (most recent call last):
  File "/home/ubuntu/venv/lib/python3.12/site-packages/airflow/models/dagbag.py", line 383, in parse
    loader.exec_module(new_module)
  File "<frozen importlib._bootstrap_external>", line 995, in exec_module
  File "<frozen importlib._bootstrap>", line 488, in _call_with_frames_removed
  File "/home/ubuntu/airflow/dags/zillowanalytics.py", line 5, in <module>
    from airflow.providers.amazon.aws.sensors.s3 import S3KeySensor
ModuleNotFoundError: No module named 'airflow.providers.amazon'
[2025-04-05T11:49:19.620+0000] {processor.py:927} WARNING - No viable dags retrieved from /home/ubuntu/airflow/dags/zillowanalytics.py
[2025-04-05T11:49:19.637+0000] {processor.py:208} INFO - Processing /home/ubuntu/airflow/dags/zillowanalytics.py took 0.033 seconds
[2025-04-05T11:49:49.777+0000] {processor.py:186} INFO - Started process (PID=8029) to work on /home/ubuntu/airflow/dags/zillowanalytics.py
[2025-04-05T11:49:49.778+0000] {processor.py:914} INFO - Processing file /home/ubuntu/airflow/dags/zillowanalytics.py for tasks to queue
[2025-04-05T11:49:49.779+0000] {logging_mixin.py:190} INFO - [2025-04-05T11:49:49.779+0000] {dagbag.py:588} INFO - Filling up the DagBag from /home/ubuntu/airflow/dags/zillowanalytics.py
[2025-04-05T11:49:49.786+0000] {logging_mixin.py:190} INFO - [2025-04-05T11:49:49.785+0000] {dagbag.py:387} ERROR - Failed to import: /home/ubuntu/airflow/dags/zillowanalytics.py
Traceback (most recent call last):
  File "/home/ubuntu/venv/lib/python3.12/site-packages/airflow/models/dagbag.py", line 383, in parse
    loader.exec_module(new_module)
  File "<frozen importlib._bootstrap_external>", line 995, in exec_module
  File "<frozen importlib._bootstrap>", line 488, in _call_with_frames_removed
  File "/home/ubuntu/airflow/dags/zillowanalytics.py", line 5, in <module>
    from airflow.providers.amazon.aws.sensors.s3 import S3KeySensor
ModuleNotFoundError: No module named 'airflow.providers.amazon'
[2025-04-05T11:49:49.787+0000] {processor.py:927} WARNING - No viable dags retrieved from /home/ubuntu/airflow/dags/zillowanalytics.py
[2025-04-05T11:49:49.807+0000] {processor.py:208} INFO - Processing /home/ubuntu/airflow/dags/zillowanalytics.py took 0.036 seconds
[2025-04-05T11:50:19.946+0000] {processor.py:186} INFO - Started process (PID=8237) to work on /home/ubuntu/airflow/dags/zillowanalytics.py
[2025-04-05T11:50:19.947+0000] {processor.py:914} INFO - Processing file /home/ubuntu/airflow/dags/zillowanalytics.py for tasks to queue
[2025-04-05T11:50:19.948+0000] {logging_mixin.py:190} INFO - [2025-04-05T11:50:19.948+0000] {dagbag.py:588} INFO - Filling up the DagBag from /home/ubuntu/airflow/dags/zillowanalytics.py
[2025-04-05T11:50:19.955+0000] {logging_mixin.py:190} INFO - [2025-04-05T11:50:19.954+0000] {dagbag.py:387} ERROR - Failed to import: /home/ubuntu/airflow/dags/zillowanalytics.py
Traceback (most recent call last):
  File "/home/ubuntu/venv/lib/python3.12/site-packages/airflow/models/dagbag.py", line 383, in parse
    loader.exec_module(new_module)
  File "<frozen importlib._bootstrap_external>", line 995, in exec_module
  File "<frozen importlib._bootstrap>", line 488, in _call_with_frames_removed
  File "/home/ubuntu/airflow/dags/zillowanalytics.py", line 5, in <module>
    from airflow.providers.amazon.aws.sensors.s3 import S3KeySensor
ModuleNotFoundError: No module named 'airflow.providers.amazon'
[2025-04-05T11:50:19.955+0000] {processor.py:927} WARNING - No viable dags retrieved from /home/ubuntu/airflow/dags/zillowanalytics.py
[2025-04-05T11:50:19.975+0000] {processor.py:208} INFO - Processing /home/ubuntu/airflow/dags/zillowanalytics.py took 0.036 seconds
[2025-04-05T11:50:50.110+0000] {processor.py:186} INFO - Started process (PID=8239) to work on /home/ubuntu/airflow/dags/zillowanalytics.py
[2025-04-05T11:50:50.112+0000] {processor.py:914} INFO - Processing file /home/ubuntu/airflow/dags/zillowanalytics.py for tasks to queue
[2025-04-05T11:50:50.113+0000] {logging_mixin.py:190} INFO - [2025-04-05T11:50:50.112+0000] {dagbag.py:588} INFO - Filling up the DagBag from /home/ubuntu/airflow/dags/zillowanalytics.py
[2025-04-05T11:50:50.121+0000] {logging_mixin.py:190} INFO - [2025-04-05T11:50:50.119+0000] {dagbag.py:387} ERROR - Failed to import: /home/ubuntu/airflow/dags/zillowanalytics.py
Traceback (most recent call last):
  File "/home/ubuntu/venv/lib/python3.12/site-packages/airflow/models/dagbag.py", line 383, in parse
    loader.exec_module(new_module)
  File "<frozen importlib._bootstrap_external>", line 995, in exec_module
  File "<frozen importlib._bootstrap>", line 488, in _call_with_frames_removed
  File "/home/ubuntu/airflow/dags/zillowanalytics.py", line 5, in <module>
    from airflow.providers.amazon.aws.sensors.s3 import S3KeySensor
ModuleNotFoundError: No module named 'airflow.providers.amazon'
[2025-04-05T11:50:50.121+0000] {processor.py:927} WARNING - No viable dags retrieved from /home/ubuntu/airflow/dags/zillowanalytics.py
[2025-04-05T11:50:50.142+0000] {processor.py:208} INFO - Processing /home/ubuntu/airflow/dags/zillowanalytics.py took 0.038 seconds
[2025-04-05T11:51:20.277+0000] {processor.py:186} INFO - Started process (PID=8273) to work on /home/ubuntu/airflow/dags/zillowanalytics.py
[2025-04-05T11:51:20.279+0000] {processor.py:914} INFO - Processing file /home/ubuntu/airflow/dags/zillowanalytics.py for tasks to queue
[2025-04-05T11:51:20.281+0000] {logging_mixin.py:190} INFO - [2025-04-05T11:51:20.280+0000] {dagbag.py:588} INFO - Filling up the DagBag from /home/ubuntu/airflow/dags/zillowanalytics.py
[2025-04-05T11:51:20.287+0000] {logging_mixin.py:190} INFO - [2025-04-05T11:51:20.287+0000] {dagbag.py:387} ERROR - Failed to import: /home/ubuntu/airflow/dags/zillowanalytics.py
Traceback (most recent call last):
  File "/home/ubuntu/venv/lib/python3.12/site-packages/airflow/models/dagbag.py", line 383, in parse
    loader.exec_module(new_module)
  File "<frozen importlib._bootstrap_external>", line 995, in exec_module
  File "<frozen importlib._bootstrap>", line 488, in _call_with_frames_removed
  File "/home/ubuntu/airflow/dags/zillowanalytics.py", line 5, in <module>
    from airflow.providers.amazon.aws.sensors.s3 import S3KeySensor
ModuleNotFoundError: No module named 'airflow.providers.amazon'
[2025-04-05T11:51:20.288+0000] {processor.py:927} WARNING - No viable dags retrieved from /home/ubuntu/airflow/dags/zillowanalytics.py
[2025-04-05T11:51:20.307+0000] {processor.py:208} INFO - Processing /home/ubuntu/airflow/dags/zillowanalytics.py took 0.036 seconds
[2025-04-05T11:51:50.442+0000] {processor.py:186} INFO - Started process (PID=8409) to work on /home/ubuntu/airflow/dags/zillowanalytics.py
[2025-04-05T11:51:50.444+0000] {processor.py:914} INFO - Processing file /home/ubuntu/airflow/dags/zillowanalytics.py for tasks to queue
[2025-04-05T11:51:50.444+0000] {logging_mixin.py:190} INFO - [2025-04-05T11:51:50.444+0000] {dagbag.py:588} INFO - Filling up the DagBag from /home/ubuntu/airflow/dags/zillowanalytics.py
[2025-04-05T11:51:50.453+0000] {logging_mixin.py:190} INFO - [2025-04-05T11:51:50.451+0000] {dagbag.py:387} ERROR - Failed to import: /home/ubuntu/airflow/dags/zillowanalytics.py
Traceback (most recent call last):
  File "/home/ubuntu/venv/lib/python3.12/site-packages/airflow/models/dagbag.py", line 383, in parse
    loader.exec_module(new_module)
  File "<frozen importlib._bootstrap_external>", line 995, in exec_module
  File "<frozen importlib._bootstrap>", line 488, in _call_with_frames_removed
  File "/home/ubuntu/airflow/dags/zillowanalytics.py", line 5, in <module>
    from airflow.providers.amazon.aws.sensors.s3 import S3KeySensor
ModuleNotFoundError: No module named 'airflow.providers.amazon'
[2025-04-05T11:51:50.453+0000] {processor.py:927} WARNING - No viable dags retrieved from /home/ubuntu/airflow/dags/zillowanalytics.py
[2025-04-05T11:51:50.474+0000] {processor.py:208} INFO - Processing /home/ubuntu/airflow/dags/zillowanalytics.py took 0.037 seconds
[2025-04-05T11:52:20.629+0000] {processor.py:186} INFO - Started process (PID=9379) to work on /home/ubuntu/airflow/dags/zillowanalytics.py
[2025-04-05T11:52:20.630+0000] {processor.py:914} INFO - Processing file /home/ubuntu/airflow/dags/zillowanalytics.py for tasks to queue
[2025-04-05T11:52:20.631+0000] {logging_mixin.py:190} INFO - [2025-04-05T11:52:20.630+0000] {dagbag.py:588} INFO - Filling up the DagBag from /home/ubuntu/airflow/dags/zillowanalytics.py
[2025-04-05T11:52:20.639+0000] {logging_mixin.py:190} INFO - [2025-04-05T11:52:20.638+0000] {dagbag.py:387} ERROR - Failed to import: /home/ubuntu/airflow/dags/zillowanalytics.py
Traceback (most recent call last):
  File "/home/ubuntu/venv/lib/python3.12/site-packages/airflow/models/dagbag.py", line 383, in parse
    loader.exec_module(new_module)
  File "<frozen importlib._bootstrap_external>", line 995, in exec_module
  File "<frozen importlib._bootstrap>", line 488, in _call_with_frames_removed
  File "/home/ubuntu/airflow/dags/zillowanalytics.py", line 5, in <module>
    from airflow.providers.amazon.aws.sensors.s3 import S3KeySensor
ModuleNotFoundError: No module named 'airflow.providers.amazon'
[2025-04-05T11:52:20.639+0000] {processor.py:927} WARNING - No viable dags retrieved from /home/ubuntu/airflow/dags/zillowanalytics.py
[2025-04-05T11:52:20.663+0000] {processor.py:208} INFO - Processing /home/ubuntu/airflow/dags/zillowanalytics.py took 0.041 seconds
[2025-04-05T11:52:50.799+0000] {processor.py:186} INFO - Started process (PID=9526) to work on /home/ubuntu/airflow/dags/zillowanalytics.py
[2025-04-05T11:52:50.800+0000] {processor.py:914} INFO - Processing file /home/ubuntu/airflow/dags/zillowanalytics.py for tasks to queue
[2025-04-05T11:52:50.802+0000] {logging_mixin.py:190} INFO - [2025-04-05T11:52:50.801+0000] {dagbag.py:588} INFO - Filling up the DagBag from /home/ubuntu/airflow/dags/zillowanalytics.py
[2025-04-05T11:52:50.810+0000] {logging_mixin.py:190} INFO - [2025-04-05T11:52:50.809+0000] {dagbag.py:387} ERROR - Failed to import: /home/ubuntu/airflow/dags/zillowanalytics.py
Traceback (most recent call last):
  File "/home/ubuntu/venv/lib/python3.12/site-packages/airflow/models/dagbag.py", line 383, in parse
    loader.exec_module(new_module)
  File "<frozen importlib._bootstrap_external>", line 995, in exec_module
  File "<frozen importlib._bootstrap>", line 488, in _call_with_frames_removed
  File "/home/ubuntu/airflow/dags/zillowanalytics.py", line 5, in <module>
    from airflow.providers.amazon.aws.sensors.s3 import S3KeySensor
ModuleNotFoundError: No module named 'airflow.providers.amazon'
[2025-04-05T11:52:50.811+0000] {processor.py:927} WARNING - No viable dags retrieved from /home/ubuntu/airflow/dags/zillowanalytics.py
[2025-04-05T11:52:50.829+0000] {processor.py:208} INFO - Processing /home/ubuntu/airflow/dags/zillowanalytics.py took 0.037 seconds
[2025-04-05T11:53:21.166+0000] {processor.py:186} INFO - Started process (PID=9570) to work on /home/ubuntu/airflow/dags/zillowanalytics.py
[2025-04-05T11:53:21.167+0000] {processor.py:914} INFO - Processing file /home/ubuntu/airflow/dags/zillowanalytics.py for tasks to queue
[2025-04-05T11:53:21.168+0000] {logging_mixin.py:190} INFO - [2025-04-05T11:53:21.167+0000] {dagbag.py:588} INFO - Filling up the DagBag from /home/ubuntu/airflow/dags/zillowanalytics.py
[2025-04-05T11:53:21.179+0000] {logging_mixin.py:190} INFO - [2025-04-05T11:53:21.178+0000] {dagbag.py:387} ERROR - Failed to import: /home/ubuntu/airflow/dags/zillowanalytics.py
Traceback (most recent call last):
  File "/home/ubuntu/venv/lib/python3.12/site-packages/airflow/models/dagbag.py", line 383, in parse
    loader.exec_module(new_module)
  File "<frozen importlib._bootstrap_external>", line 995, in exec_module
  File "<frozen importlib._bootstrap>", line 488, in _call_with_frames_removed
  File "/home/ubuntu/airflow/dags/zillowanalytics.py", line 69, in <module>
    bucket_key = {{ti.xcom_pull("task_extract_zillow_data")[1]}},
                   ^^
NameError: name 'ti' is not defined
[2025-04-05T11:53:21.180+0000] {processor.py:927} WARNING - No viable dags retrieved from /home/ubuntu/airflow/dags/zillowanalytics.py
[2025-04-05T11:53:21.200+0000] {processor.py:208} INFO - Processing /home/ubuntu/airflow/dags/zillowanalytics.py took 0.040 seconds
[2025-04-05T11:53:51.334+0000] {processor.py:186} INFO - Started process (PID=9693) to work on /home/ubuntu/airflow/dags/zillowanalytics.py
[2025-04-05T11:53:51.335+0000] {processor.py:914} INFO - Processing file /home/ubuntu/airflow/dags/zillowanalytics.py for tasks to queue
[2025-04-05T11:53:51.336+0000] {logging_mixin.py:190} INFO - [2025-04-05T11:53:51.336+0000] {dagbag.py:588} INFO - Filling up the DagBag from /home/ubuntu/airflow/dags/zillowanalytics.py
[2025-04-05T11:53:51.348+0000] {logging_mixin.py:190} INFO - [2025-04-05T11:53:51.347+0000] {dagbag.py:387} ERROR - Failed to import: /home/ubuntu/airflow/dags/zillowanalytics.py
Traceback (most recent call last):
  File "/home/ubuntu/venv/lib/python3.12/site-packages/airflow/models/dagbag.py", line 383, in parse
    loader.exec_module(new_module)
  File "<frozen importlib._bootstrap_external>", line 995, in exec_module
  File "<frozen importlib._bootstrap>", line 488, in _call_with_frames_removed
  File "/home/ubuntu/airflow/dags/zillowanalytics.py", line 69, in <module>
    bucket_key = {{ti.xcom_pull("task_extract_zillow_data")[1]}},
                   ^^
NameError: name 'ti' is not defined
[2025-04-05T11:53:51.349+0000] {processor.py:927} WARNING - No viable dags retrieved from /home/ubuntu/airflow/dags/zillowanalytics.py
[2025-04-05T11:53:51.369+0000] {processor.py:208} INFO - Processing /home/ubuntu/airflow/dags/zillowanalytics.py took 0.042 seconds
[2025-04-05T11:54:21.499+0000] {processor.py:186} INFO - Started process (PID=10056) to work on /home/ubuntu/airflow/dags/zillowanalytics.py
[2025-04-05T11:54:21.500+0000] {processor.py:914} INFO - Processing file /home/ubuntu/airflow/dags/zillowanalytics.py for tasks to queue
[2025-04-05T11:54:21.500+0000] {logging_mixin.py:190} INFO - [2025-04-05T11:54:21.500+0000] {dagbag.py:588} INFO - Filling up the DagBag from /home/ubuntu/airflow/dags/zillowanalytics.py
[2025-04-05T11:54:21.512+0000] {logging_mixin.py:190} INFO - [2025-04-05T11:54:21.511+0000] {dagbag.py:387} ERROR - Failed to import: /home/ubuntu/airflow/dags/zillowanalytics.py
Traceback (most recent call last):
  File "/home/ubuntu/venv/lib/python3.12/site-packages/airflow/models/dagbag.py", line 383, in parse
    loader.exec_module(new_module)
  File "<frozen importlib._bootstrap_external>", line 995, in exec_module
  File "<frozen importlib._bootstrap>", line 488, in _call_with_frames_removed
  File "/home/ubuntu/airflow/dags/zillowanalytics.py", line 69, in <module>
    bucket_key = {{ti.xcom_pull("task_extract_zillow_data")[1]}},
                   ^^
NameError: name 'ti' is not defined
[2025-04-05T11:54:21.513+0000] {processor.py:927} WARNING - No viable dags retrieved from /home/ubuntu/airflow/dags/zillowanalytics.py
[2025-04-05T11:54:21.535+0000] {processor.py:208} INFO - Processing /home/ubuntu/airflow/dags/zillowanalytics.py took 0.043 seconds
[2025-04-05T11:54:51.666+0000] {processor.py:186} INFO - Started process (PID=10206) to work on /home/ubuntu/airflow/dags/zillowanalytics.py
[2025-04-05T11:54:51.667+0000] {processor.py:914} INFO - Processing file /home/ubuntu/airflow/dags/zillowanalytics.py for tasks to queue
[2025-04-05T11:54:51.670+0000] {logging_mixin.py:190} INFO - [2025-04-05T11:54:51.669+0000] {dagbag.py:588} INFO - Filling up the DagBag from /home/ubuntu/airflow/dags/zillowanalytics.py
[2025-04-05T11:54:51.681+0000] {logging_mixin.py:190} INFO - [2025-04-05T11:54:51.680+0000] {dagbag.py:387} ERROR - Failed to import: /home/ubuntu/airflow/dags/zillowanalytics.py
Traceback (most recent call last):
  File "/home/ubuntu/venv/lib/python3.12/site-packages/airflow/models/dagbag.py", line 383, in parse
    loader.exec_module(new_module)
  File "<frozen importlib._bootstrap_external>", line 995, in exec_module
  File "<frozen importlib._bootstrap>", line 488, in _call_with_frames_removed
  File "/home/ubuntu/airflow/dags/zillowanalytics.py", line 69, in <module>
    bucket_key = {{ti.xcom_pull("task_extract_zillow_data")[1]}},
                   ^^
NameError: name 'ti' is not defined
[2025-04-05T11:54:51.682+0000] {processor.py:927} WARNING - No viable dags retrieved from /home/ubuntu/airflow/dags/zillowanalytics.py
[2025-04-05T11:54:51.703+0000] {processor.py:208} INFO - Processing /home/ubuntu/airflow/dags/zillowanalytics.py took 0.044 seconds
[2025-04-05T11:55:21.834+0000] {processor.py:186} INFO - Started process (PID=10305) to work on /home/ubuntu/airflow/dags/zillowanalytics.py
[2025-04-05T11:55:21.836+0000] {processor.py:914} INFO - Processing file /home/ubuntu/airflow/dags/zillowanalytics.py for tasks to queue
[2025-04-05T11:55:21.836+0000] {logging_mixin.py:190} INFO - [2025-04-05T11:55:21.836+0000] {dagbag.py:588} INFO - Filling up the DagBag from /home/ubuntu/airflow/dags/zillowanalytics.py
[2025-04-05T11:55:21.849+0000] {logging_mixin.py:190} INFO - [2025-04-05T11:55:21.848+0000] {dagbag.py:387} ERROR - Failed to import: /home/ubuntu/airflow/dags/zillowanalytics.py
Traceback (most recent call last):
  File "/home/ubuntu/venv/lib/python3.12/site-packages/airflow/models/dagbag.py", line 383, in parse
    loader.exec_module(new_module)
  File "<frozen importlib._bootstrap_external>", line 995, in exec_module
  File "<frozen importlib._bootstrap>", line 488, in _call_with_frames_removed
  File "/home/ubuntu/airflow/dags/zillowanalytics.py", line 69, in <module>
    bucket_key = {{ti.xcom_pull("task_extract_zillow_data")[1]}},
                   ^^
NameError: name 'ti' is not defined
[2025-04-05T11:55:21.850+0000] {processor.py:927} WARNING - No viable dags retrieved from /home/ubuntu/airflow/dags/zillowanalytics.py
[2025-04-05T11:55:21.870+0000] {processor.py:208} INFO - Processing /home/ubuntu/airflow/dags/zillowanalytics.py took 0.042 seconds
[2025-04-05T11:55:52.003+0000] {processor.py:186} INFO - Started process (PID=10401) to work on /home/ubuntu/airflow/dags/zillowanalytics.py
[2025-04-05T11:55:52.005+0000] {processor.py:914} INFO - Processing file /home/ubuntu/airflow/dags/zillowanalytics.py for tasks to queue
[2025-04-05T11:55:52.007+0000] {logging_mixin.py:190} INFO - [2025-04-05T11:55:52.006+0000] {dagbag.py:588} INFO - Filling up the DagBag from /home/ubuntu/airflow/dags/zillowanalytics.py
[2025-04-05T11:55:52.020+0000] {logging_mixin.py:190} INFO - [2025-04-05T11:55:52.019+0000] {dagbag.py:387} ERROR - Failed to import: /home/ubuntu/airflow/dags/zillowanalytics.py
Traceback (most recent call last):
  File "/home/ubuntu/venv/lib/python3.12/site-packages/airflow/models/dagbag.py", line 383, in parse
    loader.exec_module(new_module)
  File "<frozen importlib._bootstrap_external>", line 995, in exec_module
  File "<frozen importlib._bootstrap>", line 488, in _call_with_frames_removed
  File "/home/ubuntu/airflow/dags/zillowanalytics.py", line 69, in <module>
    bucket_key = {{ti.xcom_pull("task_extract_zillow_data")[1]}},
                   ^^
NameError: name 'ti' is not defined
[2025-04-05T11:55:52.020+0000] {processor.py:927} WARNING - No viable dags retrieved from /home/ubuntu/airflow/dags/zillowanalytics.py
[2025-04-05T11:55:52.042+0000] {processor.py:208} INFO - Processing /home/ubuntu/airflow/dags/zillowanalytics.py took 0.045 seconds
[2025-04-05T11:56:22.190+0000] {processor.py:186} INFO - Started process (PID=10454) to work on /home/ubuntu/airflow/dags/zillowanalytics.py
[2025-04-05T11:56:22.194+0000] {processor.py:914} INFO - Processing file /home/ubuntu/airflow/dags/zillowanalytics.py for tasks to queue
[2025-04-05T11:56:22.197+0000] {logging_mixin.py:190} INFO - [2025-04-05T11:56:22.195+0000] {dagbag.py:588} INFO - Filling up the DagBag from /home/ubuntu/airflow/dags/zillowanalytics.py
[2025-04-05T11:56:22.230+0000] {logging_mixin.py:190} INFO - [2025-04-05T11:56:22.228+0000] {dagbag.py:387} ERROR - Failed to import: /home/ubuntu/airflow/dags/zillowanalytics.py
Traceback (most recent call last):
  File "/home/ubuntu/venv/lib/python3.12/site-packages/airflow/models/dagbag.py", line 383, in parse
    loader.exec_module(new_module)
  File "<frozen importlib._bootstrap_external>", line 995, in exec_module
  File "<frozen importlib._bootstrap>", line 488, in _call_with_frames_removed
  File "/home/ubuntu/airflow/dags/zillowanalytics.py", line 69, in <module>
    bucket_key = {{ti.xcom_pull("task_extract_zillow_data")[1]}},
                   ^^
NameError: name 'ti' is not defined
[2025-04-05T11:56:22.231+0000] {processor.py:927} WARNING - No viable dags retrieved from /home/ubuntu/airflow/dags/zillowanalytics.py
[2025-04-05T11:56:22.257+0000] {processor.py:208} INFO - Processing /home/ubuntu/airflow/dags/zillowanalytics.py took 0.080 seconds
[2025-04-05T11:56:52.308+0000] {processor.py:186} INFO - Started process (PID=10480) to work on /home/ubuntu/airflow/dags/zillowanalytics.py
[2025-04-05T11:56:52.310+0000] {processor.py:914} INFO - Processing file /home/ubuntu/airflow/dags/zillowanalytics.py for tasks to queue
[2025-04-05T11:56:52.311+0000] {logging_mixin.py:190} INFO - [2025-04-05T11:56:52.310+0000] {dagbag.py:588} INFO - Filling up the DagBag from /home/ubuntu/airflow/dags/zillowanalytics.py
[2025-04-05T11:56:52.322+0000] {logging_mixin.py:190} INFO - [2025-04-05T11:56:52.321+0000] {dagbag.py:387} ERROR - Failed to import: /home/ubuntu/airflow/dags/zillowanalytics.py
Traceback (most recent call last):
  File "/home/ubuntu/venv/lib/python3.12/site-packages/airflow/models/dagbag.py", line 383, in parse
    loader.exec_module(new_module)
  File "<frozen importlib._bootstrap_external>", line 995, in exec_module
  File "<frozen importlib._bootstrap>", line 488, in _call_with_frames_removed
  File "/home/ubuntu/airflow/dags/zillowanalytics.py", line 69, in <module>
    bucket_key = {{ti.xcom_pull("task_extract_zillow_data")[1]}},
                   ^^
NameError: name 'ti' is not defined
[2025-04-05T11:56:52.323+0000] {processor.py:927} WARNING - No viable dags retrieved from /home/ubuntu/airflow/dags/zillowanalytics.py
[2025-04-05T11:56:52.343+0000] {processor.py:208} INFO - Processing /home/ubuntu/airflow/dags/zillowanalytics.py took 0.042 seconds
[2025-04-05T11:57:22.479+0000] {processor.py:186} INFO - Started process (PID=10482) to work on /home/ubuntu/airflow/dags/zillowanalytics.py
[2025-04-05T11:57:22.480+0000] {processor.py:914} INFO - Processing file /home/ubuntu/airflow/dags/zillowanalytics.py for tasks to queue
[2025-04-05T11:57:22.481+0000] {logging_mixin.py:190} INFO - [2025-04-05T11:57:22.480+0000] {dagbag.py:588} INFO - Filling up the DagBag from /home/ubuntu/airflow/dags/zillowanalytics.py
[2025-04-05T11:57:22.493+0000] {logging_mixin.py:190} INFO - [2025-04-05T11:57:22.491+0000] {dagbag.py:387} ERROR - Failed to import: /home/ubuntu/airflow/dags/zillowanalytics.py
Traceback (most recent call last):
  File "/home/ubuntu/venv/lib/python3.12/site-packages/airflow/models/dagbag.py", line 383, in parse
    loader.exec_module(new_module)
  File "<frozen importlib._bootstrap_external>", line 995, in exec_module
  File "<frozen importlib._bootstrap>", line 488, in _call_with_frames_removed
  File "/home/ubuntu/airflow/dags/zillowanalytics.py", line 69, in <module>
    bucket_key = {{ti.xcom_pull("task_extract_zillow_data")[1]}},
                   ^^
NameError: name 'ti' is not defined
[2025-04-05T11:57:22.493+0000] {processor.py:927} WARNING - No viable dags retrieved from /home/ubuntu/airflow/dags/zillowanalytics.py
[2025-04-05T11:57:22.512+0000] {processor.py:208} INFO - Processing /home/ubuntu/airflow/dags/zillowanalytics.py took 0.039 seconds
[2025-04-05T11:57:52.646+0000] {processor.py:186} INFO - Started process (PID=10483) to work on /home/ubuntu/airflow/dags/zillowanalytics.py
[2025-04-05T11:57:52.647+0000] {processor.py:914} INFO - Processing file /home/ubuntu/airflow/dags/zillowanalytics.py for tasks to queue
[2025-04-05T11:57:52.649+0000] {logging_mixin.py:190} INFO - [2025-04-05T11:57:52.648+0000] {dagbag.py:588} INFO - Filling up the DagBag from /home/ubuntu/airflow/dags/zillowanalytics.py
[2025-04-05T11:57:52.660+0000] {logging_mixin.py:190} INFO - [2025-04-05T11:57:52.659+0000] {dagbag.py:387} ERROR - Failed to import: /home/ubuntu/airflow/dags/zillowanalytics.py
Traceback (most recent call last):
  File "/home/ubuntu/venv/lib/python3.12/site-packages/airflow/models/dagbag.py", line 383, in parse
    loader.exec_module(new_module)
  File "<frozen importlib._bootstrap_external>", line 995, in exec_module
  File "<frozen importlib._bootstrap>", line 488, in _call_with_frames_removed
  File "/home/ubuntu/airflow/dags/zillowanalytics.py", line 69, in <module>
    bucket_key = {{ti.xcom_pull("task_extract_zillow_data")[1]}},
                   ^^
NameError: name 'ti' is not defined
[2025-04-05T11:57:52.660+0000] {processor.py:927} WARNING - No viable dags retrieved from /home/ubuntu/airflow/dags/zillowanalytics.py
[2025-04-05T11:57:52.682+0000] {processor.py:208} INFO - Processing /home/ubuntu/airflow/dags/zillowanalytics.py took 0.042 seconds
[2025-04-05T11:58:22.812+0000] {processor.py:186} INFO - Started process (PID=10484) to work on /home/ubuntu/airflow/dags/zillowanalytics.py
[2025-04-05T11:58:22.813+0000] {processor.py:914} INFO - Processing file /home/ubuntu/airflow/dags/zillowanalytics.py for tasks to queue
[2025-04-05T11:58:22.815+0000] {logging_mixin.py:190} INFO - [2025-04-05T11:58:22.814+0000] {dagbag.py:588} INFO - Filling up the DagBag from /home/ubuntu/airflow/dags/zillowanalytics.py
[2025-04-05T11:58:22.826+0000] {logging_mixin.py:190} INFO - [2025-04-05T11:58:22.825+0000] {dagbag.py:387} ERROR - Failed to import: /home/ubuntu/airflow/dags/zillowanalytics.py
Traceback (most recent call last):
  File "/home/ubuntu/venv/lib/python3.12/site-packages/airflow/models/dagbag.py", line 383, in parse
    loader.exec_module(new_module)
  File "<frozen importlib._bootstrap_external>", line 995, in exec_module
  File "<frozen importlib._bootstrap>", line 488, in _call_with_frames_removed
  File "/home/ubuntu/airflow/dags/zillowanalytics.py", line 69, in <module>
    bucket_key = {{ti.xcom_pull("task_extract_zillow_data")[1]}},
                   ^^
NameError: name 'ti' is not defined
[2025-04-05T11:58:22.826+0000] {processor.py:927} WARNING - No viable dags retrieved from /home/ubuntu/airflow/dags/zillowanalytics.py
[2025-04-05T11:58:22.847+0000] {processor.py:208} INFO - Processing /home/ubuntu/airflow/dags/zillowanalytics.py took 0.041 seconds
[2025-04-05T11:58:52.976+0000] {processor.py:186} INFO - Started process (PID=10495) to work on /home/ubuntu/airflow/dags/zillowanalytics.py
[2025-04-05T11:58:52.978+0000] {processor.py:914} INFO - Processing file /home/ubuntu/airflow/dags/zillowanalytics.py for tasks to queue
[2025-04-05T11:58:52.980+0000] {logging_mixin.py:190} INFO - [2025-04-05T11:58:52.980+0000] {dagbag.py:588} INFO - Filling up the DagBag from /home/ubuntu/airflow/dags/zillowanalytics.py
[2025-04-05T11:58:52.992+0000] {logging_mixin.py:190} INFO - [2025-04-05T11:58:52.991+0000] {dagbag.py:387} ERROR - Failed to import: /home/ubuntu/airflow/dags/zillowanalytics.py
Traceback (most recent call last):
  File "/home/ubuntu/venv/lib/python3.12/site-packages/airflow/models/dagbag.py", line 383, in parse
    loader.exec_module(new_module)
  File "<frozen importlib._bootstrap_external>", line 995, in exec_module
  File "<frozen importlib._bootstrap>", line 488, in _call_with_frames_removed
  File "/home/ubuntu/airflow/dags/zillowanalytics.py", line 69, in <module>
    bucket_key = {{ti.xcom_pull("task_extract_zillow_data")[1]}},
                   ^^
NameError: name 'ti' is not defined
[2025-04-05T11:58:52.992+0000] {processor.py:927} WARNING - No viable dags retrieved from /home/ubuntu/airflow/dags/zillowanalytics.py
[2025-04-05T11:58:53.011+0000] {processor.py:208} INFO - Processing /home/ubuntu/airflow/dags/zillowanalytics.py took 0.041 seconds
[2025-04-05T11:59:06.204+0000] {processor.py:186} INFO - Started process (PID=10511) to work on /home/ubuntu/airflow/dags/zillowanalytics.py
[2025-04-05T11:59:06.205+0000] {processor.py:914} INFO - Processing file /home/ubuntu/airflow/dags/zillowanalytics.py for tasks to queue
[2025-04-05T11:59:06.207+0000] {logging_mixin.py:190} INFO - [2025-04-05T11:59:06.206+0000] {dagbag.py:588} INFO - Filling up the DagBag from /home/ubuntu/airflow/dags/zillowanalytics.py
[2025-04-05T11:59:06.220+0000] {logging_mixin.py:190} INFO - [2025-04-05T11:59:06.218+0000] {dagbag.py:387} ERROR - Failed to import: /home/ubuntu/airflow/dags/zillowanalytics.py
Traceback (most recent call last):
  File "/home/ubuntu/venv/lib/python3.12/site-packages/airflow/models/dagbag.py", line 383, in parse
    loader.exec_module(new_module)
  File "<frozen importlib._bootstrap_external>", line 995, in exec_module
  File "<frozen importlib._bootstrap>", line 488, in _call_with_frames_removed
  File "/home/ubuntu/airflow/dags/zillowanalytics.py", line 70, in <module>
    ti = kwargs['ti'],
         ^^^^^^
NameError: name 'kwargs' is not defined
[2025-04-05T11:59:06.221+0000] {processor.py:927} WARNING - No viable dags retrieved from /home/ubuntu/airflow/dags/zillowanalytics.py
[2025-04-05T11:59:06.242+0000] {processor.py:208} INFO - Processing /home/ubuntu/airflow/dags/zillowanalytics.py took 0.045 seconds
[2025-04-05T11:59:36.551+0000] {processor.py:186} INFO - Started process (PID=10514) to work on /home/ubuntu/airflow/dags/zillowanalytics.py
[2025-04-05T11:59:36.553+0000] {processor.py:914} INFO - Processing file /home/ubuntu/airflow/dags/zillowanalytics.py for tasks to queue
[2025-04-05T11:59:36.555+0000] {logging_mixin.py:190} INFO - [2025-04-05T11:59:36.554+0000] {dagbag.py:588} INFO - Filling up the DagBag from /home/ubuntu/airflow/dags/zillowanalytics.py
[2025-04-05T11:59:36.566+0000] {logging_mixin.py:190} INFO - [2025-04-05T11:59:36.564+0000] {dagbag.py:387} ERROR - Failed to import: /home/ubuntu/airflow/dags/zillowanalytics.py
Traceback (most recent call last):
  File "/home/ubuntu/venv/lib/python3.12/site-packages/airflow/models/dagbag.py", line 383, in parse
    loader.exec_module(new_module)
  File "<frozen importlib._bootstrap_external>", line 995, in exec_module
  File "<frozen importlib._bootstrap>", line 488, in _call_with_frames_removed
  File "/home/ubuntu/airflow/dags/zillowanalytics.py", line 70, in <module>
    ti = kwargs['ti'],
         ^^^^^^
NameError: name 'kwargs' is not defined
[2025-04-05T11:59:36.568+0000] {processor.py:927} WARNING - No viable dags retrieved from /home/ubuntu/airflow/dags/zillowanalytics.py
[2025-04-05T11:59:36.589+0000] {processor.py:208} INFO - Processing /home/ubuntu/airflow/dags/zillowanalytics.py took 0.044 seconds
[2025-04-05T12:00:06.899+0000] {processor.py:186} INFO - Started process (PID=10515) to work on /home/ubuntu/airflow/dags/zillowanalytics.py
[2025-04-05T12:00:06.899+0000] {processor.py:914} INFO - Processing file /home/ubuntu/airflow/dags/zillowanalytics.py for tasks to queue
[2025-04-05T12:00:06.900+0000] {logging_mixin.py:190} INFO - [2025-04-05T12:00:06.900+0000] {dagbag.py:588} INFO - Filling up the DagBag from /home/ubuntu/airflow/dags/zillowanalytics.py
[2025-04-05T12:00:06.912+0000] {logging_mixin.py:190} INFO - [2025-04-05T12:00:06.911+0000] {dagbag.py:387} ERROR - Failed to import: /home/ubuntu/airflow/dags/zillowanalytics.py
Traceback (most recent call last):
  File "/home/ubuntu/venv/lib/python3.12/site-packages/airflow/models/dagbag.py", line 383, in parse
    loader.exec_module(new_module)
  File "<frozen importlib._bootstrap_external>", line 995, in exec_module
  File "<frozen importlib._bootstrap>", line 488, in _call_with_frames_removed
  File "/home/ubuntu/airflow/dags/zillowanalytics.py", line 70, in <module>
    ti = kwargs['ti'],
         ^^^^^^
NameError: name 'kwargs' is not defined
[2025-04-05T12:00:06.914+0000] {processor.py:927} WARNING - No viable dags retrieved from /home/ubuntu/airflow/dags/zillowanalytics.py
[2025-04-05T12:00:06.934+0000] {processor.py:208} INFO - Processing /home/ubuntu/airflow/dags/zillowanalytics.py took 0.043 seconds
[2025-04-05T12:00:10.291+0000] {processor.py:186} INFO - Started process (PID=10517) to work on /home/ubuntu/airflow/dags/zillowanalytics.py
[2025-04-05T12:00:10.293+0000] {processor.py:914} INFO - Processing file /home/ubuntu/airflow/dags/zillowanalytics.py for tasks to queue
[2025-04-05T12:00:10.294+0000] {logging_mixin.py:190} INFO - [2025-04-05T12:00:10.294+0000] {dagbag.py:588} INFO - Filling up the DagBag from /home/ubuntu/airflow/dags/zillowanalytics.py
[2025-04-05T12:00:10.309+0000] {logging_mixin.py:190} INFO - [2025-04-05T12:00:10.305+0000] {dagbag.py:387} ERROR - Failed to import: /home/ubuntu/airflow/dags/zillowanalytics.py
Traceback (most recent call last):
  File "/home/ubuntu/venv/lib/python3.12/site-packages/airflow/models/dagbag.py", line 383, in parse
    loader.exec_module(new_module)
  File "<frozen importlib._bootstrap_external>", line 995, in exec_module
  File "<frozen importlib._bootstrap>", line 488, in _call_with_frames_removed
  File "/home/ubuntu/airflow/dags/zillowanalytics.py", line 70, in <module>
    bucket_name = s3_bucket,
                  ^^^^^^^^^
NameError: name 's3_bucket' is not defined
[2025-04-05T12:00:10.311+0000] {processor.py:927} WARNING - No viable dags retrieved from /home/ubuntu/airflow/dags/zillowanalytics.py
[2025-04-05T12:00:10.332+0000] {processor.py:208} INFO - Processing /home/ubuntu/airflow/dags/zillowanalytics.py took 0.047 seconds
[2025-04-05T12:00:41.369+0000] {processor.py:186} INFO - Started process (PID=10523) to work on /home/ubuntu/airflow/dags/zillowanalytics.py
[2025-04-05T12:00:41.370+0000] {processor.py:914} INFO - Processing file /home/ubuntu/airflow/dags/zillowanalytics.py for tasks to queue
[2025-04-05T12:00:41.371+0000] {logging_mixin.py:190} INFO - [2025-04-05T12:00:41.371+0000] {dagbag.py:588} INFO - Filling up the DagBag from /home/ubuntu/airflow/dags/zillowanalytics.py
[2025-04-05T12:00:41.384+0000] {logging_mixin.py:190} INFO - [2025-04-05T12:00:41.381+0000] {dagbag.py:387} ERROR - Failed to import: /home/ubuntu/airflow/dags/zillowanalytics.py
Traceback (most recent call last):
  File "/home/ubuntu/venv/lib/python3.12/site-packages/airflow/models/dagbag.py", line 383, in parse
    loader.exec_module(new_module)
  File "<frozen importlib._bootstrap_external>", line 995, in exec_module
  File "<frozen importlib._bootstrap>", line 488, in _call_with_frames_removed
  File "/home/ubuntu/airflow/dags/zillowanalytics.py", line 70, in <module>
    bucket_name = s3_bucket,
                  ^^^^^^^^^
NameError: name 's3_bucket' is not defined
[2025-04-05T12:00:41.388+0000] {processor.py:927} WARNING - No viable dags retrieved from /home/ubuntu/airflow/dags/zillowanalytics.py
[2025-04-05T12:00:41.407+0000] {processor.py:208} INFO - Processing /home/ubuntu/airflow/dags/zillowanalytics.py took 0.045 seconds
[2025-04-05T12:01:12.457+0000] {processor.py:186} INFO - Started process (PID=10524) to work on /home/ubuntu/airflow/dags/zillowanalytics.py
[2025-04-05T12:01:12.458+0000] {processor.py:914} INFO - Processing file /home/ubuntu/airflow/dags/zillowanalytics.py for tasks to queue
[2025-04-05T12:01:12.460+0000] {logging_mixin.py:190} INFO - [2025-04-05T12:01:12.459+0000] {dagbag.py:588} INFO - Filling up the DagBag from /home/ubuntu/airflow/dags/zillowanalytics.py
[2025-04-05T12:01:12.473+0000] {logging_mixin.py:190} INFO - [2025-04-05T12:01:12.470+0000] {dagbag.py:387} ERROR - Failed to import: /home/ubuntu/airflow/dags/zillowanalytics.py
Traceback (most recent call last):
  File "/home/ubuntu/venv/lib/python3.12/site-packages/airflow/models/dagbag.py", line 383, in parse
    loader.exec_module(new_module)
  File "<frozen importlib._bootstrap_external>", line 995, in exec_module
  File "<frozen importlib._bootstrap>", line 488, in _call_with_frames_removed
  File "/home/ubuntu/airflow/dags/zillowanalytics.py", line 70, in <module>
    bucket_name = s3_bucket,
                  ^^^^^^^^^
NameError: name 's3_bucket' is not defined
[2025-04-05T12:01:12.476+0000] {processor.py:927} WARNING - No viable dags retrieved from /home/ubuntu/airflow/dags/zillowanalytics.py
[2025-04-05T12:01:12.497+0000] {processor.py:208} INFO - Processing /home/ubuntu/airflow/dags/zillowanalytics.py took 0.045 seconds
[2025-04-05T12:01:42.770+0000] {processor.py:186} INFO - Started process (PID=10525) to work on /home/ubuntu/airflow/dags/zillowanalytics.py
[2025-04-05T12:01:42.771+0000] {processor.py:914} INFO - Processing file /home/ubuntu/airflow/dags/zillowanalytics.py for tasks to queue
[2025-04-05T12:01:42.772+0000] {logging_mixin.py:190} INFO - [2025-04-05T12:01:42.772+0000] {dagbag.py:588} INFO - Filling up the DagBag from /home/ubuntu/airflow/dags/zillowanalytics.py
[2025-04-05T12:01:42.786+0000] {logging_mixin.py:190} INFO - [2025-04-05T12:01:42.783+0000] {dagbag.py:387} ERROR - Failed to import: /home/ubuntu/airflow/dags/zillowanalytics.py
Traceback (most recent call last):
  File "/home/ubuntu/venv/lib/python3.12/site-packages/airflow/models/dagbag.py", line 383, in parse
    loader.exec_module(new_module)
  File "<frozen importlib._bootstrap_external>", line 995, in exec_module
  File "<frozen importlib._bootstrap>", line 488, in _call_with_frames_removed
  File "/home/ubuntu/airflow/dags/zillowanalytics.py", line 70, in <module>
    bucket_name = s3_bucket,
                  ^^^^^^^^^
NameError: name 's3_bucket' is not defined
[2025-04-05T12:01:42.789+0000] {processor.py:927} WARNING - No viable dags retrieved from /home/ubuntu/airflow/dags/zillowanalytics.py
[2025-04-05T12:01:42.808+0000] {processor.py:208} INFO - Processing /home/ubuntu/airflow/dags/zillowanalytics.py took 0.045 seconds
[2025-04-05T12:01:53.430+0000] {processor.py:186} INFO - Started process (PID=10526) to work on /home/ubuntu/airflow/dags/zillowanalytics.py
[2025-04-05T12:01:53.431+0000] {processor.py:914} INFO - Processing file /home/ubuntu/airflow/dags/zillowanalytics.py for tasks to queue
[2025-04-05T12:01:53.432+0000] {logging_mixin.py:190} INFO - [2025-04-05T12:01:53.431+0000] {dagbag.py:588} INFO - Filling up the DagBag from /home/ubuntu/airflow/dags/zillowanalytics.py
[2025-04-05T12:01:53.450+0000] {logging_mixin.py:190} INFO - [2025-04-05T12:01:53.444+0000] {dagbag.py:387} ERROR - Failed to import: /home/ubuntu/airflow/dags/zillowanalytics.py
Traceback (most recent call last):
  File "/home/ubuntu/venv/lib/python3.12/site-packages/airflow/models/dagbag.py", line 383, in parse
    loader.exec_module(new_module)
  File "<frozen importlib._bootstrap_external>", line 995, in exec_module
  File "<frozen importlib._bootstrap>", line 488, in _call_with_frames_removed
  File "/home/ubuntu/airflow/dags/zillowanalytics.py", line 68, in <module>
    is_file_in_s3_available = S3KeySensor(
                              ^^^^^^^^^^^^
  File "/home/ubuntu/venv/lib/python3.12/site-packages/airflow/models/baseoperator.py", line 508, in apply_defaults
    result = func(self, **kwargs, default_args=default_args)
             ^^^^^^^^^^^^^^^^^^^^^^^^^^^^^^^^^^^^^^^^^^^^^^^
  File "/home/ubuntu/venv/lib/python3.12/site-packages/airflow/providers/amazon/aws/sensors/s3.py", line 104, in __init__
    super().__init__(**kwargs)
  File "/home/ubuntu/venv/lib/python3.12/site-packages/airflow/models/baseoperator.py", line 508, in apply_defaults
    result = func(self, **kwargs, default_args=default_args)
             ^^^^^^^^^^^^^^^^^^^^^^^^^^^^^^^^^^^^^^^^^^^^^^^
  File "/home/ubuntu/venv/lib/python3.12/site-packages/airflow/sensors/base.py", line 185, in __init__
    super().__init__(**kwargs)
  File "/home/ubuntu/venv/lib/python3.12/site-packages/airflow/models/baseoperator.py", line 508, in apply_defaults
    result = func(self, **kwargs, default_args=default_args)
             ^^^^^^^^^^^^^^^^^^^^^^^^^^^^^^^^^^^^^^^^^^^^^^^
  File "/home/ubuntu/venv/lib/python3.12/site-packages/airflow/models/baseoperator.py", line 959, in __init__
    raise AirflowException(
airflow.exceptions.AirflowException: Invalid arguments were passed to S3KeySensor (task_id: task_is_file_in_s3_available). Invalid arguments were:
**kwargs: {'widcard_match': False}
[2025-04-05T12:01:53.450+0000] {processor.py:927} WARNING - No viable dags retrieved from /home/ubuntu/airflow/dags/zillowanalytics.py
[2025-04-05T12:01:53.470+0000] {processor.py:208} INFO - Processing /home/ubuntu/airflow/dags/zillowanalytics.py took 0.046 seconds
[2025-04-05T12:02:20.223+0000] {processor.py:186} INFO - Started process (PID=10527) to work on /home/ubuntu/airflow/dags/zillowanalytics.py
[2025-04-05T12:02:20.226+0000] {processor.py:914} INFO - Processing file /home/ubuntu/airflow/dags/zillowanalytics.py for tasks to queue
[2025-04-05T12:02:20.227+0000] {logging_mixin.py:190} INFO - [2025-04-05T12:02:20.226+0000] {dagbag.py:588} INFO - Filling up the DagBag from /home/ubuntu/airflow/dags/zillowanalytics.py
[2025-04-05T12:02:20.241+0000] {processor.py:925} INFO - DAG(s) 'zillow_analytics' retrieved from /home/ubuntu/airflow/dags/zillowanalytics.py
[2025-04-05T12:02:20.332+0000] {logging_mixin.py:190} INFO - [2025-04-05T12:02:20.332+0000] {dag.py:3239} INFO - Sync 1 DAGs
[2025-04-05T12:02:20.348+0000] {logging_mixin.py:190} INFO - [2025-04-05T12:02:20.348+0000] {dag.py:4180} INFO - Setting next_dagrun for zillow_analytics to 2025-04-05 00:00:00+00:00, run_after=2025-04-06 00:00:00+00:00
[2025-04-05T12:02:20.376+0000] {processor.py:208} INFO - Processing /home/ubuntu/airflow/dags/zillowanalytics.py took 0.159 seconds
[2025-04-05T12:04:36.049+0000] {processor.py:186} INFO - Started process (PID=10538) to work on /home/ubuntu/airflow/dags/zillowanalytics.py
[2025-04-05T12:04:36.051+0000] {processor.py:914} INFO - Processing file /home/ubuntu/airflow/dags/zillowanalytics.py for tasks to queue
[2025-04-05T12:04:36.052+0000] {logging_mixin.py:190} INFO - [2025-04-05T12:04:36.052+0000] {dagbag.py:588} INFO - Filling up the DagBag from /home/ubuntu/airflow/dags/zillowanalytics.py
[2025-04-05T12:04:36.064+0000] {processor.py:925} INFO - DAG(s) 'zillow_analytics' retrieved from /home/ubuntu/airflow/dags/zillowanalytics.py
[2025-04-05T12:04:36.277+0000] {logging_mixin.py:190} INFO - [2025-04-05T12:04:36.277+0000] {dag.py:3239} INFO - Sync 1 DAGs
[2025-04-05T12:04:36.290+0000] {logging_mixin.py:190} INFO - [2025-04-05T12:04:36.290+0000] {dag.py:4180} INFO - Setting next_dagrun for zillow_analytics to 2025-04-05 00:00:00+00:00, run_after=2025-04-06 00:00:00+00:00
[2025-04-05T12:04:36.309+0000] {processor.py:208} INFO - Processing /home/ubuntu/airflow/dags/zillowanalytics.py took 0.266 seconds
[2025-04-05T12:05:40.131+0000] {processor.py:186} INFO - Started process (PID=10591) to work on /home/ubuntu/airflow/dags/zillowanalytics.py
[2025-04-05T12:05:40.132+0000] {processor.py:914} INFO - Processing file /home/ubuntu/airflow/dags/zillowanalytics.py for tasks to queue
[2025-04-05T12:05:40.134+0000] {logging_mixin.py:190} INFO - [2025-04-05T12:05:40.134+0000] {dagbag.py:588} INFO - Filling up the DagBag from /home/ubuntu/airflow/dags/zillowanalytics.py
[2025-04-05T12:05:40.148+0000] {processor.py:925} INFO - DAG(s) 'zillow_analytics' retrieved from /home/ubuntu/airflow/dags/zillowanalytics.py
[2025-04-05T12:05:40.271+0000] {logging_mixin.py:190} INFO - [2025-04-05T12:05:40.271+0000] {dag.py:3239} INFO - Sync 1 DAGs
[2025-04-05T12:05:40.294+0000] {logging_mixin.py:190} INFO - [2025-04-05T12:05:40.294+0000] {dag.py:4180} INFO - Setting next_dagrun for zillow_analytics to 2025-04-05 00:00:00+00:00, run_after=2025-04-06 00:00:00+00:00
[2025-04-05T12:05:40.319+0000] {processor.py:208} INFO - Processing /home/ubuntu/airflow/dags/zillowanalytics.py took 0.194 seconds
[2025-04-05T12:06:11.211+0000] {processor.py:186} INFO - Started process (PID=10599) to work on /home/ubuntu/airflow/dags/zillowanalytics.py
[2025-04-05T12:06:11.212+0000] {processor.py:914} INFO - Processing file /home/ubuntu/airflow/dags/zillowanalytics.py for tasks to queue
[2025-04-05T12:06:11.213+0000] {logging_mixin.py:190} INFO - [2025-04-05T12:06:11.213+0000] {dagbag.py:588} INFO - Filling up the DagBag from /home/ubuntu/airflow/dags/zillowanalytics.py
[2025-04-05T12:06:11.227+0000] {processor.py:925} INFO - DAG(s) 'zillow_analytics' retrieved from /home/ubuntu/airflow/dags/zillowanalytics.py
[2025-04-05T12:06:11.321+0000] {logging_mixin.py:190} INFO - [2025-04-05T12:06:11.319+0000] {dag.py:3239} INFO - Sync 1 DAGs
[2025-04-05T12:06:11.336+0000] {logging_mixin.py:190} INFO - [2025-04-05T12:06:11.336+0000] {dag.py:4180} INFO - Setting next_dagrun for zillow_analytics to 2025-04-05 00:00:00+00:00, run_after=2025-04-06 00:00:00+00:00
[2025-04-05T12:06:11.357+0000] {processor.py:208} INFO - Processing /home/ubuntu/airflow/dags/zillowanalytics.py took 0.153 seconds
[2025-04-05T12:06:41.458+0000] {processor.py:186} INFO - Started process (PID=10600) to work on /home/ubuntu/airflow/dags/zillowanalytics.py
[2025-04-05T12:06:41.460+0000] {processor.py:914} INFO - Processing file /home/ubuntu/airflow/dags/zillowanalytics.py for tasks to queue
[2025-04-05T12:06:41.462+0000] {logging_mixin.py:190} INFO - [2025-04-05T12:06:41.461+0000] {dagbag.py:588} INFO - Filling up the DagBag from /home/ubuntu/airflow/dags/zillowanalytics.py
[2025-04-05T12:06:41.475+0000] {processor.py:925} INFO - DAG(s) 'zillow_analytics' retrieved from /home/ubuntu/airflow/dags/zillowanalytics.py
[2025-04-05T12:06:41.566+0000] {logging_mixin.py:190} INFO - [2025-04-05T12:06:41.565+0000] {dag.py:3239} INFO - Sync 1 DAGs
[2025-04-05T12:06:41.583+0000] {logging_mixin.py:190} INFO - [2025-04-05T12:06:41.582+0000] {dag.py:4180} INFO - Setting next_dagrun for zillow_analytics to 2025-04-05 00:00:00+00:00, run_after=2025-04-06 00:00:00+00:00
[2025-04-05T12:06:41.602+0000] {processor.py:208} INFO - Processing /home/ubuntu/airflow/dags/zillowanalytics.py took 0.150 seconds
[2025-04-05T12:07:11.695+0000] {processor.py:186} INFO - Started process (PID=10601) to work on /home/ubuntu/airflow/dags/zillowanalytics.py
[2025-04-05T12:07:11.696+0000] {processor.py:914} INFO - Processing file /home/ubuntu/airflow/dags/zillowanalytics.py for tasks to queue
[2025-04-05T12:07:11.698+0000] {logging_mixin.py:190} INFO - [2025-04-05T12:07:11.698+0000] {dagbag.py:588} INFO - Filling up the DagBag from /home/ubuntu/airflow/dags/zillowanalytics.py
[2025-04-05T12:07:11.712+0000] {processor.py:925} INFO - DAG(s) 'zillow_analytics' retrieved from /home/ubuntu/airflow/dags/zillowanalytics.py
[2025-04-05T12:07:11.802+0000] {logging_mixin.py:190} INFO - [2025-04-05T12:07:11.802+0000] {dag.py:3239} INFO - Sync 1 DAGs
[2025-04-05T12:07:11.819+0000] {logging_mixin.py:190} INFO - [2025-04-05T12:07:11.818+0000] {dag.py:4180} INFO - Setting next_dagrun for zillow_analytics to 2025-04-05 00:00:00+00:00, run_after=2025-04-06 00:00:00+00:00
[2025-04-05T12:07:11.839+0000] {processor.py:208} INFO - Processing /home/ubuntu/airflow/dags/zillowanalytics.py took 0.149 seconds
[2025-04-05T12:07:41.939+0000] {processor.py:186} INFO - Started process (PID=10602) to work on /home/ubuntu/airflow/dags/zillowanalytics.py
[2025-04-05T12:07:41.941+0000] {processor.py:914} INFO - Processing file /home/ubuntu/airflow/dags/zillowanalytics.py for tasks to queue
[2025-04-05T12:07:41.942+0000] {logging_mixin.py:190} INFO - [2025-04-05T12:07:41.942+0000] {dagbag.py:588} INFO - Filling up the DagBag from /home/ubuntu/airflow/dags/zillowanalytics.py
[2025-04-05T12:07:41.956+0000] {processor.py:925} INFO - DAG(s) 'zillow_analytics' retrieved from /home/ubuntu/airflow/dags/zillowanalytics.py
[2025-04-05T12:07:42.047+0000] {logging_mixin.py:190} INFO - [2025-04-05T12:07:42.047+0000] {dag.py:3239} INFO - Sync 1 DAGs
[2025-04-05T12:07:42.064+0000] {logging_mixin.py:190} INFO - [2025-04-05T12:07:42.064+0000] {dag.py:4180} INFO - Setting next_dagrun for zillow_analytics to 2025-04-05 00:00:00+00:00, run_after=2025-04-06 00:00:00+00:00
[2025-04-05T12:07:42.085+0000] {processor.py:208} INFO - Processing /home/ubuntu/airflow/dags/zillowanalytics.py took 0.152 seconds
[2025-04-05T12:10:05.952+0000] {processor.py:186} INFO - Started process (PID=10629) to work on /home/ubuntu/airflow/dags/zillowanalytics.py
[2025-04-05T12:10:05.954+0000] {processor.py:914} INFO - Processing file /home/ubuntu/airflow/dags/zillowanalytics.py for tasks to queue
[2025-04-05T12:10:05.955+0000] {logging_mixin.py:190} INFO - [2025-04-05T12:10:05.955+0000] {dagbag.py:588} INFO - Filling up the DagBag from /home/ubuntu/airflow/dags/zillowanalytics.py
[2025-04-05T12:10:05.966+0000] {processor.py:925} INFO - DAG(s) 'zillow_analytics' retrieved from /home/ubuntu/airflow/dags/zillowanalytics.py
[2025-04-05T12:10:06.059+0000] {logging_mixin.py:190} INFO - [2025-04-05T12:10:06.059+0000] {dag.py:3239} INFO - Sync 1 DAGs
[2025-04-05T12:10:06.073+0000] {logging_mixin.py:190} INFO - [2025-04-05T12:10:06.073+0000] {dag.py:4180} INFO - Setting next_dagrun for zillow_analytics to 2025-04-05 00:00:00+00:00, run_after=2025-04-06 00:00:00+00:00
[2025-04-05T12:10:06.095+0000] {processor.py:208} INFO - Processing /home/ubuntu/airflow/dags/zillowanalytics.py took 0.149 seconds
[2025-04-05T12:10:37.036+0000] {processor.py:186} INFO - Started process (PID=10634) to work on /home/ubuntu/airflow/dags/zillowanalytics.py
[2025-04-05T12:10:37.037+0000] {processor.py:914} INFO - Processing file /home/ubuntu/airflow/dags/zillowanalytics.py for tasks to queue
[2025-04-05T12:10:37.038+0000] {logging_mixin.py:190} INFO - [2025-04-05T12:10:37.037+0000] {dagbag.py:588} INFO - Filling up the DagBag from /home/ubuntu/airflow/dags/zillowanalytics.py
[2025-04-05T12:10:37.050+0000] {processor.py:925} INFO - DAG(s) 'zillow_analytics' retrieved from /home/ubuntu/airflow/dags/zillowanalytics.py
[2025-04-05T12:10:37.141+0000] {logging_mixin.py:190} INFO - [2025-04-05T12:10:37.141+0000] {dag.py:3239} INFO - Sync 1 DAGs
[2025-04-05T12:10:37.155+0000] {logging_mixin.py:190} INFO - [2025-04-05T12:10:37.155+0000] {dag.py:4180} INFO - Setting next_dagrun for zillow_analytics to 2025-04-05 00:00:00+00:00, run_after=2025-04-06 00:00:00+00:00
[2025-04-05T12:10:37.176+0000] {processor.py:208} INFO - Processing /home/ubuntu/airflow/dags/zillowanalytics.py took 0.145 seconds
[2025-04-05T12:11:07.249+0000] {processor.py:186} INFO - Started process (PID=10635) to work on /home/ubuntu/airflow/dags/zillowanalytics.py
[2025-04-05T12:11:07.252+0000] {processor.py:914} INFO - Processing file /home/ubuntu/airflow/dags/zillowanalytics.py for tasks to queue
[2025-04-05T12:11:07.253+0000] {logging_mixin.py:190} INFO - [2025-04-05T12:11:07.253+0000] {dagbag.py:588} INFO - Filling up the DagBag from /home/ubuntu/airflow/dags/zillowanalytics.py
[2025-04-05T12:11:07.263+0000] {processor.py:925} INFO - DAG(s) 'zillow_analytics' retrieved from /home/ubuntu/airflow/dags/zillowanalytics.py
[2025-04-05T12:11:07.355+0000] {logging_mixin.py:190} INFO - [2025-04-05T12:11:07.354+0000] {dag.py:3239} INFO - Sync 1 DAGs
[2025-04-05T12:11:07.371+0000] {logging_mixin.py:190} INFO - [2025-04-05T12:11:07.371+0000] {dag.py:4180} INFO - Setting next_dagrun for zillow_analytics to 2025-04-05 00:00:00+00:00, run_after=2025-04-06 00:00:00+00:00
[2025-04-05T12:11:07.390+0000] {processor.py:208} INFO - Processing /home/ubuntu/airflow/dags/zillowanalytics.py took 0.146 seconds
[2025-04-05T12:11:37.492+0000] {processor.py:186} INFO - Started process (PID=10636) to work on /home/ubuntu/airflow/dags/zillowanalytics.py
[2025-04-05T12:11:37.493+0000] {processor.py:914} INFO - Processing file /home/ubuntu/airflow/dags/zillowanalytics.py for tasks to queue
[2025-04-05T12:11:37.494+0000] {logging_mixin.py:190} INFO - [2025-04-05T12:11:37.493+0000] {dagbag.py:588} INFO - Filling up the DagBag from /home/ubuntu/airflow/dags/zillowanalytics.py
[2025-04-05T12:11:37.505+0000] {processor.py:925} INFO - DAG(s) 'zillow_analytics' retrieved from /home/ubuntu/airflow/dags/zillowanalytics.py
[2025-04-05T12:11:37.595+0000] {logging_mixin.py:190} INFO - [2025-04-05T12:11:37.595+0000] {dag.py:3239} INFO - Sync 1 DAGs
[2025-04-05T12:11:37.612+0000] {logging_mixin.py:190} INFO - [2025-04-05T12:11:37.611+0000] {dag.py:4180} INFO - Setting next_dagrun for zillow_analytics to 2025-04-05 00:00:00+00:00, run_after=2025-04-06 00:00:00+00:00
[2025-04-05T12:11:37.633+0000] {processor.py:208} INFO - Processing /home/ubuntu/airflow/dags/zillowanalytics.py took 0.146 seconds
[2025-04-05T12:12:07.733+0000] {processor.py:186} INFO - Started process (PID=10638) to work on /home/ubuntu/airflow/dags/zillowanalytics.py
[2025-04-05T12:12:07.735+0000] {processor.py:914} INFO - Processing file /home/ubuntu/airflow/dags/zillowanalytics.py for tasks to queue
[2025-04-05T12:12:07.737+0000] {logging_mixin.py:190} INFO - [2025-04-05T12:12:07.736+0000] {dagbag.py:588} INFO - Filling up the DagBag from /home/ubuntu/airflow/dags/zillowanalytics.py
[2025-04-05T12:12:07.748+0000] {processor.py:925} INFO - DAG(s) 'zillow_analytics' retrieved from /home/ubuntu/airflow/dags/zillowanalytics.py
[2025-04-05T12:12:07.841+0000] {logging_mixin.py:190} INFO - [2025-04-05T12:12:07.840+0000] {dag.py:3239} INFO - Sync 1 DAGs
[2025-04-05T12:12:07.856+0000] {logging_mixin.py:190} INFO - [2025-04-05T12:12:07.856+0000] {dag.py:4180} INFO - Setting next_dagrun for zillow_analytics to 2025-04-05 00:00:00+00:00, run_after=2025-04-06 00:00:00+00:00
[2025-04-05T12:12:07.875+0000] {processor.py:208} INFO - Processing /home/ubuntu/airflow/dags/zillowanalytics.py took 0.147 seconds
[2025-04-05T12:12:37.973+0000] {processor.py:186} INFO - Started process (PID=10639) to work on /home/ubuntu/airflow/dags/zillowanalytics.py
[2025-04-05T12:12:37.974+0000] {processor.py:914} INFO - Processing file /home/ubuntu/airflow/dags/zillowanalytics.py for tasks to queue
[2025-04-05T12:12:37.975+0000] {logging_mixin.py:190} INFO - [2025-04-05T12:12:37.975+0000] {dagbag.py:588} INFO - Filling up the DagBag from /home/ubuntu/airflow/dags/zillowanalytics.py
[2025-04-05T12:12:37.986+0000] {processor.py:925} INFO - DAG(s) 'zillow_analytics' retrieved from /home/ubuntu/airflow/dags/zillowanalytics.py
[2025-04-05T12:12:38.076+0000] {logging_mixin.py:190} INFO - [2025-04-05T12:12:38.075+0000] {dag.py:3239} INFO - Sync 1 DAGs
[2025-04-05T12:12:38.090+0000] {logging_mixin.py:190} INFO - [2025-04-05T12:12:38.090+0000] {dag.py:4180} INFO - Setting next_dagrun for zillow_analytics to 2025-04-05 00:00:00+00:00, run_after=2025-04-06 00:00:00+00:00
[2025-04-05T12:12:38.110+0000] {processor.py:208} INFO - Processing /home/ubuntu/airflow/dags/zillowanalytics.py took 0.142 seconds
[2025-04-05T12:13:08.214+0000] {processor.py:186} INFO - Started process (PID=10640) to work on /home/ubuntu/airflow/dags/zillowanalytics.py
[2025-04-05T12:13:08.216+0000] {processor.py:914} INFO - Processing file /home/ubuntu/airflow/dags/zillowanalytics.py for tasks to queue
[2025-04-05T12:13:08.217+0000] {logging_mixin.py:190} INFO - [2025-04-05T12:13:08.217+0000] {dagbag.py:588} INFO - Filling up the DagBag from /home/ubuntu/airflow/dags/zillowanalytics.py
[2025-04-05T12:13:08.228+0000] {processor.py:925} INFO - DAG(s) 'zillow_analytics' retrieved from /home/ubuntu/airflow/dags/zillowanalytics.py
[2025-04-05T12:13:08.318+0000] {logging_mixin.py:190} INFO - [2025-04-05T12:13:08.317+0000] {dag.py:3239} INFO - Sync 1 DAGs
[2025-04-05T12:13:08.332+0000] {logging_mixin.py:190} INFO - [2025-04-05T12:13:08.332+0000] {dag.py:4180} INFO - Setting next_dagrun for zillow_analytics to 2025-04-05 00:00:00+00:00, run_after=2025-04-06 00:00:00+00:00
[2025-04-05T12:13:08.353+0000] {processor.py:208} INFO - Processing /home/ubuntu/airflow/dags/zillowanalytics.py took 0.144 seconds
[2025-04-05T12:13:38.453+0000] {processor.py:186} INFO - Started process (PID=10641) to work on /home/ubuntu/airflow/dags/zillowanalytics.py
[2025-04-05T12:13:38.455+0000] {processor.py:914} INFO - Processing file /home/ubuntu/airflow/dags/zillowanalytics.py for tasks to queue
[2025-04-05T12:13:38.457+0000] {logging_mixin.py:190} INFO - [2025-04-05T12:13:38.456+0000] {dagbag.py:588} INFO - Filling up the DagBag from /home/ubuntu/airflow/dags/zillowanalytics.py
[2025-04-05T12:13:38.467+0000] {processor.py:925} INFO - DAG(s) 'zillow_analytics' retrieved from /home/ubuntu/airflow/dags/zillowanalytics.py
[2025-04-05T12:13:38.557+0000] {logging_mixin.py:190} INFO - [2025-04-05T12:13:38.556+0000] {dag.py:3239} INFO - Sync 1 DAGs
[2025-04-05T12:13:38.571+0000] {logging_mixin.py:190} INFO - [2025-04-05T12:13:38.571+0000] {dag.py:4180} INFO - Setting next_dagrun for zillow_analytics to 2025-04-05 00:00:00+00:00, run_after=2025-04-06 00:00:00+00:00
[2025-04-05T12:13:38.592+0000] {processor.py:208} INFO - Processing /home/ubuntu/airflow/dags/zillowanalytics.py took 0.144 seconds
[2025-04-05T12:14:08.696+0000] {processor.py:186} INFO - Started process (PID=10642) to work on /home/ubuntu/airflow/dags/zillowanalytics.py
[2025-04-05T12:14:08.698+0000] {processor.py:914} INFO - Processing file /home/ubuntu/airflow/dags/zillowanalytics.py for tasks to queue
[2025-04-05T12:14:08.699+0000] {logging_mixin.py:190} INFO - [2025-04-05T12:14:08.698+0000] {dagbag.py:588} INFO - Filling up the DagBag from /home/ubuntu/airflow/dags/zillowanalytics.py
[2025-04-05T12:14:08.709+0000] {processor.py:925} INFO - DAG(s) 'zillow_analytics' retrieved from /home/ubuntu/airflow/dags/zillowanalytics.py
[2025-04-05T12:14:08.802+0000] {logging_mixin.py:190} INFO - [2025-04-05T12:14:08.801+0000] {dag.py:3239} INFO - Sync 1 DAGs
[2025-04-05T12:14:08.819+0000] {logging_mixin.py:190} INFO - [2025-04-05T12:14:08.819+0000] {dag.py:4180} INFO - Setting next_dagrun for zillow_analytics to 2025-04-05 00:00:00+00:00, run_after=2025-04-06 00:00:00+00:00
[2025-04-05T12:14:08.840+0000] {processor.py:208} INFO - Processing /home/ubuntu/airflow/dags/zillowanalytics.py took 0.149 seconds
[2025-04-05T12:14:38.931+0000] {processor.py:186} INFO - Started process (PID=10643) to work on /home/ubuntu/airflow/dags/zillowanalytics.py
[2025-04-05T12:14:38.933+0000] {processor.py:914} INFO - Processing file /home/ubuntu/airflow/dags/zillowanalytics.py for tasks to queue
[2025-04-05T12:14:38.933+0000] {logging_mixin.py:190} INFO - [2025-04-05T12:14:38.933+0000] {dagbag.py:588} INFO - Filling up the DagBag from /home/ubuntu/airflow/dags/zillowanalytics.py
[2025-04-05T12:14:38.944+0000] {processor.py:925} INFO - DAG(s) 'zillow_analytics' retrieved from /home/ubuntu/airflow/dags/zillowanalytics.py
[2025-04-05T12:14:39.036+0000] {logging_mixin.py:190} INFO - [2025-04-05T12:14:39.036+0000] {dag.py:3239} INFO - Sync 1 DAGs
[2025-04-05T12:14:39.051+0000] {logging_mixin.py:190} INFO - [2025-04-05T12:14:39.051+0000] {dag.py:4180} INFO - Setting next_dagrun for zillow_analytics to 2025-04-05 00:00:00+00:00, run_after=2025-04-06 00:00:00+00:00
[2025-04-05T12:14:39.072+0000] {processor.py:208} INFO - Processing /home/ubuntu/airflow/dags/zillowanalytics.py took 0.147 seconds
[2025-04-05T12:15:09.170+0000] {processor.py:186} INFO - Started process (PID=10701) to work on /home/ubuntu/airflow/dags/zillowanalytics.py
[2025-04-05T12:15:09.170+0000] {processor.py:914} INFO - Processing file /home/ubuntu/airflow/dags/zillowanalytics.py for tasks to queue
[2025-04-05T12:15:09.171+0000] {logging_mixin.py:190} INFO - [2025-04-05T12:15:09.171+0000] {dagbag.py:588} INFO - Filling up the DagBag from /home/ubuntu/airflow/dags/zillowanalytics.py
[2025-04-05T12:15:09.183+0000] {processor.py:925} INFO - DAG(s) 'zillow_analytics' retrieved from /home/ubuntu/airflow/dags/zillowanalytics.py
[2025-04-05T12:15:09.272+0000] {logging_mixin.py:190} INFO - [2025-04-05T12:15:09.272+0000] {dag.py:3239} INFO - Sync 1 DAGs
[2025-04-05T12:15:09.289+0000] {logging_mixin.py:190} INFO - [2025-04-05T12:15:09.289+0000] {dag.py:4180} INFO - Setting next_dagrun for zillow_analytics to 2025-04-05 00:00:00+00:00, run_after=2025-04-06 00:00:00+00:00
[2025-04-05T12:15:09.308+0000] {processor.py:208} INFO - Processing /home/ubuntu/airflow/dags/zillowanalytics.py took 0.144 seconds
[2025-04-05T12:15:39.408+0000] {processor.py:186} INFO - Started process (PID=10762) to work on /home/ubuntu/airflow/dags/zillowanalytics.py
[2025-04-05T12:15:39.410+0000] {processor.py:914} INFO - Processing file /home/ubuntu/airflow/dags/zillowanalytics.py for tasks to queue
[2025-04-05T12:15:39.411+0000] {logging_mixin.py:190} INFO - [2025-04-05T12:15:39.410+0000] {dagbag.py:588} INFO - Filling up the DagBag from /home/ubuntu/airflow/dags/zillowanalytics.py
[2025-04-05T12:15:39.421+0000] {processor.py:925} INFO - DAG(s) 'zillow_analytics' retrieved from /home/ubuntu/airflow/dags/zillowanalytics.py
[2025-04-05T12:15:39.512+0000] {logging_mixin.py:190} INFO - [2025-04-05T12:15:39.512+0000] {dag.py:3239} INFO - Sync 1 DAGs
[2025-04-05T12:15:39.525+0000] {logging_mixin.py:190} INFO - [2025-04-05T12:15:39.525+0000] {dag.py:4180} INFO - Setting next_dagrun for zillow_analytics to 2025-04-05 00:00:00+00:00, run_after=2025-04-06 00:00:00+00:00
[2025-04-05T12:15:39.546+0000] {processor.py:208} INFO - Processing /home/ubuntu/airflow/dags/zillowanalytics.py took 0.145 seconds
[2025-04-05T12:16:09.652+0000] {processor.py:186} INFO - Started process (PID=10763) to work on /home/ubuntu/airflow/dags/zillowanalytics.py
[2025-04-05T12:16:09.653+0000] {processor.py:914} INFO - Processing file /home/ubuntu/airflow/dags/zillowanalytics.py for tasks to queue
[2025-04-05T12:16:09.654+0000] {logging_mixin.py:190} INFO - [2025-04-05T12:16:09.654+0000] {dagbag.py:588} INFO - Filling up the DagBag from /home/ubuntu/airflow/dags/zillowanalytics.py
[2025-04-05T12:16:09.664+0000] {processor.py:925} INFO - DAG(s) 'zillow_analytics' retrieved from /home/ubuntu/airflow/dags/zillowanalytics.py
[2025-04-05T12:16:09.756+0000] {logging_mixin.py:190} INFO - [2025-04-05T12:16:09.756+0000] {dag.py:3239} INFO - Sync 1 DAGs
[2025-04-05T12:16:09.770+0000] {logging_mixin.py:190} INFO - [2025-04-05T12:16:09.770+0000] {dag.py:4180} INFO - Setting next_dagrun for zillow_analytics to 2025-04-05 00:00:00+00:00, run_after=2025-04-06 00:00:00+00:00
[2025-04-05T12:16:09.789+0000] {processor.py:208} INFO - Processing /home/ubuntu/airflow/dags/zillowanalytics.py took 0.144 seconds
[2025-04-05T12:16:39.888+0000] {processor.py:186} INFO - Started process (PID=10764) to work on /home/ubuntu/airflow/dags/zillowanalytics.py
[2025-04-05T12:16:39.890+0000] {processor.py:914} INFO - Processing file /home/ubuntu/airflow/dags/zillowanalytics.py for tasks to queue
[2025-04-05T12:16:39.892+0000] {logging_mixin.py:190} INFO - [2025-04-05T12:16:39.891+0000] {dagbag.py:588} INFO - Filling up the DagBag from /home/ubuntu/airflow/dags/zillowanalytics.py
[2025-04-05T12:16:39.903+0000] {processor.py:925} INFO - DAG(s) 'zillow_analytics' retrieved from /home/ubuntu/airflow/dags/zillowanalytics.py
[2025-04-05T12:16:39.996+0000] {logging_mixin.py:190} INFO - [2025-04-05T12:16:39.996+0000] {dag.py:3239} INFO - Sync 1 DAGs
[2025-04-05T12:16:40.013+0000] {logging_mixin.py:190} INFO - [2025-04-05T12:16:40.013+0000] {dag.py:4180} INFO - Setting next_dagrun for zillow_analytics to 2025-04-05 00:00:00+00:00, run_after=2025-04-06 00:00:00+00:00
[2025-04-05T12:16:40.036+0000] {processor.py:208} INFO - Processing /home/ubuntu/airflow/dags/zillowanalytics.py took 0.154 seconds
[2025-04-05T12:17:10.126+0000] {processor.py:186} INFO - Started process (PID=10768) to work on /home/ubuntu/airflow/dags/zillowanalytics.py
[2025-04-05T12:17:10.128+0000] {processor.py:914} INFO - Processing file /home/ubuntu/airflow/dags/zillowanalytics.py for tasks to queue
[2025-04-05T12:17:10.129+0000] {logging_mixin.py:190} INFO - [2025-04-05T12:17:10.128+0000] {dagbag.py:588} INFO - Filling up the DagBag from /home/ubuntu/airflow/dags/zillowanalytics.py
[2025-04-05T12:17:10.139+0000] {processor.py:925} INFO - DAG(s) 'zillow_analytics' retrieved from /home/ubuntu/airflow/dags/zillowanalytics.py
[2025-04-05T12:17:10.229+0000] {logging_mixin.py:190} INFO - [2025-04-05T12:17:10.229+0000] {dag.py:3239} INFO - Sync 1 DAGs
[2025-04-05T12:17:10.242+0000] {logging_mixin.py:190} INFO - [2025-04-05T12:17:10.242+0000] {dag.py:4180} INFO - Setting next_dagrun for zillow_analytics to 2025-04-05 00:00:00+00:00, run_after=2025-04-06 00:00:00+00:00
[2025-04-05T12:17:10.263+0000] {processor.py:208} INFO - Processing /home/ubuntu/airflow/dags/zillowanalytics.py took 0.143 seconds
[2025-04-05T12:17:41.350+0000] {processor.py:186} INFO - Started process (PID=10769) to work on /home/ubuntu/airflow/dags/zillowanalytics.py
[2025-04-05T12:17:41.352+0000] {processor.py:914} INFO - Processing file /home/ubuntu/airflow/dags/zillowanalytics.py for tasks to queue
[2025-04-05T12:17:41.354+0000] {logging_mixin.py:190} INFO - [2025-04-05T12:17:41.353+0000] {dagbag.py:588} INFO - Filling up the DagBag from /home/ubuntu/airflow/dags/zillowanalytics.py
[2025-04-05T12:17:41.364+0000] {processor.py:925} INFO - DAG(s) 'zillow_analytics' retrieved from /home/ubuntu/airflow/dags/zillowanalytics.py
[2025-04-05T12:17:41.454+0000] {logging_mixin.py:190} INFO - [2025-04-05T12:17:41.454+0000] {dag.py:3239} INFO - Sync 1 DAGs
[2025-04-05T12:17:41.468+0000] {logging_mixin.py:190} INFO - [2025-04-05T12:17:41.468+0000] {dag.py:4180} INFO - Setting next_dagrun for zillow_analytics to 2025-04-05 00:00:00+00:00, run_after=2025-04-06 00:00:00+00:00
[2025-04-05T12:17:41.489+0000] {processor.py:208} INFO - Processing /home/ubuntu/airflow/dags/zillowanalytics.py took 0.145 seconds
[2025-04-05T12:18:11.590+0000] {processor.py:186} INFO - Started process (PID=10771) to work on /home/ubuntu/airflow/dags/zillowanalytics.py
[2025-04-05T12:18:11.592+0000] {processor.py:914} INFO - Processing file /home/ubuntu/airflow/dags/zillowanalytics.py for tasks to queue
[2025-04-05T12:18:11.593+0000] {logging_mixin.py:190} INFO - [2025-04-05T12:18:11.593+0000] {dagbag.py:588} INFO - Filling up the DagBag from /home/ubuntu/airflow/dags/zillowanalytics.py
[2025-04-05T12:18:11.604+0000] {processor.py:925} INFO - DAG(s) 'zillow_analytics' retrieved from /home/ubuntu/airflow/dags/zillowanalytics.py
[2025-04-05T12:18:11.697+0000] {logging_mixin.py:190} INFO - [2025-04-05T12:18:11.697+0000] {dag.py:3239} INFO - Sync 1 DAGs
[2025-04-05T12:18:11.711+0000] {logging_mixin.py:190} INFO - [2025-04-05T12:18:11.711+0000] {dag.py:4180} INFO - Setting next_dagrun for zillow_analytics to 2025-04-05 00:00:00+00:00, run_after=2025-04-06 00:00:00+00:00
[2025-04-05T12:18:11.734+0000] {processor.py:208} INFO - Processing /home/ubuntu/airflow/dags/zillowanalytics.py took 0.151 seconds
[2025-04-05T12:20:44.361+0000] {processor.py:186} INFO - Started process (PID=10794) to work on /home/ubuntu/airflow/dags/zillowanalytics.py
[2025-04-05T12:20:44.363+0000] {processor.py:914} INFO - Processing file /home/ubuntu/airflow/dags/zillowanalytics.py for tasks to queue
[2025-04-05T12:20:44.364+0000] {logging_mixin.py:190} INFO - [2025-04-05T12:20:44.363+0000] {dagbag.py:588} INFO - Filling up the DagBag from /home/ubuntu/airflow/dags/zillowanalytics.py
[2025-04-05T12:20:44.374+0000] {processor.py:925} INFO - DAG(s) 'zillow_analytics' retrieved from /home/ubuntu/airflow/dags/zillowanalytics.py
[2025-04-05T12:20:44.466+0000] {logging_mixin.py:190} INFO - [2025-04-05T12:20:44.466+0000] {dag.py:3239} INFO - Sync 1 DAGs
[2025-04-05T12:20:44.479+0000] {logging_mixin.py:190} INFO - [2025-04-05T12:20:44.479+0000] {dag.py:4180} INFO - Setting next_dagrun for zillow_analytics to 2025-04-05 00:00:00+00:00, run_after=2025-04-06 00:00:00+00:00
[2025-04-05T12:20:44.500+0000] {processor.py:208} INFO - Processing /home/ubuntu/airflow/dags/zillowanalytics.py took 0.145 seconds
[2025-04-05T12:21:15.403+0000] {processor.py:186} INFO - Started process (PID=10796) to work on /home/ubuntu/airflow/dags/zillowanalytics.py
[2025-04-05T12:21:15.405+0000] {processor.py:914} INFO - Processing file /home/ubuntu/airflow/dags/zillowanalytics.py for tasks to queue
[2025-04-05T12:21:15.406+0000] {logging_mixin.py:190} INFO - [2025-04-05T12:21:15.405+0000] {dagbag.py:588} INFO - Filling up the DagBag from /home/ubuntu/airflow/dags/zillowanalytics.py
[2025-04-05T12:21:15.419+0000] {processor.py:925} INFO - DAG(s) 'zillow_analytics' retrieved from /home/ubuntu/airflow/dags/zillowanalytics.py
[2025-04-05T12:21:15.511+0000] {logging_mixin.py:190} INFO - [2025-04-05T12:21:15.511+0000] {dag.py:3239} INFO - Sync 1 DAGs
[2025-04-05T12:21:15.525+0000] {logging_mixin.py:190} INFO - [2025-04-05T12:21:15.525+0000] {dag.py:4180} INFO - Setting next_dagrun for zillow_analytics to 2025-04-05 00:00:00+00:00, run_after=2025-04-06 00:00:00+00:00
[2025-04-05T12:21:15.547+0000] {processor.py:208} INFO - Processing /home/ubuntu/airflow/dags/zillowanalytics.py took 0.149 seconds
[2025-04-05T12:23:47.318+0000] {processor.py:186} INFO - Started process (PID=10816) to work on /home/ubuntu/airflow/dags/zillowanalytics.py
[2025-04-05T12:23:47.320+0000] {processor.py:914} INFO - Processing file /home/ubuntu/airflow/dags/zillowanalytics.py for tasks to queue
[2025-04-05T12:23:47.321+0000] {logging_mixin.py:190} INFO - [2025-04-05T12:23:47.320+0000] {dagbag.py:588} INFO - Filling up the DagBag from /home/ubuntu/airflow/dags/zillowanalytics.py
[2025-04-05T12:23:47.333+0000] {processor.py:925} INFO - DAG(s) 'zillow_analytics' retrieved from /home/ubuntu/airflow/dags/zillowanalytics.py
[2025-04-05T12:23:47.426+0000] {logging_mixin.py:190} INFO - [2025-04-05T12:23:47.426+0000] {dag.py:3239} INFO - Sync 1 DAGs
[2025-04-05T12:23:47.441+0000] {logging_mixin.py:190} INFO - [2025-04-05T12:23:47.441+0000] {dag.py:4180} INFO - Setting next_dagrun for zillow_analytics to 2025-04-05 00:00:00+00:00, run_after=2025-04-06 00:00:00+00:00
[2025-04-05T12:23:47.463+0000] {processor.py:208} INFO - Processing /home/ubuntu/airflow/dags/zillowanalytics.py took 0.150 seconds
[2025-04-05T12:24:18.442+0000] {processor.py:186} INFO - Started process (PID=10818) to work on /home/ubuntu/airflow/dags/zillowanalytics.py
[2025-04-05T12:24:18.443+0000] {processor.py:914} INFO - Processing file /home/ubuntu/airflow/dags/zillowanalytics.py for tasks to queue
[2025-04-05T12:24:18.445+0000] {logging_mixin.py:190} INFO - [2025-04-05T12:24:18.444+0000] {dagbag.py:588} INFO - Filling up the DagBag from /home/ubuntu/airflow/dags/zillowanalytics.py
[2025-04-05T12:24:18.456+0000] {processor.py:925} INFO - DAG(s) 'zillow_analytics' retrieved from /home/ubuntu/airflow/dags/zillowanalytics.py
[2025-04-05T12:24:18.550+0000] {logging_mixin.py:190} INFO - [2025-04-05T12:24:18.550+0000] {dag.py:3239} INFO - Sync 1 DAGs
[2025-04-05T12:24:18.564+0000] {logging_mixin.py:190} INFO - [2025-04-05T12:24:18.564+0000] {dag.py:4180} INFO - Setting next_dagrun for zillow_analytics to 2025-04-05 00:00:00+00:00, run_after=2025-04-06 00:00:00+00:00
[2025-04-05T12:24:18.586+0000] {processor.py:208} INFO - Processing /home/ubuntu/airflow/dags/zillowanalytics.py took 0.149 seconds
[2025-04-05T12:24:51.143+0000] {processor.py:186} INFO - Started process (PID=10835) to work on /home/ubuntu/airflow/dags/zillowanalytics.py
[2025-04-05T12:24:51.144+0000] {processor.py:914} INFO - Processing file /home/ubuntu/airflow/dags/zillowanalytics.py for tasks to queue
[2025-04-05T12:24:51.145+0000] {logging_mixin.py:190} INFO - [2025-04-05T12:24:51.145+0000] {dagbag.py:588} INFO - Filling up the DagBag from /home/ubuntu/airflow/dags/zillowanalytics.py
[2025-04-05T12:24:51.159+0000] {processor.py:925} INFO - DAG(s) 'zillow_analytics' retrieved from /home/ubuntu/airflow/dags/zillowanalytics.py
[2025-04-05T12:24:51.252+0000] {logging_mixin.py:190} INFO - [2025-04-05T12:24:51.251+0000] {dag.py:3239} INFO - Sync 1 DAGs
[2025-04-05T12:24:51.266+0000] {logging_mixin.py:190} INFO - [2025-04-05T12:24:51.266+0000] {dag.py:4180} INFO - Setting next_dagrun for zillow_analytics to 2025-04-05 00:00:00+00:00, run_after=2025-04-06 00:00:00+00:00
[2025-04-05T12:24:51.286+0000] {processor.py:208} INFO - Processing /home/ubuntu/airflow/dags/zillowanalytics.py took 0.149 seconds
[2025-04-05T12:25:22.342+0000] {processor.py:186} INFO - Started process (PID=10839) to work on /home/ubuntu/airflow/dags/zillowanalytics.py
[2025-04-05T12:25:22.343+0000] {processor.py:914} INFO - Processing file /home/ubuntu/airflow/dags/zillowanalytics.py for tasks to queue
[2025-04-05T12:25:22.344+0000] {logging_mixin.py:190} INFO - [2025-04-05T12:25:22.344+0000] {dagbag.py:588} INFO - Filling up the DagBag from /home/ubuntu/airflow/dags/zillowanalytics.py
[2025-04-05T12:25:22.355+0000] {processor.py:925} INFO - DAG(s) 'zillow_analytics' retrieved from /home/ubuntu/airflow/dags/zillowanalytics.py
[2025-04-05T12:25:22.447+0000] {logging_mixin.py:190} INFO - [2025-04-05T12:25:22.446+0000] {dag.py:3239} INFO - Sync 1 DAGs
[2025-04-05T12:25:22.460+0000] {logging_mixin.py:190} INFO - [2025-04-05T12:25:22.460+0000] {dag.py:4180} INFO - Setting next_dagrun for zillow_analytics to 2025-04-05 00:00:00+00:00, run_after=2025-04-06 00:00:00+00:00
[2025-04-05T12:25:22.481+0000] {processor.py:208} INFO - Processing /home/ubuntu/airflow/dags/zillowanalytics.py took 0.143 seconds
[2025-04-05T12:25:52.586+0000] {processor.py:186} INFO - Started process (PID=10840) to work on /home/ubuntu/airflow/dags/zillowanalytics.py
[2025-04-05T12:25:52.588+0000] {processor.py:914} INFO - Processing file /home/ubuntu/airflow/dags/zillowanalytics.py for tasks to queue
[2025-04-05T12:25:52.589+0000] {logging_mixin.py:190} INFO - [2025-04-05T12:25:52.589+0000] {dagbag.py:588} INFO - Filling up the DagBag from /home/ubuntu/airflow/dags/zillowanalytics.py
[2025-04-05T12:25:52.600+0000] {processor.py:925} INFO - DAG(s) 'zillow_analytics' retrieved from /home/ubuntu/airflow/dags/zillowanalytics.py
[2025-04-05T12:25:52.689+0000] {logging_mixin.py:190} INFO - [2025-04-05T12:25:52.689+0000] {dag.py:3239} INFO - Sync 1 DAGs
[2025-04-05T12:25:52.704+0000] {logging_mixin.py:190} INFO - [2025-04-05T12:25:52.703+0000] {dag.py:4180} INFO - Setting next_dagrun for zillow_analytics to 2025-04-05 00:00:00+00:00, run_after=2025-04-06 00:00:00+00:00
[2025-04-05T12:25:52.724+0000] {processor.py:208} INFO - Processing /home/ubuntu/airflow/dags/zillowanalytics.py took 0.143 seconds
[2025-04-05T12:26:22.825+0000] {processor.py:186} INFO - Started process (PID=10842) to work on /home/ubuntu/airflow/dags/zillowanalytics.py
[2025-04-05T12:26:22.828+0000] {processor.py:914} INFO - Processing file /home/ubuntu/airflow/dags/zillowanalytics.py for tasks to queue
[2025-04-05T12:26:22.828+0000] {logging_mixin.py:190} INFO - [2025-04-05T12:26:22.828+0000] {dagbag.py:588} INFO - Filling up the DagBag from /home/ubuntu/airflow/dags/zillowanalytics.py
[2025-04-05T12:26:22.839+0000] {processor.py:925} INFO - DAG(s) 'zillow_analytics' retrieved from /home/ubuntu/airflow/dags/zillowanalytics.py
[2025-04-05T12:26:22.930+0000] {logging_mixin.py:190} INFO - [2025-04-05T12:26:22.930+0000] {dag.py:3239} INFO - Sync 1 DAGs
[2025-04-05T12:26:22.944+0000] {logging_mixin.py:190} INFO - [2025-04-05T12:26:22.943+0000] {dag.py:4180} INFO - Setting next_dagrun for zillow_analytics to 2025-04-05 00:00:00+00:00, run_after=2025-04-06 00:00:00+00:00
[2025-04-05T12:26:22.964+0000] {processor.py:208} INFO - Processing /home/ubuntu/airflow/dags/zillowanalytics.py took 0.144 seconds
[2025-04-05T12:26:53.062+0000] {processor.py:186} INFO - Started process (PID=10843) to work on /home/ubuntu/airflow/dags/zillowanalytics.py
[2025-04-05T12:26:53.064+0000] {processor.py:914} INFO - Processing file /home/ubuntu/airflow/dags/zillowanalytics.py for tasks to queue
[2025-04-05T12:26:53.066+0000] {logging_mixin.py:190} INFO - [2025-04-05T12:26:53.065+0000] {dagbag.py:588} INFO - Filling up the DagBag from /home/ubuntu/airflow/dags/zillowanalytics.py
[2025-04-05T12:26:53.077+0000] {processor.py:925} INFO - DAG(s) 'zillow_analytics' retrieved from /home/ubuntu/airflow/dags/zillowanalytics.py
[2025-04-05T12:26:53.168+0000] {logging_mixin.py:190} INFO - [2025-04-05T12:26:53.168+0000] {dag.py:3239} INFO - Sync 1 DAGs
[2025-04-05T12:26:53.182+0000] {logging_mixin.py:190} INFO - [2025-04-05T12:26:53.182+0000] {dag.py:4180} INFO - Setting next_dagrun for zillow_analytics to 2025-04-05 00:00:00+00:00, run_after=2025-04-06 00:00:00+00:00
[2025-04-05T12:26:53.203+0000] {processor.py:208} INFO - Processing /home/ubuntu/airflow/dags/zillowanalytics.py took 0.146 seconds
[2025-04-05T12:27:23.301+0000] {processor.py:186} INFO - Started process (PID=10845) to work on /home/ubuntu/airflow/dags/zillowanalytics.py
[2025-04-05T12:27:23.303+0000] {processor.py:914} INFO - Processing file /home/ubuntu/airflow/dags/zillowanalytics.py for tasks to queue
[2025-04-05T12:27:23.304+0000] {logging_mixin.py:190} INFO - [2025-04-05T12:27:23.303+0000] {dagbag.py:588} INFO - Filling up the DagBag from /home/ubuntu/airflow/dags/zillowanalytics.py
[2025-04-05T12:27:23.314+0000] {processor.py:925} INFO - DAG(s) 'zillow_analytics' retrieved from /home/ubuntu/airflow/dags/zillowanalytics.py
[2025-04-05T12:27:23.403+0000] {logging_mixin.py:190} INFO - [2025-04-05T12:27:23.403+0000] {dag.py:3239} INFO - Sync 1 DAGs
[2025-04-05T12:27:23.419+0000] {logging_mixin.py:190} INFO - [2025-04-05T12:27:23.418+0000] {dag.py:4180} INFO - Setting next_dagrun for zillow_analytics to 2025-04-05 00:00:00+00:00, run_after=2025-04-06 00:00:00+00:00
[2025-04-05T12:27:23.438+0000] {processor.py:208} INFO - Processing /home/ubuntu/airflow/dags/zillowanalytics.py took 0.141 seconds
[2025-04-05T12:27:53.543+0000] {processor.py:186} INFO - Started process (PID=10846) to work on /home/ubuntu/airflow/dags/zillowanalytics.py
[2025-04-05T12:27:53.544+0000] {processor.py:914} INFO - Processing file /home/ubuntu/airflow/dags/zillowanalytics.py for tasks to queue
[2025-04-05T12:27:53.545+0000] {logging_mixin.py:190} INFO - [2025-04-05T12:27:53.545+0000] {dagbag.py:588} INFO - Filling up the DagBag from /home/ubuntu/airflow/dags/zillowanalytics.py
[2025-04-05T12:27:53.557+0000] {processor.py:925} INFO - DAG(s) 'zillow_analytics' retrieved from /home/ubuntu/airflow/dags/zillowanalytics.py
[2025-04-05T12:27:53.647+0000] {logging_mixin.py:190} INFO - [2025-04-05T12:27:53.646+0000] {dag.py:3239} INFO - Sync 1 DAGs
[2025-04-05T12:27:53.661+0000] {logging_mixin.py:190} INFO - [2025-04-05T12:27:53.661+0000] {dag.py:4180} INFO - Setting next_dagrun for zillow_analytics to 2025-04-05 00:00:00+00:00, run_after=2025-04-06 00:00:00+00:00
[2025-04-05T12:27:53.682+0000] {processor.py:208} INFO - Processing /home/ubuntu/airflow/dags/zillowanalytics.py took 0.144 seconds
[2025-04-05T12:28:23.783+0000] {processor.py:186} INFO - Started process (PID=10847) to work on /home/ubuntu/airflow/dags/zillowanalytics.py
[2025-04-05T12:28:23.784+0000] {processor.py:914} INFO - Processing file /home/ubuntu/airflow/dags/zillowanalytics.py for tasks to queue
[2025-04-05T12:28:23.785+0000] {logging_mixin.py:190} INFO - [2025-04-05T12:28:23.785+0000] {dagbag.py:588} INFO - Filling up the DagBag from /home/ubuntu/airflow/dags/zillowanalytics.py
[2025-04-05T12:28:23.795+0000] {processor.py:925} INFO - DAG(s) 'zillow_analytics' retrieved from /home/ubuntu/airflow/dags/zillowanalytics.py
[2025-04-05T12:28:23.885+0000] {logging_mixin.py:190} INFO - [2025-04-05T12:28:23.885+0000] {dag.py:3239} INFO - Sync 1 DAGs
[2025-04-05T12:28:23.899+0000] {logging_mixin.py:190} INFO - [2025-04-05T12:28:23.899+0000] {dag.py:4180} INFO - Setting next_dagrun for zillow_analytics to 2025-04-05 00:00:00+00:00, run_after=2025-04-06 00:00:00+00:00
[2025-04-05T12:28:23.919+0000] {processor.py:208} INFO - Processing /home/ubuntu/airflow/dags/zillowanalytics.py took 0.141 seconds
[2025-04-05T12:28:54.003+0000] {processor.py:186} INFO - Started process (PID=10849) to work on /home/ubuntu/airflow/dags/zillowanalytics.py
[2025-04-05T12:28:54.005+0000] {processor.py:914} INFO - Processing file /home/ubuntu/airflow/dags/zillowanalytics.py for tasks to queue
[2025-04-05T12:28:54.006+0000] {logging_mixin.py:190} INFO - [2025-04-05T12:28:54.006+0000] {dagbag.py:588} INFO - Filling up the DagBag from /home/ubuntu/airflow/dags/zillowanalytics.py
[2025-04-05T12:28:54.018+0000] {processor.py:925} INFO - DAG(s) 'zillow_analytics' retrieved from /home/ubuntu/airflow/dags/zillowanalytics.py
[2025-04-05T12:28:54.108+0000] {logging_mixin.py:190} INFO - [2025-04-05T12:28:54.108+0000] {dag.py:3239} INFO - Sync 1 DAGs
[2025-04-05T12:28:54.122+0000] {logging_mixin.py:190} INFO - [2025-04-05T12:28:54.121+0000] {dag.py:4180} INFO - Setting next_dagrun for zillow_analytics to 2025-04-05 00:00:00+00:00, run_after=2025-04-06 00:00:00+00:00
[2025-04-05T12:28:54.141+0000] {processor.py:208} INFO - Processing /home/ubuntu/airflow/dags/zillowanalytics.py took 0.143 seconds
[2025-04-05T12:29:24.249+0000] {processor.py:186} INFO - Started process (PID=10850) to work on /home/ubuntu/airflow/dags/zillowanalytics.py
[2025-04-05T12:29:24.250+0000] {processor.py:914} INFO - Processing file /home/ubuntu/airflow/dags/zillowanalytics.py for tasks to queue
[2025-04-05T12:29:24.251+0000] {logging_mixin.py:190} INFO - [2025-04-05T12:29:24.250+0000] {dagbag.py:588} INFO - Filling up the DagBag from /home/ubuntu/airflow/dags/zillowanalytics.py
[2025-04-05T12:29:24.262+0000] {processor.py:925} INFO - DAG(s) 'zillow_analytics' retrieved from /home/ubuntu/airflow/dags/zillowanalytics.py
[2025-04-05T12:29:24.353+0000] {logging_mixin.py:190} INFO - [2025-04-05T12:29:24.352+0000] {dag.py:3239} INFO - Sync 1 DAGs
[2025-04-05T12:29:24.366+0000] {logging_mixin.py:190} INFO - [2025-04-05T12:29:24.365+0000] {dag.py:4180} INFO - Setting next_dagrun for zillow_analytics to 2025-04-05 00:00:00+00:00, run_after=2025-04-06 00:00:00+00:00
[2025-04-05T12:29:24.388+0000] {processor.py:208} INFO - Processing /home/ubuntu/airflow/dags/zillowanalytics.py took 0.145 seconds
[2025-04-05T12:29:54.491+0000] {processor.py:186} INFO - Started process (PID=10851) to work on /home/ubuntu/airflow/dags/zillowanalytics.py
[2025-04-05T12:29:54.493+0000] {processor.py:914} INFO - Processing file /home/ubuntu/airflow/dags/zillowanalytics.py for tasks to queue
[2025-04-05T12:29:54.494+0000] {logging_mixin.py:190} INFO - [2025-04-05T12:29:54.494+0000] {dagbag.py:588} INFO - Filling up the DagBag from /home/ubuntu/airflow/dags/zillowanalytics.py
[2025-04-05T12:29:54.506+0000] {processor.py:925} INFO - DAG(s) 'zillow_analytics' retrieved from /home/ubuntu/airflow/dags/zillowanalytics.py
[2025-04-05T12:29:54.597+0000] {logging_mixin.py:190} INFO - [2025-04-05T12:29:54.596+0000] {dag.py:3239} INFO - Sync 1 DAGs
[2025-04-05T12:29:54.610+0000] {logging_mixin.py:190} INFO - [2025-04-05T12:29:54.609+0000] {dag.py:4180} INFO - Setting next_dagrun for zillow_analytics to 2025-04-05 00:00:00+00:00, run_after=2025-04-06 00:00:00+00:00
[2025-04-05T12:29:54.630+0000] {processor.py:208} INFO - Processing /home/ubuntu/airflow/dags/zillowanalytics.py took 0.146 seconds
[2025-04-05T12:30:24.743+0000] {processor.py:186} INFO - Started process (PID=10858) to work on /home/ubuntu/airflow/dags/zillowanalytics.py
[2025-04-05T12:30:24.743+0000] {processor.py:914} INFO - Processing file /home/ubuntu/airflow/dags/zillowanalytics.py for tasks to queue
[2025-04-05T12:30:24.745+0000] {logging_mixin.py:190} INFO - [2025-04-05T12:30:24.744+0000] {dagbag.py:588} INFO - Filling up the DagBag from /home/ubuntu/airflow/dags/zillowanalytics.py
[2025-04-05T12:30:24.755+0000] {processor.py:925} INFO - DAG(s) 'zillow_analytics' retrieved from /home/ubuntu/airflow/dags/zillowanalytics.py
[2025-04-05T12:30:24.846+0000] {logging_mixin.py:190} INFO - [2025-04-05T12:30:24.846+0000] {dag.py:3239} INFO - Sync 1 DAGs
[2025-04-05T12:30:24.861+0000] {logging_mixin.py:190} INFO - [2025-04-05T12:30:24.860+0000] {dag.py:4180} INFO - Setting next_dagrun for zillow_analytics to 2025-04-05 00:00:00+00:00, run_after=2025-04-06 00:00:00+00:00
[2025-04-05T12:30:24.882+0000] {processor.py:208} INFO - Processing /home/ubuntu/airflow/dags/zillowanalytics.py took 0.145 seconds
[2025-04-05T12:30:54.978+0000] {processor.py:186} INFO - Started process (PID=10859) to work on /home/ubuntu/airflow/dags/zillowanalytics.py
[2025-04-05T12:30:54.980+0000] {processor.py:914} INFO - Processing file /home/ubuntu/airflow/dags/zillowanalytics.py for tasks to queue
[2025-04-05T12:30:54.981+0000] {logging_mixin.py:190} INFO - [2025-04-05T12:30:54.980+0000] {dagbag.py:588} INFO - Filling up the DagBag from /home/ubuntu/airflow/dags/zillowanalytics.py
[2025-04-05T12:30:54.992+0000] {processor.py:925} INFO - DAG(s) 'zillow_analytics' retrieved from /home/ubuntu/airflow/dags/zillowanalytics.py
[2025-04-05T12:30:55.083+0000] {logging_mixin.py:190} INFO - [2025-04-05T12:30:55.083+0000] {dag.py:3239} INFO - Sync 1 DAGs
[2025-04-05T12:30:55.097+0000] {logging_mixin.py:190} INFO - [2025-04-05T12:30:55.097+0000] {dag.py:4180} INFO - Setting next_dagrun for zillow_analytics to 2025-04-05 00:00:00+00:00, run_after=2025-04-06 00:00:00+00:00
[2025-04-05T12:30:55.119+0000] {processor.py:208} INFO - Processing /home/ubuntu/airflow/dags/zillowanalytics.py took 0.146 seconds
[2025-04-05T12:31:25.224+0000] {processor.py:186} INFO - Started process (PID=10860) to work on /home/ubuntu/airflow/dags/zillowanalytics.py
[2025-04-05T12:31:25.226+0000] {processor.py:914} INFO - Processing file /home/ubuntu/airflow/dags/zillowanalytics.py for tasks to queue
[2025-04-05T12:31:25.228+0000] {logging_mixin.py:190} INFO - [2025-04-05T12:31:25.227+0000] {dagbag.py:588} INFO - Filling up the DagBag from /home/ubuntu/airflow/dags/zillowanalytics.py
[2025-04-05T12:31:25.239+0000] {processor.py:925} INFO - DAG(s) 'zillow_analytics' retrieved from /home/ubuntu/airflow/dags/zillowanalytics.py
[2025-04-05T12:31:25.329+0000] {logging_mixin.py:190} INFO - [2025-04-05T12:31:25.328+0000] {dag.py:3239} INFO - Sync 1 DAGs
[2025-04-05T12:31:25.345+0000] {logging_mixin.py:190} INFO - [2025-04-05T12:31:25.344+0000] {dag.py:4180} INFO - Setting next_dagrun for zillow_analytics to 2025-04-05 00:00:00+00:00, run_after=2025-04-06 00:00:00+00:00
[2025-04-05T12:31:25.366+0000] {processor.py:208} INFO - Processing /home/ubuntu/airflow/dags/zillowanalytics.py took 0.148 seconds
[2025-04-05T12:31:55.436+0000] {processor.py:186} INFO - Started process (PID=10861) to work on /home/ubuntu/airflow/dags/zillowanalytics.py
[2025-04-05T12:31:55.438+0000] {processor.py:914} INFO - Processing file /home/ubuntu/airflow/dags/zillowanalytics.py for tasks to queue
[2025-04-05T12:31:55.438+0000] {logging_mixin.py:190} INFO - [2025-04-05T12:31:55.438+0000] {dagbag.py:588} INFO - Filling up the DagBag from /home/ubuntu/airflow/dags/zillowanalytics.py
[2025-04-05T12:31:55.450+0000] {processor.py:925} INFO - DAG(s) 'zillow_analytics' retrieved from /home/ubuntu/airflow/dags/zillowanalytics.py
[2025-04-05T12:31:55.539+0000] {logging_mixin.py:190} INFO - [2025-04-05T12:31:55.539+0000] {dag.py:3239} INFO - Sync 1 DAGs
[2025-04-05T12:31:55.555+0000] {logging_mixin.py:190} INFO - [2025-04-05T12:31:55.555+0000] {dag.py:4180} INFO - Setting next_dagrun for zillow_analytics to 2025-04-05 00:00:00+00:00, run_after=2025-04-06 00:00:00+00:00
[2025-04-05T12:31:55.577+0000] {processor.py:208} INFO - Processing /home/ubuntu/airflow/dags/zillowanalytics.py took 0.146 seconds
[2025-04-05T12:32:25.660+0000] {processor.py:186} INFO - Started process (PID=10862) to work on /home/ubuntu/airflow/dags/zillowanalytics.py
[2025-04-05T12:32:25.662+0000] {processor.py:914} INFO - Processing file /home/ubuntu/airflow/dags/zillowanalytics.py for tasks to queue
[2025-04-05T12:32:25.662+0000] {logging_mixin.py:190} INFO - [2025-04-05T12:32:25.662+0000] {dagbag.py:588} INFO - Filling up the DagBag from /home/ubuntu/airflow/dags/zillowanalytics.py
[2025-04-05T12:32:25.673+0000] {processor.py:925} INFO - DAG(s) 'zillow_analytics' retrieved from /home/ubuntu/airflow/dags/zillowanalytics.py
[2025-04-05T12:32:25.765+0000] {logging_mixin.py:190} INFO - [2025-04-05T12:32:25.764+0000] {dag.py:3239} INFO - Sync 1 DAGs
[2025-04-05T12:32:25.779+0000] {logging_mixin.py:190} INFO - [2025-04-05T12:32:25.779+0000] {dag.py:4180} INFO - Setting next_dagrun for zillow_analytics to 2025-04-05 00:00:00+00:00, run_after=2025-04-06 00:00:00+00:00
[2025-04-05T12:32:25.799+0000] {processor.py:208} INFO - Processing /home/ubuntu/airflow/dags/zillowanalytics.py took 0.144 seconds
[2025-04-05T12:32:55.896+0000] {processor.py:186} INFO - Started process (PID=10863) to work on /home/ubuntu/airflow/dags/zillowanalytics.py
[2025-04-05T12:32:55.899+0000] {processor.py:914} INFO - Processing file /home/ubuntu/airflow/dags/zillowanalytics.py for tasks to queue
[2025-04-05T12:32:55.900+0000] {logging_mixin.py:190} INFO - [2025-04-05T12:32:55.899+0000] {dagbag.py:588} INFO - Filling up the DagBag from /home/ubuntu/airflow/dags/zillowanalytics.py
[2025-04-05T12:32:55.911+0000] {processor.py:925} INFO - DAG(s) 'zillow_analytics' retrieved from /home/ubuntu/airflow/dags/zillowanalytics.py
[2025-04-05T12:32:56.002+0000] {logging_mixin.py:190} INFO - [2025-04-05T12:32:56.001+0000] {dag.py:3239} INFO - Sync 1 DAGs
[2025-04-05T12:32:56.016+0000] {logging_mixin.py:190} INFO - [2025-04-05T12:32:56.016+0000] {dag.py:4180} INFO - Setting next_dagrun for zillow_analytics to 2025-04-05 00:00:00+00:00, run_after=2025-04-06 00:00:00+00:00
[2025-04-05T12:32:56.038+0000] {processor.py:208} INFO - Processing /home/ubuntu/airflow/dags/zillowanalytics.py took 0.147 seconds
[2025-04-05T12:33:26.137+0000] {processor.py:186} INFO - Started process (PID=10865) to work on /home/ubuntu/airflow/dags/zillowanalytics.py
[2025-04-05T12:33:26.137+0000] {processor.py:914} INFO - Processing file /home/ubuntu/airflow/dags/zillowanalytics.py for tasks to queue
[2025-04-05T12:33:26.138+0000] {logging_mixin.py:190} INFO - [2025-04-05T12:33:26.138+0000] {dagbag.py:588} INFO - Filling up the DagBag from /home/ubuntu/airflow/dags/zillowanalytics.py
[2025-04-05T12:33:26.149+0000] {processor.py:925} INFO - DAG(s) 'zillow_analytics' retrieved from /home/ubuntu/airflow/dags/zillowanalytics.py
[2025-04-05T12:33:26.240+0000] {logging_mixin.py:190} INFO - [2025-04-05T12:33:26.240+0000] {dag.py:3239} INFO - Sync 1 DAGs
[2025-04-05T12:33:26.255+0000] {logging_mixin.py:190} INFO - [2025-04-05T12:33:26.255+0000] {dag.py:4180} INFO - Setting next_dagrun for zillow_analytics to 2025-04-05 00:00:00+00:00, run_after=2025-04-06 00:00:00+00:00
[2025-04-05T12:33:26.275+0000] {processor.py:208} INFO - Processing /home/ubuntu/airflow/dags/zillowanalytics.py took 0.144 seconds
[2025-04-05T12:33:56.375+0000] {processor.py:186} INFO - Started process (PID=10866) to work on /home/ubuntu/airflow/dags/zillowanalytics.py
[2025-04-05T12:33:56.377+0000] {processor.py:914} INFO - Processing file /home/ubuntu/airflow/dags/zillowanalytics.py for tasks to queue
[2025-04-05T12:33:56.378+0000] {logging_mixin.py:190} INFO - [2025-04-05T12:33:56.378+0000] {dagbag.py:588} INFO - Filling up the DagBag from /home/ubuntu/airflow/dags/zillowanalytics.py
[2025-04-05T12:33:56.389+0000] {processor.py:925} INFO - DAG(s) 'zillow_analytics' retrieved from /home/ubuntu/airflow/dags/zillowanalytics.py
[2025-04-05T12:33:56.479+0000] {logging_mixin.py:190} INFO - [2025-04-05T12:33:56.479+0000] {dag.py:3239} INFO - Sync 1 DAGs
[2025-04-05T12:33:56.494+0000] {logging_mixin.py:190} INFO - [2025-04-05T12:33:56.494+0000] {dag.py:4180} INFO - Setting next_dagrun for zillow_analytics to 2025-04-05 00:00:00+00:00, run_after=2025-04-06 00:00:00+00:00
[2025-04-05T12:33:56.515+0000] {processor.py:208} INFO - Processing /home/ubuntu/airflow/dags/zillowanalytics.py took 0.146 seconds
[2025-04-05T12:34:26.611+0000] {processor.py:186} INFO - Started process (PID=10867) to work on /home/ubuntu/airflow/dags/zillowanalytics.py
[2025-04-05T12:34:26.613+0000] {processor.py:914} INFO - Processing file /home/ubuntu/airflow/dags/zillowanalytics.py for tasks to queue
[2025-04-05T12:34:26.613+0000] {logging_mixin.py:190} INFO - [2025-04-05T12:34:26.613+0000] {dagbag.py:588} INFO - Filling up the DagBag from /home/ubuntu/airflow/dags/zillowanalytics.py
[2025-04-05T12:34:26.624+0000] {processor.py:925} INFO - DAG(s) 'zillow_analytics' retrieved from /home/ubuntu/airflow/dags/zillowanalytics.py
[2025-04-05T12:34:26.713+0000] {logging_mixin.py:190} INFO - [2025-04-05T12:34:26.713+0000] {dag.py:3239} INFO - Sync 1 DAGs
[2025-04-05T12:34:26.726+0000] {logging_mixin.py:190} INFO - [2025-04-05T12:34:26.726+0000] {dag.py:4180} INFO - Setting next_dagrun for zillow_analytics to 2025-04-05 00:00:00+00:00, run_after=2025-04-06 00:00:00+00:00
[2025-04-05T12:34:26.749+0000] {processor.py:208} INFO - Processing /home/ubuntu/airflow/dags/zillowanalytics.py took 0.142 seconds
[2025-04-05T12:34:56.847+0000] {processor.py:186} INFO - Started process (PID=10868) to work on /home/ubuntu/airflow/dags/zillowanalytics.py
[2025-04-05T12:34:56.850+0000] {processor.py:914} INFO - Processing file /home/ubuntu/airflow/dags/zillowanalytics.py for tasks to queue
[2025-04-05T12:34:56.851+0000] {logging_mixin.py:190} INFO - [2025-04-05T12:34:56.850+0000] {dagbag.py:588} INFO - Filling up the DagBag from /home/ubuntu/airflow/dags/zillowanalytics.py
[2025-04-05T12:34:56.862+0000] {processor.py:925} INFO - DAG(s) 'zillow_analytics' retrieved from /home/ubuntu/airflow/dags/zillowanalytics.py
[2025-04-05T12:34:56.952+0000] {logging_mixin.py:190} INFO - [2025-04-05T12:34:56.951+0000] {dag.py:3239} INFO - Sync 1 DAGs
[2025-04-05T12:34:56.969+0000] {logging_mixin.py:190} INFO - [2025-04-05T12:34:56.968+0000] {dag.py:4180} INFO - Setting next_dagrun for zillow_analytics to 2025-04-05 00:00:00+00:00, run_after=2025-04-06 00:00:00+00:00
[2025-04-05T12:34:56.992+0000] {processor.py:208} INFO - Processing /home/ubuntu/airflow/dags/zillowanalytics.py took 0.150 seconds
[2025-04-05T12:35:27.090+0000] {processor.py:186} INFO - Started process (PID=10873) to work on /home/ubuntu/airflow/dags/zillowanalytics.py
[2025-04-05T12:35:27.091+0000] {processor.py:914} INFO - Processing file /home/ubuntu/airflow/dags/zillowanalytics.py for tasks to queue
[2025-04-05T12:35:27.093+0000] {logging_mixin.py:190} INFO - [2025-04-05T12:35:27.093+0000] {dagbag.py:588} INFO - Filling up the DagBag from /home/ubuntu/airflow/dags/zillowanalytics.py
[2025-04-05T12:35:27.103+0000] {processor.py:925} INFO - DAG(s) 'zillow_analytics' retrieved from /home/ubuntu/airflow/dags/zillowanalytics.py
[2025-04-05T12:35:27.191+0000] {logging_mixin.py:190} INFO - [2025-04-05T12:35:27.191+0000] {dag.py:3239} INFO - Sync 1 DAGs
[2025-04-05T12:35:27.208+0000] {logging_mixin.py:190} INFO - [2025-04-05T12:35:27.208+0000] {dag.py:4180} INFO - Setting next_dagrun for zillow_analytics to 2025-04-05 00:00:00+00:00, run_after=2025-04-06 00:00:00+00:00
[2025-04-05T12:35:27.228+0000] {processor.py:208} INFO - Processing /home/ubuntu/airflow/dags/zillowanalytics.py took 0.143 seconds
[2025-04-05T12:35:58.327+0000] {processor.py:186} INFO - Started process (PID=10874) to work on /home/ubuntu/airflow/dags/zillowanalytics.py
[2025-04-05T12:35:58.330+0000] {processor.py:914} INFO - Processing file /home/ubuntu/airflow/dags/zillowanalytics.py for tasks to queue
[2025-04-05T12:35:58.331+0000] {logging_mixin.py:190} INFO - [2025-04-05T12:35:58.330+0000] {dagbag.py:588} INFO - Filling up the DagBag from /home/ubuntu/airflow/dags/zillowanalytics.py
[2025-04-05T12:35:58.342+0000] {processor.py:925} INFO - DAG(s) 'zillow_analytics' retrieved from /home/ubuntu/airflow/dags/zillowanalytics.py
[2025-04-05T12:35:58.432+0000] {logging_mixin.py:190} INFO - [2025-04-05T12:35:58.432+0000] {dag.py:3239} INFO - Sync 1 DAGs
[2025-04-05T12:35:58.446+0000] {logging_mixin.py:190} INFO - [2025-04-05T12:35:58.446+0000] {dag.py:4180} INFO - Setting next_dagrun for zillow_analytics to 2025-04-05 00:00:00+00:00, run_after=2025-04-06 00:00:00+00:00
[2025-04-05T12:35:58.467+0000] {processor.py:208} INFO - Processing /home/ubuntu/airflow/dags/zillowanalytics.py took 0.146 seconds
[2025-04-05T12:36:28.565+0000] {processor.py:186} INFO - Started process (PID=10876) to work on /home/ubuntu/airflow/dags/zillowanalytics.py
[2025-04-05T12:36:28.566+0000] {processor.py:914} INFO - Processing file /home/ubuntu/airflow/dags/zillowanalytics.py for tasks to queue
[2025-04-05T12:36:28.568+0000] {logging_mixin.py:190} INFO - [2025-04-05T12:36:28.568+0000] {dagbag.py:588} INFO - Filling up the DagBag from /home/ubuntu/airflow/dags/zillowanalytics.py
[2025-04-05T12:36:28.579+0000] {processor.py:925} INFO - DAG(s) 'zillow_analytics' retrieved from /home/ubuntu/airflow/dags/zillowanalytics.py
[2025-04-05T12:36:28.669+0000] {logging_mixin.py:190} INFO - [2025-04-05T12:36:28.669+0000] {dag.py:3239} INFO - Sync 1 DAGs
[2025-04-05T12:36:28.683+0000] {logging_mixin.py:190} INFO - [2025-04-05T12:36:28.682+0000] {dag.py:4180} INFO - Setting next_dagrun for zillow_analytics to 2025-04-05 00:00:00+00:00, run_after=2025-04-06 00:00:00+00:00
[2025-04-05T12:36:28.703+0000] {processor.py:208} INFO - Processing /home/ubuntu/airflow/dags/zillowanalytics.py took 0.143 seconds
[2025-04-05T12:36:58.811+0000] {processor.py:186} INFO - Started process (PID=10877) to work on /home/ubuntu/airflow/dags/zillowanalytics.py
[2025-04-05T12:36:58.813+0000] {processor.py:914} INFO - Processing file /home/ubuntu/airflow/dags/zillowanalytics.py for tasks to queue
[2025-04-05T12:36:58.814+0000] {logging_mixin.py:190} INFO - [2025-04-05T12:36:58.813+0000] {dagbag.py:588} INFO - Filling up the DagBag from /home/ubuntu/airflow/dags/zillowanalytics.py
[2025-04-05T12:36:58.825+0000] {processor.py:925} INFO - DAG(s) 'zillow_analytics' retrieved from /home/ubuntu/airflow/dags/zillowanalytics.py
[2025-04-05T12:36:58.915+0000] {logging_mixin.py:190} INFO - [2025-04-05T12:36:58.914+0000] {dag.py:3239} INFO - Sync 1 DAGs
[2025-04-05T12:36:58.928+0000] {logging_mixin.py:190} INFO - [2025-04-05T12:36:58.928+0000] {dag.py:4180} INFO - Setting next_dagrun for zillow_analytics to 2025-04-05 00:00:00+00:00, run_after=2025-04-06 00:00:00+00:00
[2025-04-05T12:36:58.949+0000] {processor.py:208} INFO - Processing /home/ubuntu/airflow/dags/zillowanalytics.py took 0.143 seconds
[2025-04-05T12:37:29.053+0000] {processor.py:186} INFO - Started process (PID=10881) to work on /home/ubuntu/airflow/dags/zillowanalytics.py
[2025-04-05T12:37:29.056+0000] {processor.py:914} INFO - Processing file /home/ubuntu/airflow/dags/zillowanalytics.py for tasks to queue
[2025-04-05T12:37:29.056+0000] {logging_mixin.py:190} INFO - [2025-04-05T12:37:29.056+0000] {dagbag.py:588} INFO - Filling up the DagBag from /home/ubuntu/airflow/dags/zillowanalytics.py
[2025-04-05T12:37:29.067+0000] {processor.py:925} INFO - DAG(s) 'zillow_analytics' retrieved from /home/ubuntu/airflow/dags/zillowanalytics.py
[2025-04-05T12:37:29.157+0000] {logging_mixin.py:190} INFO - [2025-04-05T12:37:29.157+0000] {dag.py:3239} INFO - Sync 1 DAGs
[2025-04-05T12:37:29.171+0000] {logging_mixin.py:190} INFO - [2025-04-05T12:37:29.170+0000] {dag.py:4180} INFO - Setting next_dagrun for zillow_analytics to 2025-04-05 00:00:00+00:00, run_after=2025-04-06 00:00:00+00:00
[2025-04-05T12:37:29.189+0000] {processor.py:208} INFO - Processing /home/ubuntu/airflow/dags/zillowanalytics.py took 0.143 seconds
[2025-04-05T12:37:59.294+0000] {processor.py:186} INFO - Started process (PID=10882) to work on /home/ubuntu/airflow/dags/zillowanalytics.py
[2025-04-05T12:37:59.296+0000] {processor.py:914} INFO - Processing file /home/ubuntu/airflow/dags/zillowanalytics.py for tasks to queue
[2025-04-05T12:37:59.297+0000] {logging_mixin.py:190} INFO - [2025-04-05T12:37:59.296+0000] {dagbag.py:588} INFO - Filling up the DagBag from /home/ubuntu/airflow/dags/zillowanalytics.py
[2025-04-05T12:37:59.308+0000] {processor.py:925} INFO - DAG(s) 'zillow_analytics' retrieved from /home/ubuntu/airflow/dags/zillowanalytics.py
[2025-04-05T12:37:59.399+0000] {logging_mixin.py:190} INFO - [2025-04-05T12:37:59.399+0000] {dag.py:3239} INFO - Sync 1 DAGs
[2025-04-05T12:37:59.413+0000] {logging_mixin.py:190} INFO - [2025-04-05T12:37:59.413+0000] {dag.py:4180} INFO - Setting next_dagrun for zillow_analytics to 2025-04-05 00:00:00+00:00, run_after=2025-04-06 00:00:00+00:00
[2025-04-05T12:37:59.432+0000] {processor.py:208} INFO - Processing /home/ubuntu/airflow/dags/zillowanalytics.py took 0.144 seconds
[2025-04-05T12:38:29.534+0000] {processor.py:186} INFO - Started process (PID=10883) to work on /home/ubuntu/airflow/dags/zillowanalytics.py
[2025-04-05T12:38:29.535+0000] {processor.py:914} INFO - Processing file /home/ubuntu/airflow/dags/zillowanalytics.py for tasks to queue
[2025-04-05T12:38:29.536+0000] {logging_mixin.py:190} INFO - [2025-04-05T12:38:29.536+0000] {dagbag.py:588} INFO - Filling up the DagBag from /home/ubuntu/airflow/dags/zillowanalytics.py
[2025-04-05T12:38:29.547+0000] {processor.py:925} INFO - DAG(s) 'zillow_analytics' retrieved from /home/ubuntu/airflow/dags/zillowanalytics.py
[2025-04-05T12:38:29.637+0000] {logging_mixin.py:190} INFO - [2025-04-05T12:38:29.637+0000] {dag.py:3239} INFO - Sync 1 DAGs
[2025-04-05T12:38:29.651+0000] {logging_mixin.py:190} INFO - [2025-04-05T12:38:29.651+0000] {dag.py:4180} INFO - Setting next_dagrun for zillow_analytics to 2025-04-05 00:00:00+00:00, run_after=2025-04-06 00:00:00+00:00
[2025-04-05T12:38:29.673+0000] {processor.py:208} INFO - Processing /home/ubuntu/airflow/dags/zillowanalytics.py took 0.144 seconds
[2025-04-05T12:38:59.773+0000] {processor.py:186} INFO - Started process (PID=10885) to work on /home/ubuntu/airflow/dags/zillowanalytics.py
[2025-04-05T12:38:59.775+0000] {processor.py:914} INFO - Processing file /home/ubuntu/airflow/dags/zillowanalytics.py for tasks to queue
[2025-04-05T12:38:59.776+0000] {logging_mixin.py:190} INFO - [2025-04-05T12:38:59.775+0000] {dagbag.py:588} INFO - Filling up the DagBag from /home/ubuntu/airflow/dags/zillowanalytics.py
[2025-04-05T12:38:59.786+0000] {processor.py:925} INFO - DAG(s) 'zillow_analytics' retrieved from /home/ubuntu/airflow/dags/zillowanalytics.py
[2025-04-05T12:38:59.876+0000] {logging_mixin.py:190} INFO - [2025-04-05T12:38:59.876+0000] {dag.py:3239} INFO - Sync 1 DAGs
[2025-04-05T12:38:59.891+0000] {logging_mixin.py:190} INFO - [2025-04-05T12:38:59.891+0000] {dag.py:4180} INFO - Setting next_dagrun for zillow_analytics to 2025-04-05 00:00:00+00:00, run_after=2025-04-06 00:00:00+00:00
[2025-04-05T12:38:59.910+0000] {processor.py:208} INFO - Processing /home/ubuntu/airflow/dags/zillowanalytics.py took 0.143 seconds
[2025-04-05T12:39:30.986+0000] {processor.py:186} INFO - Started process (PID=10887) to work on /home/ubuntu/airflow/dags/zillowanalytics.py
[2025-04-05T12:39:30.989+0000] {processor.py:914} INFO - Processing file /home/ubuntu/airflow/dags/zillowanalytics.py for tasks to queue
[2025-04-05T12:39:30.990+0000] {logging_mixin.py:190} INFO - [2025-04-05T12:39:30.989+0000] {dagbag.py:588} INFO - Filling up the DagBag from /home/ubuntu/airflow/dags/zillowanalytics.py
[2025-04-05T12:39:31.001+0000] {processor.py:925} INFO - DAG(s) 'zillow_analytics' retrieved from /home/ubuntu/airflow/dags/zillowanalytics.py
[2025-04-05T12:39:31.092+0000] {logging_mixin.py:190} INFO - [2025-04-05T12:39:31.091+0000] {dag.py:3239} INFO - Sync 1 DAGs
[2025-04-05T12:39:31.107+0000] {logging_mixin.py:190} INFO - [2025-04-05T12:39:31.107+0000] {dag.py:4180} INFO - Setting next_dagrun for zillow_analytics to 2025-04-05 00:00:00+00:00, run_after=2025-04-06 00:00:00+00:00
[2025-04-05T12:39:31.129+0000] {processor.py:208} INFO - Processing /home/ubuntu/airflow/dags/zillowanalytics.py took 0.148 seconds
[2025-04-05T12:40:01.225+0000] {processor.py:186} INFO - Started process (PID=10888) to work on /home/ubuntu/airflow/dags/zillowanalytics.py
[2025-04-05T12:40:01.226+0000] {processor.py:914} INFO - Processing file /home/ubuntu/airflow/dags/zillowanalytics.py for tasks to queue
[2025-04-05T12:40:01.227+0000] {logging_mixin.py:190} INFO - [2025-04-05T12:40:01.227+0000] {dagbag.py:588} INFO - Filling up the DagBag from /home/ubuntu/airflow/dags/zillowanalytics.py
[2025-04-05T12:40:01.238+0000] {processor.py:925} INFO - DAG(s) 'zillow_analytics' retrieved from /home/ubuntu/airflow/dags/zillowanalytics.py
[2025-04-05T12:40:01.333+0000] {logging_mixin.py:190} INFO - [2025-04-05T12:40:01.333+0000] {dag.py:3239} INFO - Sync 1 DAGs
[2025-04-05T12:40:01.348+0000] {logging_mixin.py:190} INFO - [2025-04-05T12:40:01.348+0000] {dag.py:4180} INFO - Setting next_dagrun for zillow_analytics to 2025-04-05 00:00:00+00:00, run_after=2025-04-06 00:00:00+00:00
[2025-04-05T12:40:01.369+0000] {processor.py:208} INFO - Processing /home/ubuntu/airflow/dags/zillowanalytics.py took 0.150 seconds
[2025-04-05T12:40:31.461+0000] {processor.py:186} INFO - Started process (PID=10893) to work on /home/ubuntu/airflow/dags/zillowanalytics.py
[2025-04-05T12:40:31.462+0000] {processor.py:914} INFO - Processing file /home/ubuntu/airflow/dags/zillowanalytics.py for tasks to queue
[2025-04-05T12:40:31.463+0000] {logging_mixin.py:190} INFO - [2025-04-05T12:40:31.462+0000] {dagbag.py:588} INFO - Filling up the DagBag from /home/ubuntu/airflow/dags/zillowanalytics.py
[2025-04-05T12:40:31.474+0000] {processor.py:925} INFO - DAG(s) 'zillow_analytics' retrieved from /home/ubuntu/airflow/dags/zillowanalytics.py
[2025-04-05T12:40:31.568+0000] {logging_mixin.py:190} INFO - [2025-04-05T12:40:31.568+0000] {dag.py:3239} INFO - Sync 1 DAGs
[2025-04-05T12:40:31.585+0000] {logging_mixin.py:190} INFO - [2025-04-05T12:40:31.584+0000] {dag.py:4180} INFO - Setting next_dagrun for zillow_analytics to 2025-04-05 00:00:00+00:00, run_after=2025-04-06 00:00:00+00:00
[2025-04-05T12:40:31.608+0000] {processor.py:208} INFO - Processing /home/ubuntu/airflow/dags/zillowanalytics.py took 0.153 seconds
[2025-04-05T12:41:01.700+0000] {processor.py:186} INFO - Started process (PID=10894) to work on /home/ubuntu/airflow/dags/zillowanalytics.py
[2025-04-05T12:41:01.702+0000] {processor.py:914} INFO - Processing file /home/ubuntu/airflow/dags/zillowanalytics.py for tasks to queue
[2025-04-05T12:41:01.703+0000] {logging_mixin.py:190} INFO - [2025-04-05T12:41:01.703+0000] {dagbag.py:588} INFO - Filling up the DagBag from /home/ubuntu/airflow/dags/zillowanalytics.py
[2025-04-05T12:41:01.714+0000] {processor.py:925} INFO - DAG(s) 'zillow_analytics' retrieved from /home/ubuntu/airflow/dags/zillowanalytics.py
[2025-04-05T12:41:01.807+0000] {logging_mixin.py:190} INFO - [2025-04-05T12:41:01.807+0000] {dag.py:3239} INFO - Sync 1 DAGs
[2025-04-05T12:41:01.821+0000] {logging_mixin.py:190} INFO - [2025-04-05T12:41:01.821+0000] {dag.py:4180} INFO - Setting next_dagrun for zillow_analytics to 2025-04-05 00:00:00+00:00, run_after=2025-04-06 00:00:00+00:00
[2025-04-05T12:41:01.841+0000] {processor.py:208} INFO - Processing /home/ubuntu/airflow/dags/zillowanalytics.py took 0.147 seconds
[2025-04-05T12:41:31.939+0000] {processor.py:186} INFO - Started process (PID=10895) to work on /home/ubuntu/airflow/dags/zillowanalytics.py
[2025-04-05T12:41:31.940+0000] {processor.py:914} INFO - Processing file /home/ubuntu/airflow/dags/zillowanalytics.py for tasks to queue
[2025-04-05T12:41:31.941+0000] {logging_mixin.py:190} INFO - [2025-04-05T12:41:31.941+0000] {dagbag.py:588} INFO - Filling up the DagBag from /home/ubuntu/airflow/dags/zillowanalytics.py
[2025-04-05T12:41:31.952+0000] {processor.py:925} INFO - DAG(s) 'zillow_analytics' retrieved from /home/ubuntu/airflow/dags/zillowanalytics.py
[2025-04-05T12:41:32.044+0000] {logging_mixin.py:190} INFO - [2025-04-05T12:41:32.043+0000] {dag.py:3239} INFO - Sync 1 DAGs
[2025-04-05T12:41:32.059+0000] {logging_mixin.py:190} INFO - [2025-04-05T12:41:32.059+0000] {dag.py:4180} INFO - Setting next_dagrun for zillow_analytics to 2025-04-05 00:00:00+00:00, run_after=2025-04-06 00:00:00+00:00
[2025-04-05T12:41:32.080+0000] {processor.py:208} INFO - Processing /home/ubuntu/airflow/dags/zillowanalytics.py took 0.146 seconds
[2025-04-05T12:42:02.183+0000] {processor.py:186} INFO - Started process (PID=10897) to work on /home/ubuntu/airflow/dags/zillowanalytics.py
[2025-04-05T12:42:02.184+0000] {processor.py:914} INFO - Processing file /home/ubuntu/airflow/dags/zillowanalytics.py for tasks to queue
[2025-04-05T12:42:02.185+0000] {logging_mixin.py:190} INFO - [2025-04-05T12:42:02.185+0000] {dagbag.py:588} INFO - Filling up the DagBag from /home/ubuntu/airflow/dags/zillowanalytics.py
[2025-04-05T12:42:02.196+0000] {processor.py:925} INFO - DAG(s) 'zillow_analytics' retrieved from /home/ubuntu/airflow/dags/zillowanalytics.py
[2025-04-05T12:42:02.288+0000] {logging_mixin.py:190} INFO - [2025-04-05T12:42:02.288+0000] {dag.py:3239} INFO - Sync 1 DAGs
[2025-04-05T12:42:02.303+0000] {logging_mixin.py:190} INFO - [2025-04-05T12:42:02.303+0000] {dag.py:4180} INFO - Setting next_dagrun for zillow_analytics to 2025-04-05 00:00:00+00:00, run_after=2025-04-06 00:00:00+00:00
[2025-04-05T12:42:02.323+0000] {processor.py:208} INFO - Processing /home/ubuntu/airflow/dags/zillowanalytics.py took 0.145 seconds
[2025-04-05T12:42:32.420+0000] {processor.py:186} INFO - Started process (PID=10899) to work on /home/ubuntu/airflow/dags/zillowanalytics.py
[2025-04-05T12:42:32.420+0000] {processor.py:914} INFO - Processing file /home/ubuntu/airflow/dags/zillowanalytics.py for tasks to queue
[2025-04-05T12:42:32.421+0000] {logging_mixin.py:190} INFO - [2025-04-05T12:42:32.421+0000] {dagbag.py:588} INFO - Filling up the DagBag from /home/ubuntu/airflow/dags/zillowanalytics.py
[2025-04-05T12:42:32.432+0000] {processor.py:925} INFO - DAG(s) 'zillow_analytics' retrieved from /home/ubuntu/airflow/dags/zillowanalytics.py
[2025-04-05T12:42:32.522+0000] {logging_mixin.py:190} INFO - [2025-04-05T12:42:32.522+0000] {dag.py:3239} INFO - Sync 1 DAGs
[2025-04-05T12:42:32.536+0000] {logging_mixin.py:190} INFO - [2025-04-05T12:42:32.536+0000] {dag.py:4180} INFO - Setting next_dagrun for zillow_analytics to 2025-04-05 00:00:00+00:00, run_after=2025-04-06 00:00:00+00:00
[2025-04-05T12:42:32.559+0000] {processor.py:208} INFO - Processing /home/ubuntu/airflow/dags/zillowanalytics.py took 0.145 seconds
[2025-04-05T12:43:02.655+0000] {processor.py:186} INFO - Started process (PID=10900) to work on /home/ubuntu/airflow/dags/zillowanalytics.py
[2025-04-05T12:43:02.657+0000] {processor.py:914} INFO - Processing file /home/ubuntu/airflow/dags/zillowanalytics.py for tasks to queue
[2025-04-05T12:43:02.658+0000] {logging_mixin.py:190} INFO - [2025-04-05T12:43:02.658+0000] {dagbag.py:588} INFO - Filling up the DagBag from /home/ubuntu/airflow/dags/zillowanalytics.py
[2025-04-05T12:43:02.670+0000] {processor.py:925} INFO - DAG(s) 'zillow_analytics' retrieved from /home/ubuntu/airflow/dags/zillowanalytics.py
[2025-04-05T12:43:02.762+0000] {logging_mixin.py:190} INFO - [2025-04-05T12:43:02.761+0000] {dag.py:3239} INFO - Sync 1 DAGs
[2025-04-05T12:43:02.778+0000] {logging_mixin.py:190} INFO - [2025-04-05T12:43:02.778+0000] {dag.py:4180} INFO - Setting next_dagrun for zillow_analytics to 2025-04-05 00:00:00+00:00, run_after=2025-04-06 00:00:00+00:00
[2025-04-05T12:43:02.799+0000] {processor.py:208} INFO - Processing /home/ubuntu/airflow/dags/zillowanalytics.py took 0.149 seconds
[2025-04-05T12:43:32.889+0000] {processor.py:186} INFO - Started process (PID=10901) to work on /home/ubuntu/airflow/dags/zillowanalytics.py
[2025-04-05T12:43:32.890+0000] {processor.py:914} INFO - Processing file /home/ubuntu/airflow/dags/zillowanalytics.py for tasks to queue
[2025-04-05T12:43:32.892+0000] {logging_mixin.py:190} INFO - [2025-04-05T12:43:32.892+0000] {dagbag.py:588} INFO - Filling up the DagBag from /home/ubuntu/airflow/dags/zillowanalytics.py
[2025-04-05T12:43:32.902+0000] {processor.py:925} INFO - DAG(s) 'zillow_analytics' retrieved from /home/ubuntu/airflow/dags/zillowanalytics.py
[2025-04-05T12:43:32.991+0000] {logging_mixin.py:190} INFO - [2025-04-05T12:43:32.991+0000] {dag.py:3239} INFO - Sync 1 DAGs
[2025-04-05T12:43:33.006+0000] {logging_mixin.py:190} INFO - [2025-04-05T12:43:33.006+0000] {dag.py:4180} INFO - Setting next_dagrun for zillow_analytics to 2025-04-05 00:00:00+00:00, run_after=2025-04-06 00:00:00+00:00
[2025-04-05T12:43:33.027+0000] {processor.py:208} INFO - Processing /home/ubuntu/airflow/dags/zillowanalytics.py took 0.144 seconds
[2025-04-05T12:44:03.132+0000] {processor.py:186} INFO - Started process (PID=10902) to work on /home/ubuntu/airflow/dags/zillowanalytics.py
[2025-04-05T12:44:03.134+0000] {processor.py:914} INFO - Processing file /home/ubuntu/airflow/dags/zillowanalytics.py for tasks to queue
[2025-04-05T12:44:03.136+0000] {logging_mixin.py:190} INFO - [2025-04-05T12:44:03.134+0000] {dagbag.py:588} INFO - Filling up the DagBag from /home/ubuntu/airflow/dags/zillowanalytics.py
[2025-04-05T12:44:03.146+0000] {processor.py:925} INFO - DAG(s) 'zillow_analytics' retrieved from /home/ubuntu/airflow/dags/zillowanalytics.py
[2025-04-05T12:44:03.240+0000] {logging_mixin.py:190} INFO - [2025-04-05T12:44:03.240+0000] {dag.py:3239} INFO - Sync 1 DAGs
[2025-04-05T12:44:03.253+0000] {logging_mixin.py:190} INFO - [2025-04-05T12:44:03.253+0000] {dag.py:4180} INFO - Setting next_dagrun for zillow_analytics to 2025-04-05 00:00:00+00:00, run_after=2025-04-06 00:00:00+00:00
[2025-04-05T12:44:03.273+0000] {processor.py:208} INFO - Processing /home/ubuntu/airflow/dags/zillowanalytics.py took 0.147 seconds
[2025-04-05T12:44:33.369+0000] {processor.py:186} INFO - Started process (PID=10903) to work on /home/ubuntu/airflow/dags/zillowanalytics.py
[2025-04-05T12:44:33.371+0000] {processor.py:914} INFO - Processing file /home/ubuntu/airflow/dags/zillowanalytics.py for tasks to queue
[2025-04-05T12:44:33.372+0000] {logging_mixin.py:190} INFO - [2025-04-05T12:44:33.371+0000] {dagbag.py:588} INFO - Filling up the DagBag from /home/ubuntu/airflow/dags/zillowanalytics.py
[2025-04-05T12:44:33.382+0000] {processor.py:925} INFO - DAG(s) 'zillow_analytics' retrieved from /home/ubuntu/airflow/dags/zillowanalytics.py
[2025-04-05T12:44:33.473+0000] {logging_mixin.py:190} INFO - [2025-04-05T12:44:33.472+0000] {dag.py:3239} INFO - Sync 1 DAGs
[2025-04-05T12:44:33.487+0000] {logging_mixin.py:190} INFO - [2025-04-05T12:44:33.487+0000] {dag.py:4180} INFO - Setting next_dagrun for zillow_analytics to 2025-04-05 00:00:00+00:00, run_after=2025-04-06 00:00:00+00:00
[2025-04-05T12:44:33.507+0000] {processor.py:208} INFO - Processing /home/ubuntu/airflow/dags/zillowanalytics.py took 0.145 seconds
[2025-04-05T12:45:03.615+0000] {processor.py:186} INFO - Started process (PID=10907) to work on /home/ubuntu/airflow/dags/zillowanalytics.py
[2025-04-05T12:45:03.617+0000] {processor.py:914} INFO - Processing file /home/ubuntu/airflow/dags/zillowanalytics.py for tasks to queue
[2025-04-05T12:45:03.617+0000] {logging_mixin.py:190} INFO - [2025-04-05T12:45:03.617+0000] {dagbag.py:588} INFO - Filling up the DagBag from /home/ubuntu/airflow/dags/zillowanalytics.py
[2025-04-05T12:45:03.628+0000] {processor.py:925} INFO - DAG(s) 'zillow_analytics' retrieved from /home/ubuntu/airflow/dags/zillowanalytics.py
[2025-04-05T12:45:03.722+0000] {logging_mixin.py:190} INFO - [2025-04-05T12:45:03.722+0000] {dag.py:3239} INFO - Sync 1 DAGs
[2025-04-05T12:45:03.737+0000] {logging_mixin.py:190} INFO - [2025-04-05T12:45:03.737+0000] {dag.py:4180} INFO - Setting next_dagrun for zillow_analytics to 2025-04-05 00:00:00+00:00, run_after=2025-04-06 00:00:00+00:00
[2025-04-05T12:45:03.758+0000] {processor.py:208} INFO - Processing /home/ubuntu/airflow/dags/zillowanalytics.py took 0.148 seconds
[2025-04-05T12:45:33.874+0000] {processor.py:186} INFO - Started process (PID=10909) to work on /home/ubuntu/airflow/dags/zillowanalytics.py
[2025-04-05T12:45:33.874+0000] {processor.py:914} INFO - Processing file /home/ubuntu/airflow/dags/zillowanalytics.py for tasks to queue
[2025-04-05T12:45:33.876+0000] {logging_mixin.py:190} INFO - [2025-04-05T12:45:33.875+0000] {dagbag.py:588} INFO - Filling up the DagBag from /home/ubuntu/airflow/dags/zillowanalytics.py
[2025-04-05T12:45:33.886+0000] {processor.py:925} INFO - DAG(s) 'zillow_analytics' retrieved from /home/ubuntu/airflow/dags/zillowanalytics.py
[2025-04-05T12:45:33.976+0000] {logging_mixin.py:190} INFO - [2025-04-05T12:45:33.976+0000] {dag.py:3239} INFO - Sync 1 DAGs
[2025-04-05T12:45:33.990+0000] {logging_mixin.py:190} INFO - [2025-04-05T12:45:33.989+0000] {dag.py:4180} INFO - Setting next_dagrun for zillow_analytics to 2025-04-05 00:00:00+00:00, run_after=2025-04-06 00:00:00+00:00
[2025-04-05T12:45:34.011+0000] {processor.py:208} INFO - Processing /home/ubuntu/airflow/dags/zillowanalytics.py took 0.143 seconds
[2025-04-05T12:46:04.105+0000] {processor.py:186} INFO - Started process (PID=10910) to work on /home/ubuntu/airflow/dags/zillowanalytics.py
[2025-04-05T12:46:04.107+0000] {processor.py:914} INFO - Processing file /home/ubuntu/airflow/dags/zillowanalytics.py for tasks to queue
[2025-04-05T12:46:04.108+0000] {logging_mixin.py:190} INFO - [2025-04-05T12:46:04.108+0000] {dagbag.py:588} INFO - Filling up the DagBag from /home/ubuntu/airflow/dags/zillowanalytics.py
[2025-04-05T12:46:04.118+0000] {processor.py:925} INFO - DAG(s) 'zillow_analytics' retrieved from /home/ubuntu/airflow/dags/zillowanalytics.py
[2025-04-05T12:46:04.209+0000] {logging_mixin.py:190} INFO - [2025-04-05T12:46:04.209+0000] {dag.py:3239} INFO - Sync 1 DAGs
[2025-04-05T12:46:04.224+0000] {logging_mixin.py:190} INFO - [2025-04-05T12:46:04.224+0000] {dag.py:4180} INFO - Setting next_dagrun for zillow_analytics to 2025-04-05 00:00:00+00:00, run_after=2025-04-06 00:00:00+00:00
[2025-04-05T12:46:04.245+0000] {processor.py:208} INFO - Processing /home/ubuntu/airflow/dags/zillowanalytics.py took 0.145 seconds
[2025-04-05T12:46:34.345+0000] {processor.py:186} INFO - Started process (PID=10911) to work on /home/ubuntu/airflow/dags/zillowanalytics.py
[2025-04-05T12:46:34.346+0000] {processor.py:914} INFO - Processing file /home/ubuntu/airflow/dags/zillowanalytics.py for tasks to queue
[2025-04-05T12:46:34.348+0000] {logging_mixin.py:190} INFO - [2025-04-05T12:46:34.348+0000] {dagbag.py:588} INFO - Filling up the DagBag from /home/ubuntu/airflow/dags/zillowanalytics.py
[2025-04-05T12:46:34.358+0000] {processor.py:925} INFO - DAG(s) 'zillow_analytics' retrieved from /home/ubuntu/airflow/dags/zillowanalytics.py
[2025-04-05T12:46:34.446+0000] {logging_mixin.py:190} INFO - [2025-04-05T12:46:34.446+0000] {dag.py:3239} INFO - Sync 1 DAGs
[2025-04-05T12:46:34.461+0000] {logging_mixin.py:190} INFO - [2025-04-05T12:46:34.461+0000] {dag.py:4180} INFO - Setting next_dagrun for zillow_analytics to 2025-04-05 00:00:00+00:00, run_after=2025-04-06 00:00:00+00:00
[2025-04-05T12:46:34.483+0000] {processor.py:208} INFO - Processing /home/ubuntu/airflow/dags/zillowanalytics.py took 0.144 seconds
[2025-04-05T12:47:04.584+0000] {processor.py:186} INFO - Started process (PID=10912) to work on /home/ubuntu/airflow/dags/zillowanalytics.py
[2025-04-05T12:47:04.585+0000] {processor.py:914} INFO - Processing file /home/ubuntu/airflow/dags/zillowanalytics.py for tasks to queue
[2025-04-05T12:47:04.586+0000] {logging_mixin.py:190} INFO - [2025-04-05T12:47:04.586+0000] {dagbag.py:588} INFO - Filling up the DagBag from /home/ubuntu/airflow/dags/zillowanalytics.py
[2025-04-05T12:47:04.597+0000] {processor.py:925} INFO - DAG(s) 'zillow_analytics' retrieved from /home/ubuntu/airflow/dags/zillowanalytics.py
[2025-04-05T12:47:04.687+0000] {logging_mixin.py:190} INFO - [2025-04-05T12:47:04.686+0000] {dag.py:3239} INFO - Sync 1 DAGs
[2025-04-05T12:47:04.703+0000] {logging_mixin.py:190} INFO - [2025-04-05T12:47:04.701+0000] {dag.py:4180} INFO - Setting next_dagrun for zillow_analytics to 2025-04-05 00:00:00+00:00, run_after=2025-04-06 00:00:00+00:00
[2025-04-05T12:47:04.723+0000] {processor.py:208} INFO - Processing /home/ubuntu/airflow/dags/zillowanalytics.py took 0.145 seconds
[2025-04-05T12:47:34.823+0000] {processor.py:186} INFO - Started process (PID=10913) to work on /home/ubuntu/airflow/dags/zillowanalytics.py
[2025-04-05T12:47:34.824+0000] {processor.py:914} INFO - Processing file /home/ubuntu/airflow/dags/zillowanalytics.py for tasks to queue
[2025-04-05T12:47:34.825+0000] {logging_mixin.py:190} INFO - [2025-04-05T12:47:34.825+0000] {dagbag.py:588} INFO - Filling up the DagBag from /home/ubuntu/airflow/dags/zillowanalytics.py
[2025-04-05T12:47:34.837+0000] {processor.py:925} INFO - DAG(s) 'zillow_analytics' retrieved from /home/ubuntu/airflow/dags/zillowanalytics.py
[2025-04-05T12:47:34.925+0000] {logging_mixin.py:190} INFO - [2025-04-05T12:47:34.925+0000] {dag.py:3239} INFO - Sync 1 DAGs
[2025-04-05T12:47:34.941+0000] {logging_mixin.py:190} INFO - [2025-04-05T12:47:34.941+0000] {dag.py:4180} INFO - Setting next_dagrun for zillow_analytics to 2025-04-05 00:00:00+00:00, run_after=2025-04-06 00:00:00+00:00
[2025-04-05T12:47:34.961+0000] {processor.py:208} INFO - Processing /home/ubuntu/airflow/dags/zillowanalytics.py took 0.143 seconds
[2025-04-05T12:48:05.068+0000] {processor.py:186} INFO - Started process (PID=10915) to work on /home/ubuntu/airflow/dags/zillowanalytics.py
[2025-04-05T12:48:05.070+0000] {processor.py:914} INFO - Processing file /home/ubuntu/airflow/dags/zillowanalytics.py for tasks to queue
[2025-04-05T12:48:05.071+0000] {logging_mixin.py:190} INFO - [2025-04-05T12:48:05.070+0000] {dagbag.py:588} INFO - Filling up the DagBag from /home/ubuntu/airflow/dags/zillowanalytics.py
[2025-04-05T12:48:05.082+0000] {processor.py:925} INFO - DAG(s) 'zillow_analytics' retrieved from /home/ubuntu/airflow/dags/zillowanalytics.py
[2025-04-05T12:48:05.175+0000] {logging_mixin.py:190} INFO - [2025-04-05T12:48:05.175+0000] {dag.py:3239} INFO - Sync 1 DAGs
[2025-04-05T12:48:05.189+0000] {logging_mixin.py:190} INFO - [2025-04-05T12:48:05.188+0000] {dag.py:4180} INFO - Setting next_dagrun for zillow_analytics to 2025-04-05 00:00:00+00:00, run_after=2025-04-06 00:00:00+00:00
[2025-04-05T12:48:05.210+0000] {processor.py:208} INFO - Processing /home/ubuntu/airflow/dags/zillowanalytics.py took 0.147 seconds
[2025-04-05T12:48:35.304+0000] {processor.py:186} INFO - Started process (PID=10917) to work on /home/ubuntu/airflow/dags/zillowanalytics.py
[2025-04-05T12:48:35.305+0000] {processor.py:914} INFO - Processing file /home/ubuntu/airflow/dags/zillowanalytics.py for tasks to queue
[2025-04-05T12:48:35.306+0000] {logging_mixin.py:190} INFO - [2025-04-05T12:48:35.306+0000] {dagbag.py:588} INFO - Filling up the DagBag from /home/ubuntu/airflow/dags/zillowanalytics.py
[2025-04-05T12:48:35.317+0000] {processor.py:925} INFO - DAG(s) 'zillow_analytics' retrieved from /home/ubuntu/airflow/dags/zillowanalytics.py
[2025-04-05T12:48:35.408+0000] {logging_mixin.py:190} INFO - [2025-04-05T12:48:35.408+0000] {dag.py:3239} INFO - Sync 1 DAGs
[2025-04-05T12:48:35.422+0000] {logging_mixin.py:190} INFO - [2025-04-05T12:48:35.422+0000] {dag.py:4180} INFO - Setting next_dagrun for zillow_analytics to 2025-04-05 00:00:00+00:00, run_after=2025-04-06 00:00:00+00:00
[2025-04-05T12:48:35.443+0000] {processor.py:208} INFO - Processing /home/ubuntu/airflow/dags/zillowanalytics.py took 0.144 seconds
[2025-04-05T12:49:05.543+0000] {processor.py:186} INFO - Started process (PID=10919) to work on /home/ubuntu/airflow/dags/zillowanalytics.py
[2025-04-05T12:49:05.545+0000] {processor.py:914} INFO - Processing file /home/ubuntu/airflow/dags/zillowanalytics.py for tasks to queue
[2025-04-05T12:49:05.546+0000] {logging_mixin.py:190} INFO - [2025-04-05T12:49:05.546+0000] {dagbag.py:588} INFO - Filling up the DagBag from /home/ubuntu/airflow/dags/zillowanalytics.py
[2025-04-05T12:49:05.557+0000] {processor.py:925} INFO - DAG(s) 'zillow_analytics' retrieved from /home/ubuntu/airflow/dags/zillowanalytics.py
[2025-04-05T12:49:05.650+0000] {logging_mixin.py:190} INFO - [2025-04-05T12:49:05.650+0000] {dag.py:3239} INFO - Sync 1 DAGs
[2025-04-05T12:49:05.663+0000] {logging_mixin.py:190} INFO - [2025-04-05T12:49:05.663+0000] {dag.py:4180} INFO - Setting next_dagrun for zillow_analytics to 2025-04-05 00:00:00+00:00, run_after=2025-04-06 00:00:00+00:00
[2025-04-05T12:49:05.684+0000] {processor.py:208} INFO - Processing /home/ubuntu/airflow/dags/zillowanalytics.py took 0.147 seconds
[2025-04-05T12:49:35.776+0000] {processor.py:186} INFO - Started process (PID=10920) to work on /home/ubuntu/airflow/dags/zillowanalytics.py
[2025-04-05T12:49:35.777+0000] {processor.py:914} INFO - Processing file /home/ubuntu/airflow/dags/zillowanalytics.py for tasks to queue
[2025-04-05T12:49:35.778+0000] {logging_mixin.py:190} INFO - [2025-04-05T12:49:35.778+0000] {dagbag.py:588} INFO - Filling up the DagBag from /home/ubuntu/airflow/dags/zillowanalytics.py
[2025-04-05T12:49:35.789+0000] {processor.py:925} INFO - DAG(s) 'zillow_analytics' retrieved from /home/ubuntu/airflow/dags/zillowanalytics.py
[2025-04-05T12:49:35.879+0000] {logging_mixin.py:190} INFO - [2025-04-05T12:49:35.879+0000] {dag.py:3239} INFO - Sync 1 DAGs
[2025-04-05T12:49:35.894+0000] {logging_mixin.py:190} INFO - [2025-04-05T12:49:35.894+0000] {dag.py:4180} INFO - Setting next_dagrun for zillow_analytics to 2025-04-05 00:00:00+00:00, run_after=2025-04-06 00:00:00+00:00
[2025-04-05T12:49:35.913+0000] {processor.py:208} INFO - Processing /home/ubuntu/airflow/dags/zillowanalytics.py took 0.142 seconds
[2025-04-05T12:50:06.014+0000] {processor.py:186} INFO - Started process (PID=10922) to work on /home/ubuntu/airflow/dags/zillowanalytics.py
[2025-04-05T12:50:06.016+0000] {processor.py:914} INFO - Processing file /home/ubuntu/airflow/dags/zillowanalytics.py for tasks to queue
[2025-04-05T12:50:06.017+0000] {logging_mixin.py:190} INFO - [2025-04-05T12:50:06.017+0000] {dagbag.py:588} INFO - Filling up the DagBag from /home/ubuntu/airflow/dags/zillowanalytics.py
[2025-04-05T12:50:06.029+0000] {processor.py:925} INFO - DAG(s) 'zillow_analytics' retrieved from /home/ubuntu/airflow/dags/zillowanalytics.py
[2025-04-05T12:50:06.122+0000] {logging_mixin.py:190} INFO - [2025-04-05T12:50:06.121+0000] {dag.py:3239} INFO - Sync 1 DAGs
[2025-04-05T12:50:06.137+0000] {logging_mixin.py:190} INFO - [2025-04-05T12:50:06.136+0000] {dag.py:4180} INFO - Setting next_dagrun for zillow_analytics to 2025-04-05 00:00:00+00:00, run_after=2025-04-06 00:00:00+00:00
[2025-04-05T12:50:06.159+0000] {processor.py:208} INFO - Processing /home/ubuntu/airflow/dags/zillowanalytics.py took 0.151 seconds
[2025-04-05T12:50:36.252+0000] {processor.py:186} INFO - Started process (PID=10927) to work on /home/ubuntu/airflow/dags/zillowanalytics.py
[2025-04-05T12:50:36.253+0000] {processor.py:914} INFO - Processing file /home/ubuntu/airflow/dags/zillowanalytics.py for tasks to queue
[2025-04-05T12:50:36.254+0000] {logging_mixin.py:190} INFO - [2025-04-05T12:50:36.254+0000] {dagbag.py:588} INFO - Filling up the DagBag from /home/ubuntu/airflow/dags/zillowanalytics.py
[2025-04-05T12:50:36.265+0000] {processor.py:925} INFO - DAG(s) 'zillow_analytics' retrieved from /home/ubuntu/airflow/dags/zillowanalytics.py
[2025-04-05T12:50:36.353+0000] {logging_mixin.py:190} INFO - [2025-04-05T12:50:36.353+0000] {dag.py:3239} INFO - Sync 1 DAGs
[2025-04-05T12:50:36.369+0000] {logging_mixin.py:190} INFO - [2025-04-05T12:50:36.369+0000] {dag.py:4180} INFO - Setting next_dagrun for zillow_analytics to 2025-04-05 00:00:00+00:00, run_after=2025-04-06 00:00:00+00:00
[2025-04-05T12:50:36.391+0000] {processor.py:208} INFO - Processing /home/ubuntu/airflow/dags/zillowanalytics.py took 0.146 seconds
[2025-04-05T12:51:06.496+0000] {processor.py:186} INFO - Started process (PID=10928) to work on /home/ubuntu/airflow/dags/zillowanalytics.py
[2025-04-05T12:51:06.499+0000] {processor.py:914} INFO - Processing file /home/ubuntu/airflow/dags/zillowanalytics.py for tasks to queue
[2025-04-05T12:51:06.500+0000] {logging_mixin.py:190} INFO - [2025-04-05T12:51:06.500+0000] {dagbag.py:588} INFO - Filling up the DagBag from /home/ubuntu/airflow/dags/zillowanalytics.py
[2025-04-05T12:51:06.511+0000] {processor.py:925} INFO - DAG(s) 'zillow_analytics' retrieved from /home/ubuntu/airflow/dags/zillowanalytics.py
[2025-04-05T12:51:06.604+0000] {logging_mixin.py:190} INFO - [2025-04-05T12:51:06.604+0000] {dag.py:3239} INFO - Sync 1 DAGs
[2025-04-05T12:51:06.619+0000] {logging_mixin.py:190} INFO - [2025-04-05T12:51:06.619+0000] {dag.py:4180} INFO - Setting next_dagrun for zillow_analytics to 2025-04-05 00:00:00+00:00, run_after=2025-04-06 00:00:00+00:00
[2025-04-05T12:51:06.640+0000] {processor.py:208} INFO - Processing /home/ubuntu/airflow/dags/zillowanalytics.py took 0.149 seconds
[2025-04-05T12:51:36.736+0000] {processor.py:186} INFO - Started process (PID=10930) to work on /home/ubuntu/airflow/dags/zillowanalytics.py
[2025-04-05T12:51:36.737+0000] {processor.py:914} INFO - Processing file /home/ubuntu/airflow/dags/zillowanalytics.py for tasks to queue
[2025-04-05T12:51:36.738+0000] {logging_mixin.py:190} INFO - [2025-04-05T12:51:36.738+0000] {dagbag.py:588} INFO - Filling up the DagBag from /home/ubuntu/airflow/dags/zillowanalytics.py
[2025-04-05T12:51:36.750+0000] {processor.py:925} INFO - DAG(s) 'zillow_analytics' retrieved from /home/ubuntu/airflow/dags/zillowanalytics.py
[2025-04-05T12:51:36.842+0000] {logging_mixin.py:190} INFO - [2025-04-05T12:51:36.842+0000] {dag.py:3239} INFO - Sync 1 DAGs
[2025-04-05T12:51:36.856+0000] {logging_mixin.py:190} INFO - [2025-04-05T12:51:36.856+0000] {dag.py:4180} INFO - Setting next_dagrun for zillow_analytics to 2025-04-05 00:00:00+00:00, run_after=2025-04-06 00:00:00+00:00
[2025-04-05T12:51:36.877+0000] {processor.py:208} INFO - Processing /home/ubuntu/airflow/dags/zillowanalytics.py took 0.146 seconds
[2025-04-05T12:52:06.977+0000] {processor.py:186} INFO - Started process (PID=10931) to work on /home/ubuntu/airflow/dags/zillowanalytics.py
[2025-04-05T12:52:06.979+0000] {processor.py:914} INFO - Processing file /home/ubuntu/airflow/dags/zillowanalytics.py for tasks to queue
[2025-04-05T12:52:06.980+0000] {logging_mixin.py:190} INFO - [2025-04-05T12:52:06.979+0000] {dagbag.py:588} INFO - Filling up the DagBag from /home/ubuntu/airflow/dags/zillowanalytics.py
[2025-04-05T12:52:06.990+0000] {processor.py:925} INFO - DAG(s) 'zillow_analytics' retrieved from /home/ubuntu/airflow/dags/zillowanalytics.py
[2025-04-05T12:52:07.080+0000] {logging_mixin.py:190} INFO - [2025-04-05T12:52:07.080+0000] {dag.py:3239} INFO - Sync 1 DAGs
[2025-04-05T12:52:07.094+0000] {logging_mixin.py:190} INFO - [2025-04-05T12:52:07.094+0000] {dag.py:4180} INFO - Setting next_dagrun for zillow_analytics to 2025-04-05 00:00:00+00:00, run_after=2025-04-06 00:00:00+00:00
[2025-04-05T12:52:07.115+0000] {processor.py:208} INFO - Processing /home/ubuntu/airflow/dags/zillowanalytics.py took 0.144 seconds
[2025-04-05T12:52:37.215+0000] {processor.py:186} INFO - Started process (PID=10932) to work on /home/ubuntu/airflow/dags/zillowanalytics.py
[2025-04-05T12:52:37.216+0000] {processor.py:914} INFO - Processing file /home/ubuntu/airflow/dags/zillowanalytics.py for tasks to queue
[2025-04-05T12:52:37.217+0000] {logging_mixin.py:190} INFO - [2025-04-05T12:52:37.217+0000] {dagbag.py:588} INFO - Filling up the DagBag from /home/ubuntu/airflow/dags/zillowanalytics.py
[2025-04-05T12:52:37.229+0000] {processor.py:925} INFO - DAG(s) 'zillow_analytics' retrieved from /home/ubuntu/airflow/dags/zillowanalytics.py
[2025-04-05T12:52:37.318+0000] {logging_mixin.py:190} INFO - [2025-04-05T12:52:37.318+0000] {dag.py:3239} INFO - Sync 1 DAGs
[2025-04-05T12:52:37.333+0000] {logging_mixin.py:190} INFO - [2025-04-05T12:52:37.332+0000] {dag.py:4180} INFO - Setting next_dagrun for zillow_analytics to 2025-04-05 00:00:00+00:00, run_after=2025-04-06 00:00:00+00:00
[2025-04-05T12:52:37.354+0000] {processor.py:208} INFO - Processing /home/ubuntu/airflow/dags/zillowanalytics.py took 0.145 seconds
[2025-04-05T12:53:07.451+0000] {processor.py:186} INFO - Started process (PID=10933) to work on /home/ubuntu/airflow/dags/zillowanalytics.py
[2025-04-05T12:53:07.452+0000] {processor.py:914} INFO - Processing file /home/ubuntu/airflow/dags/zillowanalytics.py for tasks to queue
[2025-04-05T12:53:07.454+0000] {logging_mixin.py:190} INFO - [2025-04-05T12:53:07.453+0000] {dagbag.py:588} INFO - Filling up the DagBag from /home/ubuntu/airflow/dags/zillowanalytics.py
[2025-04-05T12:53:07.464+0000] {processor.py:925} INFO - DAG(s) 'zillow_analytics' retrieved from /home/ubuntu/airflow/dags/zillowanalytics.py
[2025-04-05T12:53:07.554+0000] {logging_mixin.py:190} INFO - [2025-04-05T12:53:07.553+0000] {dag.py:3239} INFO - Sync 1 DAGs
[2025-04-05T12:53:07.568+0000] {logging_mixin.py:190} INFO - [2025-04-05T12:53:07.567+0000] {dag.py:4180} INFO - Setting next_dagrun for zillow_analytics to 2025-04-05 00:00:00+00:00, run_after=2025-04-06 00:00:00+00:00
[2025-04-05T12:53:07.587+0000] {processor.py:208} INFO - Processing /home/ubuntu/airflow/dags/zillowanalytics.py took 0.142 seconds
[2025-04-05T12:53:37.689+0000] {processor.py:186} INFO - Started process (PID=10934) to work on /home/ubuntu/airflow/dags/zillowanalytics.py
[2025-04-05T12:53:37.691+0000] {processor.py:914} INFO - Processing file /home/ubuntu/airflow/dags/zillowanalytics.py for tasks to queue
[2025-04-05T12:53:37.692+0000] {logging_mixin.py:190} INFO - [2025-04-05T12:53:37.691+0000] {dagbag.py:588} INFO - Filling up the DagBag from /home/ubuntu/airflow/dags/zillowanalytics.py
[2025-04-05T12:53:37.703+0000] {processor.py:925} INFO - DAG(s) 'zillow_analytics' retrieved from /home/ubuntu/airflow/dags/zillowanalytics.py
[2025-04-05T12:53:37.792+0000] {logging_mixin.py:190} INFO - [2025-04-05T12:53:37.792+0000] {dag.py:3239} INFO - Sync 1 DAGs
[2025-04-05T12:53:37.806+0000] {logging_mixin.py:190} INFO - [2025-04-05T12:53:37.806+0000] {dag.py:4180} INFO - Setting next_dagrun for zillow_analytics to 2025-04-05 00:00:00+00:00, run_after=2025-04-06 00:00:00+00:00
[2025-04-05T12:53:37.827+0000] {processor.py:208} INFO - Processing /home/ubuntu/airflow/dags/zillowanalytics.py took 0.144 seconds
[2025-04-05T12:54:07.935+0000] {processor.py:186} INFO - Started process (PID=10936) to work on /home/ubuntu/airflow/dags/zillowanalytics.py
[2025-04-05T12:54:07.936+0000] {processor.py:914} INFO - Processing file /home/ubuntu/airflow/dags/zillowanalytics.py for tasks to queue
[2025-04-05T12:54:07.937+0000] {logging_mixin.py:190} INFO - [2025-04-05T12:54:07.936+0000] {dagbag.py:588} INFO - Filling up the DagBag from /home/ubuntu/airflow/dags/zillowanalytics.py
[2025-04-05T12:54:07.947+0000] {processor.py:925} INFO - DAG(s) 'zillow_analytics' retrieved from /home/ubuntu/airflow/dags/zillowanalytics.py
[2025-04-05T12:54:08.039+0000] {logging_mixin.py:190} INFO - [2025-04-05T12:54:08.039+0000] {dag.py:3239} INFO - Sync 1 DAGs
[2025-04-05T12:54:08.055+0000] {logging_mixin.py:190} INFO - [2025-04-05T12:54:08.055+0000] {dag.py:4180} INFO - Setting next_dagrun for zillow_analytics to 2025-04-05 00:00:00+00:00, run_after=2025-04-06 00:00:00+00:00
[2025-04-05T12:54:08.076+0000] {processor.py:208} INFO - Processing /home/ubuntu/airflow/dags/zillowanalytics.py took 0.146 seconds
[2025-04-05T12:54:38.178+0000] {processor.py:186} INFO - Started process (PID=10937) to work on /home/ubuntu/airflow/dags/zillowanalytics.py
[2025-04-05T12:54:38.181+0000] {processor.py:914} INFO - Processing file /home/ubuntu/airflow/dags/zillowanalytics.py for tasks to queue
[2025-04-05T12:54:38.182+0000] {logging_mixin.py:190} INFO - [2025-04-05T12:54:38.182+0000] {dagbag.py:588} INFO - Filling up the DagBag from /home/ubuntu/airflow/dags/zillowanalytics.py
[2025-04-05T12:54:38.193+0000] {processor.py:925} INFO - DAG(s) 'zillow_analytics' retrieved from /home/ubuntu/airflow/dags/zillowanalytics.py
[2025-04-05T12:54:38.283+0000] {logging_mixin.py:190} INFO - [2025-04-05T12:54:38.282+0000] {dag.py:3239} INFO - Sync 1 DAGs
[2025-04-05T12:54:38.299+0000] {logging_mixin.py:190} INFO - [2025-04-05T12:54:38.298+0000] {dag.py:4180} INFO - Setting next_dagrun for zillow_analytics to 2025-04-05 00:00:00+00:00, run_after=2025-04-06 00:00:00+00:00
[2025-04-05T12:54:38.320+0000] {processor.py:208} INFO - Processing /home/ubuntu/airflow/dags/zillowanalytics.py took 0.147 seconds
[2025-04-05T12:55:08.413+0000] {processor.py:186} INFO - Started process (PID=10941) to work on /home/ubuntu/airflow/dags/zillowanalytics.py
[2025-04-05T12:55:08.414+0000] {processor.py:914} INFO - Processing file /home/ubuntu/airflow/dags/zillowanalytics.py for tasks to queue
[2025-04-05T12:55:08.415+0000] {logging_mixin.py:190} INFO - [2025-04-05T12:55:08.415+0000] {dagbag.py:588} INFO - Filling up the DagBag from /home/ubuntu/airflow/dags/zillowanalytics.py
[2025-04-05T12:55:08.427+0000] {processor.py:925} INFO - DAG(s) 'zillow_analytics' retrieved from /home/ubuntu/airflow/dags/zillowanalytics.py
[2025-04-05T12:55:08.520+0000] {logging_mixin.py:190} INFO - [2025-04-05T12:55:08.520+0000] {dag.py:3239} INFO - Sync 1 DAGs
[2025-04-05T12:55:08.534+0000] {logging_mixin.py:190} INFO - [2025-04-05T12:55:08.534+0000] {dag.py:4180} INFO - Setting next_dagrun for zillow_analytics to 2025-04-05 00:00:00+00:00, run_after=2025-04-06 00:00:00+00:00
[2025-04-05T12:55:08.555+0000] {processor.py:208} INFO - Processing /home/ubuntu/airflow/dags/zillowanalytics.py took 0.147 seconds
[2025-04-05T12:55:38.649+0000] {processor.py:186} INFO - Started process (PID=10943) to work on /home/ubuntu/airflow/dags/zillowanalytics.py
[2025-04-05T12:55:38.650+0000] {processor.py:914} INFO - Processing file /home/ubuntu/airflow/dags/zillowanalytics.py for tasks to queue
[2025-04-05T12:55:38.651+0000] {logging_mixin.py:190} INFO - [2025-04-05T12:55:38.651+0000] {dagbag.py:588} INFO - Filling up the DagBag from /home/ubuntu/airflow/dags/zillowanalytics.py
[2025-04-05T12:55:38.662+0000] {processor.py:925} INFO - DAG(s) 'zillow_analytics' retrieved from /home/ubuntu/airflow/dags/zillowanalytics.py
[2025-04-05T12:55:38.753+0000] {logging_mixin.py:190} INFO - [2025-04-05T12:55:38.753+0000] {dag.py:3239} INFO - Sync 1 DAGs
[2025-04-05T12:55:38.767+0000] {logging_mixin.py:190} INFO - [2025-04-05T12:55:38.767+0000] {dag.py:4180} INFO - Setting next_dagrun for zillow_analytics to 2025-04-05 00:00:00+00:00, run_after=2025-04-06 00:00:00+00:00
[2025-04-05T12:55:38.788+0000] {processor.py:208} INFO - Processing /home/ubuntu/airflow/dags/zillowanalytics.py took 0.145 seconds
[2025-04-05T12:56:08.892+0000] {processor.py:186} INFO - Started process (PID=10944) to work on /home/ubuntu/airflow/dags/zillowanalytics.py
[2025-04-05T12:56:08.894+0000] {processor.py:914} INFO - Processing file /home/ubuntu/airflow/dags/zillowanalytics.py for tasks to queue
[2025-04-05T12:56:08.895+0000] {logging_mixin.py:190} INFO - [2025-04-05T12:56:08.895+0000] {dagbag.py:588} INFO - Filling up the DagBag from /home/ubuntu/airflow/dags/zillowanalytics.py
[2025-04-05T12:56:08.906+0000] {processor.py:925} INFO - DAG(s) 'zillow_analytics' retrieved from /home/ubuntu/airflow/dags/zillowanalytics.py
[2025-04-05T12:56:08.997+0000] {logging_mixin.py:190} INFO - [2025-04-05T12:56:08.996+0000] {dag.py:3239} INFO - Sync 1 DAGs
[2025-04-05T12:56:09.011+0000] {logging_mixin.py:190} INFO - [2025-04-05T12:56:09.011+0000] {dag.py:4180} INFO - Setting next_dagrun for zillow_analytics to 2025-04-05 00:00:00+00:00, run_after=2025-04-06 00:00:00+00:00
[2025-04-05T12:56:09.032+0000] {processor.py:208} INFO - Processing /home/ubuntu/airflow/dags/zillowanalytics.py took 0.146 seconds
[2025-04-05T12:56:39.111+0000] {processor.py:186} INFO - Started process (PID=10945) to work on /home/ubuntu/airflow/dags/zillowanalytics.py
[2025-04-05T12:56:39.113+0000] {processor.py:914} INFO - Processing file /home/ubuntu/airflow/dags/zillowanalytics.py for tasks to queue
[2025-04-05T12:56:39.114+0000] {logging_mixin.py:190} INFO - [2025-04-05T12:56:39.113+0000] {dagbag.py:588} INFO - Filling up the DagBag from /home/ubuntu/airflow/dags/zillowanalytics.py
[2025-04-05T12:56:39.125+0000] {processor.py:925} INFO - DAG(s) 'zillow_analytics' retrieved from /home/ubuntu/airflow/dags/zillowanalytics.py
[2025-04-05T12:56:39.221+0000] {logging_mixin.py:190} INFO - [2025-04-05T12:56:39.221+0000] {dag.py:3239} INFO - Sync 1 DAGs
[2025-04-05T12:56:39.236+0000] {logging_mixin.py:190} INFO - [2025-04-05T12:56:39.236+0000] {dag.py:4180} INFO - Setting next_dagrun for zillow_analytics to 2025-04-05 00:00:00+00:00, run_after=2025-04-06 00:00:00+00:00
[2025-04-05T12:56:39.256+0000] {processor.py:208} INFO - Processing /home/ubuntu/airflow/dags/zillowanalytics.py took 0.151 seconds
[2025-04-05T12:57:09.358+0000] {processor.py:186} INFO - Started process (PID=10947) to work on /home/ubuntu/airflow/dags/zillowanalytics.py
[2025-04-05T12:57:09.359+0000] {processor.py:914} INFO - Processing file /home/ubuntu/airflow/dags/zillowanalytics.py for tasks to queue
[2025-04-05T12:57:09.360+0000] {logging_mixin.py:190} INFO - [2025-04-05T12:57:09.360+0000] {dagbag.py:588} INFO - Filling up the DagBag from /home/ubuntu/airflow/dags/zillowanalytics.py
[2025-04-05T12:57:09.371+0000] {processor.py:925} INFO - DAG(s) 'zillow_analytics' retrieved from /home/ubuntu/airflow/dags/zillowanalytics.py
[2025-04-05T12:57:09.462+0000] {logging_mixin.py:190} INFO - [2025-04-05T12:57:09.462+0000] {dag.py:3239} INFO - Sync 1 DAGs
[2025-04-05T12:57:09.475+0000] {logging_mixin.py:190} INFO - [2025-04-05T12:57:09.475+0000] {dag.py:4180} INFO - Setting next_dagrun for zillow_analytics to 2025-04-05 00:00:00+00:00, run_after=2025-04-06 00:00:00+00:00
[2025-04-05T12:57:09.496+0000] {processor.py:208} INFO - Processing /home/ubuntu/airflow/dags/zillowanalytics.py took 0.144 seconds
[2025-04-05T12:57:39.604+0000] {processor.py:186} INFO - Started process (PID=10963) to work on /home/ubuntu/airflow/dags/zillowanalytics.py
[2025-04-05T12:57:39.606+0000] {processor.py:914} INFO - Processing file /home/ubuntu/airflow/dags/zillowanalytics.py for tasks to queue
[2025-04-05T12:57:39.607+0000] {logging_mixin.py:190} INFO - [2025-04-05T12:57:39.606+0000] {dagbag.py:588} INFO - Filling up the DagBag from /home/ubuntu/airflow/dags/zillowanalytics.py
[2025-04-05T12:57:39.618+0000] {processor.py:925} INFO - DAG(s) 'zillow_analytics' retrieved from /home/ubuntu/airflow/dags/zillowanalytics.py
[2025-04-05T12:57:39.710+0000] {logging_mixin.py:190} INFO - [2025-04-05T12:57:39.710+0000] {dag.py:3239} INFO - Sync 1 DAGs
[2025-04-05T12:57:39.724+0000] {logging_mixin.py:190} INFO - [2025-04-05T12:57:39.723+0000] {dag.py:4180} INFO - Setting next_dagrun for zillow_analytics to 2025-04-05 00:00:00+00:00, run_after=2025-04-06 00:00:00+00:00
[2025-04-05T12:57:39.744+0000] {processor.py:208} INFO - Processing /home/ubuntu/airflow/dags/zillowanalytics.py took 0.145 seconds
[2025-04-05T12:58:09.841+0000] {processor.py:186} INFO - Started process (PID=10964) to work on /home/ubuntu/airflow/dags/zillowanalytics.py
[2025-04-05T12:58:09.841+0000] {processor.py:914} INFO - Processing file /home/ubuntu/airflow/dags/zillowanalytics.py for tasks to queue
[2025-04-05T12:58:09.842+0000] {logging_mixin.py:190} INFO - [2025-04-05T12:58:09.842+0000] {dagbag.py:588} INFO - Filling up the DagBag from /home/ubuntu/airflow/dags/zillowanalytics.py
[2025-04-05T12:58:09.854+0000] {processor.py:925} INFO - DAG(s) 'zillow_analytics' retrieved from /home/ubuntu/airflow/dags/zillowanalytics.py
[2025-04-05T12:58:09.943+0000] {logging_mixin.py:190} INFO - [2025-04-05T12:58:09.943+0000] {dag.py:3239} INFO - Sync 1 DAGs
[2025-04-05T12:58:09.959+0000] {logging_mixin.py:190} INFO - [2025-04-05T12:58:09.958+0000] {dag.py:4180} INFO - Setting next_dagrun for zillow_analytics to 2025-04-05 00:00:00+00:00, run_after=2025-04-06 00:00:00+00:00
[2025-04-05T12:58:09.980+0000] {processor.py:208} INFO - Processing /home/ubuntu/airflow/dags/zillowanalytics.py took 0.145 seconds
[2025-04-05T12:58:40.081+0000] {processor.py:186} INFO - Started process (PID=10965) to work on /home/ubuntu/airflow/dags/zillowanalytics.py
[2025-04-05T12:58:40.083+0000] {processor.py:914} INFO - Processing file /home/ubuntu/airflow/dags/zillowanalytics.py for tasks to queue
[2025-04-05T12:58:40.084+0000] {logging_mixin.py:190} INFO - [2025-04-05T12:58:40.084+0000] {dagbag.py:588} INFO - Filling up the DagBag from /home/ubuntu/airflow/dags/zillowanalytics.py
[2025-04-05T12:58:40.096+0000] {processor.py:925} INFO - DAG(s) 'zillow_analytics' retrieved from /home/ubuntu/airflow/dags/zillowanalytics.py
[2025-04-05T12:58:40.184+0000] {logging_mixin.py:190} INFO - [2025-04-05T12:58:40.184+0000] {dag.py:3239} INFO - Sync 1 DAGs
[2025-04-05T12:58:40.200+0000] {logging_mixin.py:190} INFO - [2025-04-05T12:58:40.200+0000] {dag.py:4180} INFO - Setting next_dagrun for zillow_analytics to 2025-04-05 00:00:00+00:00, run_after=2025-04-06 00:00:00+00:00
[2025-04-05T12:58:40.221+0000] {processor.py:208} INFO - Processing /home/ubuntu/airflow/dags/zillowanalytics.py took 0.145 seconds
[2025-04-05T12:59:10.322+0000] {processor.py:186} INFO - Started process (PID=10967) to work on /home/ubuntu/airflow/dags/zillowanalytics.py
[2025-04-05T12:59:10.323+0000] {processor.py:914} INFO - Processing file /home/ubuntu/airflow/dags/zillowanalytics.py for tasks to queue
[2025-04-05T12:59:10.324+0000] {logging_mixin.py:190} INFO - [2025-04-05T12:59:10.324+0000] {dagbag.py:588} INFO - Filling up the DagBag from /home/ubuntu/airflow/dags/zillowanalytics.py
[2025-04-05T12:59:10.335+0000] {processor.py:925} INFO - DAG(s) 'zillow_analytics' retrieved from /home/ubuntu/airflow/dags/zillowanalytics.py
[2025-04-05T12:59:10.427+0000] {logging_mixin.py:190} INFO - [2025-04-05T12:59:10.427+0000] {dag.py:3239} INFO - Sync 1 DAGs
[2025-04-05T12:59:10.441+0000] {logging_mixin.py:190} INFO - [2025-04-05T12:59:10.440+0000] {dag.py:4180} INFO - Setting next_dagrun for zillow_analytics to 2025-04-05 00:00:00+00:00, run_after=2025-04-06 00:00:00+00:00
[2025-04-05T12:59:10.461+0000] {processor.py:208} INFO - Processing /home/ubuntu/airflow/dags/zillowanalytics.py took 0.145 seconds
[2025-04-05T12:59:40.563+0000] {processor.py:186} INFO - Started process (PID=10968) to work on /home/ubuntu/airflow/dags/zillowanalytics.py
[2025-04-05T12:59:40.565+0000] {processor.py:914} INFO - Processing file /home/ubuntu/airflow/dags/zillowanalytics.py for tasks to queue
[2025-04-05T12:59:40.566+0000] {logging_mixin.py:190} INFO - [2025-04-05T12:59:40.566+0000] {dagbag.py:588} INFO - Filling up the DagBag from /home/ubuntu/airflow/dags/zillowanalytics.py
[2025-04-05T12:59:40.578+0000] {processor.py:925} INFO - DAG(s) 'zillow_analytics' retrieved from /home/ubuntu/airflow/dags/zillowanalytics.py
[2025-04-05T12:59:40.669+0000] {logging_mixin.py:190} INFO - [2025-04-05T12:59:40.669+0000] {dag.py:3239} INFO - Sync 1 DAGs
[2025-04-05T12:59:40.683+0000] {logging_mixin.py:190} INFO - [2025-04-05T12:59:40.682+0000] {dag.py:4180} INFO - Setting next_dagrun for zillow_analytics to 2025-04-05 00:00:00+00:00, run_after=2025-04-06 00:00:00+00:00
[2025-04-05T12:59:40.704+0000] {processor.py:208} INFO - Processing /home/ubuntu/airflow/dags/zillowanalytics.py took 0.147 seconds
[2025-04-05T13:00:10.804+0000] {processor.py:186} INFO - Started process (PID=10970) to work on /home/ubuntu/airflow/dags/zillowanalytics.py
[2025-04-05T13:00:10.804+0000] {processor.py:914} INFO - Processing file /home/ubuntu/airflow/dags/zillowanalytics.py for tasks to queue
[2025-04-05T13:00:10.805+0000] {logging_mixin.py:190} INFO - [2025-04-05T13:00:10.805+0000] {dagbag.py:588} INFO - Filling up the DagBag from /home/ubuntu/airflow/dags/zillowanalytics.py
[2025-04-05T13:00:10.817+0000] {processor.py:925} INFO - DAG(s) 'zillow_analytics' retrieved from /home/ubuntu/airflow/dags/zillowanalytics.py
[2025-04-05T13:00:10.908+0000] {logging_mixin.py:190} INFO - [2025-04-05T13:00:10.908+0000] {dag.py:3239} INFO - Sync 1 DAGs
[2025-04-05T13:00:10.922+0000] {logging_mixin.py:190} INFO - [2025-04-05T13:00:10.922+0000] {dag.py:4180} INFO - Setting next_dagrun for zillow_analytics to 2025-04-05 00:00:00+00:00, run_after=2025-04-06 00:00:00+00:00
[2025-04-05T13:00:10.943+0000] {processor.py:208} INFO - Processing /home/ubuntu/airflow/dags/zillowanalytics.py took 0.145 seconds
[2025-04-05T13:00:41.045+0000] {processor.py:186} INFO - Started process (PID=10974) to work on /home/ubuntu/airflow/dags/zillowanalytics.py
[2025-04-05T13:00:41.047+0000] {processor.py:914} INFO - Processing file /home/ubuntu/airflow/dags/zillowanalytics.py for tasks to queue
[2025-04-05T13:00:41.049+0000] {logging_mixin.py:190} INFO - [2025-04-05T13:00:41.048+0000] {dagbag.py:588} INFO - Filling up the DagBag from /home/ubuntu/airflow/dags/zillowanalytics.py
[2025-04-05T13:00:41.060+0000] {processor.py:925} INFO - DAG(s) 'zillow_analytics' retrieved from /home/ubuntu/airflow/dags/zillowanalytics.py
[2025-04-05T13:00:41.150+0000] {logging_mixin.py:190} INFO - [2025-04-05T13:00:41.150+0000] {dag.py:3239} INFO - Sync 1 DAGs
[2025-04-05T13:00:41.163+0000] {logging_mixin.py:190} INFO - [2025-04-05T13:00:41.163+0000] {dag.py:4180} INFO - Setting next_dagrun for zillow_analytics to 2025-04-05 00:00:00+00:00, run_after=2025-04-06 00:00:00+00:00
[2025-04-05T13:00:41.183+0000] {processor.py:208} INFO - Processing /home/ubuntu/airflow/dags/zillowanalytics.py took 0.143 seconds
[2025-04-05T13:01:11.283+0000] {processor.py:186} INFO - Started process (PID=10975) to work on /home/ubuntu/airflow/dags/zillowanalytics.py
[2025-04-05T13:01:11.286+0000] {processor.py:914} INFO - Processing file /home/ubuntu/airflow/dags/zillowanalytics.py for tasks to queue
[2025-04-05T13:01:11.286+0000] {logging_mixin.py:190} INFO - [2025-04-05T13:01:11.286+0000] {dagbag.py:588} INFO - Filling up the DagBag from /home/ubuntu/airflow/dags/zillowanalytics.py
[2025-04-05T13:01:11.298+0000] {processor.py:925} INFO - DAG(s) 'zillow_analytics' retrieved from /home/ubuntu/airflow/dags/zillowanalytics.py
[2025-04-05T13:01:11.386+0000] {logging_mixin.py:190} INFO - [2025-04-05T13:01:11.386+0000] {dag.py:3239} INFO - Sync 1 DAGs
[2025-04-05T13:01:11.401+0000] {logging_mixin.py:190} INFO - [2025-04-05T13:01:11.401+0000] {dag.py:4180} INFO - Setting next_dagrun for zillow_analytics to 2025-04-05 00:00:00+00:00, run_after=2025-04-06 00:00:00+00:00
[2025-04-05T13:01:11.422+0000] {processor.py:208} INFO - Processing /home/ubuntu/airflow/dags/zillowanalytics.py took 0.143 seconds
[2025-04-05T13:01:41.520+0000] {processor.py:186} INFO - Started process (PID=10976) to work on /home/ubuntu/airflow/dags/zillowanalytics.py
[2025-04-05T13:01:41.522+0000] {processor.py:914} INFO - Processing file /home/ubuntu/airflow/dags/zillowanalytics.py for tasks to queue
[2025-04-05T13:01:41.523+0000] {logging_mixin.py:190} INFO - [2025-04-05T13:01:41.523+0000] {dagbag.py:588} INFO - Filling up the DagBag from /home/ubuntu/airflow/dags/zillowanalytics.py
[2025-04-05T13:01:41.535+0000] {processor.py:925} INFO - DAG(s) 'zillow_analytics' retrieved from /home/ubuntu/airflow/dags/zillowanalytics.py
[2025-04-05T13:01:41.625+0000] {logging_mixin.py:190} INFO - [2025-04-05T13:01:41.625+0000] {dag.py:3239} INFO - Sync 1 DAGs
[2025-04-05T13:01:41.639+0000] {logging_mixin.py:190} INFO - [2025-04-05T13:01:41.639+0000] {dag.py:4180} INFO - Setting next_dagrun for zillow_analytics to 2025-04-05 00:00:00+00:00, run_after=2025-04-06 00:00:00+00:00
[2025-04-05T13:01:41.661+0000] {processor.py:208} INFO - Processing /home/ubuntu/airflow/dags/zillowanalytics.py took 0.147 seconds
[2025-04-05T13:02:11.762+0000] {processor.py:186} INFO - Started process (PID=10977) to work on /home/ubuntu/airflow/dags/zillowanalytics.py
[2025-04-05T13:02:11.764+0000] {processor.py:914} INFO - Processing file /home/ubuntu/airflow/dags/zillowanalytics.py for tasks to queue
[2025-04-05T13:02:11.765+0000] {logging_mixin.py:190} INFO - [2025-04-05T13:02:11.764+0000] {dagbag.py:588} INFO - Filling up the DagBag from /home/ubuntu/airflow/dags/zillowanalytics.py
[2025-04-05T13:02:11.776+0000] {processor.py:925} INFO - DAG(s) 'zillow_analytics' retrieved from /home/ubuntu/airflow/dags/zillowanalytics.py
[2025-04-05T13:02:11.867+0000] {logging_mixin.py:190} INFO - [2025-04-05T13:02:11.867+0000] {dag.py:3239} INFO - Sync 1 DAGs
[2025-04-05T13:02:11.882+0000] {logging_mixin.py:190} INFO - [2025-04-05T13:02:11.882+0000] {dag.py:4180} INFO - Setting next_dagrun for zillow_analytics to 2025-04-05 00:00:00+00:00, run_after=2025-04-06 00:00:00+00:00
[2025-04-05T13:02:11.903+0000] {processor.py:208} INFO - Processing /home/ubuntu/airflow/dags/zillowanalytics.py took 0.146 seconds
[2025-04-05T13:02:42.002+0000] {processor.py:186} INFO - Started process (PID=10982) to work on /home/ubuntu/airflow/dags/zillowanalytics.py
[2025-04-05T13:02:42.004+0000] {processor.py:914} INFO - Processing file /home/ubuntu/airflow/dags/zillowanalytics.py for tasks to queue
[2025-04-05T13:02:42.004+0000] {logging_mixin.py:190} INFO - [2025-04-05T13:02:42.004+0000] {dagbag.py:588} INFO - Filling up the DagBag from /home/ubuntu/airflow/dags/zillowanalytics.py
[2025-04-05T13:02:42.017+0000] {processor.py:925} INFO - DAG(s) 'zillow_analytics' retrieved from /home/ubuntu/airflow/dags/zillowanalytics.py
[2025-04-05T13:02:42.118+0000] {logging_mixin.py:190} INFO - [2025-04-05T13:02:42.117+0000] {dag.py:3239} INFO - Sync 1 DAGs
[2025-04-05T13:02:42.134+0000] {logging_mixin.py:190} INFO - [2025-04-05T13:02:42.133+0000] {dag.py:4180} INFO - Setting next_dagrun for zillow_analytics to 2025-04-05 00:00:00+00:00, run_after=2025-04-06 00:00:00+00:00
[2025-04-05T13:02:42.154+0000] {processor.py:208} INFO - Processing /home/ubuntu/airflow/dags/zillowanalytics.py took 0.158 seconds
[2025-04-05T13:03:12.243+0000] {processor.py:186} INFO - Started process (PID=10984) to work on /home/ubuntu/airflow/dags/zillowanalytics.py
[2025-04-05T13:03:12.244+0000] {processor.py:914} INFO - Processing file /home/ubuntu/airflow/dags/zillowanalytics.py for tasks to queue
[2025-04-05T13:03:12.245+0000] {logging_mixin.py:190} INFO - [2025-04-05T13:03:12.245+0000] {dagbag.py:588} INFO - Filling up the DagBag from /home/ubuntu/airflow/dags/zillowanalytics.py
[2025-04-05T13:03:12.257+0000] {processor.py:925} INFO - DAG(s) 'zillow_analytics' retrieved from /home/ubuntu/airflow/dags/zillowanalytics.py
[2025-04-05T13:03:12.349+0000] {logging_mixin.py:190} INFO - [2025-04-05T13:03:12.349+0000] {dag.py:3239} INFO - Sync 1 DAGs
[2025-04-05T13:03:12.363+0000] {logging_mixin.py:190} INFO - [2025-04-05T13:03:12.363+0000] {dag.py:4180} INFO - Setting next_dagrun for zillow_analytics to 2025-04-05 00:00:00+00:00, run_after=2025-04-06 00:00:00+00:00
[2025-04-05T13:03:12.383+0000] {processor.py:208} INFO - Processing /home/ubuntu/airflow/dags/zillowanalytics.py took 0.146 seconds
[2025-04-05T13:03:42.482+0000] {processor.py:186} INFO - Started process (PID=10985) to work on /home/ubuntu/airflow/dags/zillowanalytics.py
[2025-04-05T13:03:42.484+0000] {processor.py:914} INFO - Processing file /home/ubuntu/airflow/dags/zillowanalytics.py for tasks to queue
[2025-04-05T13:03:42.485+0000] {logging_mixin.py:190} INFO - [2025-04-05T13:03:42.485+0000] {dagbag.py:588} INFO - Filling up the DagBag from /home/ubuntu/airflow/dags/zillowanalytics.py
[2025-04-05T13:03:42.497+0000] {processor.py:925} INFO - DAG(s) 'zillow_analytics' retrieved from /home/ubuntu/airflow/dags/zillowanalytics.py
[2025-04-05T13:03:42.589+0000] {logging_mixin.py:190} INFO - [2025-04-05T13:03:42.589+0000] {dag.py:3239} INFO - Sync 1 DAGs
[2025-04-05T13:03:42.603+0000] {logging_mixin.py:190} INFO - [2025-04-05T13:03:42.602+0000] {dag.py:4180} INFO - Setting next_dagrun for zillow_analytics to 2025-04-05 00:00:00+00:00, run_after=2025-04-06 00:00:00+00:00
[2025-04-05T13:03:42.623+0000] {processor.py:208} INFO - Processing /home/ubuntu/airflow/dags/zillowanalytics.py took 0.146 seconds
[2025-04-05T13:04:12.729+0000] {processor.py:186} INFO - Started process (PID=10986) to work on /home/ubuntu/airflow/dags/zillowanalytics.py
[2025-04-05T13:04:12.731+0000] {processor.py:914} INFO - Processing file /home/ubuntu/airflow/dags/zillowanalytics.py for tasks to queue
[2025-04-05T13:04:12.732+0000] {logging_mixin.py:190} INFO - [2025-04-05T13:04:12.732+0000] {dagbag.py:588} INFO - Filling up the DagBag from /home/ubuntu/airflow/dags/zillowanalytics.py
[2025-04-05T13:04:12.743+0000] {processor.py:925} INFO - DAG(s) 'zillow_analytics' retrieved from /home/ubuntu/airflow/dags/zillowanalytics.py
[2025-04-05T13:04:12.835+0000] {logging_mixin.py:190} INFO - [2025-04-05T13:04:12.835+0000] {dag.py:3239} INFO - Sync 1 DAGs
[2025-04-05T13:04:12.849+0000] {logging_mixin.py:190} INFO - [2025-04-05T13:04:12.849+0000] {dag.py:4180} INFO - Setting next_dagrun for zillow_analytics to 2025-04-05 00:00:00+00:00, run_after=2025-04-06 00:00:00+00:00
[2025-04-05T13:04:12.869+0000] {processor.py:208} INFO - Processing /home/ubuntu/airflow/dags/zillowanalytics.py took 0.147 seconds
[2025-04-05T13:04:42.964+0000] {processor.py:186} INFO - Started process (PID=10987) to work on /home/ubuntu/airflow/dags/zillowanalytics.py
[2025-04-05T13:04:42.964+0000] {processor.py:914} INFO - Processing file /home/ubuntu/airflow/dags/zillowanalytics.py for tasks to queue
[2025-04-05T13:04:42.965+0000] {logging_mixin.py:190} INFO - [2025-04-05T13:04:42.965+0000] {dagbag.py:588} INFO - Filling up the DagBag from /home/ubuntu/airflow/dags/zillowanalytics.py
[2025-04-05T13:04:42.976+0000] {processor.py:925} INFO - DAG(s) 'zillow_analytics' retrieved from /home/ubuntu/airflow/dags/zillowanalytics.py
[2025-04-05T13:04:43.065+0000] {logging_mixin.py:190} INFO - [2025-04-05T13:04:43.065+0000] {dag.py:3239} INFO - Sync 1 DAGs
[2025-04-05T13:04:43.079+0000] {logging_mixin.py:190} INFO - [2025-04-05T13:04:43.079+0000] {dag.py:4180} INFO - Setting next_dagrun for zillow_analytics to 2025-04-05 00:00:00+00:00, run_after=2025-04-06 00:00:00+00:00
[2025-04-05T13:04:43.100+0000] {processor.py:208} INFO - Processing /home/ubuntu/airflow/dags/zillowanalytics.py took 0.142 seconds
[2025-04-05T13:05:13.208+0000] {processor.py:186} INFO - Started process (PID=10991) to work on /home/ubuntu/airflow/dags/zillowanalytics.py
[2025-04-05T13:05:13.210+0000] {processor.py:914} INFO - Processing file /home/ubuntu/airflow/dags/zillowanalytics.py for tasks to queue
[2025-04-05T13:05:13.211+0000] {logging_mixin.py:190} INFO - [2025-04-05T13:05:13.211+0000] {dagbag.py:588} INFO - Filling up the DagBag from /home/ubuntu/airflow/dags/zillowanalytics.py
[2025-04-05T13:05:13.221+0000] {processor.py:925} INFO - DAG(s) 'zillow_analytics' retrieved from /home/ubuntu/airflow/dags/zillowanalytics.py
[2025-04-05T13:05:13.310+0000] {logging_mixin.py:190} INFO - [2025-04-05T13:05:13.310+0000] {dag.py:3239} INFO - Sync 1 DAGs
[2025-04-05T13:05:13.325+0000] {logging_mixin.py:190} INFO - [2025-04-05T13:05:13.325+0000] {dag.py:4180} INFO - Setting next_dagrun for zillow_analytics to 2025-04-05 00:00:00+00:00, run_after=2025-04-06 00:00:00+00:00
[2025-04-05T13:05:13.345+0000] {processor.py:208} INFO - Processing /home/ubuntu/airflow/dags/zillowanalytics.py took 0.144 seconds
[2025-04-05T13:05:43.443+0000] {processor.py:186} INFO - Started process (PID=10992) to work on /home/ubuntu/airflow/dags/zillowanalytics.py
[2025-04-05T13:05:43.443+0000] {processor.py:914} INFO - Processing file /home/ubuntu/airflow/dags/zillowanalytics.py for tasks to queue
[2025-04-05T13:05:43.444+0000] {logging_mixin.py:190} INFO - [2025-04-05T13:05:43.444+0000] {dagbag.py:588} INFO - Filling up the DagBag from /home/ubuntu/airflow/dags/zillowanalytics.py
[2025-04-05T13:05:43.455+0000] {processor.py:925} INFO - DAG(s) 'zillow_analytics' retrieved from /home/ubuntu/airflow/dags/zillowanalytics.py
[2025-04-05T13:05:43.545+0000] {logging_mixin.py:190} INFO - [2025-04-05T13:05:43.545+0000] {dag.py:3239} INFO - Sync 1 DAGs
[2025-04-05T13:05:43.559+0000] {logging_mixin.py:190} INFO - [2025-04-05T13:05:43.559+0000] {dag.py:4180} INFO - Setting next_dagrun for zillow_analytics to 2025-04-05 00:00:00+00:00, run_after=2025-04-06 00:00:00+00:00
[2025-04-05T13:05:43.579+0000] {processor.py:208} INFO - Processing /home/ubuntu/airflow/dags/zillowanalytics.py took 0.142 seconds
[2025-04-05T13:06:13.680+0000] {processor.py:186} INFO - Started process (PID=10994) to work on /home/ubuntu/airflow/dags/zillowanalytics.py
[2025-04-05T13:06:13.682+0000] {processor.py:914} INFO - Processing file /home/ubuntu/airflow/dags/zillowanalytics.py for tasks to queue
[2025-04-05T13:06:13.683+0000] {logging_mixin.py:190} INFO - [2025-04-05T13:06:13.683+0000] {dagbag.py:588} INFO - Filling up the DagBag from /home/ubuntu/airflow/dags/zillowanalytics.py
[2025-04-05T13:06:13.694+0000] {processor.py:925} INFO - DAG(s) 'zillow_analytics' retrieved from /home/ubuntu/airflow/dags/zillowanalytics.py
[2025-04-05T13:06:13.784+0000] {logging_mixin.py:190} INFO - [2025-04-05T13:06:13.784+0000] {dag.py:3239} INFO - Sync 1 DAGs
[2025-04-05T13:06:13.800+0000] {logging_mixin.py:190} INFO - [2025-04-05T13:06:13.800+0000] {dag.py:4180} INFO - Setting next_dagrun for zillow_analytics to 2025-04-05 00:00:00+00:00, run_after=2025-04-06 00:00:00+00:00
[2025-04-05T13:06:13.821+0000] {processor.py:208} INFO - Processing /home/ubuntu/airflow/dags/zillowanalytics.py took 0.146 seconds
[2025-04-05T13:06:43.918+0000] {processor.py:186} INFO - Started process (PID=10995) to work on /home/ubuntu/airflow/dags/zillowanalytics.py
[2025-04-05T13:06:43.919+0000] {processor.py:914} INFO - Processing file /home/ubuntu/airflow/dags/zillowanalytics.py for tasks to queue
[2025-04-05T13:06:43.920+0000] {logging_mixin.py:190} INFO - [2025-04-05T13:06:43.920+0000] {dagbag.py:588} INFO - Filling up the DagBag from /home/ubuntu/airflow/dags/zillowanalytics.py
[2025-04-05T13:06:43.932+0000] {processor.py:925} INFO - DAG(s) 'zillow_analytics' retrieved from /home/ubuntu/airflow/dags/zillowanalytics.py
[2025-04-05T13:06:44.023+0000] {logging_mixin.py:190} INFO - [2025-04-05T13:06:44.022+0000] {dag.py:3239} INFO - Sync 1 DAGs
[2025-04-05T13:06:44.038+0000] {logging_mixin.py:190} INFO - [2025-04-05T13:06:44.038+0000] {dag.py:4180} INFO - Setting next_dagrun for zillow_analytics to 2025-04-05 00:00:00+00:00, run_after=2025-04-06 00:00:00+00:00
[2025-04-05T13:06:44.059+0000] {processor.py:208} INFO - Processing /home/ubuntu/airflow/dags/zillowanalytics.py took 0.146 seconds
[2025-04-05T13:07:14.158+0000] {processor.py:186} INFO - Started process (PID=10997) to work on /home/ubuntu/airflow/dags/zillowanalytics.py
[2025-04-05T13:07:14.160+0000] {processor.py:914} INFO - Processing file /home/ubuntu/airflow/dags/zillowanalytics.py for tasks to queue
[2025-04-05T13:07:14.162+0000] {logging_mixin.py:190} INFO - [2025-04-05T13:07:14.160+0000] {dagbag.py:588} INFO - Filling up the DagBag from /home/ubuntu/airflow/dags/zillowanalytics.py
[2025-04-05T13:07:14.173+0000] {processor.py:925} INFO - DAG(s) 'zillow_analytics' retrieved from /home/ubuntu/airflow/dags/zillowanalytics.py
[2025-04-05T13:07:14.264+0000] {logging_mixin.py:190} INFO - [2025-04-05T13:07:14.263+0000] {dag.py:3239} INFO - Sync 1 DAGs
[2025-04-05T13:07:14.278+0000] {logging_mixin.py:190} INFO - [2025-04-05T13:07:14.278+0000] {dag.py:4180} INFO - Setting next_dagrun for zillow_analytics to 2025-04-05 00:00:00+00:00, run_after=2025-04-06 00:00:00+00:00
[2025-04-05T13:07:14.298+0000] {processor.py:208} INFO - Processing /home/ubuntu/airflow/dags/zillowanalytics.py took 0.146 seconds
[2025-04-05T13:07:44.400+0000] {processor.py:186} INFO - Started process (PID=10998) to work on /home/ubuntu/airflow/dags/zillowanalytics.py
[2025-04-05T13:07:44.402+0000] {processor.py:914} INFO - Processing file /home/ubuntu/airflow/dags/zillowanalytics.py for tasks to queue
[2025-04-05T13:07:44.403+0000] {logging_mixin.py:190} INFO - [2025-04-05T13:07:44.402+0000] {dagbag.py:588} INFO - Filling up the DagBag from /home/ubuntu/airflow/dags/zillowanalytics.py
[2025-04-05T13:07:44.415+0000] {processor.py:925} INFO - DAG(s) 'zillow_analytics' retrieved from /home/ubuntu/airflow/dags/zillowanalytics.py
[2025-04-05T13:07:44.505+0000] {logging_mixin.py:190} INFO - [2025-04-05T13:07:44.505+0000] {dag.py:3239} INFO - Sync 1 DAGs
[2025-04-05T13:07:44.519+0000] {logging_mixin.py:190} INFO - [2025-04-05T13:07:44.519+0000] {dag.py:4180} INFO - Setting next_dagrun for zillow_analytics to 2025-04-05 00:00:00+00:00, run_after=2025-04-06 00:00:00+00:00
[2025-04-05T13:07:44.538+0000] {processor.py:208} INFO - Processing /home/ubuntu/airflow/dags/zillowanalytics.py took 0.144 seconds
[2025-04-05T13:08:14.641+0000] {processor.py:186} INFO - Started process (PID=10999) to work on /home/ubuntu/airflow/dags/zillowanalytics.py
[2025-04-05T13:08:14.643+0000] {processor.py:914} INFO - Processing file /home/ubuntu/airflow/dags/zillowanalytics.py for tasks to queue
[2025-04-05T13:08:14.644+0000] {logging_mixin.py:190} INFO - [2025-04-05T13:08:14.643+0000] {dagbag.py:588} INFO - Filling up the DagBag from /home/ubuntu/airflow/dags/zillowanalytics.py
[2025-04-05T13:08:14.656+0000] {processor.py:925} INFO - DAG(s) 'zillow_analytics' retrieved from /home/ubuntu/airflow/dags/zillowanalytics.py
[2025-04-05T13:08:14.750+0000] {logging_mixin.py:190} INFO - [2025-04-05T13:08:14.749+0000] {dag.py:3239} INFO - Sync 1 DAGs
[2025-04-05T13:08:14.764+0000] {logging_mixin.py:190} INFO - [2025-04-05T13:08:14.764+0000] {dag.py:4180} INFO - Setting next_dagrun for zillow_analytics to 2025-04-05 00:00:00+00:00, run_after=2025-04-06 00:00:00+00:00
[2025-04-05T13:08:14.785+0000] {processor.py:208} INFO - Processing /home/ubuntu/airflow/dags/zillowanalytics.py took 0.149 seconds
[2025-04-05T13:08:44.881+0000] {processor.py:186} INFO - Started process (PID=11001) to work on /home/ubuntu/airflow/dags/zillowanalytics.py
[2025-04-05T13:08:44.882+0000] {processor.py:914} INFO - Processing file /home/ubuntu/airflow/dags/zillowanalytics.py for tasks to queue
[2025-04-05T13:08:44.882+0000] {logging_mixin.py:190} INFO - [2025-04-05T13:08:44.882+0000] {dagbag.py:588} INFO - Filling up the DagBag from /home/ubuntu/airflow/dags/zillowanalytics.py
[2025-04-05T13:08:44.894+0000] {processor.py:925} INFO - DAG(s) 'zillow_analytics' retrieved from /home/ubuntu/airflow/dags/zillowanalytics.py
[2025-04-05T13:08:44.986+0000] {logging_mixin.py:190} INFO - [2025-04-05T13:08:44.986+0000] {dag.py:3239} INFO - Sync 1 DAGs
[2025-04-05T13:08:45.000+0000] {logging_mixin.py:190} INFO - [2025-04-05T13:08:45.000+0000] {dag.py:4180} INFO - Setting next_dagrun for zillow_analytics to 2025-04-05 00:00:00+00:00, run_after=2025-04-06 00:00:00+00:00
[2025-04-05T13:08:45.021+0000] {processor.py:208} INFO - Processing /home/ubuntu/airflow/dags/zillowanalytics.py took 0.146 seconds
[2025-04-05T13:09:15.133+0000] {processor.py:186} INFO - Started process (PID=11003) to work on /home/ubuntu/airflow/dags/zillowanalytics.py
[2025-04-05T13:09:15.135+0000] {processor.py:914} INFO - Processing file /home/ubuntu/airflow/dags/zillowanalytics.py for tasks to queue
[2025-04-05T13:09:15.136+0000] {logging_mixin.py:190} INFO - [2025-04-05T13:09:15.135+0000] {dagbag.py:588} INFO - Filling up the DagBag from /home/ubuntu/airflow/dags/zillowanalytics.py
[2025-04-05T13:09:15.147+0000] {processor.py:925} INFO - DAG(s) 'zillow_analytics' retrieved from /home/ubuntu/airflow/dags/zillowanalytics.py
[2025-04-05T13:09:15.236+0000] {logging_mixin.py:190} INFO - [2025-04-05T13:09:15.236+0000] {dag.py:3239} INFO - Sync 1 DAGs
[2025-04-05T13:09:15.250+0000] {logging_mixin.py:190} INFO - [2025-04-05T13:09:15.250+0000] {dag.py:4180} INFO - Setting next_dagrun for zillow_analytics to 2025-04-05 00:00:00+00:00, run_after=2025-04-06 00:00:00+00:00
[2025-04-05T13:09:15.270+0000] {processor.py:208} INFO - Processing /home/ubuntu/airflow/dags/zillowanalytics.py took 0.144 seconds
[2025-04-05T13:09:45.376+0000] {processor.py:186} INFO - Started process (PID=11004) to work on /home/ubuntu/airflow/dags/zillowanalytics.py
[2025-04-05T13:09:45.377+0000] {processor.py:914} INFO - Processing file /home/ubuntu/airflow/dags/zillowanalytics.py for tasks to queue
[2025-04-05T13:09:45.378+0000] {logging_mixin.py:190} INFO - [2025-04-05T13:09:45.378+0000] {dagbag.py:588} INFO - Filling up the DagBag from /home/ubuntu/airflow/dags/zillowanalytics.py
[2025-04-05T13:09:45.389+0000] {processor.py:925} INFO - DAG(s) 'zillow_analytics' retrieved from /home/ubuntu/airflow/dags/zillowanalytics.py
[2025-04-05T13:09:45.479+0000] {logging_mixin.py:190} INFO - [2025-04-05T13:09:45.478+0000] {dag.py:3239} INFO - Sync 1 DAGs
[2025-04-05T13:09:45.492+0000] {logging_mixin.py:190} INFO - [2025-04-05T13:09:45.492+0000] {dag.py:4180} INFO - Setting next_dagrun for zillow_analytics to 2025-04-05 00:00:00+00:00, run_after=2025-04-06 00:00:00+00:00
[2025-04-05T13:09:45.511+0000] {processor.py:208} INFO - Processing /home/ubuntu/airflow/dags/zillowanalytics.py took 0.141 seconds
[2025-04-05T13:10:15.614+0000] {processor.py:186} INFO - Started process (PID=11009) to work on /home/ubuntu/airflow/dags/zillowanalytics.py
[2025-04-05T13:10:15.616+0000] {processor.py:914} INFO - Processing file /home/ubuntu/airflow/dags/zillowanalytics.py for tasks to queue
[2025-04-05T13:10:15.617+0000] {logging_mixin.py:190} INFO - [2025-04-05T13:10:15.617+0000] {dagbag.py:588} INFO - Filling up the DagBag from /home/ubuntu/airflow/dags/zillowanalytics.py
[2025-04-05T13:10:15.628+0000] {processor.py:925} INFO - DAG(s) 'zillow_analytics' retrieved from /home/ubuntu/airflow/dags/zillowanalytics.py
[2025-04-05T13:10:15.718+0000] {logging_mixin.py:190} INFO - [2025-04-05T13:10:15.718+0000] {dag.py:3239} INFO - Sync 1 DAGs
[2025-04-05T13:10:15.734+0000] {logging_mixin.py:190} INFO - [2025-04-05T13:10:15.734+0000] {dag.py:4180} INFO - Setting next_dagrun for zillow_analytics to 2025-04-05 00:00:00+00:00, run_after=2025-04-06 00:00:00+00:00
[2025-04-05T13:10:15.757+0000] {processor.py:208} INFO - Processing /home/ubuntu/airflow/dags/zillowanalytics.py took 0.148 seconds
[2025-04-05T13:10:45.880+0000] {processor.py:186} INFO - Started process (PID=11010) to work on /home/ubuntu/airflow/dags/zillowanalytics.py
[2025-04-05T13:10:45.881+0000] {processor.py:914} INFO - Processing file /home/ubuntu/airflow/dags/zillowanalytics.py for tasks to queue
[2025-04-05T13:10:45.882+0000] {logging_mixin.py:190} INFO - [2025-04-05T13:10:45.882+0000] {dagbag.py:588} INFO - Filling up the DagBag from /home/ubuntu/airflow/dags/zillowanalytics.py
[2025-04-05T13:10:45.893+0000] {processor.py:925} INFO - DAG(s) 'zillow_analytics' retrieved from /home/ubuntu/airflow/dags/zillowanalytics.py
[2025-04-05T13:10:45.985+0000] {logging_mixin.py:190} INFO - [2025-04-05T13:10:45.984+0000] {dag.py:3239} INFO - Sync 1 DAGs
[2025-04-05T13:10:46.001+0000] {logging_mixin.py:190} INFO - [2025-04-05T13:10:46.001+0000] {dag.py:4180} INFO - Setting next_dagrun for zillow_analytics to 2025-04-05 00:00:00+00:00, run_after=2025-04-06 00:00:00+00:00
[2025-04-05T13:10:46.023+0000] {processor.py:208} INFO - Processing /home/ubuntu/airflow/dags/zillowanalytics.py took 0.148 seconds
[2025-04-05T13:11:16.093+0000] {processor.py:186} INFO - Started process (PID=11011) to work on /home/ubuntu/airflow/dags/zillowanalytics.py
[2025-04-05T13:11:16.094+0000] {processor.py:914} INFO - Processing file /home/ubuntu/airflow/dags/zillowanalytics.py for tasks to queue
[2025-04-05T13:11:16.095+0000] {logging_mixin.py:190} INFO - [2025-04-05T13:11:16.095+0000] {dagbag.py:588} INFO - Filling up the DagBag from /home/ubuntu/airflow/dags/zillowanalytics.py
[2025-04-05T13:11:16.106+0000] {processor.py:925} INFO - DAG(s) 'zillow_analytics' retrieved from /home/ubuntu/airflow/dags/zillowanalytics.py
[2025-04-05T13:11:16.197+0000] {logging_mixin.py:190} INFO - [2025-04-05T13:11:16.196+0000] {dag.py:3239} INFO - Sync 1 DAGs
[2025-04-05T13:11:16.210+0000] {logging_mixin.py:190} INFO - [2025-04-05T13:11:16.210+0000] {dag.py:4180} INFO - Setting next_dagrun for zillow_analytics to 2025-04-05 00:00:00+00:00, run_after=2025-04-06 00:00:00+00:00
[2025-04-05T13:11:16.232+0000] {processor.py:208} INFO - Processing /home/ubuntu/airflow/dags/zillowanalytics.py took 0.146 seconds
[2025-04-05T13:11:46.329+0000] {processor.py:186} INFO - Started process (PID=11012) to work on /home/ubuntu/airflow/dags/zillowanalytics.py
[2025-04-05T13:11:46.331+0000] {processor.py:914} INFO - Processing file /home/ubuntu/airflow/dags/zillowanalytics.py for tasks to queue
[2025-04-05T13:11:46.332+0000] {logging_mixin.py:190} INFO - [2025-04-05T13:11:46.332+0000] {dagbag.py:588} INFO - Filling up the DagBag from /home/ubuntu/airflow/dags/zillowanalytics.py
[2025-04-05T13:11:46.343+0000] {processor.py:925} INFO - DAG(s) 'zillow_analytics' retrieved from /home/ubuntu/airflow/dags/zillowanalytics.py
[2025-04-05T13:11:46.436+0000] {logging_mixin.py:190} INFO - [2025-04-05T13:11:46.435+0000] {dag.py:3239} INFO - Sync 1 DAGs
[2025-04-05T13:11:46.449+0000] {logging_mixin.py:190} INFO - [2025-04-05T13:11:46.449+0000] {dag.py:4180} INFO - Setting next_dagrun for zillow_analytics to 2025-04-05 00:00:00+00:00, run_after=2025-04-06 00:00:00+00:00
[2025-04-05T13:11:46.470+0000] {processor.py:208} INFO - Processing /home/ubuntu/airflow/dags/zillowanalytics.py took 0.148 seconds
[2025-04-05T13:12:16.568+0000] {processor.py:186} INFO - Started process (PID=11014) to work on /home/ubuntu/airflow/dags/zillowanalytics.py
[2025-04-05T13:12:16.570+0000] {processor.py:914} INFO - Processing file /home/ubuntu/airflow/dags/zillowanalytics.py for tasks to queue
[2025-04-05T13:12:16.571+0000] {logging_mixin.py:190} INFO - [2025-04-05T13:12:16.570+0000] {dagbag.py:588} INFO - Filling up the DagBag from /home/ubuntu/airflow/dags/zillowanalytics.py
[2025-04-05T13:12:16.581+0000] {processor.py:925} INFO - DAG(s) 'zillow_analytics' retrieved from /home/ubuntu/airflow/dags/zillowanalytics.py
[2025-04-05T13:12:16.674+0000] {logging_mixin.py:190} INFO - [2025-04-05T13:12:16.673+0000] {dag.py:3239} INFO - Sync 1 DAGs
[2025-04-05T13:12:16.688+0000] {logging_mixin.py:190} INFO - [2025-04-05T13:12:16.688+0000] {dag.py:4180} INFO - Setting next_dagrun for zillow_analytics to 2025-04-05 00:00:00+00:00, run_after=2025-04-06 00:00:00+00:00
[2025-04-05T13:12:16.710+0000] {processor.py:208} INFO - Processing /home/ubuntu/airflow/dags/zillowanalytics.py took 0.149 seconds
[2025-04-05T13:12:46.804+0000] {processor.py:186} INFO - Started process (PID=11015) to work on /home/ubuntu/airflow/dags/zillowanalytics.py
[2025-04-05T13:12:46.805+0000] {processor.py:914} INFO - Processing file /home/ubuntu/airflow/dags/zillowanalytics.py for tasks to queue
[2025-04-05T13:12:46.806+0000] {logging_mixin.py:190} INFO - [2025-04-05T13:12:46.806+0000] {dagbag.py:588} INFO - Filling up the DagBag from /home/ubuntu/airflow/dags/zillowanalytics.py
[2025-04-05T13:12:46.818+0000] {processor.py:925} INFO - DAG(s) 'zillow_analytics' retrieved from /home/ubuntu/airflow/dags/zillowanalytics.py
[2025-04-05T13:12:46.910+0000] {logging_mixin.py:190} INFO - [2025-04-05T13:12:46.909+0000] {dag.py:3239} INFO - Sync 1 DAGs
[2025-04-05T13:12:46.923+0000] {logging_mixin.py:190} INFO - [2025-04-05T13:12:46.923+0000] {dag.py:4180} INFO - Setting next_dagrun for zillow_analytics to 2025-04-05 00:00:00+00:00, run_after=2025-04-06 00:00:00+00:00
[2025-04-05T13:12:46.944+0000] {processor.py:208} INFO - Processing /home/ubuntu/airflow/dags/zillowanalytics.py took 0.146 seconds
[2025-04-05T13:13:17.042+0000] {processor.py:186} INFO - Started process (PID=11016) to work on /home/ubuntu/airflow/dags/zillowanalytics.py
[2025-04-05T13:13:17.043+0000] {processor.py:914} INFO - Processing file /home/ubuntu/airflow/dags/zillowanalytics.py for tasks to queue
[2025-04-05T13:13:17.044+0000] {logging_mixin.py:190} INFO - [2025-04-05T13:13:17.043+0000] {dagbag.py:588} INFO - Filling up the DagBag from /home/ubuntu/airflow/dags/zillowanalytics.py
[2025-04-05T13:13:17.054+0000] {processor.py:925} INFO - DAG(s) 'zillow_analytics' retrieved from /home/ubuntu/airflow/dags/zillowanalytics.py
[2025-04-05T13:13:17.145+0000] {logging_mixin.py:190} INFO - [2025-04-05T13:13:17.144+0000] {dag.py:3239} INFO - Sync 1 DAGs
[2025-04-05T13:13:17.158+0000] {logging_mixin.py:190} INFO - [2025-04-05T13:13:17.158+0000] {dag.py:4180} INFO - Setting next_dagrun for zillow_analytics to 2025-04-05 00:00:00+00:00, run_after=2025-04-06 00:00:00+00:00
[2025-04-05T13:13:17.178+0000] {processor.py:208} INFO - Processing /home/ubuntu/airflow/dags/zillowanalytics.py took 0.142 seconds
[2025-04-05T13:13:47.307+0000] {processor.py:186} INFO - Started process (PID=11017) to work on /home/ubuntu/airflow/dags/zillowanalytics.py
[2025-04-05T13:13:47.310+0000] {processor.py:914} INFO - Processing file /home/ubuntu/airflow/dags/zillowanalytics.py for tasks to queue
[2025-04-05T13:13:47.311+0000] {logging_mixin.py:190} INFO - [2025-04-05T13:13:47.310+0000] {dagbag.py:588} INFO - Filling up the DagBag from /home/ubuntu/airflow/dags/zillowanalytics.py
[2025-04-05T13:13:47.322+0000] {processor.py:925} INFO - DAG(s) 'zillow_analytics' retrieved from /home/ubuntu/airflow/dags/zillowanalytics.py
[2025-04-05T13:13:47.414+0000] {logging_mixin.py:190} INFO - [2025-04-05T13:13:47.414+0000] {dag.py:3239} INFO - Sync 1 DAGs
[2025-04-05T13:13:47.428+0000] {logging_mixin.py:190} INFO - [2025-04-05T13:13:47.428+0000] {dag.py:4180} INFO - Setting next_dagrun for zillow_analytics to 2025-04-05 00:00:00+00:00, run_after=2025-04-06 00:00:00+00:00
[2025-04-05T13:13:47.451+0000] {processor.py:208} INFO - Processing /home/ubuntu/airflow/dags/zillowanalytics.py took 0.149 seconds
[2025-04-05T13:14:17.546+0000] {processor.py:186} INFO - Started process (PID=11018) to work on /home/ubuntu/airflow/dags/zillowanalytics.py
[2025-04-05T13:14:17.547+0000] {processor.py:914} INFO - Processing file /home/ubuntu/airflow/dags/zillowanalytics.py for tasks to queue
[2025-04-05T13:14:17.548+0000] {logging_mixin.py:190} INFO - [2025-04-05T13:14:17.548+0000] {dagbag.py:588} INFO - Filling up the DagBag from /home/ubuntu/airflow/dags/zillowanalytics.py
[2025-04-05T13:14:17.560+0000] {processor.py:925} INFO - DAG(s) 'zillow_analytics' retrieved from /home/ubuntu/airflow/dags/zillowanalytics.py
[2025-04-05T13:14:17.649+0000] {logging_mixin.py:190} INFO - [2025-04-05T13:14:17.649+0000] {dag.py:3239} INFO - Sync 1 DAGs
[2025-04-05T13:14:17.665+0000] {logging_mixin.py:190} INFO - [2025-04-05T13:14:17.665+0000] {dag.py:4180} INFO - Setting next_dagrun for zillow_analytics to 2025-04-05 00:00:00+00:00, run_after=2025-04-06 00:00:00+00:00
[2025-04-05T13:14:17.688+0000] {processor.py:208} INFO - Processing /home/ubuntu/airflow/dags/zillowanalytics.py took 0.147 seconds
[2025-04-05T13:14:47.785+0000] {processor.py:186} INFO - Started process (PID=11019) to work on /home/ubuntu/airflow/dags/zillowanalytics.py
[2025-04-05T13:14:47.787+0000] {processor.py:914} INFO - Processing file /home/ubuntu/airflow/dags/zillowanalytics.py for tasks to queue
[2025-04-05T13:14:47.788+0000] {logging_mixin.py:190} INFO - [2025-04-05T13:14:47.788+0000] {dagbag.py:588} INFO - Filling up the DagBag from /home/ubuntu/airflow/dags/zillowanalytics.py
[2025-04-05T13:14:47.799+0000] {processor.py:925} INFO - DAG(s) 'zillow_analytics' retrieved from /home/ubuntu/airflow/dags/zillowanalytics.py
[2025-04-05T13:14:47.887+0000] {logging_mixin.py:190} INFO - [2025-04-05T13:14:47.887+0000] {dag.py:3239} INFO - Sync 1 DAGs
[2025-04-05T13:14:47.902+0000] {logging_mixin.py:190} INFO - [2025-04-05T13:14:47.901+0000] {dag.py:4180} INFO - Setting next_dagrun for zillow_analytics to 2025-04-05 00:00:00+00:00, run_after=2025-04-06 00:00:00+00:00
[2025-04-05T13:14:47.922+0000] {processor.py:208} INFO - Processing /home/ubuntu/airflow/dags/zillowanalytics.py took 0.142 seconds
[2025-04-05T13:15:18.025+0000] {processor.py:186} INFO - Started process (PID=11025) to work on /home/ubuntu/airflow/dags/zillowanalytics.py
[2025-04-05T13:15:18.027+0000] {processor.py:914} INFO - Processing file /home/ubuntu/airflow/dags/zillowanalytics.py for tasks to queue
[2025-04-05T13:15:18.029+0000] {logging_mixin.py:190} INFO - [2025-04-05T13:15:18.028+0000] {dagbag.py:588} INFO - Filling up the DagBag from /home/ubuntu/airflow/dags/zillowanalytics.py
[2025-04-05T13:15:18.040+0000] {processor.py:925} INFO - DAG(s) 'zillow_analytics' retrieved from /home/ubuntu/airflow/dags/zillowanalytics.py
[2025-04-05T13:15:18.130+0000] {logging_mixin.py:190} INFO - [2025-04-05T13:15:18.130+0000] {dag.py:3239} INFO - Sync 1 DAGs
[2025-04-05T13:15:18.143+0000] {logging_mixin.py:190} INFO - [2025-04-05T13:15:18.143+0000] {dag.py:4180} INFO - Setting next_dagrun for zillow_analytics to 2025-04-05 00:00:00+00:00, run_after=2025-04-06 00:00:00+00:00
[2025-04-05T13:15:18.164+0000] {processor.py:208} INFO - Processing /home/ubuntu/airflow/dags/zillowanalytics.py took 0.144 seconds
[2025-04-05T13:15:48.292+0000] {processor.py:186} INFO - Started process (PID=11026) to work on /home/ubuntu/airflow/dags/zillowanalytics.py
[2025-04-05T13:15:48.294+0000] {processor.py:914} INFO - Processing file /home/ubuntu/airflow/dags/zillowanalytics.py for tasks to queue
[2025-04-05T13:15:48.295+0000] {logging_mixin.py:190} INFO - [2025-04-05T13:15:48.294+0000] {dagbag.py:588} INFO - Filling up the DagBag from /home/ubuntu/airflow/dags/zillowanalytics.py
[2025-04-05T13:15:48.305+0000] {processor.py:925} INFO - DAG(s) 'zillow_analytics' retrieved from /home/ubuntu/airflow/dags/zillowanalytics.py
[2025-04-05T13:15:48.396+0000] {logging_mixin.py:190} INFO - [2025-04-05T13:15:48.396+0000] {dag.py:3239} INFO - Sync 1 DAGs
[2025-04-05T13:15:48.409+0000] {logging_mixin.py:190} INFO - [2025-04-05T13:15:48.409+0000] {dag.py:4180} INFO - Setting next_dagrun for zillow_analytics to 2025-04-05 00:00:00+00:00, run_after=2025-04-06 00:00:00+00:00
[2025-04-05T13:15:48.430+0000] {processor.py:208} INFO - Processing /home/ubuntu/airflow/dags/zillowanalytics.py took 0.143 seconds
[2025-04-05T13:16:18.504+0000] {processor.py:186} INFO - Started process (PID=11027) to work on /home/ubuntu/airflow/dags/zillowanalytics.py
[2025-04-05T13:16:18.506+0000] {processor.py:914} INFO - Processing file /home/ubuntu/airflow/dags/zillowanalytics.py for tasks to queue
[2025-04-05T13:16:18.507+0000] {logging_mixin.py:190} INFO - [2025-04-05T13:16:18.507+0000] {dagbag.py:588} INFO - Filling up the DagBag from /home/ubuntu/airflow/dags/zillowanalytics.py
[2025-04-05T13:16:18.518+0000] {processor.py:925} INFO - DAG(s) 'zillow_analytics' retrieved from /home/ubuntu/airflow/dags/zillowanalytics.py
[2025-04-05T13:16:18.609+0000] {logging_mixin.py:190} INFO - [2025-04-05T13:16:18.608+0000] {dag.py:3239} INFO - Sync 1 DAGs
[2025-04-05T13:16:18.622+0000] {logging_mixin.py:190} INFO - [2025-04-05T13:16:18.622+0000] {dag.py:4180} INFO - Setting next_dagrun for zillow_analytics to 2025-04-05 00:00:00+00:00, run_after=2025-04-06 00:00:00+00:00
[2025-04-05T13:16:18.643+0000] {processor.py:208} INFO - Processing /home/ubuntu/airflow/dags/zillowanalytics.py took 0.144 seconds
[2025-04-05T13:16:48.744+0000] {processor.py:186} INFO - Started process (PID=11028) to work on /home/ubuntu/airflow/dags/zillowanalytics.py
[2025-04-05T13:16:48.745+0000] {processor.py:914} INFO - Processing file /home/ubuntu/airflow/dags/zillowanalytics.py for tasks to queue
[2025-04-05T13:16:48.746+0000] {logging_mixin.py:190} INFO - [2025-04-05T13:16:48.746+0000] {dagbag.py:588} INFO - Filling up the DagBag from /home/ubuntu/airflow/dags/zillowanalytics.py
[2025-04-05T13:16:48.757+0000] {processor.py:925} INFO - DAG(s) 'zillow_analytics' retrieved from /home/ubuntu/airflow/dags/zillowanalytics.py
[2025-04-05T13:16:48.850+0000] {logging_mixin.py:190} INFO - [2025-04-05T13:16:48.849+0000] {dag.py:3239} INFO - Sync 1 DAGs
[2025-04-05T13:16:48.863+0000] {logging_mixin.py:190} INFO - [2025-04-05T13:16:48.863+0000] {dag.py:4180} INFO - Setting next_dagrun for zillow_analytics to 2025-04-05 00:00:00+00:00, run_after=2025-04-06 00:00:00+00:00
[2025-04-05T13:16:48.884+0000] {processor.py:208} INFO - Processing /home/ubuntu/airflow/dags/zillowanalytics.py took 0.146 seconds
[2025-04-05T13:17:18.987+0000] {processor.py:186} INFO - Started process (PID=11032) to work on /home/ubuntu/airflow/dags/zillowanalytics.py
[2025-04-05T13:17:18.988+0000] {processor.py:914} INFO - Processing file /home/ubuntu/airflow/dags/zillowanalytics.py for tasks to queue
[2025-04-05T13:17:18.989+0000] {logging_mixin.py:190} INFO - [2025-04-05T13:17:18.989+0000] {dagbag.py:588} INFO - Filling up the DagBag from /home/ubuntu/airflow/dags/zillowanalytics.py
[2025-04-05T13:17:19.001+0000] {processor.py:925} INFO - DAG(s) 'zillow_analytics' retrieved from /home/ubuntu/airflow/dags/zillowanalytics.py
[2025-04-05T13:17:19.091+0000] {logging_mixin.py:190} INFO - [2025-04-05T13:17:19.091+0000] {dag.py:3239} INFO - Sync 1 DAGs
[2025-04-05T13:17:19.105+0000] {logging_mixin.py:190} INFO - [2025-04-05T13:17:19.104+0000] {dag.py:4180} INFO - Setting next_dagrun for zillow_analytics to 2025-04-05 00:00:00+00:00, run_after=2025-04-06 00:00:00+00:00
[2025-04-05T13:17:19.125+0000] {processor.py:208} INFO - Processing /home/ubuntu/airflow/dags/zillowanalytics.py took 0.144 seconds
[2025-04-05T13:17:49.256+0000] {processor.py:186} INFO - Started process (PID=11033) to work on /home/ubuntu/airflow/dags/zillowanalytics.py
[2025-04-05T13:17:49.256+0000] {processor.py:914} INFO - Processing file /home/ubuntu/airflow/dags/zillowanalytics.py for tasks to queue
[2025-04-05T13:17:49.258+0000] {logging_mixin.py:190} INFO - [2025-04-05T13:17:49.258+0000] {dagbag.py:588} INFO - Filling up the DagBag from /home/ubuntu/airflow/dags/zillowanalytics.py
[2025-04-05T13:17:49.268+0000] {processor.py:925} INFO - DAG(s) 'zillow_analytics' retrieved from /home/ubuntu/airflow/dags/zillowanalytics.py
[2025-04-05T13:17:49.358+0000] {logging_mixin.py:190} INFO - [2025-04-05T13:17:49.357+0000] {dag.py:3239} INFO - Sync 1 DAGs
[2025-04-05T13:17:49.373+0000] {logging_mixin.py:190} INFO - [2025-04-05T13:17:49.373+0000] {dag.py:4180} INFO - Setting next_dagrun for zillow_analytics to 2025-04-05 00:00:00+00:00, run_after=2025-04-06 00:00:00+00:00
[2025-04-05T13:17:49.395+0000] {processor.py:208} INFO - Processing /home/ubuntu/airflow/dags/zillowanalytics.py took 0.147 seconds
[2025-04-05T13:18:19.521+0000] {processor.py:186} INFO - Started process (PID=11035) to work on /home/ubuntu/airflow/dags/zillowanalytics.py
[2025-04-05T13:18:19.523+0000] {processor.py:914} INFO - Processing file /home/ubuntu/airflow/dags/zillowanalytics.py for tasks to queue
[2025-04-05T13:18:19.525+0000] {logging_mixin.py:190} INFO - [2025-04-05T13:18:19.524+0000] {dagbag.py:588} INFO - Filling up the DagBag from /home/ubuntu/airflow/dags/zillowanalytics.py
[2025-04-05T13:18:19.536+0000] {processor.py:925} INFO - DAG(s) 'zillow_analytics' retrieved from /home/ubuntu/airflow/dags/zillowanalytics.py
[2025-04-05T13:18:19.625+0000] {logging_mixin.py:190} INFO - [2025-04-05T13:18:19.625+0000] {dag.py:3239} INFO - Sync 1 DAGs
[2025-04-05T13:18:19.640+0000] {logging_mixin.py:190} INFO - [2025-04-05T13:18:19.640+0000] {dag.py:4180} INFO - Setting next_dagrun for zillow_analytics to 2025-04-05 00:00:00+00:00, run_after=2025-04-06 00:00:00+00:00
[2025-04-05T13:18:19.661+0000] {processor.py:208} INFO - Processing /home/ubuntu/airflow/dags/zillowanalytics.py took 0.145 seconds
[2025-04-05T13:18:49.791+0000] {processor.py:186} INFO - Started process (PID=11037) to work on /home/ubuntu/airflow/dags/zillowanalytics.py
[2025-04-05T13:18:49.791+0000] {processor.py:914} INFO - Processing file /home/ubuntu/airflow/dags/zillowanalytics.py for tasks to queue
[2025-04-05T13:18:49.792+0000] {logging_mixin.py:190} INFO - [2025-04-05T13:18:49.792+0000] {dagbag.py:588} INFO - Filling up the DagBag from /home/ubuntu/airflow/dags/zillowanalytics.py
[2025-04-05T13:18:49.803+0000] {processor.py:925} INFO - DAG(s) 'zillow_analytics' retrieved from /home/ubuntu/airflow/dags/zillowanalytics.py
[2025-04-05T13:18:49.892+0000] {logging_mixin.py:190} INFO - [2025-04-05T13:18:49.892+0000] {dag.py:3239} INFO - Sync 1 DAGs
[2025-04-05T13:18:49.908+0000] {logging_mixin.py:190} INFO - [2025-04-05T13:18:49.908+0000] {dag.py:4180} INFO - Setting next_dagrun for zillow_analytics to 2025-04-05 00:00:00+00:00, run_after=2025-04-06 00:00:00+00:00
[2025-04-05T13:18:49.930+0000] {processor.py:208} INFO - Processing /home/ubuntu/airflow/dags/zillowanalytics.py took 0.145 seconds
[2025-04-05T13:19:15.967+0000] {processor.py:186} INFO - Started process (PID=11038) to work on /home/ubuntu/airflow/dags/zillowanalytics.py
[2025-04-05T13:19:15.970+0000] {processor.py:914} INFO - Processing file /home/ubuntu/airflow/dags/zillowanalytics.py for tasks to queue
[2025-04-05T13:19:15.971+0000] {logging_mixin.py:190} INFO - [2025-04-05T13:19:15.971+0000] {dagbag.py:588} INFO - Filling up the DagBag from /home/ubuntu/airflow/dags/zillowanalytics.py
[2025-04-05T13:19:15.985+0000] {processor.py:925} INFO - DAG(s) 'zillow_analytics' retrieved from /home/ubuntu/airflow/dags/zillowanalytics.py
[2025-04-05T13:19:15.994+0000] {logging_mixin.py:190} INFO - [2025-04-05T13:19:15.994+0000] {dag.py:3239} INFO - Sync 1 DAGs
[2025-04-05T13:19:16.011+0000] {logging_mixin.py:190} INFO - [2025-04-05T13:19:16.011+0000] {dag.py:4180} INFO - Setting next_dagrun for zillow_analytics to 2025-04-05 00:00:00+00:00, run_after=2025-04-06 00:00:00+00:00
[2025-04-05T13:19:16.033+0000] {processor.py:208} INFO - Processing /home/ubuntu/airflow/dags/zillowanalytics.py took 0.070 seconds
[2025-04-05T13:19:46.177+0000] {processor.py:186} INFO - Started process (PID=11039) to work on /home/ubuntu/airflow/dags/zillowanalytics.py
[2025-04-05T13:19:46.178+0000] {processor.py:914} INFO - Processing file /home/ubuntu/airflow/dags/zillowanalytics.py for tasks to queue
[2025-04-05T13:19:46.179+0000] {logging_mixin.py:190} INFO - [2025-04-05T13:19:46.179+0000] {dagbag.py:588} INFO - Filling up the DagBag from /home/ubuntu/airflow/dags/zillowanalytics.py
[2025-04-05T13:19:46.190+0000] {processor.py:925} INFO - DAG(s) 'zillow_analytics' retrieved from /home/ubuntu/airflow/dags/zillowanalytics.py
[2025-04-05T13:19:46.281+0000] {logging_mixin.py:190} INFO - [2025-04-05T13:19:46.281+0000] {dag.py:3239} INFO - Sync 1 DAGs
[2025-04-05T13:19:46.295+0000] {logging_mixin.py:190} INFO - [2025-04-05T13:19:46.294+0000] {dag.py:4180} INFO - Setting next_dagrun for zillow_analytics to 2025-04-05 00:00:00+00:00, run_after=2025-04-06 00:00:00+00:00
[2025-04-05T13:19:46.317+0000] {processor.py:208} INFO - Processing /home/ubuntu/airflow/dags/zillowanalytics.py took 0.144 seconds
[2025-04-05T13:20:16.411+0000] {processor.py:186} INFO - Started process (PID=11043) to work on /home/ubuntu/airflow/dags/zillowanalytics.py
[2025-04-05T13:20:16.413+0000] {processor.py:914} INFO - Processing file /home/ubuntu/airflow/dags/zillowanalytics.py for tasks to queue
[2025-04-05T13:20:16.414+0000] {logging_mixin.py:190} INFO - [2025-04-05T13:20:16.414+0000] {dagbag.py:588} INFO - Filling up the DagBag from /home/ubuntu/airflow/dags/zillowanalytics.py
[2025-04-05T13:20:16.425+0000] {processor.py:925} INFO - DAG(s) 'zillow_analytics' retrieved from /home/ubuntu/airflow/dags/zillowanalytics.py
[2025-04-05T13:20:16.515+0000] {logging_mixin.py:190} INFO - [2025-04-05T13:20:16.515+0000] {dag.py:3239} INFO - Sync 1 DAGs
[2025-04-05T13:20:16.529+0000] {logging_mixin.py:190} INFO - [2025-04-05T13:20:16.529+0000] {dag.py:4180} INFO - Setting next_dagrun for zillow_analytics to 2025-04-05 00:00:00+00:00, run_after=2025-04-06 00:00:00+00:00
[2025-04-05T13:20:16.551+0000] {processor.py:208} INFO - Processing /home/ubuntu/airflow/dags/zillowanalytics.py took 0.145 seconds
[2025-04-05T13:20:46.654+0000] {processor.py:186} INFO - Started process (PID=11044) to work on /home/ubuntu/airflow/dags/zillowanalytics.py
[2025-04-05T13:20:46.656+0000] {processor.py:914} INFO - Processing file /home/ubuntu/airflow/dags/zillowanalytics.py for tasks to queue
[2025-04-05T13:20:46.657+0000] {logging_mixin.py:190} INFO - [2025-04-05T13:20:46.657+0000] {dagbag.py:588} INFO - Filling up the DagBag from /home/ubuntu/airflow/dags/zillowanalytics.py
[2025-04-05T13:20:46.668+0000] {processor.py:925} INFO - DAG(s) 'zillow_analytics' retrieved from /home/ubuntu/airflow/dags/zillowanalytics.py
[2025-04-05T13:20:46.758+0000] {logging_mixin.py:190} INFO - [2025-04-05T13:20:46.758+0000] {dag.py:3239} INFO - Sync 1 DAGs
[2025-04-05T13:20:46.774+0000] {logging_mixin.py:190} INFO - [2025-04-05T13:20:46.774+0000] {dag.py:4180} INFO - Setting next_dagrun for zillow_analytics to 2025-04-05 00:00:00+00:00, run_after=2025-04-06 00:00:00+00:00
[2025-04-05T13:20:46.797+0000] {processor.py:208} INFO - Processing /home/ubuntu/airflow/dags/zillowanalytics.py took 0.149 seconds
[2025-04-05T13:21:16.897+0000] {processor.py:186} INFO - Started process (PID=11046) to work on /home/ubuntu/airflow/dags/zillowanalytics.py
[2025-04-05T13:21:16.898+0000] {processor.py:914} INFO - Processing file /home/ubuntu/airflow/dags/zillowanalytics.py for tasks to queue
[2025-04-05T13:21:16.900+0000] {logging_mixin.py:190} INFO - [2025-04-05T13:21:16.899+0000] {dagbag.py:588} INFO - Filling up the DagBag from /home/ubuntu/airflow/dags/zillowanalytics.py
[2025-04-05T13:21:16.911+0000] {processor.py:925} INFO - DAG(s) 'zillow_analytics' retrieved from /home/ubuntu/airflow/dags/zillowanalytics.py
[2025-04-05T13:21:17.003+0000] {logging_mixin.py:190} INFO - [2025-04-05T13:21:17.003+0000] {dag.py:3239} INFO - Sync 1 DAGs
[2025-04-05T13:21:17.018+0000] {logging_mixin.py:190} INFO - [2025-04-05T13:21:17.018+0000] {dag.py:4180} INFO - Setting next_dagrun for zillow_analytics to 2025-04-05 00:00:00+00:00, run_after=2025-04-06 00:00:00+00:00
[2025-04-05T13:21:17.040+0000] {processor.py:208} INFO - Processing /home/ubuntu/airflow/dags/zillowanalytics.py took 0.148 seconds
[2025-04-05T13:21:47.133+0000] {processor.py:186} INFO - Started process (PID=11048) to work on /home/ubuntu/airflow/dags/zillowanalytics.py
[2025-04-05T13:21:47.134+0000] {processor.py:914} INFO - Processing file /home/ubuntu/airflow/dags/zillowanalytics.py for tasks to queue
[2025-04-05T13:21:47.136+0000] {logging_mixin.py:190} INFO - [2025-04-05T13:21:47.136+0000] {dagbag.py:588} INFO - Filling up the DagBag from /home/ubuntu/airflow/dags/zillowanalytics.py
[2025-04-05T13:21:47.147+0000] {processor.py:925} INFO - DAG(s) 'zillow_analytics' retrieved from /home/ubuntu/airflow/dags/zillowanalytics.py
[2025-04-05T13:21:47.235+0000] {logging_mixin.py:190} INFO - [2025-04-05T13:21:47.235+0000] {dag.py:3239} INFO - Sync 1 DAGs
[2025-04-05T13:21:47.251+0000] {logging_mixin.py:190} INFO - [2025-04-05T13:21:47.251+0000] {dag.py:4180} INFO - Setting next_dagrun for zillow_analytics to 2025-04-05 00:00:00+00:00, run_after=2025-04-06 00:00:00+00:00
[2025-04-05T13:21:47.271+0000] {processor.py:208} INFO - Processing /home/ubuntu/airflow/dags/zillowanalytics.py took 0.144 seconds
[2025-04-05T13:22:17.372+0000] {processor.py:186} INFO - Started process (PID=11049) to work on /home/ubuntu/airflow/dags/zillowanalytics.py
[2025-04-05T13:22:17.373+0000] {processor.py:914} INFO - Processing file /home/ubuntu/airflow/dags/zillowanalytics.py for tasks to queue
[2025-04-05T13:22:17.374+0000] {logging_mixin.py:190} INFO - [2025-04-05T13:22:17.373+0000] {dagbag.py:588} INFO - Filling up the DagBag from /home/ubuntu/airflow/dags/zillowanalytics.py
[2025-04-05T13:22:17.384+0000] {processor.py:925} INFO - DAG(s) 'zillow_analytics' retrieved from /home/ubuntu/airflow/dags/zillowanalytics.py
[2025-04-05T13:22:17.474+0000] {logging_mixin.py:190} INFO - [2025-04-05T13:22:17.474+0000] {dag.py:3239} INFO - Sync 1 DAGs
[2025-04-05T13:22:17.489+0000] {logging_mixin.py:190} INFO - [2025-04-05T13:22:17.489+0000] {dag.py:4180} INFO - Setting next_dagrun for zillow_analytics to 2025-04-05 00:00:00+00:00, run_after=2025-04-06 00:00:00+00:00
[2025-04-05T13:22:17.510+0000] {processor.py:208} INFO - Processing /home/ubuntu/airflow/dags/zillowanalytics.py took 0.145 seconds
[2025-04-05T13:22:47.617+0000] {processor.py:186} INFO - Started process (PID=11152) to work on /home/ubuntu/airflow/dags/zillowanalytics.py
[2025-04-05T13:22:47.619+0000] {processor.py:914} INFO - Processing file /home/ubuntu/airflow/dags/zillowanalytics.py for tasks to queue
[2025-04-05T13:22:47.621+0000] {logging_mixin.py:190} INFO - [2025-04-05T13:22:47.620+0000] {dagbag.py:588} INFO - Filling up the DagBag from /home/ubuntu/airflow/dags/zillowanalytics.py
[2025-04-05T13:22:47.631+0000] {processor.py:925} INFO - DAG(s) 'zillow_analytics' retrieved from /home/ubuntu/airflow/dags/zillowanalytics.py
[2025-04-05T13:22:47.726+0000] {logging_mixin.py:190} INFO - [2025-04-05T13:22:47.726+0000] {dag.py:3239} INFO - Sync 1 DAGs
[2025-04-05T13:22:47.741+0000] {logging_mixin.py:190} INFO - [2025-04-05T13:22:47.740+0000] {dag.py:4180} INFO - Setting next_dagrun for zillow_analytics to 2025-04-05 00:00:00+00:00, run_after=2025-04-06 00:00:00+00:00
[2025-04-05T13:22:47.760+0000] {processor.py:208} INFO - Processing /home/ubuntu/airflow/dags/zillowanalytics.py took 0.149 seconds
[2025-04-05T13:23:02.814+0000] {processor.py:186} INFO - Started process (PID=11153) to work on /home/ubuntu/airflow/dags/zillowanalytics.py
[2025-04-05T13:23:02.815+0000] {processor.py:914} INFO - Processing file /home/ubuntu/airflow/dags/zillowanalytics.py for tasks to queue
[2025-04-05T13:23:02.816+0000] {logging_mixin.py:190} INFO - [2025-04-05T13:23:02.815+0000] {dagbag.py:588} INFO - Filling up the DagBag from /home/ubuntu/airflow/dags/zillowanalytics.py
[2025-04-05T13:23:02.828+0000] {processor.py:925} INFO - DAG(s) 'zillow_analytics' retrieved from /home/ubuntu/airflow/dags/zillowanalytics.py
[2025-04-05T13:23:02.837+0000] {logging_mixin.py:190} INFO - [2025-04-05T13:23:02.837+0000] {dag.py:3239} INFO - Sync 1 DAGs
[2025-04-05T13:23:02.854+0000] {logging_mixin.py:190} INFO - [2025-04-05T13:23:02.854+0000] {dag.py:4180} INFO - Setting next_dagrun for zillow_analytics to 2025-04-05 00:00:00+00:00, run_after=2025-04-06 00:00:00+00:00
[2025-04-05T13:23:02.875+0000] {processor.py:208} INFO - Processing /home/ubuntu/airflow/dags/zillowanalytics.py took 0.067 seconds
[2025-04-05T13:23:33.897+0000] {processor.py:186} INFO - Started process (PID=11154) to work on /home/ubuntu/airflow/dags/zillowanalytics.py
[2025-04-05T13:23:33.899+0000] {processor.py:914} INFO - Processing file /home/ubuntu/airflow/dags/zillowanalytics.py for tasks to queue
[2025-04-05T13:23:33.899+0000] {logging_mixin.py:190} INFO - [2025-04-05T13:23:33.899+0000] {dagbag.py:588} INFO - Filling up the DagBag from /home/ubuntu/airflow/dags/zillowanalytics.py
[2025-04-05T13:23:33.910+0000] {processor.py:925} INFO - DAG(s) 'zillow_analytics' retrieved from /home/ubuntu/airflow/dags/zillowanalytics.py
[2025-04-05T13:23:34.003+0000] {logging_mixin.py:190} INFO - [2025-04-05T13:23:34.003+0000] {dag.py:3239} INFO - Sync 1 DAGs
[2025-04-05T13:23:34.018+0000] {logging_mixin.py:190} INFO - [2025-04-05T13:23:34.017+0000] {dag.py:4180} INFO - Setting next_dagrun for zillow_analytics to 2025-04-05 00:00:00+00:00, run_after=2025-04-06 00:00:00+00:00
[2025-04-05T13:23:34.038+0000] {processor.py:208} INFO - Processing /home/ubuntu/airflow/dags/zillowanalytics.py took 0.147 seconds
[2025-04-05T13:24:04.346+0000] {processor.py:186} INFO - Started process (PID=11155) to work on /home/ubuntu/airflow/dags/zillowanalytics.py
[2025-04-05T13:24:04.346+0000] {processor.py:914} INFO - Processing file /home/ubuntu/airflow/dags/zillowanalytics.py for tasks to queue
[2025-04-05T13:24:04.347+0000] {logging_mixin.py:190} INFO - [2025-04-05T13:24:04.347+0000] {dagbag.py:588} INFO - Filling up the DagBag from /home/ubuntu/airflow/dags/zillowanalytics.py
[2025-04-05T13:24:04.358+0000] {processor.py:925} INFO - DAG(s) 'zillow_analytics' retrieved from /home/ubuntu/airflow/dags/zillowanalytics.py
[2025-04-05T13:24:04.451+0000] {logging_mixin.py:190} INFO - [2025-04-05T13:24:04.451+0000] {dag.py:3239} INFO - Sync 1 DAGs
[2025-04-05T13:24:04.466+0000] {logging_mixin.py:190} INFO - [2025-04-05T13:24:04.466+0000] {dag.py:4180} INFO - Setting next_dagrun for zillow_analytics to 2025-04-05 00:00:00+00:00, run_after=2025-04-06 00:00:00+00:00
[2025-04-05T13:24:04.490+0000] {processor.py:208} INFO - Processing /home/ubuntu/airflow/dags/zillowanalytics.py took 0.150 seconds
[2025-04-05T13:24:34.797+0000] {processor.py:186} INFO - Started process (PID=11157) to work on /home/ubuntu/airflow/dags/zillowanalytics.py
[2025-04-05T13:24:34.799+0000] {processor.py:914} INFO - Processing file /home/ubuntu/airflow/dags/zillowanalytics.py for tasks to queue
[2025-04-05T13:24:34.799+0000] {logging_mixin.py:190} INFO - [2025-04-05T13:24:34.799+0000] {dagbag.py:588} INFO - Filling up the DagBag from /home/ubuntu/airflow/dags/zillowanalytics.py
[2025-04-05T13:24:34.812+0000] {processor.py:925} INFO - DAG(s) 'zillow_analytics' retrieved from /home/ubuntu/airflow/dags/zillowanalytics.py
[2025-04-05T13:24:34.903+0000] {logging_mixin.py:190} INFO - [2025-04-05T13:24:34.903+0000] {dag.py:3239} INFO - Sync 1 DAGs
[2025-04-05T13:24:34.917+0000] {logging_mixin.py:190} INFO - [2025-04-05T13:24:34.917+0000] {dag.py:4180} INFO - Setting next_dagrun for zillow_analytics to 2025-04-05 00:00:00+00:00, run_after=2025-04-06 00:00:00+00:00
[2025-04-05T13:24:34.939+0000] {processor.py:208} INFO - Processing /home/ubuntu/airflow/dags/zillowanalytics.py took 0.148 seconds
[2025-04-05T13:25:05.220+0000] {processor.py:186} INFO - Started process (PID=11161) to work on /home/ubuntu/airflow/dags/zillowanalytics.py
[2025-04-05T13:25:05.222+0000] {processor.py:914} INFO - Processing file /home/ubuntu/airflow/dags/zillowanalytics.py for tasks to queue
[2025-04-05T13:25:05.223+0000] {logging_mixin.py:190} INFO - [2025-04-05T13:25:05.223+0000] {dagbag.py:588} INFO - Filling up the DagBag from /home/ubuntu/airflow/dags/zillowanalytics.py
[2025-04-05T13:25:05.234+0000] {processor.py:925} INFO - DAG(s) 'zillow_analytics' retrieved from /home/ubuntu/airflow/dags/zillowanalytics.py
[2025-04-05T13:25:05.327+0000] {logging_mixin.py:190} INFO - [2025-04-05T13:25:05.326+0000] {dag.py:3239} INFO - Sync 1 DAGs
[2025-04-05T13:25:05.342+0000] {logging_mixin.py:190} INFO - [2025-04-05T13:25:05.342+0000] {dag.py:4180} INFO - Setting next_dagrun for zillow_analytics to 2025-04-05 00:00:00+00:00, run_after=2025-04-06 00:00:00+00:00
[2025-04-05T13:25:05.366+0000] {processor.py:208} INFO - Processing /home/ubuntu/airflow/dags/zillowanalytics.py took 0.150 seconds
[2025-04-05T13:25:35.670+0000] {processor.py:186} INFO - Started process (PID=11162) to work on /home/ubuntu/airflow/dags/zillowanalytics.py
[2025-04-05T13:25:35.672+0000] {processor.py:914} INFO - Processing file /home/ubuntu/airflow/dags/zillowanalytics.py for tasks to queue
[2025-04-05T13:25:35.673+0000] {logging_mixin.py:190} INFO - [2025-04-05T13:25:35.673+0000] {dagbag.py:588} INFO - Filling up the DagBag from /home/ubuntu/airflow/dags/zillowanalytics.py
[2025-04-05T13:25:35.684+0000] {processor.py:925} INFO - DAG(s) 'zillow_analytics' retrieved from /home/ubuntu/airflow/dags/zillowanalytics.py
[2025-04-05T13:25:35.776+0000] {logging_mixin.py:190} INFO - [2025-04-05T13:25:35.776+0000] {dag.py:3239} INFO - Sync 1 DAGs
[2025-04-05T13:25:35.791+0000] {logging_mixin.py:190} INFO - [2025-04-05T13:25:35.790+0000] {dag.py:4180} INFO - Setting next_dagrun for zillow_analytics to 2025-04-05 00:00:00+00:00, run_after=2025-04-06 00:00:00+00:00
[2025-04-05T13:25:35.811+0000] {processor.py:208} INFO - Processing /home/ubuntu/airflow/dags/zillowanalytics.py took 0.146 seconds
[2025-04-05T13:26:05.951+0000] {processor.py:186} INFO - Started process (PID=11163) to work on /home/ubuntu/airflow/dags/zillowanalytics.py
[2025-04-05T13:26:05.951+0000] {processor.py:914} INFO - Processing file /home/ubuntu/airflow/dags/zillowanalytics.py for tasks to queue
[2025-04-05T13:26:05.953+0000] {logging_mixin.py:190} INFO - [2025-04-05T13:26:05.952+0000] {dagbag.py:588} INFO - Filling up the DagBag from /home/ubuntu/airflow/dags/zillowanalytics.py
[2025-04-05T13:26:05.963+0000] {processor.py:925} INFO - DAG(s) 'zillow_analytics' retrieved from /home/ubuntu/airflow/dags/zillowanalytics.py
[2025-04-05T13:26:06.056+0000] {logging_mixin.py:190} INFO - [2025-04-05T13:26:06.056+0000] {dag.py:3239} INFO - Sync 1 DAGs
[2025-04-05T13:26:06.070+0000] {logging_mixin.py:190} INFO - [2025-04-05T13:26:06.070+0000] {dag.py:4180} INFO - Setting next_dagrun for zillow_analytics to 2025-04-05 00:00:00+00:00, run_after=2025-04-06 00:00:00+00:00
[2025-04-05T13:26:06.092+0000] {processor.py:208} INFO - Processing /home/ubuntu/airflow/dags/zillowanalytics.py took 0.147 seconds
[2025-04-05T13:26:36.230+0000] {processor.py:186} INFO - Started process (PID=11164) to work on /home/ubuntu/airflow/dags/zillowanalytics.py
[2025-04-05T13:26:36.231+0000] {processor.py:914} INFO - Processing file /home/ubuntu/airflow/dags/zillowanalytics.py for tasks to queue
[2025-04-05T13:26:36.232+0000] {logging_mixin.py:190} INFO - [2025-04-05T13:26:36.232+0000] {dagbag.py:588} INFO - Filling up the DagBag from /home/ubuntu/airflow/dags/zillowanalytics.py
[2025-04-05T13:26:36.243+0000] {processor.py:925} INFO - DAG(s) 'zillow_analytics' retrieved from /home/ubuntu/airflow/dags/zillowanalytics.py
[2025-04-05T13:26:36.337+0000] {logging_mixin.py:190} INFO - [2025-04-05T13:26:36.337+0000] {dag.py:3239} INFO - Sync 1 DAGs
[2025-04-05T13:26:36.352+0000] {logging_mixin.py:190} INFO - [2025-04-05T13:26:36.352+0000] {dag.py:4180} INFO - Setting next_dagrun for zillow_analytics to 2025-04-05 00:00:00+00:00, run_after=2025-04-06 00:00:00+00:00
[2025-04-05T13:26:36.374+0000] {processor.py:208} INFO - Processing /home/ubuntu/airflow/dags/zillowanalytics.py took 0.149 seconds
[2025-04-05T13:27:06.510+0000] {processor.py:186} INFO - Started process (PID=11165) to work on /home/ubuntu/airflow/dags/zillowanalytics.py
[2025-04-05T13:27:06.512+0000] {processor.py:914} INFO - Processing file /home/ubuntu/airflow/dags/zillowanalytics.py for tasks to queue
[2025-04-05T13:27:06.513+0000] {logging_mixin.py:190} INFO - [2025-04-05T13:27:06.512+0000] {dagbag.py:588} INFO - Filling up the DagBag from /home/ubuntu/airflow/dags/zillowanalytics.py
[2025-04-05T13:27:06.524+0000] {processor.py:925} INFO - DAG(s) 'zillow_analytics' retrieved from /home/ubuntu/airflow/dags/zillowanalytics.py
[2025-04-05T13:27:06.616+0000] {logging_mixin.py:190} INFO - [2025-04-05T13:27:06.615+0000] {dag.py:3239} INFO - Sync 1 DAGs
[2025-04-05T13:27:06.630+0000] {logging_mixin.py:190} INFO - [2025-04-05T13:27:06.629+0000] {dag.py:4180} INFO - Setting next_dagrun for zillow_analytics to 2025-04-05 00:00:00+00:00, run_after=2025-04-06 00:00:00+00:00
[2025-04-05T13:27:06.652+0000] {processor.py:208} INFO - Processing /home/ubuntu/airflow/dags/zillowanalytics.py took 0.147 seconds
[2025-04-05T13:27:36.786+0000] {processor.py:186} INFO - Started process (PID=11167) to work on /home/ubuntu/airflow/dags/zillowanalytics.py
[2025-04-05T13:27:36.788+0000] {processor.py:914} INFO - Processing file /home/ubuntu/airflow/dags/zillowanalytics.py for tasks to queue
[2025-04-05T13:27:36.790+0000] {logging_mixin.py:190} INFO - [2025-04-05T13:27:36.789+0000] {dagbag.py:588} INFO - Filling up the DagBag from /home/ubuntu/airflow/dags/zillowanalytics.py
[2025-04-05T13:27:36.800+0000] {processor.py:925} INFO - DAG(s) 'zillow_analytics' retrieved from /home/ubuntu/airflow/dags/zillowanalytics.py
[2025-04-05T13:27:36.894+0000] {logging_mixin.py:190} INFO - [2025-04-05T13:27:36.894+0000] {dag.py:3239} INFO - Sync 1 DAGs
[2025-04-05T13:27:36.908+0000] {logging_mixin.py:190} INFO - [2025-04-05T13:27:36.908+0000] {dag.py:4180} INFO - Setting next_dagrun for zillow_analytics to 2025-04-05 00:00:00+00:00, run_after=2025-04-06 00:00:00+00:00
[2025-04-05T13:27:36.929+0000] {processor.py:208} INFO - Processing /home/ubuntu/airflow/dags/zillowanalytics.py took 0.148 seconds
[2025-04-05T13:28:07.063+0000] {processor.py:186} INFO - Started process (PID=11169) to work on /home/ubuntu/airflow/dags/zillowanalytics.py
[2025-04-05T13:28:07.063+0000] {processor.py:914} INFO - Processing file /home/ubuntu/airflow/dags/zillowanalytics.py for tasks to queue
[2025-04-05T13:28:07.064+0000] {logging_mixin.py:190} INFO - [2025-04-05T13:28:07.064+0000] {dagbag.py:588} INFO - Filling up the DagBag from /home/ubuntu/airflow/dags/zillowanalytics.py
[2025-04-05T13:28:07.075+0000] {processor.py:925} INFO - DAG(s) 'zillow_analytics' retrieved from /home/ubuntu/airflow/dags/zillowanalytics.py
[2025-04-05T13:28:07.166+0000] {logging_mixin.py:190} INFO - [2025-04-05T13:28:07.166+0000] {dag.py:3239} INFO - Sync 1 DAGs
[2025-04-05T13:28:07.179+0000] {logging_mixin.py:190} INFO - [2025-04-05T13:28:07.179+0000] {dag.py:4180} INFO - Setting next_dagrun for zillow_analytics to 2025-04-05 00:00:00+00:00, run_after=2025-04-06 00:00:00+00:00
[2025-04-05T13:28:07.200+0000] {processor.py:208} INFO - Processing /home/ubuntu/airflow/dags/zillowanalytics.py took 0.143 seconds
[2025-04-05T13:28:37.337+0000] {processor.py:186} INFO - Started process (PID=11170) to work on /home/ubuntu/airflow/dags/zillowanalytics.py
[2025-04-05T13:28:37.339+0000] {processor.py:914} INFO - Processing file /home/ubuntu/airflow/dags/zillowanalytics.py for tasks to queue
[2025-04-05T13:28:37.340+0000] {logging_mixin.py:190} INFO - [2025-04-05T13:28:37.340+0000] {dagbag.py:588} INFO - Filling up the DagBag from /home/ubuntu/airflow/dags/zillowanalytics.py
[2025-04-05T13:28:37.351+0000] {processor.py:925} INFO - DAG(s) 'zillow_analytics' retrieved from /home/ubuntu/airflow/dags/zillowanalytics.py
[2025-04-05T13:28:37.441+0000] {logging_mixin.py:190} INFO - [2025-04-05T13:28:37.441+0000] {dag.py:3239} INFO - Sync 1 DAGs
[2025-04-05T13:28:37.455+0000] {logging_mixin.py:190} INFO - [2025-04-05T13:28:37.455+0000] {dag.py:4180} INFO - Setting next_dagrun for zillow_analytics to 2025-04-05 00:00:00+00:00, run_after=2025-04-06 00:00:00+00:00
[2025-04-05T13:28:37.478+0000] {processor.py:208} INFO - Processing /home/ubuntu/airflow/dags/zillowanalytics.py took 0.146 seconds
[2025-04-05T13:29:07.614+0000] {processor.py:186} INFO - Started process (PID=11187) to work on /home/ubuntu/airflow/dags/zillowanalytics.py
[2025-04-05T13:29:07.615+0000] {processor.py:914} INFO - Processing file /home/ubuntu/airflow/dags/zillowanalytics.py for tasks to queue
[2025-04-05T13:29:07.617+0000] {logging_mixin.py:190} INFO - [2025-04-05T13:29:07.616+0000] {dagbag.py:588} INFO - Filling up the DagBag from /home/ubuntu/airflow/dags/zillowanalytics.py
[2025-04-05T13:29:07.628+0000] {processor.py:925} INFO - DAG(s) 'zillow_analytics' retrieved from /home/ubuntu/airflow/dags/zillowanalytics.py
[2025-04-05T13:29:07.719+0000] {logging_mixin.py:190} INFO - [2025-04-05T13:29:07.719+0000] {dag.py:3239} INFO - Sync 1 DAGs
[2025-04-05T13:29:07.735+0000] {logging_mixin.py:190} INFO - [2025-04-05T13:29:07.734+0000] {dag.py:4180} INFO - Setting next_dagrun for zillow_analytics to 2025-04-05 00:00:00+00:00, run_after=2025-04-06 00:00:00+00:00
[2025-04-05T13:29:07.756+0000] {processor.py:208} INFO - Processing /home/ubuntu/airflow/dags/zillowanalytics.py took 0.147 seconds
[2025-04-05T13:29:37.890+0000] {processor.py:186} INFO - Started process (PID=11188) to work on /home/ubuntu/airflow/dags/zillowanalytics.py
[2025-04-05T13:29:37.891+0000] {processor.py:914} INFO - Processing file /home/ubuntu/airflow/dags/zillowanalytics.py for tasks to queue
[2025-04-05T13:29:37.892+0000] {logging_mixin.py:190} INFO - [2025-04-05T13:29:37.892+0000] {dagbag.py:588} INFO - Filling up the DagBag from /home/ubuntu/airflow/dags/zillowanalytics.py
[2025-04-05T13:29:37.903+0000] {processor.py:925} INFO - DAG(s) 'zillow_analytics' retrieved from /home/ubuntu/airflow/dags/zillowanalytics.py
[2025-04-05T13:29:37.996+0000] {logging_mixin.py:190} INFO - [2025-04-05T13:29:37.996+0000] {dag.py:3239} INFO - Sync 1 DAGs
[2025-04-05T13:29:38.010+0000] {logging_mixin.py:190} INFO - [2025-04-05T13:29:38.010+0000] {dag.py:4180} INFO - Setting next_dagrun for zillow_analytics to 2025-04-05 00:00:00+00:00, run_after=2025-04-06 00:00:00+00:00
[2025-04-05T13:29:38.031+0000] {processor.py:208} INFO - Processing /home/ubuntu/airflow/dags/zillowanalytics.py took 0.147 seconds
[2025-04-05T13:30:08.172+0000] {processor.py:186} INFO - Started process (PID=11190) to work on /home/ubuntu/airflow/dags/zillowanalytics.py
[2025-04-05T13:30:08.172+0000] {processor.py:914} INFO - Processing file /home/ubuntu/airflow/dags/zillowanalytics.py for tasks to queue
[2025-04-05T13:30:08.173+0000] {logging_mixin.py:190} INFO - [2025-04-05T13:30:08.173+0000] {dagbag.py:588} INFO - Filling up the DagBag from /home/ubuntu/airflow/dags/zillowanalytics.py
[2025-04-05T13:30:08.184+0000] {processor.py:925} INFO - DAG(s) 'zillow_analytics' retrieved from /home/ubuntu/airflow/dags/zillowanalytics.py
[2025-04-05T13:30:08.277+0000] {logging_mixin.py:190} INFO - [2025-04-05T13:30:08.277+0000] {dag.py:3239} INFO - Sync 1 DAGs
[2025-04-05T13:30:08.292+0000] {logging_mixin.py:190} INFO - [2025-04-05T13:30:08.291+0000] {dag.py:4180} INFO - Setting next_dagrun for zillow_analytics to 2025-04-05 00:00:00+00:00, run_after=2025-04-06 00:00:00+00:00
[2025-04-05T13:30:08.312+0000] {processor.py:208} INFO - Processing /home/ubuntu/airflow/dags/zillowanalytics.py took 0.147 seconds
[2025-04-05T13:30:38.448+0000] {processor.py:186} INFO - Started process (PID=11194) to work on /home/ubuntu/airflow/dags/zillowanalytics.py
[2025-04-05T13:30:38.449+0000] {processor.py:914} INFO - Processing file /home/ubuntu/airflow/dags/zillowanalytics.py for tasks to queue
[2025-04-05T13:30:38.450+0000] {logging_mixin.py:190} INFO - [2025-04-05T13:30:38.450+0000] {dagbag.py:588} INFO - Filling up the DagBag from /home/ubuntu/airflow/dags/zillowanalytics.py
[2025-04-05T13:30:38.462+0000] {processor.py:925} INFO - DAG(s) 'zillow_analytics' retrieved from /home/ubuntu/airflow/dags/zillowanalytics.py
[2025-04-05T13:30:38.555+0000] {logging_mixin.py:190} INFO - [2025-04-05T13:30:38.555+0000] {dag.py:3239} INFO - Sync 1 DAGs
[2025-04-05T13:30:38.570+0000] {logging_mixin.py:190} INFO - [2025-04-05T13:30:38.570+0000] {dag.py:4180} INFO - Setting next_dagrun for zillow_analytics to 2025-04-05 00:00:00+00:00, run_after=2025-04-06 00:00:00+00:00
[2025-04-05T13:30:38.590+0000] {processor.py:208} INFO - Processing /home/ubuntu/airflow/dags/zillowanalytics.py took 0.149 seconds
[2025-04-05T13:31:08.731+0000] {processor.py:186} INFO - Started process (PID=11195) to work on /home/ubuntu/airflow/dags/zillowanalytics.py
[2025-04-05T13:31:08.733+0000] {processor.py:914} INFO - Processing file /home/ubuntu/airflow/dags/zillowanalytics.py for tasks to queue
[2025-04-05T13:31:08.734+0000] {logging_mixin.py:190} INFO - [2025-04-05T13:31:08.733+0000] {dagbag.py:588} INFO - Filling up the DagBag from /home/ubuntu/airflow/dags/zillowanalytics.py
[2025-04-05T13:31:08.745+0000] {processor.py:925} INFO - DAG(s) 'zillow_analytics' retrieved from /home/ubuntu/airflow/dags/zillowanalytics.py
[2025-04-05T13:31:08.834+0000] {logging_mixin.py:190} INFO - [2025-04-05T13:31:08.834+0000] {dag.py:3239} INFO - Sync 1 DAGs
[2025-04-05T13:31:08.848+0000] {logging_mixin.py:190} INFO - [2025-04-05T13:31:08.848+0000] {dag.py:4180} INFO - Setting next_dagrun for zillow_analytics to 2025-04-05 00:00:00+00:00, run_after=2025-04-06 00:00:00+00:00
[2025-04-05T13:31:08.869+0000] {processor.py:208} INFO - Processing /home/ubuntu/airflow/dags/zillowanalytics.py took 0.146 seconds
[2025-04-05T13:31:39.004+0000] {processor.py:186} INFO - Started process (PID=11196) to work on /home/ubuntu/airflow/dags/zillowanalytics.py
[2025-04-05T13:31:39.005+0000] {processor.py:914} INFO - Processing file /home/ubuntu/airflow/dags/zillowanalytics.py for tasks to queue
[2025-04-05T13:31:39.006+0000] {logging_mixin.py:190} INFO - [2025-04-05T13:31:39.005+0000] {dagbag.py:588} INFO - Filling up the DagBag from /home/ubuntu/airflow/dags/zillowanalytics.py
[2025-04-05T13:31:39.017+0000] {processor.py:925} INFO - DAG(s) 'zillow_analytics' retrieved from /home/ubuntu/airflow/dags/zillowanalytics.py
[2025-04-05T13:31:39.107+0000] {logging_mixin.py:190} INFO - [2025-04-05T13:31:39.107+0000] {dag.py:3239} INFO - Sync 1 DAGs
[2025-04-05T13:31:39.121+0000] {logging_mixin.py:190} INFO - [2025-04-05T13:31:39.120+0000] {dag.py:4180} INFO - Setting next_dagrun for zillow_analytics to 2025-04-05 00:00:00+00:00, run_after=2025-04-06 00:00:00+00:00
[2025-04-05T13:31:39.142+0000] {processor.py:208} INFO - Processing /home/ubuntu/airflow/dags/zillowanalytics.py took 0.144 seconds
[2025-04-05T13:32:09.284+0000] {processor.py:186} INFO - Started process (PID=11197) to work on /home/ubuntu/airflow/dags/zillowanalytics.py
[2025-04-05T13:32:09.286+0000] {processor.py:914} INFO - Processing file /home/ubuntu/airflow/dags/zillowanalytics.py for tasks to queue
[2025-04-05T13:32:09.288+0000] {logging_mixin.py:190} INFO - [2025-04-05T13:32:09.287+0000] {dagbag.py:588} INFO - Filling up the DagBag from /home/ubuntu/airflow/dags/zillowanalytics.py
[2025-04-05T13:32:09.299+0000] {processor.py:925} INFO - DAG(s) 'zillow_analytics' retrieved from /home/ubuntu/airflow/dags/zillowanalytics.py
[2025-04-05T13:32:09.389+0000] {logging_mixin.py:190} INFO - [2025-04-05T13:32:09.389+0000] {dag.py:3239} INFO - Sync 1 DAGs
[2025-04-05T13:32:09.403+0000] {logging_mixin.py:190} INFO - [2025-04-05T13:32:09.403+0000] {dag.py:4180} INFO - Setting next_dagrun for zillow_analytics to 2025-04-05 00:00:00+00:00, run_after=2025-04-06 00:00:00+00:00
[2025-04-05T13:32:09.425+0000] {processor.py:208} INFO - Processing /home/ubuntu/airflow/dags/zillowanalytics.py took 0.147 seconds
[2025-04-05T13:32:39.556+0000] {processor.py:186} INFO - Started process (PID=11198) to work on /home/ubuntu/airflow/dags/zillowanalytics.py
[2025-04-05T13:32:39.556+0000] {processor.py:914} INFO - Processing file /home/ubuntu/airflow/dags/zillowanalytics.py for tasks to queue
[2025-04-05T13:32:39.558+0000] {logging_mixin.py:190} INFO - [2025-04-05T13:32:39.558+0000] {dagbag.py:588} INFO - Filling up the DagBag from /home/ubuntu/airflow/dags/zillowanalytics.py
[2025-04-05T13:32:39.569+0000] {processor.py:925} INFO - DAG(s) 'zillow_analytics' retrieved from /home/ubuntu/airflow/dags/zillowanalytics.py
[2025-04-05T13:32:39.659+0000] {logging_mixin.py:190} INFO - [2025-04-05T13:32:39.659+0000] {dag.py:3239} INFO - Sync 1 DAGs
[2025-04-05T13:32:39.674+0000] {logging_mixin.py:190} INFO - [2025-04-05T13:32:39.674+0000] {dag.py:4180} INFO - Setting next_dagrun for zillow_analytics to 2025-04-05 00:00:00+00:00, run_after=2025-04-06 00:00:00+00:00
[2025-04-05T13:32:39.695+0000] {processor.py:208} INFO - Processing /home/ubuntu/airflow/dags/zillowanalytics.py took 0.145 seconds
[2025-04-05T13:33:09.835+0000] {processor.py:186} INFO - Started process (PID=11200) to work on /home/ubuntu/airflow/dags/zillowanalytics.py
[2025-04-05T13:33:09.837+0000] {processor.py:914} INFO - Processing file /home/ubuntu/airflow/dags/zillowanalytics.py for tasks to queue
[2025-04-05T13:33:09.838+0000] {logging_mixin.py:190} INFO - [2025-04-05T13:33:09.838+0000] {dagbag.py:588} INFO - Filling up the DagBag from /home/ubuntu/airflow/dags/zillowanalytics.py
[2025-04-05T13:33:09.850+0000] {processor.py:925} INFO - DAG(s) 'zillow_analytics' retrieved from /home/ubuntu/airflow/dags/zillowanalytics.py
[2025-04-05T13:33:09.940+0000] {logging_mixin.py:190} INFO - [2025-04-05T13:33:09.939+0000] {dag.py:3239} INFO - Sync 1 DAGs
[2025-04-05T13:33:09.955+0000] {logging_mixin.py:190} INFO - [2025-04-05T13:33:09.955+0000] {dag.py:4180} INFO - Setting next_dagrun for zillow_analytics to 2025-04-05 00:00:00+00:00, run_after=2025-04-06 00:00:00+00:00
[2025-04-05T13:33:09.976+0000] {processor.py:208} INFO - Processing /home/ubuntu/airflow/dags/zillowanalytics.py took 0.146 seconds
[2025-04-05T13:33:40.116+0000] {processor.py:186} INFO - Started process (PID=11201) to work on /home/ubuntu/airflow/dags/zillowanalytics.py
[2025-04-05T13:33:40.117+0000] {processor.py:914} INFO - Processing file /home/ubuntu/airflow/dags/zillowanalytics.py for tasks to queue
[2025-04-05T13:33:40.118+0000] {logging_mixin.py:190} INFO - [2025-04-05T13:33:40.118+0000] {dagbag.py:588} INFO - Filling up the DagBag from /home/ubuntu/airflow/dags/zillowanalytics.py
[2025-04-05T13:33:40.130+0000] {processor.py:925} INFO - DAG(s) 'zillow_analytics' retrieved from /home/ubuntu/airflow/dags/zillowanalytics.py
[2025-04-05T13:33:40.223+0000] {logging_mixin.py:190} INFO - [2025-04-05T13:33:40.223+0000] {dag.py:3239} INFO - Sync 1 DAGs
[2025-04-05T13:33:40.237+0000] {logging_mixin.py:190} INFO - [2025-04-05T13:33:40.237+0000] {dag.py:4180} INFO - Setting next_dagrun for zillow_analytics to 2025-04-05 00:00:00+00:00, run_after=2025-04-06 00:00:00+00:00
[2025-04-05T13:33:40.259+0000] {processor.py:208} INFO - Processing /home/ubuntu/airflow/dags/zillowanalytics.py took 0.149 seconds
[2025-04-05T13:34:10.392+0000] {processor.py:186} INFO - Started process (PID=11206) to work on /home/ubuntu/airflow/dags/zillowanalytics.py
[2025-04-05T13:34:10.393+0000] {processor.py:914} INFO - Processing file /home/ubuntu/airflow/dags/zillowanalytics.py for tasks to queue
[2025-04-05T13:34:10.394+0000] {logging_mixin.py:190} INFO - [2025-04-05T13:34:10.393+0000] {dagbag.py:588} INFO - Filling up the DagBag from /home/ubuntu/airflow/dags/zillowanalytics.py
[2025-04-05T13:34:10.404+0000] {processor.py:925} INFO - DAG(s) 'zillow_analytics' retrieved from /home/ubuntu/airflow/dags/zillowanalytics.py
[2025-04-05T13:34:10.497+0000] {logging_mixin.py:190} INFO - [2025-04-05T13:34:10.497+0000] {dag.py:3239} INFO - Sync 1 DAGs
[2025-04-05T13:34:10.511+0000] {logging_mixin.py:190} INFO - [2025-04-05T13:34:10.511+0000] {dag.py:4180} INFO - Setting next_dagrun for zillow_analytics to 2025-04-05 00:00:00+00:00, run_after=2025-04-06 00:00:00+00:00
[2025-04-05T13:34:10.532+0000] {processor.py:208} INFO - Processing /home/ubuntu/airflow/dags/zillowanalytics.py took 0.145 seconds
[2025-04-05T13:34:40.675+0000] {processor.py:186} INFO - Started process (PID=11207) to work on /home/ubuntu/airflow/dags/zillowanalytics.py
[2025-04-05T13:34:40.676+0000] {processor.py:914} INFO - Processing file /home/ubuntu/airflow/dags/zillowanalytics.py for tasks to queue
[2025-04-05T13:34:40.677+0000] {logging_mixin.py:190} INFO - [2025-04-05T13:34:40.677+0000] {dagbag.py:588} INFO - Filling up the DagBag from /home/ubuntu/airflow/dags/zillowanalytics.py
[2025-04-05T13:34:40.689+0000] {processor.py:925} INFO - DAG(s) 'zillow_analytics' retrieved from /home/ubuntu/airflow/dags/zillowanalytics.py
[2025-04-05T13:34:40.781+0000] {logging_mixin.py:190} INFO - [2025-04-05T13:34:40.781+0000] {dag.py:3239} INFO - Sync 1 DAGs
[2025-04-05T13:34:40.795+0000] {logging_mixin.py:190} INFO - [2025-04-05T13:34:40.795+0000] {dag.py:4180} INFO - Setting next_dagrun for zillow_analytics to 2025-04-05 00:00:00+00:00, run_after=2025-04-06 00:00:00+00:00
[2025-04-05T13:34:40.815+0000] {processor.py:208} INFO - Processing /home/ubuntu/airflow/dags/zillowanalytics.py took 0.146 seconds
[2025-04-05T13:35:10.955+0000] {processor.py:186} INFO - Started process (PID=11211) to work on /home/ubuntu/airflow/dags/zillowanalytics.py
[2025-04-05T13:35:10.955+0000] {processor.py:914} INFO - Processing file /home/ubuntu/airflow/dags/zillowanalytics.py for tasks to queue
[2025-04-05T13:35:10.957+0000] {logging_mixin.py:190} INFO - [2025-04-05T13:35:10.956+0000] {dagbag.py:588} INFO - Filling up the DagBag from /home/ubuntu/airflow/dags/zillowanalytics.py
[2025-04-05T13:35:10.968+0000] {processor.py:925} INFO - DAG(s) 'zillow_analytics' retrieved from /home/ubuntu/airflow/dags/zillowanalytics.py
[2025-04-05T13:35:11.063+0000] {logging_mixin.py:190} INFO - [2025-04-05T13:35:11.063+0000] {dag.py:3239} INFO - Sync 1 DAGs
[2025-04-05T13:35:11.078+0000] {logging_mixin.py:190} INFO - [2025-04-05T13:35:11.077+0000] {dag.py:4180} INFO - Setting next_dagrun for zillow_analytics to 2025-04-05 00:00:00+00:00, run_after=2025-04-06 00:00:00+00:00
[2025-04-05T13:35:11.099+0000] {processor.py:208} INFO - Processing /home/ubuntu/airflow/dags/zillowanalytics.py took 0.150 seconds
[2025-04-05T13:35:41.229+0000] {processor.py:186} INFO - Started process (PID=11212) to work on /home/ubuntu/airflow/dags/zillowanalytics.py
[2025-04-05T13:35:41.231+0000] {processor.py:914} INFO - Processing file /home/ubuntu/airflow/dags/zillowanalytics.py for tasks to queue
[2025-04-05T13:35:41.232+0000] {logging_mixin.py:190} INFO - [2025-04-05T13:35:41.231+0000] {dagbag.py:588} INFO - Filling up the DagBag from /home/ubuntu/airflow/dags/zillowanalytics.py
[2025-04-05T13:35:41.243+0000] {processor.py:925} INFO - DAG(s) 'zillow_analytics' retrieved from /home/ubuntu/airflow/dags/zillowanalytics.py
[2025-04-05T13:35:41.332+0000] {logging_mixin.py:190} INFO - [2025-04-05T13:35:41.332+0000] {dag.py:3239} INFO - Sync 1 DAGs
[2025-04-05T13:35:41.346+0000] {logging_mixin.py:190} INFO - [2025-04-05T13:35:41.346+0000] {dag.py:4180} INFO - Setting next_dagrun for zillow_analytics to 2025-04-05 00:00:00+00:00, run_after=2025-04-06 00:00:00+00:00
[2025-04-05T13:35:41.366+0000] {processor.py:208} INFO - Processing /home/ubuntu/airflow/dags/zillowanalytics.py took 0.142 seconds
[2025-04-05T13:35:55.270+0000] {processor.py:186} INFO - Started process (PID=11213) to work on /home/ubuntu/airflow/dags/zillowanalytics.py
[2025-04-05T13:35:55.270+0000] {processor.py:914} INFO - Processing file /home/ubuntu/airflow/dags/zillowanalytics.py for tasks to queue
[2025-04-05T13:35:55.272+0000] {logging_mixin.py:190} INFO - [2025-04-05T13:35:55.271+0000] {dagbag.py:588} INFO - Filling up the DagBag from /home/ubuntu/airflow/dags/zillowanalytics.py
[2025-04-05T13:35:55.284+0000] {processor.py:925} INFO - DAG(s) 'zillow_analytics' retrieved from /home/ubuntu/airflow/dags/zillowanalytics.py
[2025-04-05T13:35:55.292+0000] {logging_mixin.py:190} INFO - [2025-04-05T13:35:55.292+0000] {dag.py:3239} INFO - Sync 1 DAGs
[2025-04-05T13:35:55.310+0000] {logging_mixin.py:190} INFO - [2025-04-05T13:35:55.309+0000] {dag.py:4180} INFO - Setting next_dagrun for zillow_analytics to 2025-04-05 00:00:00+00:00, run_after=2025-04-06 00:00:00+00:00
[2025-04-05T13:35:55.331+0000] {processor.py:208} INFO - Processing /home/ubuntu/airflow/dags/zillowanalytics.py took 0.067 seconds
[2025-04-05T13:36:52.395+0000] {processor.py:186} INFO - Started process (PID=11236) to work on /home/ubuntu/airflow/dags/zillowanalytics.py
[2025-04-05T13:36:52.396+0000] {processor.py:914} INFO - Processing file /home/ubuntu/airflow/dags/zillowanalytics.py for tasks to queue
[2025-04-05T13:36:52.398+0000] {logging_mixin.py:190} INFO - [2025-04-05T13:36:52.397+0000] {dagbag.py:588} INFO - Filling up the DagBag from /home/ubuntu/airflow/dags/zillowanalytics.py
[2025-04-05T13:36:52.409+0000] {processor.py:925} INFO - DAG(s) 'zillow_analytics' retrieved from /home/ubuntu/airflow/dags/zillowanalytics.py
[2025-04-05T13:36:52.500+0000] {logging_mixin.py:190} INFO - [2025-04-05T13:36:52.500+0000] {dag.py:3239} INFO - Sync 1 DAGs
[2025-04-05T13:36:52.517+0000] {logging_mixin.py:190} INFO - [2025-04-05T13:36:52.516+0000] {dag.py:4180} INFO - Setting next_dagrun for zillow_analytics to 2025-04-05 00:00:00+00:00, run_after=2025-04-06 00:00:00+00:00
[2025-04-05T13:36:52.536+0000] {processor.py:208} INFO - Processing /home/ubuntu/airflow/dags/zillowanalytics.py took 0.147 seconds
[2025-04-05T13:37:23.548+0000] {processor.py:186} INFO - Started process (PID=11237) to work on /home/ubuntu/airflow/dags/zillowanalytics.py
[2025-04-05T13:37:23.549+0000] {processor.py:914} INFO - Processing file /home/ubuntu/airflow/dags/zillowanalytics.py for tasks to queue
[2025-04-05T13:37:23.551+0000] {logging_mixin.py:190} INFO - [2025-04-05T13:37:23.550+0000] {dagbag.py:588} INFO - Filling up the DagBag from /home/ubuntu/airflow/dags/zillowanalytics.py
[2025-04-05T13:37:23.562+0000] {processor.py:925} INFO - DAG(s) 'zillow_analytics' retrieved from /home/ubuntu/airflow/dags/zillowanalytics.py
[2025-04-05T13:37:23.652+0000] {logging_mixin.py:190} INFO - [2025-04-05T13:37:23.652+0000] {dag.py:3239} INFO - Sync 1 DAGs
[2025-04-05T13:37:23.668+0000] {logging_mixin.py:190} INFO - [2025-04-05T13:37:23.667+0000] {dag.py:4180} INFO - Setting next_dagrun for zillow_analytics to 2025-04-05 00:00:00+00:00, run_after=2025-04-06 00:00:00+00:00
[2025-04-05T13:37:23.689+0000] {processor.py:208} INFO - Processing /home/ubuntu/airflow/dags/zillowanalytics.py took 0.147 seconds
[2025-04-05T13:37:54.306+0000] {processor.py:186} INFO - Started process (PID=11238) to work on /home/ubuntu/airflow/dags/zillowanalytics.py
[2025-04-05T13:37:54.308+0000] {processor.py:914} INFO - Processing file /home/ubuntu/airflow/dags/zillowanalytics.py for tasks to queue
[2025-04-05T13:37:54.310+0000] {logging_mixin.py:190} INFO - [2025-04-05T13:37:54.308+0000] {dagbag.py:588} INFO - Filling up the DagBag from /home/ubuntu/airflow/dags/zillowanalytics.py
[2025-04-05T13:37:54.320+0000] {processor.py:925} INFO - DAG(s) 'zillow_analytics' retrieved from /home/ubuntu/airflow/dags/zillowanalytics.py
[2025-04-05T13:37:54.416+0000] {logging_mixin.py:190} INFO - [2025-04-05T13:37:54.416+0000] {dag.py:3239} INFO - Sync 1 DAGs
[2025-04-05T13:37:54.430+0000] {logging_mixin.py:190} INFO - [2025-04-05T13:37:54.430+0000] {dag.py:4180} INFO - Setting next_dagrun for zillow_analytics to 2025-04-05 00:00:00+00:00, run_after=2025-04-06 00:00:00+00:00
[2025-04-05T13:37:54.451+0000] {processor.py:208} INFO - Processing /home/ubuntu/airflow/dags/zillowanalytics.py took 0.151 seconds
[2025-04-05T13:38:25.051+0000] {processor.py:186} INFO - Started process (PID=11239) to work on /home/ubuntu/airflow/dags/zillowanalytics.py
[2025-04-05T13:38:25.053+0000] {processor.py:914} INFO - Processing file /home/ubuntu/airflow/dags/zillowanalytics.py for tasks to queue
[2025-04-05T13:38:25.054+0000] {logging_mixin.py:190} INFO - [2025-04-05T13:38:25.053+0000] {dagbag.py:588} INFO - Filling up the DagBag from /home/ubuntu/airflow/dags/zillowanalytics.py
[2025-04-05T13:38:25.065+0000] {processor.py:925} INFO - DAG(s) 'zillow_analytics' retrieved from /home/ubuntu/airflow/dags/zillowanalytics.py
[2025-04-05T13:38:25.157+0000] {logging_mixin.py:190} INFO - [2025-04-05T13:38:25.157+0000] {dag.py:3239} INFO - Sync 1 DAGs
[2025-04-05T13:38:25.172+0000] {logging_mixin.py:190} INFO - [2025-04-05T13:38:25.172+0000] {dag.py:4180} INFO - Setting next_dagrun for zillow_analytics to 2025-04-05 00:00:00+00:00, run_after=2025-04-06 00:00:00+00:00
[2025-04-05T13:38:25.193+0000] {processor.py:208} INFO - Processing /home/ubuntu/airflow/dags/zillowanalytics.py took 0.148 seconds
[2025-04-05T13:38:55.588+0000] {processor.py:186} INFO - Started process (PID=11258) to work on /home/ubuntu/airflow/dags/zillowanalytics.py
[2025-04-05T13:38:55.590+0000] {processor.py:914} INFO - Processing file /home/ubuntu/airflow/dags/zillowanalytics.py for tasks to queue
[2025-04-05T13:38:55.591+0000] {logging_mixin.py:190} INFO - [2025-04-05T13:38:55.591+0000] {dagbag.py:588} INFO - Filling up the DagBag from /home/ubuntu/airflow/dags/zillowanalytics.py
[2025-04-05T13:38:55.602+0000] {processor.py:925} INFO - DAG(s) 'zillow_analytics' retrieved from /home/ubuntu/airflow/dags/zillowanalytics.py
[2025-04-05T13:38:55.698+0000] {logging_mixin.py:190} INFO - [2025-04-05T13:38:55.697+0000] {dag.py:3239} INFO - Sync 1 DAGs
[2025-04-05T13:38:55.712+0000] {logging_mixin.py:190} INFO - [2025-04-05T13:38:55.712+0000] {dag.py:4180} INFO - Setting next_dagrun for zillow_analytics to 2025-04-05 00:00:00+00:00, run_after=2025-04-06 00:00:00+00:00
[2025-04-05T13:38:55.733+0000] {processor.py:208} INFO - Processing /home/ubuntu/airflow/dags/zillowanalytics.py took 0.150 seconds
[2025-04-05T13:39:26.772+0000] {processor.py:186} INFO - Started process (PID=11265) to work on /home/ubuntu/airflow/dags/zillowanalytics.py
[2025-04-05T13:39:26.772+0000] {processor.py:914} INFO - Processing file /home/ubuntu/airflow/dags/zillowanalytics.py for tasks to queue
[2025-04-05T13:39:26.773+0000] {logging_mixin.py:190} INFO - [2025-04-05T13:39:26.773+0000] {dagbag.py:588} INFO - Filling up the DagBag from /home/ubuntu/airflow/dags/zillowanalytics.py
[2025-04-05T13:39:26.785+0000] {processor.py:925} INFO - DAG(s) 'zillow_analytics' retrieved from /home/ubuntu/airflow/dags/zillowanalytics.py
[2025-04-05T13:39:26.877+0000] {logging_mixin.py:190} INFO - [2025-04-05T13:39:26.876+0000] {dag.py:3239} INFO - Sync 1 DAGs
[2025-04-05T13:39:26.891+0000] {logging_mixin.py:190} INFO - [2025-04-05T13:39:26.891+0000] {dag.py:4180} INFO - Setting next_dagrun for zillow_analytics to 2025-04-05 00:00:00+00:00, run_after=2025-04-06 00:00:00+00:00
[2025-04-05T13:39:26.912+0000] {processor.py:208} INFO - Processing /home/ubuntu/airflow/dags/zillowanalytics.py took 0.145 seconds
[2025-04-05T13:39:57.014+0000] {processor.py:186} INFO - Started process (PID=11266) to work on /home/ubuntu/airflow/dags/zillowanalytics.py
[2025-04-05T13:39:57.016+0000] {processor.py:914} INFO - Processing file /home/ubuntu/airflow/dags/zillowanalytics.py for tasks to queue
[2025-04-05T13:39:57.017+0000] {logging_mixin.py:190} INFO - [2025-04-05T13:39:57.016+0000] {dagbag.py:588} INFO - Filling up the DagBag from /home/ubuntu/airflow/dags/zillowanalytics.py
[2025-04-05T13:39:57.028+0000] {processor.py:925} INFO - DAG(s) 'zillow_analytics' retrieved from /home/ubuntu/airflow/dags/zillowanalytics.py
[2025-04-05T13:39:57.121+0000] {logging_mixin.py:190} INFO - [2025-04-05T13:39:57.121+0000] {dag.py:3239} INFO - Sync 1 DAGs
[2025-04-05T13:39:57.136+0000] {logging_mixin.py:190} INFO - [2025-04-05T13:39:57.135+0000] {dag.py:4180} INFO - Setting next_dagrun for zillow_analytics to 2025-04-05 00:00:00+00:00, run_after=2025-04-06 00:00:00+00:00
[2025-04-05T13:39:57.156+0000] {processor.py:208} INFO - Processing /home/ubuntu/airflow/dags/zillowanalytics.py took 0.147 seconds
[2025-04-05T13:40:27.249+0000] {processor.py:186} INFO - Started process (PID=11272) to work on /home/ubuntu/airflow/dags/zillowanalytics.py
[2025-04-05T13:40:27.251+0000] {processor.py:914} INFO - Processing file /home/ubuntu/airflow/dags/zillowanalytics.py for tasks to queue
[2025-04-05T13:40:27.251+0000] {logging_mixin.py:190} INFO - [2025-04-05T13:40:27.251+0000] {dagbag.py:588} INFO - Filling up the DagBag from /home/ubuntu/airflow/dags/zillowanalytics.py
[2025-04-05T13:40:27.262+0000] {processor.py:925} INFO - DAG(s) 'zillow_analytics' retrieved from /home/ubuntu/airflow/dags/zillowanalytics.py
[2025-04-05T13:40:27.352+0000] {logging_mixin.py:190} INFO - [2025-04-05T13:40:27.352+0000] {dag.py:3239} INFO - Sync 1 DAGs
[2025-04-05T13:40:27.366+0000] {logging_mixin.py:190} INFO - [2025-04-05T13:40:27.366+0000] {dag.py:4180} INFO - Setting next_dagrun for zillow_analytics to 2025-04-05 00:00:00+00:00, run_after=2025-04-06 00:00:00+00:00
[2025-04-05T13:40:27.388+0000] {processor.py:208} INFO - Processing /home/ubuntu/airflow/dags/zillowanalytics.py took 0.143 seconds
[2025-04-05T13:40:57.498+0000] {processor.py:186} INFO - Started process (PID=11273) to work on /home/ubuntu/airflow/dags/zillowanalytics.py
[2025-04-05T13:40:57.500+0000] {processor.py:914} INFO - Processing file /home/ubuntu/airflow/dags/zillowanalytics.py for tasks to queue
[2025-04-05T13:40:57.501+0000] {logging_mixin.py:190} INFO - [2025-04-05T13:40:57.501+0000] {dagbag.py:588} INFO - Filling up the DagBag from /home/ubuntu/airflow/dags/zillowanalytics.py
[2025-04-05T13:40:57.512+0000] {processor.py:925} INFO - DAG(s) 'zillow_analytics' retrieved from /home/ubuntu/airflow/dags/zillowanalytics.py
[2025-04-05T13:40:57.602+0000] {logging_mixin.py:190} INFO - [2025-04-05T13:40:57.602+0000] {dag.py:3239} INFO - Sync 1 DAGs
[2025-04-05T13:40:57.619+0000] {logging_mixin.py:190} INFO - [2025-04-05T13:40:57.619+0000] {dag.py:4180} INFO - Setting next_dagrun for zillow_analytics to 2025-04-05 00:00:00+00:00, run_after=2025-04-06 00:00:00+00:00
[2025-04-05T13:40:57.639+0000] {processor.py:208} INFO - Processing /home/ubuntu/airflow/dags/zillowanalytics.py took 0.146 seconds
[2025-04-05T13:41:27.746+0000] {processor.py:186} INFO - Started process (PID=11274) to work on /home/ubuntu/airflow/dags/zillowanalytics.py
[2025-04-05T13:41:27.747+0000] {processor.py:914} INFO - Processing file /home/ubuntu/airflow/dags/zillowanalytics.py for tasks to queue
[2025-04-05T13:41:27.749+0000] {logging_mixin.py:190} INFO - [2025-04-05T13:41:27.749+0000] {dagbag.py:588} INFO - Filling up the DagBag from /home/ubuntu/airflow/dags/zillowanalytics.py
[2025-04-05T13:41:27.760+0000] {processor.py:925} INFO - DAG(s) 'zillow_analytics' retrieved from /home/ubuntu/airflow/dags/zillowanalytics.py
[2025-04-05T13:41:27.852+0000] {logging_mixin.py:190} INFO - [2025-04-05T13:41:27.852+0000] {dag.py:3239} INFO - Sync 1 DAGs
[2025-04-05T13:41:27.867+0000] {logging_mixin.py:190} INFO - [2025-04-05T13:41:27.867+0000] {dag.py:4180} INFO - Setting next_dagrun for zillow_analytics to 2025-04-05 00:00:00+00:00, run_after=2025-04-06 00:00:00+00:00
[2025-04-05T13:41:27.888+0000] {processor.py:208} INFO - Processing /home/ubuntu/airflow/dags/zillowanalytics.py took 0.148 seconds
[2025-04-05T13:41:57.990+0000] {processor.py:186} INFO - Started process (PID=11275) to work on /home/ubuntu/airflow/dags/zillowanalytics.py
[2025-04-05T13:41:57.990+0000] {processor.py:914} INFO - Processing file /home/ubuntu/airflow/dags/zillowanalytics.py for tasks to queue
[2025-04-05T13:41:57.991+0000] {logging_mixin.py:190} INFO - [2025-04-05T13:41:57.991+0000] {dagbag.py:588} INFO - Filling up the DagBag from /home/ubuntu/airflow/dags/zillowanalytics.py
[2025-04-05T13:41:58.002+0000] {processor.py:925} INFO - DAG(s) 'zillow_analytics' retrieved from /home/ubuntu/airflow/dags/zillowanalytics.py
[2025-04-05T13:41:58.098+0000] {logging_mixin.py:190} INFO - [2025-04-05T13:41:58.098+0000] {dag.py:3239} INFO - Sync 1 DAGs
[2025-04-05T13:41:58.112+0000] {logging_mixin.py:190} INFO - [2025-04-05T13:41:58.112+0000] {dag.py:4180} INFO - Setting next_dagrun for zillow_analytics to 2025-04-05 00:00:00+00:00, run_after=2025-04-06 00:00:00+00:00
[2025-04-05T13:41:58.134+0000] {processor.py:208} INFO - Processing /home/ubuntu/airflow/dags/zillowanalytics.py took 0.150 seconds
[2025-04-05T13:42:28.237+0000] {processor.py:186} INFO - Started process (PID=11277) to work on /home/ubuntu/airflow/dags/zillowanalytics.py
[2025-04-05T13:42:28.238+0000] {processor.py:914} INFO - Processing file /home/ubuntu/airflow/dags/zillowanalytics.py for tasks to queue
[2025-04-05T13:42:28.240+0000] {logging_mixin.py:190} INFO - [2025-04-05T13:42:28.239+0000] {dagbag.py:588} INFO - Filling up the DagBag from /home/ubuntu/airflow/dags/zillowanalytics.py
[2025-04-05T13:42:28.252+0000] {processor.py:925} INFO - DAG(s) 'zillow_analytics' retrieved from /home/ubuntu/airflow/dags/zillowanalytics.py
[2025-04-05T13:42:28.345+0000] {logging_mixin.py:190} INFO - [2025-04-05T13:42:28.345+0000] {dag.py:3239} INFO - Sync 1 DAGs
[2025-04-05T13:42:28.361+0000] {logging_mixin.py:190} INFO - [2025-04-05T13:42:28.360+0000] {dag.py:4180} INFO - Setting next_dagrun for zillow_analytics to 2025-04-05 00:00:00+00:00, run_after=2025-04-06 00:00:00+00:00
[2025-04-05T13:42:28.382+0000] {processor.py:208} INFO - Processing /home/ubuntu/airflow/dags/zillowanalytics.py took 0.151 seconds
[2025-04-05T13:42:58.480+0000] {processor.py:186} INFO - Started process (PID=11278) to work on /home/ubuntu/airflow/dags/zillowanalytics.py
[2025-04-05T13:42:58.482+0000] {processor.py:914} INFO - Processing file /home/ubuntu/airflow/dags/zillowanalytics.py for tasks to queue
[2025-04-05T13:42:58.483+0000] {logging_mixin.py:190} INFO - [2025-04-05T13:42:58.482+0000] {dagbag.py:588} INFO - Filling up the DagBag from /home/ubuntu/airflow/dags/zillowanalytics.py
[2025-04-05T13:42:58.493+0000] {processor.py:925} INFO - DAG(s) 'zillow_analytics' retrieved from /home/ubuntu/airflow/dags/zillowanalytics.py
[2025-04-05T13:42:58.585+0000] {logging_mixin.py:190} INFO - [2025-04-05T13:42:58.584+0000] {dag.py:3239} INFO - Sync 1 DAGs
[2025-04-05T13:42:58.598+0000] {logging_mixin.py:190} INFO - [2025-04-05T13:42:58.598+0000] {dag.py:4180} INFO - Setting next_dagrun for zillow_analytics to 2025-04-05 00:00:00+00:00, run_after=2025-04-06 00:00:00+00:00
[2025-04-05T13:42:58.618+0000] {processor.py:208} INFO - Processing /home/ubuntu/airflow/dags/zillowanalytics.py took 0.144 seconds
[2025-04-05T13:43:28.721+0000] {processor.py:186} INFO - Started process (PID=11279) to work on /home/ubuntu/airflow/dags/zillowanalytics.py
[2025-04-05T13:43:28.723+0000] {processor.py:914} INFO - Processing file /home/ubuntu/airflow/dags/zillowanalytics.py for tasks to queue
[2025-04-05T13:43:28.724+0000] {logging_mixin.py:190} INFO - [2025-04-05T13:43:28.724+0000] {dagbag.py:588} INFO - Filling up the DagBag from /home/ubuntu/airflow/dags/zillowanalytics.py
[2025-04-05T13:43:28.736+0000] {processor.py:925} INFO - DAG(s) 'zillow_analytics' retrieved from /home/ubuntu/airflow/dags/zillowanalytics.py
[2025-04-05T13:43:28.829+0000] {logging_mixin.py:190} INFO - [2025-04-05T13:43:28.828+0000] {dag.py:3239} INFO - Sync 1 DAGs
[2025-04-05T13:43:28.843+0000] {logging_mixin.py:190} INFO - [2025-04-05T13:43:28.843+0000] {dag.py:4180} INFO - Setting next_dagrun for zillow_analytics to 2025-04-05 00:00:00+00:00, run_after=2025-04-06 00:00:00+00:00
[2025-04-05T13:43:28.864+0000] {processor.py:208} INFO - Processing /home/ubuntu/airflow/dags/zillowanalytics.py took 0.148 seconds
[2025-04-05T13:43:58.958+0000] {processor.py:186} INFO - Started process (PID=11280) to work on /home/ubuntu/airflow/dags/zillowanalytics.py
[2025-04-05T13:43:58.958+0000] {processor.py:914} INFO - Processing file /home/ubuntu/airflow/dags/zillowanalytics.py for tasks to queue
[2025-04-05T13:43:58.960+0000] {logging_mixin.py:190} INFO - [2025-04-05T13:43:58.959+0000] {dagbag.py:588} INFO - Filling up the DagBag from /home/ubuntu/airflow/dags/zillowanalytics.py
[2025-04-05T13:43:58.972+0000] {processor.py:925} INFO - DAG(s) 'zillow_analytics' retrieved from /home/ubuntu/airflow/dags/zillowanalytics.py
[2025-04-05T13:43:59.063+0000] {logging_mixin.py:190} INFO - [2025-04-05T13:43:59.063+0000] {dag.py:3239} INFO - Sync 1 DAGs
[2025-04-05T13:43:59.078+0000] {logging_mixin.py:190} INFO - [2025-04-05T13:43:59.078+0000] {dag.py:4180} INFO - Setting next_dagrun for zillow_analytics to 2025-04-05 00:00:00+00:00, run_after=2025-04-06 00:00:00+00:00
[2025-04-05T13:43:59.097+0000] {processor.py:208} INFO - Processing /home/ubuntu/airflow/dags/zillowanalytics.py took 0.144 seconds
[2025-04-05T13:44:29.204+0000] {processor.py:186} INFO - Started process (PID=11281) to work on /home/ubuntu/airflow/dags/zillowanalytics.py
[2025-04-05T13:44:29.206+0000] {processor.py:914} INFO - Processing file /home/ubuntu/airflow/dags/zillowanalytics.py for tasks to queue
[2025-04-05T13:44:29.209+0000] {logging_mixin.py:190} INFO - [2025-04-05T13:44:29.207+0000] {dagbag.py:588} INFO - Filling up the DagBag from /home/ubuntu/airflow/dags/zillowanalytics.py
[2025-04-05T13:44:29.220+0000] {processor.py:925} INFO - DAG(s) 'zillow_analytics' retrieved from /home/ubuntu/airflow/dags/zillowanalytics.py
[2025-04-05T13:44:29.312+0000] {logging_mixin.py:190} INFO - [2025-04-05T13:44:29.311+0000] {dag.py:3239} INFO - Sync 1 DAGs
[2025-04-05T13:44:29.326+0000] {logging_mixin.py:190} INFO - [2025-04-05T13:44:29.325+0000] {dag.py:4180} INFO - Setting next_dagrun for zillow_analytics to 2025-04-05 00:00:00+00:00, run_after=2025-04-06 00:00:00+00:00
[2025-04-05T13:44:29.350+0000] {processor.py:208} INFO - Processing /home/ubuntu/airflow/dags/zillowanalytics.py took 0.150 seconds
[2025-04-05T13:44:59.446+0000] {processor.py:186} INFO - Started process (PID=11282) to work on /home/ubuntu/airflow/dags/zillowanalytics.py
[2025-04-05T13:44:59.446+0000] {processor.py:914} INFO - Processing file /home/ubuntu/airflow/dags/zillowanalytics.py for tasks to queue
[2025-04-05T13:44:59.447+0000] {logging_mixin.py:190} INFO - [2025-04-05T13:44:59.447+0000] {dagbag.py:588} INFO - Filling up the DagBag from /home/ubuntu/airflow/dags/zillowanalytics.py
[2025-04-05T13:44:59.459+0000] {processor.py:925} INFO - DAG(s) 'zillow_analytics' retrieved from /home/ubuntu/airflow/dags/zillowanalytics.py
[2025-04-05T13:44:59.549+0000] {logging_mixin.py:190} INFO - [2025-04-05T13:44:59.549+0000] {dag.py:3239} INFO - Sync 1 DAGs
[2025-04-05T13:44:59.565+0000] {logging_mixin.py:190} INFO - [2025-04-05T13:44:59.565+0000] {dag.py:4180} INFO - Setting next_dagrun for zillow_analytics to 2025-04-05 00:00:00+00:00, run_after=2025-04-06 00:00:00+00:00
[2025-04-05T13:44:59.594+0000] {processor.py:208} INFO - Processing /home/ubuntu/airflow/dags/zillowanalytics.py took 0.153 seconds
[2025-04-05T13:45:29.697+0000] {processor.py:186} INFO - Started process (PID=11288) to work on /home/ubuntu/airflow/dags/zillowanalytics.py
[2025-04-05T13:45:29.699+0000] {processor.py:914} INFO - Processing file /home/ubuntu/airflow/dags/zillowanalytics.py for tasks to queue
[2025-04-05T13:45:29.700+0000] {logging_mixin.py:190} INFO - [2025-04-05T13:45:29.699+0000] {dagbag.py:588} INFO - Filling up the DagBag from /home/ubuntu/airflow/dags/zillowanalytics.py
[2025-04-05T13:45:29.711+0000] {processor.py:925} INFO - DAG(s) 'zillow_analytics' retrieved from /home/ubuntu/airflow/dags/zillowanalytics.py
[2025-04-05T13:45:29.802+0000] {logging_mixin.py:190} INFO - [2025-04-05T13:45:29.801+0000] {dag.py:3239} INFO - Sync 1 DAGs
[2025-04-05T13:45:29.817+0000] {logging_mixin.py:190} INFO - [2025-04-05T13:45:29.817+0000] {dag.py:4180} INFO - Setting next_dagrun for zillow_analytics to 2025-04-05 00:00:00+00:00, run_after=2025-04-06 00:00:00+00:00
[2025-04-05T13:45:29.838+0000] {processor.py:208} INFO - Processing /home/ubuntu/airflow/dags/zillowanalytics.py took 0.147 seconds
[2025-04-05T13:45:59.914+0000] {processor.py:186} INFO - Started process (PID=11290) to work on /home/ubuntu/airflow/dags/zillowanalytics.py
[2025-04-05T13:45:59.915+0000] {processor.py:914} INFO - Processing file /home/ubuntu/airflow/dags/zillowanalytics.py for tasks to queue
[2025-04-05T13:45:59.917+0000] {logging_mixin.py:190} INFO - [2025-04-05T13:45:59.916+0000] {dagbag.py:588} INFO - Filling up the DagBag from /home/ubuntu/airflow/dags/zillowanalytics.py
[2025-04-05T13:45:59.929+0000] {processor.py:925} INFO - DAG(s) 'zillow_analytics' retrieved from /home/ubuntu/airflow/dags/zillowanalytics.py
[2025-04-05T13:46:00.022+0000] {logging_mixin.py:190} INFO - [2025-04-05T13:46:00.022+0000] {dag.py:3239} INFO - Sync 1 DAGs
[2025-04-05T13:46:00.037+0000] {logging_mixin.py:190} INFO - [2025-04-05T13:46:00.037+0000] {dag.py:4180} INFO - Setting next_dagrun for zillow_analytics to 2025-04-05 00:00:00+00:00, run_after=2025-04-06 00:00:00+00:00
[2025-04-05T13:46:00.059+0000] {processor.py:208} INFO - Processing /home/ubuntu/airflow/dags/zillowanalytics.py took 0.150 seconds
[2025-04-05T13:46:30.159+0000] {processor.py:186} INFO - Started process (PID=11292) to work on /home/ubuntu/airflow/dags/zillowanalytics.py
[2025-04-05T13:46:30.160+0000] {processor.py:914} INFO - Processing file /home/ubuntu/airflow/dags/zillowanalytics.py for tasks to queue
[2025-04-05T13:46:30.161+0000] {logging_mixin.py:190} INFO - [2025-04-05T13:46:30.161+0000] {dagbag.py:588} INFO - Filling up the DagBag from /home/ubuntu/airflow/dags/zillowanalytics.py
[2025-04-05T13:46:30.173+0000] {processor.py:925} INFO - DAG(s) 'zillow_analytics' retrieved from /home/ubuntu/airflow/dags/zillowanalytics.py
[2025-04-05T13:46:30.265+0000] {logging_mixin.py:190} INFO - [2025-04-05T13:46:30.265+0000] {dag.py:3239} INFO - Sync 1 DAGs
[2025-04-05T13:46:30.279+0000] {logging_mixin.py:190} INFO - [2025-04-05T13:46:30.279+0000] {dag.py:4180} INFO - Setting next_dagrun for zillow_analytics to 2025-04-05 00:00:00+00:00, run_after=2025-04-06 00:00:00+00:00
[2025-04-05T13:46:30.298+0000] {processor.py:208} INFO - Processing /home/ubuntu/airflow/dags/zillowanalytics.py took 0.145 seconds
[2025-04-05T13:47:00.398+0000] {processor.py:186} INFO - Started process (PID=11293) to work on /home/ubuntu/airflow/dags/zillowanalytics.py
[2025-04-05T13:47:00.400+0000] {processor.py:914} INFO - Processing file /home/ubuntu/airflow/dags/zillowanalytics.py for tasks to queue
[2025-04-05T13:47:00.401+0000] {logging_mixin.py:190} INFO - [2025-04-05T13:47:00.401+0000] {dagbag.py:588} INFO - Filling up the DagBag from /home/ubuntu/airflow/dags/zillowanalytics.py
[2025-04-05T13:47:00.413+0000] {processor.py:925} INFO - DAG(s) 'zillow_analytics' retrieved from /home/ubuntu/airflow/dags/zillowanalytics.py
[2025-04-05T13:47:00.505+0000] {logging_mixin.py:190} INFO - [2025-04-05T13:47:00.505+0000] {dag.py:3239} INFO - Sync 1 DAGs
[2025-04-05T13:47:00.519+0000] {logging_mixin.py:190} INFO - [2025-04-05T13:47:00.519+0000] {dag.py:4180} INFO - Setting next_dagrun for zillow_analytics to 2025-04-05 00:00:00+00:00, run_after=2025-04-06 00:00:00+00:00
[2025-04-05T13:47:00.541+0000] {processor.py:208} INFO - Processing /home/ubuntu/airflow/dags/zillowanalytics.py took 0.149 seconds
[2025-04-05T13:47:30.639+0000] {processor.py:186} INFO - Started process (PID=11294) to work on /home/ubuntu/airflow/dags/zillowanalytics.py
[2025-04-05T13:47:30.641+0000] {processor.py:914} INFO - Processing file /home/ubuntu/airflow/dags/zillowanalytics.py for tasks to queue
[2025-04-05T13:47:30.642+0000] {logging_mixin.py:190} INFO - [2025-04-05T13:47:30.642+0000] {dagbag.py:588} INFO - Filling up the DagBag from /home/ubuntu/airflow/dags/zillowanalytics.py
[2025-04-05T13:47:30.653+0000] {processor.py:925} INFO - DAG(s) 'zillow_analytics' retrieved from /home/ubuntu/airflow/dags/zillowanalytics.py
[2025-04-05T13:47:30.746+0000] {logging_mixin.py:190} INFO - [2025-04-05T13:47:30.746+0000] {dag.py:3239} INFO - Sync 1 DAGs
[2025-04-05T13:47:30.761+0000] {logging_mixin.py:190} INFO - [2025-04-05T13:47:30.760+0000] {dag.py:4180} INFO - Setting next_dagrun for zillow_analytics to 2025-04-05 00:00:00+00:00, run_after=2025-04-06 00:00:00+00:00
[2025-04-05T13:47:30.781+0000] {processor.py:208} INFO - Processing /home/ubuntu/airflow/dags/zillowanalytics.py took 0.147 seconds
[2025-04-05T13:48:00.870+0000] {processor.py:186} INFO - Started process (PID=11295) to work on /home/ubuntu/airflow/dags/zillowanalytics.py
[2025-04-05T13:48:00.872+0000] {processor.py:914} INFO - Processing file /home/ubuntu/airflow/dags/zillowanalytics.py for tasks to queue
[2025-04-05T13:48:00.873+0000] {logging_mixin.py:190} INFO - [2025-04-05T13:48:00.872+0000] {dagbag.py:588} INFO - Filling up the DagBag from /home/ubuntu/airflow/dags/zillowanalytics.py
[2025-04-05T13:48:00.883+0000] {processor.py:925} INFO - DAG(s) 'zillow_analytics' retrieved from /home/ubuntu/airflow/dags/zillowanalytics.py
[2025-04-05T13:48:00.974+0000] {logging_mixin.py:190} INFO - [2025-04-05T13:48:00.974+0000] {dag.py:3239} INFO - Sync 1 DAGs
[2025-04-05T13:48:00.988+0000] {logging_mixin.py:190} INFO - [2025-04-05T13:48:00.987+0000] {dag.py:4180} INFO - Setting next_dagrun for zillow_analytics to 2025-04-05 00:00:00+00:00, run_after=2025-04-06 00:00:00+00:00
[2025-04-05T13:48:01.010+0000] {processor.py:208} INFO - Processing /home/ubuntu/airflow/dags/zillowanalytics.py took 0.145 seconds
[2025-04-05T13:48:31.112+0000] {processor.py:186} INFO - Started process (PID=11297) to work on /home/ubuntu/airflow/dags/zillowanalytics.py
[2025-04-05T13:48:31.112+0000] {processor.py:914} INFO - Processing file /home/ubuntu/airflow/dags/zillowanalytics.py for tasks to queue
[2025-04-05T13:48:31.113+0000] {logging_mixin.py:190} INFO - [2025-04-05T13:48:31.113+0000] {dagbag.py:588} INFO - Filling up the DagBag from /home/ubuntu/airflow/dags/zillowanalytics.py
[2025-04-05T13:48:31.124+0000] {processor.py:925} INFO - DAG(s) 'zillow_analytics' retrieved from /home/ubuntu/airflow/dags/zillowanalytics.py
[2025-04-05T13:48:31.217+0000] {logging_mixin.py:190} INFO - [2025-04-05T13:48:31.217+0000] {dag.py:3239} INFO - Sync 1 DAGs
[2025-04-05T13:48:31.231+0000] {logging_mixin.py:190} INFO - [2025-04-05T13:48:31.231+0000] {dag.py:4180} INFO - Setting next_dagrun for zillow_analytics to 2025-04-05 00:00:00+00:00, run_after=2025-04-06 00:00:00+00:00
[2025-04-05T13:48:31.253+0000] {processor.py:208} INFO - Processing /home/ubuntu/airflow/dags/zillowanalytics.py took 0.148 seconds
[2025-04-05T13:49:01.348+0000] {processor.py:186} INFO - Started process (PID=11299) to work on /home/ubuntu/airflow/dags/zillowanalytics.py
[2025-04-05T13:49:01.350+0000] {processor.py:914} INFO - Processing file /home/ubuntu/airflow/dags/zillowanalytics.py for tasks to queue
[2025-04-05T13:49:01.351+0000] {logging_mixin.py:190} INFO - [2025-04-05T13:49:01.351+0000] {dagbag.py:588} INFO - Filling up the DagBag from /home/ubuntu/airflow/dags/zillowanalytics.py
[2025-04-05T13:49:01.363+0000] {processor.py:925} INFO - DAG(s) 'zillow_analytics' retrieved from /home/ubuntu/airflow/dags/zillowanalytics.py
[2025-04-05T13:49:01.455+0000] {logging_mixin.py:190} INFO - [2025-04-05T13:49:01.454+0000] {dag.py:3239} INFO - Sync 1 DAGs
[2025-04-05T13:49:01.470+0000] {logging_mixin.py:190} INFO - [2025-04-05T13:49:01.470+0000] {dag.py:4180} INFO - Setting next_dagrun for zillow_analytics to 2025-04-05 00:00:00+00:00, run_after=2025-04-06 00:00:00+00:00
[2025-04-05T13:49:01.491+0000] {processor.py:208} INFO - Processing /home/ubuntu/airflow/dags/zillowanalytics.py took 0.149 seconds
[2025-04-05T13:49:31.580+0000] {processor.py:186} INFO - Started process (PID=11300) to work on /home/ubuntu/airflow/dags/zillowanalytics.py
[2025-04-05T13:49:31.582+0000] {processor.py:914} INFO - Processing file /home/ubuntu/airflow/dags/zillowanalytics.py for tasks to queue
[2025-04-05T13:49:31.583+0000] {logging_mixin.py:190} INFO - [2025-04-05T13:49:31.582+0000] {dagbag.py:588} INFO - Filling up the DagBag from /home/ubuntu/airflow/dags/zillowanalytics.py
[2025-04-05T13:49:31.594+0000] {processor.py:925} INFO - DAG(s) 'zillow_analytics' retrieved from /home/ubuntu/airflow/dags/zillowanalytics.py
[2025-04-05T13:49:31.686+0000] {logging_mixin.py:190} INFO - [2025-04-05T13:49:31.686+0000] {dag.py:3239} INFO - Sync 1 DAGs
[2025-04-05T13:49:31.701+0000] {logging_mixin.py:190} INFO - [2025-04-05T13:49:31.701+0000] {dag.py:4180} INFO - Setting next_dagrun for zillow_analytics to 2025-04-05 00:00:00+00:00, run_after=2025-04-06 00:00:00+00:00
[2025-04-05T13:49:31.723+0000] {processor.py:208} INFO - Processing /home/ubuntu/airflow/dags/zillowanalytics.py took 0.148 seconds
[2025-04-05T13:50:01.821+0000] {processor.py:186} INFO - Started process (PID=11301) to work on /home/ubuntu/airflow/dags/zillowanalytics.py
[2025-04-05T13:50:01.822+0000] {processor.py:914} INFO - Processing file /home/ubuntu/airflow/dags/zillowanalytics.py for tasks to queue
[2025-04-05T13:50:01.823+0000] {logging_mixin.py:190} INFO - [2025-04-05T13:50:01.823+0000] {dagbag.py:588} INFO - Filling up the DagBag from /home/ubuntu/airflow/dags/zillowanalytics.py
[2025-04-05T13:50:01.835+0000] {processor.py:925} INFO - DAG(s) 'zillow_analytics' retrieved from /home/ubuntu/airflow/dags/zillowanalytics.py
[2025-04-05T13:50:01.931+0000] {logging_mixin.py:190} INFO - [2025-04-05T13:50:01.930+0000] {dag.py:3239} INFO - Sync 1 DAGs
[2025-04-05T13:50:01.945+0000] {logging_mixin.py:190} INFO - [2025-04-05T13:50:01.945+0000] {dag.py:4180} INFO - Setting next_dagrun for zillow_analytics to 2025-04-05 00:00:00+00:00, run_after=2025-04-06 00:00:00+00:00
[2025-04-05T13:50:01.967+0000] {processor.py:208} INFO - Processing /home/ubuntu/airflow/dags/zillowanalytics.py took 0.152 seconds
[2025-04-05T13:50:32.063+0000] {processor.py:186} INFO - Started process (PID=11306) to work on /home/ubuntu/airflow/dags/zillowanalytics.py
[2025-04-05T13:50:32.065+0000] {processor.py:914} INFO - Processing file /home/ubuntu/airflow/dags/zillowanalytics.py for tasks to queue
[2025-04-05T13:50:32.067+0000] {logging_mixin.py:190} INFO - [2025-04-05T13:50:32.066+0000] {dagbag.py:588} INFO - Filling up the DagBag from /home/ubuntu/airflow/dags/zillowanalytics.py
[2025-04-05T13:50:32.077+0000] {processor.py:925} INFO - DAG(s) 'zillow_analytics' retrieved from /home/ubuntu/airflow/dags/zillowanalytics.py
[2025-04-05T13:50:32.171+0000] {logging_mixin.py:190} INFO - [2025-04-05T13:50:32.171+0000] {dag.py:3239} INFO - Sync 1 DAGs
[2025-04-05T13:50:32.186+0000] {logging_mixin.py:190} INFO - [2025-04-05T13:50:32.186+0000] {dag.py:4180} INFO - Setting next_dagrun for zillow_analytics to 2025-04-05 00:00:00+00:00, run_after=2025-04-06 00:00:00+00:00
[2025-04-05T13:50:32.208+0000] {processor.py:208} INFO - Processing /home/ubuntu/airflow/dags/zillowanalytics.py took 0.151 seconds
[2025-04-05T13:51:02.308+0000] {processor.py:186} INFO - Started process (PID=11307) to work on /home/ubuntu/airflow/dags/zillowanalytics.py
[2025-04-05T13:51:02.308+0000] {processor.py:914} INFO - Processing file /home/ubuntu/airflow/dags/zillowanalytics.py for tasks to queue
[2025-04-05T13:51:02.309+0000] {logging_mixin.py:190} INFO - [2025-04-05T13:51:02.309+0000] {dagbag.py:588} INFO - Filling up the DagBag from /home/ubuntu/airflow/dags/zillowanalytics.py
[2025-04-05T13:51:02.321+0000] {processor.py:925} INFO - DAG(s) 'zillow_analytics' retrieved from /home/ubuntu/airflow/dags/zillowanalytics.py
[2025-04-05T13:51:02.414+0000] {logging_mixin.py:190} INFO - [2025-04-05T13:51:02.413+0000] {dag.py:3239} INFO - Sync 1 DAGs
[2025-04-05T13:51:02.428+0000] {logging_mixin.py:190} INFO - [2025-04-05T13:51:02.428+0000] {dag.py:4180} INFO - Setting next_dagrun for zillow_analytics to 2025-04-05 00:00:00+00:00, run_after=2025-04-06 00:00:00+00:00
[2025-04-05T13:51:02.448+0000] {processor.py:208} INFO - Processing /home/ubuntu/airflow/dags/zillowanalytics.py took 0.146 seconds
[2025-04-05T13:51:32.557+0000] {processor.py:186} INFO - Started process (PID=11456) to work on /home/ubuntu/airflow/dags/zillowanalytics.py
[2025-04-05T13:51:32.559+0000] {processor.py:914} INFO - Processing file /home/ubuntu/airflow/dags/zillowanalytics.py for tasks to queue
[2025-04-05T13:51:32.560+0000] {logging_mixin.py:190} INFO - [2025-04-05T13:51:32.560+0000] {dagbag.py:588} INFO - Filling up the DagBag from /home/ubuntu/airflow/dags/zillowanalytics.py
[2025-04-05T13:51:32.573+0000] {processor.py:925} INFO - DAG(s) 'zillow_analytics' retrieved from /home/ubuntu/airflow/dags/zillowanalytics.py
[2025-04-05T13:51:32.692+0000] {logging_mixin.py:190} INFO - [2025-04-05T13:51:32.692+0000] {dag.py:3239} INFO - Sync 1 DAGs
[2025-04-05T13:51:32.713+0000] {logging_mixin.py:190} INFO - [2025-04-05T13:51:32.712+0000] {dag.py:4180} INFO - Setting next_dagrun for zillow_analytics to 2025-04-05 00:00:00+00:00, run_after=2025-04-06 00:00:00+00:00
[2025-04-05T13:51:32.741+0000] {processor.py:208} INFO - Processing /home/ubuntu/airflow/dags/zillowanalytics.py took 0.191 seconds
[2025-04-05T13:52:02.784+0000] {processor.py:186} INFO - Started process (PID=11470) to work on /home/ubuntu/airflow/dags/zillowanalytics.py
[2025-04-05T13:52:02.785+0000] {processor.py:914} INFO - Processing file /home/ubuntu/airflow/dags/zillowanalytics.py for tasks to queue
[2025-04-05T13:52:02.786+0000] {logging_mixin.py:190} INFO - [2025-04-05T13:52:02.786+0000] {dagbag.py:588} INFO - Filling up the DagBag from /home/ubuntu/airflow/dags/zillowanalytics.py
[2025-04-05T13:52:02.798+0000] {processor.py:925} INFO - DAG(s) 'zillow_analytics' retrieved from /home/ubuntu/airflow/dags/zillowanalytics.py
[2025-04-05T13:52:02.892+0000] {logging_mixin.py:190} INFO - [2025-04-05T13:52:02.891+0000] {dag.py:3239} INFO - Sync 1 DAGs
[2025-04-05T13:52:02.906+0000] {logging_mixin.py:190} INFO - [2025-04-05T13:52:02.906+0000] {dag.py:4180} INFO - Setting next_dagrun for zillow_analytics to 2025-04-05 00:00:00+00:00, run_after=2025-04-06 00:00:00+00:00
[2025-04-05T13:52:02.925+0000] {processor.py:208} INFO - Processing /home/ubuntu/airflow/dags/zillowanalytics.py took 0.149 seconds
[2025-04-05T13:52:33.000+0000] {processor.py:186} INFO - Started process (PID=11471) to work on /home/ubuntu/airflow/dags/zillowanalytics.py
[2025-04-05T13:52:33.002+0000] {processor.py:914} INFO - Processing file /home/ubuntu/airflow/dags/zillowanalytics.py for tasks to queue
[2025-04-05T13:52:33.004+0000] {logging_mixin.py:190} INFO - [2025-04-05T13:52:33.004+0000] {dagbag.py:588} INFO - Filling up the DagBag from /home/ubuntu/airflow/dags/zillowanalytics.py
[2025-04-05T13:52:33.015+0000] {processor.py:925} INFO - DAG(s) 'zillow_analytics' retrieved from /home/ubuntu/airflow/dags/zillowanalytics.py
[2025-04-05T13:52:33.107+0000] {logging_mixin.py:190} INFO - [2025-04-05T13:52:33.107+0000] {dag.py:3239} INFO - Sync 1 DAGs
[2025-04-05T13:52:33.122+0000] {logging_mixin.py:190} INFO - [2025-04-05T13:52:33.122+0000] {dag.py:4180} INFO - Setting next_dagrun for zillow_analytics to 2025-04-05 00:00:00+00:00, run_after=2025-04-06 00:00:00+00:00
[2025-04-05T13:52:33.141+0000] {processor.py:208} INFO - Processing /home/ubuntu/airflow/dags/zillowanalytics.py took 0.147 seconds
[2025-04-05T13:53:03.223+0000] {processor.py:186} INFO - Started process (PID=11472) to work on /home/ubuntu/airflow/dags/zillowanalytics.py
[2025-04-05T13:53:03.225+0000] {processor.py:914} INFO - Processing file /home/ubuntu/airflow/dags/zillowanalytics.py for tasks to queue
[2025-04-05T13:53:03.226+0000] {logging_mixin.py:190} INFO - [2025-04-05T13:53:03.225+0000] {dagbag.py:588} INFO - Filling up the DagBag from /home/ubuntu/airflow/dags/zillowanalytics.py
[2025-04-05T13:53:03.237+0000] {processor.py:925} INFO - DAG(s) 'zillow_analytics' retrieved from /home/ubuntu/airflow/dags/zillowanalytics.py
[2025-04-05T13:53:03.328+0000] {logging_mixin.py:190} INFO - [2025-04-05T13:53:03.328+0000] {dag.py:3239} INFO - Sync 1 DAGs
[2025-04-05T13:53:03.343+0000] {logging_mixin.py:190} INFO - [2025-04-05T13:53:03.343+0000] {dag.py:4180} INFO - Setting next_dagrun for zillow_analytics to 2025-04-05 00:00:00+00:00, run_after=2025-04-06 00:00:00+00:00
[2025-04-05T13:53:03.361+0000] {processor.py:208} INFO - Processing /home/ubuntu/airflow/dags/zillowanalytics.py took 0.145 seconds
[2025-04-05T13:53:34.453+0000] {processor.py:186} INFO - Started process (PID=11473) to work on /home/ubuntu/airflow/dags/zillowanalytics.py
[2025-04-05T13:53:34.454+0000] {processor.py:914} INFO - Processing file /home/ubuntu/airflow/dags/zillowanalytics.py for tasks to queue
[2025-04-05T13:53:34.455+0000] {logging_mixin.py:190} INFO - [2025-04-05T13:53:34.455+0000] {dagbag.py:588} INFO - Filling up the DagBag from /home/ubuntu/airflow/dags/zillowanalytics.py
[2025-04-05T13:53:34.466+0000] {processor.py:925} INFO - DAG(s) 'zillow_analytics' retrieved from /home/ubuntu/airflow/dags/zillowanalytics.py
[2025-04-05T13:53:34.558+0000] {logging_mixin.py:190} INFO - [2025-04-05T13:53:34.558+0000] {dag.py:3239} INFO - Sync 1 DAGs
[2025-04-05T13:53:34.574+0000] {logging_mixin.py:190} INFO - [2025-04-05T13:53:34.574+0000] {dag.py:4180} INFO - Setting next_dagrun for zillow_analytics to 2025-04-05 00:00:00+00:00, run_after=2025-04-06 00:00:00+00:00
[2025-04-05T13:53:34.592+0000] {processor.py:208} INFO - Processing /home/ubuntu/airflow/dags/zillowanalytics.py took 0.146 seconds
[2025-04-05T13:54:04.677+0000] {processor.py:186} INFO - Started process (PID=11474) to work on /home/ubuntu/airflow/dags/zillowanalytics.py
[2025-04-05T13:54:04.678+0000] {processor.py:914} INFO - Processing file /home/ubuntu/airflow/dags/zillowanalytics.py for tasks to queue
[2025-04-05T13:54:04.679+0000] {logging_mixin.py:190} INFO - [2025-04-05T13:54:04.679+0000] {dagbag.py:588} INFO - Filling up the DagBag from /home/ubuntu/airflow/dags/zillowanalytics.py
[2025-04-05T13:54:04.690+0000] {processor.py:925} INFO - DAG(s) 'zillow_analytics' retrieved from /home/ubuntu/airflow/dags/zillowanalytics.py
[2025-04-05T13:54:04.787+0000] {logging_mixin.py:190} INFO - [2025-04-05T13:54:04.787+0000] {dag.py:3239} INFO - Sync 1 DAGs
[2025-04-05T13:54:04.802+0000] {logging_mixin.py:190} INFO - [2025-04-05T13:54:04.802+0000] {dag.py:4180} INFO - Setting next_dagrun for zillow_analytics to 2025-04-05 00:00:00+00:00, run_after=2025-04-06 00:00:00+00:00
[2025-04-05T13:54:04.822+0000] {processor.py:208} INFO - Processing /home/ubuntu/airflow/dags/zillowanalytics.py took 0.151 seconds
[2025-04-05T13:54:34.900+0000] {processor.py:186} INFO - Started process (PID=11476) to work on /home/ubuntu/airflow/dags/zillowanalytics.py
[2025-04-05T13:54:34.902+0000] {processor.py:914} INFO - Processing file /home/ubuntu/airflow/dags/zillowanalytics.py for tasks to queue
[2025-04-05T13:54:34.904+0000] {logging_mixin.py:190} INFO - [2025-04-05T13:54:34.903+0000] {dagbag.py:588} INFO - Filling up the DagBag from /home/ubuntu/airflow/dags/zillowanalytics.py
[2025-04-05T13:54:34.914+0000] {processor.py:925} INFO - DAG(s) 'zillow_analytics' retrieved from /home/ubuntu/airflow/dags/zillowanalytics.py
[2025-04-05T13:54:35.007+0000] {logging_mixin.py:190} INFO - [2025-04-05T13:54:35.007+0000] {dag.py:3239} INFO - Sync 1 DAGs
[2025-04-05T13:54:35.022+0000] {logging_mixin.py:190} INFO - [2025-04-05T13:54:35.021+0000] {dag.py:4180} INFO - Setting next_dagrun for zillow_analytics to 2025-04-05 00:00:00+00:00, run_after=2025-04-06 00:00:00+00:00
[2025-04-05T13:54:35.037+0000] {processor.py:208} INFO - Processing /home/ubuntu/airflow/dags/zillowanalytics.py took 0.144 seconds
[2025-04-05T13:55:05.127+0000] {processor.py:186} INFO - Started process (PID=11480) to work on /home/ubuntu/airflow/dags/zillowanalytics.py
[2025-04-05T13:55:05.128+0000] {processor.py:914} INFO - Processing file /home/ubuntu/airflow/dags/zillowanalytics.py for tasks to queue
[2025-04-05T13:55:05.129+0000] {logging_mixin.py:190} INFO - [2025-04-05T13:55:05.129+0000] {dagbag.py:588} INFO - Filling up the DagBag from /home/ubuntu/airflow/dags/zillowanalytics.py
[2025-04-05T13:55:05.141+0000] {processor.py:925} INFO - DAG(s) 'zillow_analytics' retrieved from /home/ubuntu/airflow/dags/zillowanalytics.py
[2025-04-05T13:55:05.235+0000] {logging_mixin.py:190} INFO - [2025-04-05T13:55:05.235+0000] {dag.py:3239} INFO - Sync 1 DAGs
[2025-04-05T13:55:05.250+0000] {logging_mixin.py:190} INFO - [2025-04-05T13:55:05.249+0000] {dag.py:4180} INFO - Setting next_dagrun for zillow_analytics to 2025-04-05 00:00:00+00:00, run_after=2025-04-06 00:00:00+00:00
[2025-04-05T13:55:05.268+0000] {processor.py:208} INFO - Processing /home/ubuntu/airflow/dags/zillowanalytics.py took 0.148 seconds
[2025-04-05T13:55:35.359+0000] {processor.py:186} INFO - Started process (PID=11481) to work on /home/ubuntu/airflow/dags/zillowanalytics.py
[2025-04-05T13:55:35.361+0000] {processor.py:914} INFO - Processing file /home/ubuntu/airflow/dags/zillowanalytics.py for tasks to queue
[2025-04-05T13:55:35.362+0000] {logging_mixin.py:190} INFO - [2025-04-05T13:55:35.361+0000] {dagbag.py:588} INFO - Filling up the DagBag from /home/ubuntu/airflow/dags/zillowanalytics.py
[2025-04-05T13:55:35.374+0000] {processor.py:925} INFO - DAG(s) 'zillow_analytics' retrieved from /home/ubuntu/airflow/dags/zillowanalytics.py
[2025-04-05T13:55:35.467+0000] {logging_mixin.py:190} INFO - [2025-04-05T13:55:35.467+0000] {dag.py:3239} INFO - Sync 1 DAGs
[2025-04-05T13:55:35.482+0000] {logging_mixin.py:190} INFO - [2025-04-05T13:55:35.481+0000] {dag.py:4180} INFO - Setting next_dagrun for zillow_analytics to 2025-04-05 00:00:00+00:00, run_after=2025-04-06 00:00:00+00:00
[2025-04-05T13:55:35.502+0000] {processor.py:208} INFO - Processing /home/ubuntu/airflow/dags/zillowanalytics.py took 0.149 seconds
[2025-04-05T13:56:05.580+0000] {processor.py:186} INFO - Started process (PID=11482) to work on /home/ubuntu/airflow/dags/zillowanalytics.py
[2025-04-05T13:56:05.582+0000] {processor.py:914} INFO - Processing file /home/ubuntu/airflow/dags/zillowanalytics.py for tasks to queue
[2025-04-05T13:56:05.583+0000] {logging_mixin.py:190} INFO - [2025-04-05T13:56:05.582+0000] {dagbag.py:588} INFO - Filling up the DagBag from /home/ubuntu/airflow/dags/zillowanalytics.py
[2025-04-05T13:56:05.594+0000] {processor.py:925} INFO - DAG(s) 'zillow_analytics' retrieved from /home/ubuntu/airflow/dags/zillowanalytics.py
[2025-04-05T13:56:05.688+0000] {logging_mixin.py:190} INFO - [2025-04-05T13:56:05.688+0000] {dag.py:3239} INFO - Sync 1 DAGs
[2025-04-05T13:56:05.704+0000] {logging_mixin.py:190} INFO - [2025-04-05T13:56:05.704+0000] {dag.py:4180} INFO - Setting next_dagrun for zillow_analytics to 2025-04-05 00:00:00+00:00, run_after=2025-04-06 00:00:00+00:00
[2025-04-05T13:56:05.724+0000] {processor.py:208} INFO - Processing /home/ubuntu/airflow/dags/zillowanalytics.py took 0.151 seconds
[2025-04-05T13:56:36.807+0000] {processor.py:186} INFO - Started process (PID=11483) to work on /home/ubuntu/airflow/dags/zillowanalytics.py
[2025-04-05T13:56:36.809+0000] {processor.py:914} INFO - Processing file /home/ubuntu/airflow/dags/zillowanalytics.py for tasks to queue
[2025-04-05T13:56:36.810+0000] {logging_mixin.py:190} INFO - [2025-04-05T13:56:36.810+0000] {dagbag.py:588} INFO - Filling up the DagBag from /home/ubuntu/airflow/dags/zillowanalytics.py
[2025-04-05T13:56:36.821+0000] {processor.py:925} INFO - DAG(s) 'zillow_analytics' retrieved from /home/ubuntu/airflow/dags/zillowanalytics.py
[2025-04-05T13:56:36.913+0000] {logging_mixin.py:190} INFO - [2025-04-05T13:56:36.913+0000] {dag.py:3239} INFO - Sync 1 DAGs
[2025-04-05T13:56:36.929+0000] {logging_mixin.py:190} INFO - [2025-04-05T13:56:36.929+0000] {dag.py:4180} INFO - Setting next_dagrun for zillow_analytics to 2025-04-05 00:00:00+00:00, run_after=2025-04-06 00:00:00+00:00
[2025-04-05T13:56:36.946+0000] {processor.py:208} INFO - Processing /home/ubuntu/airflow/dags/zillowanalytics.py took 0.146 seconds
[2025-04-05T13:57:08.020+0000] {processor.py:186} INFO - Started process (PID=11485) to work on /home/ubuntu/airflow/dags/zillowanalytics.py
[2025-04-05T13:57:08.021+0000] {processor.py:914} INFO - Processing file /home/ubuntu/airflow/dags/zillowanalytics.py for tasks to queue
[2025-04-05T13:57:08.023+0000] {logging_mixin.py:190} INFO - [2025-04-05T13:57:08.023+0000] {dagbag.py:588} INFO - Filling up the DagBag from /home/ubuntu/airflow/dags/zillowanalytics.py
[2025-04-05T13:57:08.034+0000] {processor.py:925} INFO - DAG(s) 'zillow_analytics' retrieved from /home/ubuntu/airflow/dags/zillowanalytics.py
[2025-04-05T13:57:08.127+0000] {logging_mixin.py:190} INFO - [2025-04-05T13:57:08.127+0000] {dag.py:3239} INFO - Sync 1 DAGs
[2025-04-05T13:57:08.142+0000] {logging_mixin.py:190} INFO - [2025-04-05T13:57:08.141+0000] {dag.py:4180} INFO - Setting next_dagrun for zillow_analytics to 2025-04-05 00:00:00+00:00, run_after=2025-04-06 00:00:00+00:00
[2025-04-05T13:57:08.160+0000] {processor.py:208} INFO - Processing /home/ubuntu/airflow/dags/zillowanalytics.py took 0.147 seconds
[2025-04-05T13:57:38.235+0000] {processor.py:186} INFO - Started process (PID=11486) to work on /home/ubuntu/airflow/dags/zillowanalytics.py
[2025-04-05T13:57:38.236+0000] {processor.py:914} INFO - Processing file /home/ubuntu/airflow/dags/zillowanalytics.py for tasks to queue
[2025-04-05T13:57:38.237+0000] {logging_mixin.py:190} INFO - [2025-04-05T13:57:38.237+0000] {dagbag.py:588} INFO - Filling up the DagBag from /home/ubuntu/airflow/dags/zillowanalytics.py
[2025-04-05T13:57:38.249+0000] {processor.py:925} INFO - DAG(s) 'zillow_analytics' retrieved from /home/ubuntu/airflow/dags/zillowanalytics.py
[2025-04-05T13:57:38.342+0000] {logging_mixin.py:190} INFO - [2025-04-05T13:57:38.342+0000] {dag.py:3239} INFO - Sync 1 DAGs
[2025-04-05T13:57:38.356+0000] {logging_mixin.py:190} INFO - [2025-04-05T13:57:38.356+0000] {dag.py:4180} INFO - Setting next_dagrun for zillow_analytics to 2025-04-05 00:00:00+00:00, run_after=2025-04-06 00:00:00+00:00
[2025-04-05T13:57:38.376+0000] {processor.py:208} INFO - Processing /home/ubuntu/airflow/dags/zillowanalytics.py took 0.148 seconds
[2025-04-05T13:58:08.457+0000] {processor.py:186} INFO - Started process (PID=11487) to work on /home/ubuntu/airflow/dags/zillowanalytics.py
[2025-04-05T13:58:08.458+0000] {processor.py:914} INFO - Processing file /home/ubuntu/airflow/dags/zillowanalytics.py for tasks to queue
[2025-04-05T13:58:08.459+0000] {logging_mixin.py:190} INFO - [2025-04-05T13:58:08.458+0000] {dagbag.py:588} INFO - Filling up the DagBag from /home/ubuntu/airflow/dags/zillowanalytics.py
[2025-04-05T13:58:08.470+0000] {processor.py:925} INFO - DAG(s) 'zillow_analytics' retrieved from /home/ubuntu/airflow/dags/zillowanalytics.py
[2025-04-05T13:58:08.564+0000] {logging_mixin.py:190} INFO - [2025-04-05T13:58:08.564+0000] {dag.py:3239} INFO - Sync 1 DAGs
[2025-04-05T13:58:08.579+0000] {logging_mixin.py:190} INFO - [2025-04-05T13:58:08.579+0000] {dag.py:4180} INFO - Setting next_dagrun for zillow_analytics to 2025-04-05 00:00:00+00:00, run_after=2025-04-06 00:00:00+00:00
[2025-04-05T13:58:08.597+0000] {processor.py:208} INFO - Processing /home/ubuntu/airflow/dags/zillowanalytics.py took 0.147 seconds
[2025-04-05T13:58:38.674+0000] {processor.py:186} INFO - Started process (PID=11488) to work on /home/ubuntu/airflow/dags/zillowanalytics.py
[2025-04-05T13:58:38.676+0000] {processor.py:914} INFO - Processing file /home/ubuntu/airflow/dags/zillowanalytics.py for tasks to queue
[2025-04-05T13:58:38.677+0000] {logging_mixin.py:190} INFO - [2025-04-05T13:58:38.677+0000] {dagbag.py:588} INFO - Filling up the DagBag from /home/ubuntu/airflow/dags/zillowanalytics.py
[2025-04-05T13:58:38.687+0000] {processor.py:925} INFO - DAG(s) 'zillow_analytics' retrieved from /home/ubuntu/airflow/dags/zillowanalytics.py
[2025-04-05T13:58:38.780+0000] {logging_mixin.py:190} INFO - [2025-04-05T13:58:38.779+0000] {dag.py:3239} INFO - Sync 1 DAGs
[2025-04-05T13:58:38.793+0000] {logging_mixin.py:190} INFO - [2025-04-05T13:58:38.793+0000] {dag.py:4180} INFO - Setting next_dagrun for zillow_analytics to 2025-04-05 00:00:00+00:00, run_after=2025-04-06 00:00:00+00:00
[2025-04-05T13:58:38.811+0000] {processor.py:208} INFO - Processing /home/ubuntu/airflow/dags/zillowanalytics.py took 0.143 seconds
[2025-04-05T13:59:08.898+0000] {processor.py:186} INFO - Started process (PID=11490) to work on /home/ubuntu/airflow/dags/zillowanalytics.py
[2025-04-05T13:59:08.899+0000] {processor.py:914} INFO - Processing file /home/ubuntu/airflow/dags/zillowanalytics.py for tasks to queue
[2025-04-05T13:59:08.900+0000] {logging_mixin.py:190} INFO - [2025-04-05T13:59:08.899+0000] {dagbag.py:588} INFO - Filling up the DagBag from /home/ubuntu/airflow/dags/zillowanalytics.py
[2025-04-05T13:59:08.911+0000] {processor.py:925} INFO - DAG(s) 'zillow_analytics' retrieved from /home/ubuntu/airflow/dags/zillowanalytics.py
[2025-04-05T13:59:09.004+0000] {logging_mixin.py:190} INFO - [2025-04-05T13:59:09.004+0000] {dag.py:3239} INFO - Sync 1 DAGs
[2025-04-05T13:59:09.018+0000] {logging_mixin.py:190} INFO - [2025-04-05T13:59:09.018+0000] {dag.py:4180} INFO - Setting next_dagrun for zillow_analytics to 2025-04-05 00:00:00+00:00, run_after=2025-04-06 00:00:00+00:00
[2025-04-05T13:59:09.039+0000] {processor.py:208} INFO - Processing /home/ubuntu/airflow/dags/zillowanalytics.py took 0.148 seconds
[2025-04-05T13:59:39.129+0000] {processor.py:186} INFO - Started process (PID=11491) to work on /home/ubuntu/airflow/dags/zillowanalytics.py
[2025-04-05T13:59:39.131+0000] {processor.py:914} INFO - Processing file /home/ubuntu/airflow/dags/zillowanalytics.py for tasks to queue
[2025-04-05T13:59:39.132+0000] {logging_mixin.py:190} INFO - [2025-04-05T13:59:39.131+0000] {dagbag.py:588} INFO - Filling up the DagBag from /home/ubuntu/airflow/dags/zillowanalytics.py
[2025-04-05T13:59:39.142+0000] {processor.py:925} INFO - DAG(s) 'zillow_analytics' retrieved from /home/ubuntu/airflow/dags/zillowanalytics.py
[2025-04-05T13:59:39.233+0000] {logging_mixin.py:190} INFO - [2025-04-05T13:59:39.233+0000] {dag.py:3239} INFO - Sync 1 DAGs
[2025-04-05T13:59:39.249+0000] {logging_mixin.py:190} INFO - [2025-04-05T13:59:39.249+0000] {dag.py:4180} INFO - Setting next_dagrun for zillow_analytics to 2025-04-05 00:00:00+00:00, run_after=2025-04-06 00:00:00+00:00
[2025-04-05T13:59:39.269+0000] {processor.py:208} INFO - Processing /home/ubuntu/airflow/dags/zillowanalytics.py took 0.148 seconds
[2025-04-05T14:00:09.372+0000] {processor.py:186} INFO - Started process (PID=11494) to work on /home/ubuntu/airflow/dags/zillowanalytics.py
[2025-04-05T14:00:09.373+0000] {processor.py:914} INFO - Processing file /home/ubuntu/airflow/dags/zillowanalytics.py for tasks to queue
[2025-04-05T14:00:09.374+0000] {logging_mixin.py:190} INFO - [2025-04-05T14:00:09.374+0000] {dagbag.py:588} INFO - Filling up the DagBag from /home/ubuntu/airflow/dags/zillowanalytics.py
[2025-04-05T14:00:09.386+0000] {processor.py:925} INFO - DAG(s) 'zillow_analytics' retrieved from /home/ubuntu/airflow/dags/zillowanalytics.py
[2025-04-05T14:00:09.478+0000] {logging_mixin.py:190} INFO - [2025-04-05T14:00:09.478+0000] {dag.py:3239} INFO - Sync 1 DAGs
[2025-04-05T14:00:09.494+0000] {logging_mixin.py:190} INFO - [2025-04-05T14:00:09.494+0000] {dag.py:4180} INFO - Setting next_dagrun for zillow_analytics to 2025-04-05 00:00:00+00:00, run_after=2025-04-06 00:00:00+00:00
[2025-04-05T14:00:09.515+0000] {processor.py:208} INFO - Processing /home/ubuntu/airflow/dags/zillowanalytics.py took 0.151 seconds
[2025-04-05T14:00:39.614+0000] {processor.py:186} INFO - Started process (PID=11499) to work on /home/ubuntu/airflow/dags/zillowanalytics.py
[2025-04-05T14:00:39.615+0000] {processor.py:914} INFO - Processing file /home/ubuntu/airflow/dags/zillowanalytics.py for tasks to queue
[2025-04-05T14:00:39.616+0000] {logging_mixin.py:190} INFO - [2025-04-05T14:00:39.615+0000] {dagbag.py:588} INFO - Filling up the DagBag from /home/ubuntu/airflow/dags/zillowanalytics.py
[2025-04-05T14:00:39.627+0000] {processor.py:925} INFO - DAG(s) 'zillow_analytics' retrieved from /home/ubuntu/airflow/dags/zillowanalytics.py
[2025-04-05T14:00:39.718+0000] {logging_mixin.py:190} INFO - [2025-04-05T14:00:39.718+0000] {dag.py:3239} INFO - Sync 1 DAGs
[2025-04-05T14:00:39.731+0000] {logging_mixin.py:190} INFO - [2025-04-05T14:00:39.731+0000] {dag.py:4180} INFO - Setting next_dagrun for zillow_analytics to 2025-04-05 00:00:00+00:00, run_after=2025-04-06 00:00:00+00:00
[2025-04-05T14:00:39.751+0000] {processor.py:208} INFO - Processing /home/ubuntu/airflow/dags/zillowanalytics.py took 0.146 seconds
[2025-04-05T14:01:09.857+0000] {processor.py:186} INFO - Started process (PID=11500) to work on /home/ubuntu/airflow/dags/zillowanalytics.py
[2025-04-05T14:01:09.859+0000] {processor.py:914} INFO - Processing file /home/ubuntu/airflow/dags/zillowanalytics.py for tasks to queue
[2025-04-05T14:01:09.860+0000] {logging_mixin.py:190} INFO - [2025-04-05T14:01:09.859+0000] {dagbag.py:588} INFO - Filling up the DagBag from /home/ubuntu/airflow/dags/zillowanalytics.py
[2025-04-05T14:01:09.871+0000] {processor.py:925} INFO - DAG(s) 'zillow_analytics' retrieved from /home/ubuntu/airflow/dags/zillowanalytics.py
[2025-04-05T14:01:09.964+0000] {logging_mixin.py:190} INFO - [2025-04-05T14:01:09.964+0000] {dag.py:3239} INFO - Sync 1 DAGs
[2025-04-05T14:01:09.979+0000] {logging_mixin.py:190} INFO - [2025-04-05T14:01:09.978+0000] {dag.py:4180} INFO - Setting next_dagrun for zillow_analytics to 2025-04-05 00:00:00+00:00, run_after=2025-04-06 00:00:00+00:00
[2025-04-05T14:01:09.999+0000] {processor.py:208} INFO - Processing /home/ubuntu/airflow/dags/zillowanalytics.py took 0.148 seconds
[2025-04-05T14:01:40.103+0000] {processor.py:186} INFO - Started process (PID=11501) to work on /home/ubuntu/airflow/dags/zillowanalytics.py
[2025-04-05T14:01:40.105+0000] {processor.py:914} INFO - Processing file /home/ubuntu/airflow/dags/zillowanalytics.py for tasks to queue
[2025-04-05T14:01:40.106+0000] {logging_mixin.py:190} INFO - [2025-04-05T14:01:40.106+0000] {dagbag.py:588} INFO - Filling up the DagBag from /home/ubuntu/airflow/dags/zillowanalytics.py
[2025-04-05T14:01:40.117+0000] {processor.py:925} INFO - DAG(s) 'zillow_analytics' retrieved from /home/ubuntu/airflow/dags/zillowanalytics.py
[2025-04-05T14:01:40.209+0000] {logging_mixin.py:190} INFO - [2025-04-05T14:01:40.208+0000] {dag.py:3239} INFO - Sync 1 DAGs
[2025-04-05T14:01:40.223+0000] {logging_mixin.py:190} INFO - [2025-04-05T14:01:40.223+0000] {dag.py:4180} INFO - Setting next_dagrun for zillow_analytics to 2025-04-05 00:00:00+00:00, run_after=2025-04-06 00:00:00+00:00
[2025-04-05T14:01:40.242+0000] {processor.py:208} INFO - Processing /home/ubuntu/airflow/dags/zillowanalytics.py took 0.146 seconds
[2025-04-05T14:02:10.341+0000] {processor.py:186} INFO - Started process (PID=11502) to work on /home/ubuntu/airflow/dags/zillowanalytics.py
[2025-04-05T14:02:10.342+0000] {processor.py:914} INFO - Processing file /home/ubuntu/airflow/dags/zillowanalytics.py for tasks to queue
[2025-04-05T14:02:10.343+0000] {logging_mixin.py:190} INFO - [2025-04-05T14:02:10.342+0000] {dagbag.py:588} INFO - Filling up the DagBag from /home/ubuntu/airflow/dags/zillowanalytics.py
[2025-04-05T14:02:10.354+0000] {processor.py:925} INFO - DAG(s) 'zillow_analytics' retrieved from /home/ubuntu/airflow/dags/zillowanalytics.py
[2025-04-05T14:02:10.447+0000] {logging_mixin.py:190} INFO - [2025-04-05T14:02:10.447+0000] {dag.py:3239} INFO - Sync 1 DAGs
[2025-04-05T14:02:10.461+0000] {logging_mixin.py:190} INFO - [2025-04-05T14:02:10.461+0000] {dag.py:4180} INFO - Setting next_dagrun for zillow_analytics to 2025-04-05 00:00:00+00:00, run_after=2025-04-06 00:00:00+00:00
[2025-04-05T14:02:10.485+0000] {processor.py:208} INFO - Processing /home/ubuntu/airflow/dags/zillowanalytics.py took 0.151 seconds
[2025-04-05T14:02:40.586+0000] {processor.py:186} INFO - Started process (PID=11503) to work on /home/ubuntu/airflow/dags/zillowanalytics.py
[2025-04-05T14:02:40.587+0000] {processor.py:914} INFO - Processing file /home/ubuntu/airflow/dags/zillowanalytics.py for tasks to queue
[2025-04-05T14:02:40.588+0000] {logging_mixin.py:190} INFO - [2025-04-05T14:02:40.588+0000] {dagbag.py:588} INFO - Filling up the DagBag from /home/ubuntu/airflow/dags/zillowanalytics.py
[2025-04-05T14:02:40.599+0000] {processor.py:925} INFO - DAG(s) 'zillow_analytics' retrieved from /home/ubuntu/airflow/dags/zillowanalytics.py
[2025-04-05T14:02:40.690+0000] {logging_mixin.py:190} INFO - [2025-04-05T14:02:40.690+0000] {dag.py:3239} INFO - Sync 1 DAGs
[2025-04-05T14:02:40.704+0000] {logging_mixin.py:190} INFO - [2025-04-05T14:02:40.704+0000] {dag.py:4180} INFO - Setting next_dagrun for zillow_analytics to 2025-04-05 00:00:00+00:00, run_after=2025-04-06 00:00:00+00:00
[2025-04-05T14:02:40.730+0000] {processor.py:208} INFO - Processing /home/ubuntu/airflow/dags/zillowanalytics.py took 0.151 seconds
[2025-04-05T14:03:10.827+0000] {processor.py:186} INFO - Started process (PID=11505) to work on /home/ubuntu/airflow/dags/zillowanalytics.py
[2025-04-05T14:03:10.828+0000] {processor.py:914} INFO - Processing file /home/ubuntu/airflow/dags/zillowanalytics.py for tasks to queue
[2025-04-05T14:03:10.830+0000] {logging_mixin.py:190} INFO - [2025-04-05T14:03:10.829+0000] {dagbag.py:588} INFO - Filling up the DagBag from /home/ubuntu/airflow/dags/zillowanalytics.py
[2025-04-05T14:03:10.841+0000] {processor.py:925} INFO - DAG(s) 'zillow_analytics' retrieved from /home/ubuntu/airflow/dags/zillowanalytics.py
[2025-04-05T14:03:10.935+0000] {logging_mixin.py:190} INFO - [2025-04-05T14:03:10.935+0000] {dag.py:3239} INFO - Sync 1 DAGs
[2025-04-05T14:03:10.949+0000] {logging_mixin.py:190} INFO - [2025-04-05T14:03:10.949+0000] {dag.py:4180} INFO - Setting next_dagrun for zillow_analytics to 2025-04-05 00:00:00+00:00, run_after=2025-04-06 00:00:00+00:00
[2025-04-05T14:03:10.974+0000] {processor.py:208} INFO - Processing /home/ubuntu/airflow/dags/zillowanalytics.py took 0.154 seconds
[2025-04-05T14:03:41.069+0000] {processor.py:186} INFO - Started process (PID=11507) to work on /home/ubuntu/airflow/dags/zillowanalytics.py
[2025-04-05T14:03:41.071+0000] {processor.py:914} INFO - Processing file /home/ubuntu/airflow/dags/zillowanalytics.py for tasks to queue
[2025-04-05T14:03:41.072+0000] {logging_mixin.py:190} INFO - [2025-04-05T14:03:41.072+0000] {dagbag.py:588} INFO - Filling up the DagBag from /home/ubuntu/airflow/dags/zillowanalytics.py
[2025-04-05T14:03:41.083+0000] {processor.py:925} INFO - DAG(s) 'zillow_analytics' retrieved from /home/ubuntu/airflow/dags/zillowanalytics.py
[2025-04-05T14:03:41.177+0000] {logging_mixin.py:190} INFO - [2025-04-05T14:03:41.177+0000] {dag.py:3239} INFO - Sync 1 DAGs
[2025-04-05T14:03:41.192+0000] {logging_mixin.py:190} INFO - [2025-04-05T14:03:41.192+0000] {dag.py:4180} INFO - Setting next_dagrun for zillow_analytics to 2025-04-05 00:00:00+00:00, run_after=2025-04-06 00:00:00+00:00
[2025-04-05T14:03:41.213+0000] {processor.py:208} INFO - Processing /home/ubuntu/airflow/dags/zillowanalytics.py took 0.151 seconds
[2025-04-05T14:04:11.316+0000] {processor.py:186} INFO - Started process (PID=11508) to work on /home/ubuntu/airflow/dags/zillowanalytics.py
[2025-04-05T14:04:11.319+0000] {processor.py:914} INFO - Processing file /home/ubuntu/airflow/dags/zillowanalytics.py for tasks to queue
[2025-04-05T14:04:11.320+0000] {logging_mixin.py:190} INFO - [2025-04-05T14:04:11.319+0000] {dagbag.py:588} INFO - Filling up the DagBag from /home/ubuntu/airflow/dags/zillowanalytics.py
[2025-04-05T14:04:11.331+0000] {processor.py:925} INFO - DAG(s) 'zillow_analytics' retrieved from /home/ubuntu/airflow/dags/zillowanalytics.py
[2025-04-05T14:04:11.423+0000] {logging_mixin.py:190} INFO - [2025-04-05T14:04:11.421+0000] {dag.py:3239} INFO - Sync 1 DAGs
[2025-04-05T14:04:11.438+0000] {logging_mixin.py:190} INFO - [2025-04-05T14:04:11.438+0000] {dag.py:4180} INFO - Setting next_dagrun for zillow_analytics to 2025-04-05 00:00:00+00:00, run_after=2025-04-06 00:00:00+00:00
[2025-04-05T14:04:11.459+0000] {processor.py:208} INFO - Processing /home/ubuntu/airflow/dags/zillowanalytics.py took 0.149 seconds
[2025-04-05T14:04:41.558+0000] {processor.py:186} INFO - Started process (PID=11509) to work on /home/ubuntu/airflow/dags/zillowanalytics.py
[2025-04-05T14:04:41.559+0000] {processor.py:914} INFO - Processing file /home/ubuntu/airflow/dags/zillowanalytics.py for tasks to queue
[2025-04-05T14:04:41.560+0000] {logging_mixin.py:190} INFO - [2025-04-05T14:04:41.560+0000] {dagbag.py:588} INFO - Filling up the DagBag from /home/ubuntu/airflow/dags/zillowanalytics.py
[2025-04-05T14:04:41.571+0000] {processor.py:925} INFO - DAG(s) 'zillow_analytics' retrieved from /home/ubuntu/airflow/dags/zillowanalytics.py
[2025-04-05T14:04:41.663+0000] {logging_mixin.py:190} INFO - [2025-04-05T14:04:41.663+0000] {dag.py:3239} INFO - Sync 1 DAGs
[2025-04-05T14:04:41.677+0000] {logging_mixin.py:190} INFO - [2025-04-05T14:04:41.677+0000] {dag.py:4180} INFO - Setting next_dagrun for zillow_analytics to 2025-04-05 00:00:00+00:00, run_after=2025-04-06 00:00:00+00:00
[2025-04-05T14:04:41.698+0000] {processor.py:208} INFO - Processing /home/ubuntu/airflow/dags/zillowanalytics.py took 0.147 seconds
[2025-04-05T14:05:11.806+0000] {processor.py:186} INFO - Started process (PID=11513) to work on /home/ubuntu/airflow/dags/zillowanalytics.py
[2025-04-05T14:05:11.807+0000] {processor.py:914} INFO - Processing file /home/ubuntu/airflow/dags/zillowanalytics.py for tasks to queue
[2025-04-05T14:05:11.809+0000] {logging_mixin.py:190} INFO - [2025-04-05T14:05:11.808+0000] {dagbag.py:588} INFO - Filling up the DagBag from /home/ubuntu/airflow/dags/zillowanalytics.py
[2025-04-05T14:05:11.820+0000] {processor.py:925} INFO - DAG(s) 'zillow_analytics' retrieved from /home/ubuntu/airflow/dags/zillowanalytics.py
[2025-04-05T14:05:11.915+0000] {logging_mixin.py:190} INFO - [2025-04-05T14:05:11.914+0000] {dag.py:3239} INFO - Sync 1 DAGs
[2025-04-05T14:05:11.930+0000] {logging_mixin.py:190} INFO - [2025-04-05T14:05:11.930+0000] {dag.py:4180} INFO - Setting next_dagrun for zillow_analytics to 2025-04-05 00:00:00+00:00, run_after=2025-04-06 00:00:00+00:00
[2025-04-05T14:05:11.949+0000] {processor.py:208} INFO - Processing /home/ubuntu/airflow/dags/zillowanalytics.py took 0.150 seconds
[2025-04-05T14:05:42.044+0000] {processor.py:186} INFO - Started process (PID=11515) to work on /home/ubuntu/airflow/dags/zillowanalytics.py
[2025-04-05T14:05:42.046+0000] {processor.py:914} INFO - Processing file /home/ubuntu/airflow/dags/zillowanalytics.py for tasks to queue
[2025-04-05T14:05:42.046+0000] {logging_mixin.py:190} INFO - [2025-04-05T14:05:42.046+0000] {dagbag.py:588} INFO - Filling up the DagBag from /home/ubuntu/airflow/dags/zillowanalytics.py
[2025-04-05T14:05:42.057+0000] {processor.py:925} INFO - DAG(s) 'zillow_analytics' retrieved from /home/ubuntu/airflow/dags/zillowanalytics.py
[2025-04-05T14:05:42.149+0000] {logging_mixin.py:190} INFO - [2025-04-05T14:05:42.149+0000] {dag.py:3239} INFO - Sync 1 DAGs
[2025-04-05T14:05:42.164+0000] {logging_mixin.py:190} INFO - [2025-04-05T14:05:42.163+0000] {dag.py:4180} INFO - Setting next_dagrun for zillow_analytics to 2025-04-05 00:00:00+00:00, run_after=2025-04-06 00:00:00+00:00
[2025-04-05T14:05:42.183+0000] {processor.py:208} INFO - Processing /home/ubuntu/airflow/dags/zillowanalytics.py took 0.146 seconds
[2025-04-05T14:06:12.286+0000] {processor.py:186} INFO - Started process (PID=11517) to work on /home/ubuntu/airflow/dags/zillowanalytics.py
[2025-04-05T14:06:12.288+0000] {processor.py:914} INFO - Processing file /home/ubuntu/airflow/dags/zillowanalytics.py for tasks to queue
[2025-04-05T14:06:12.289+0000] {logging_mixin.py:190} INFO - [2025-04-05T14:06:12.289+0000] {dagbag.py:588} INFO - Filling up the DagBag from /home/ubuntu/airflow/dags/zillowanalytics.py
[2025-04-05T14:06:12.300+0000] {processor.py:925} INFO - DAG(s) 'zillow_analytics' retrieved from /home/ubuntu/airflow/dags/zillowanalytics.py
[2025-04-05T14:06:12.394+0000] {logging_mixin.py:190} INFO - [2025-04-05T14:06:12.394+0000] {dag.py:3239} INFO - Sync 1 DAGs
[2025-04-05T14:06:12.408+0000] {logging_mixin.py:190} INFO - [2025-04-05T14:06:12.408+0000] {dag.py:4180} INFO - Setting next_dagrun for zillow_analytics to 2025-04-05 00:00:00+00:00, run_after=2025-04-06 00:00:00+00:00
[2025-04-05T14:06:12.430+0000] {processor.py:208} INFO - Processing /home/ubuntu/airflow/dags/zillowanalytics.py took 0.150 seconds
[2025-04-05T14:06:42.547+0000] {processor.py:186} INFO - Started process (PID=11518) to work on /home/ubuntu/airflow/dags/zillowanalytics.py
[2025-04-05T14:06:42.548+0000] {processor.py:914} INFO - Processing file /home/ubuntu/airflow/dags/zillowanalytics.py for tasks to queue
[2025-04-05T14:06:42.550+0000] {logging_mixin.py:190} INFO - [2025-04-05T14:06:42.549+0000] {dagbag.py:588} INFO - Filling up the DagBag from /home/ubuntu/airflow/dags/zillowanalytics.py
[2025-04-05T14:06:42.561+0000] {processor.py:925} INFO - DAG(s) 'zillow_analytics' retrieved from /home/ubuntu/airflow/dags/zillowanalytics.py
[2025-04-05T14:06:42.657+0000] {logging_mixin.py:190} INFO - [2025-04-05T14:06:42.657+0000] {dag.py:3239} INFO - Sync 1 DAGs
[2025-04-05T14:06:42.671+0000] {logging_mixin.py:190} INFO - [2025-04-05T14:06:42.671+0000] {dag.py:4180} INFO - Setting next_dagrun for zillow_analytics to 2025-04-05 00:00:00+00:00, run_after=2025-04-06 00:00:00+00:00
[2025-04-05T14:06:42.692+0000] {processor.py:208} INFO - Processing /home/ubuntu/airflow/dags/zillowanalytics.py took 0.151 seconds
[2025-04-05T14:07:12.804+0000] {processor.py:186} INFO - Started process (PID=11519) to work on /home/ubuntu/airflow/dags/zillowanalytics.py
[2025-04-05T14:07:12.806+0000] {processor.py:914} INFO - Processing file /home/ubuntu/airflow/dags/zillowanalytics.py for tasks to queue
[2025-04-05T14:07:12.808+0000] {logging_mixin.py:190} INFO - [2025-04-05T14:07:12.808+0000] {dagbag.py:588} INFO - Filling up the DagBag from /home/ubuntu/airflow/dags/zillowanalytics.py
[2025-04-05T14:07:12.818+0000] {processor.py:925} INFO - DAG(s) 'zillow_analytics' retrieved from /home/ubuntu/airflow/dags/zillowanalytics.py
[2025-04-05T14:07:12.911+0000] {logging_mixin.py:190} INFO - [2025-04-05T14:07:12.911+0000] {dag.py:3239} INFO - Sync 1 DAGs
[2025-04-05T14:07:12.925+0000] {logging_mixin.py:190} INFO - [2025-04-05T14:07:12.925+0000] {dag.py:4180} INFO - Setting next_dagrun for zillow_analytics to 2025-04-05 00:00:00+00:00, run_after=2025-04-06 00:00:00+00:00
[2025-04-05T14:07:12.948+0000] {processor.py:208} INFO - Processing /home/ubuntu/airflow/dags/zillowanalytics.py took 0.151 seconds
[2025-04-05T14:07:43.047+0000] {processor.py:186} INFO - Started process (PID=11520) to work on /home/ubuntu/airflow/dags/zillowanalytics.py
[2025-04-05T14:07:43.047+0000] {processor.py:914} INFO - Processing file /home/ubuntu/airflow/dags/zillowanalytics.py for tasks to queue
[2025-04-05T14:07:43.049+0000] {logging_mixin.py:190} INFO - [2025-04-05T14:07:43.048+0000] {dagbag.py:588} INFO - Filling up the DagBag from /home/ubuntu/airflow/dags/zillowanalytics.py
[2025-04-05T14:07:43.060+0000] {processor.py:925} INFO - DAG(s) 'zillow_analytics' retrieved from /home/ubuntu/airflow/dags/zillowanalytics.py
[2025-04-05T14:07:43.152+0000] {logging_mixin.py:190} INFO - [2025-04-05T14:07:43.151+0000] {dag.py:3239} INFO - Sync 1 DAGs
[2025-04-05T14:07:43.168+0000] {logging_mixin.py:190} INFO - [2025-04-05T14:07:43.167+0000] {dag.py:4180} INFO - Setting next_dagrun for zillow_analytics to 2025-04-05 00:00:00+00:00, run_after=2025-04-06 00:00:00+00:00
[2025-04-05T14:07:43.188+0000] {processor.py:208} INFO - Processing /home/ubuntu/airflow/dags/zillowanalytics.py took 0.148 seconds
[2025-04-05T14:08:13.286+0000] {processor.py:186} INFO - Started process (PID=11521) to work on /home/ubuntu/airflow/dags/zillowanalytics.py
[2025-04-05T14:08:13.289+0000] {processor.py:914} INFO - Processing file /home/ubuntu/airflow/dags/zillowanalytics.py for tasks to queue
[2025-04-05T14:08:13.290+0000] {logging_mixin.py:190} INFO - [2025-04-05T14:08:13.290+0000] {dagbag.py:588} INFO - Filling up the DagBag from /home/ubuntu/airflow/dags/zillowanalytics.py
[2025-04-05T14:08:13.302+0000] {processor.py:925} INFO - DAG(s) 'zillow_analytics' retrieved from /home/ubuntu/airflow/dags/zillowanalytics.py
[2025-04-05T14:08:13.394+0000] {logging_mixin.py:190} INFO - [2025-04-05T14:08:13.394+0000] {dag.py:3239} INFO - Sync 1 DAGs
[2025-04-05T14:08:13.409+0000] {logging_mixin.py:190} INFO - [2025-04-05T14:08:13.409+0000] {dag.py:4180} INFO - Setting next_dagrun for zillow_analytics to 2025-04-05 00:00:00+00:00, run_after=2025-04-06 00:00:00+00:00
[2025-04-05T14:08:13.430+0000] {processor.py:208} INFO - Processing /home/ubuntu/airflow/dags/zillowanalytics.py took 0.150 seconds
[2025-04-05T14:08:43.529+0000] {processor.py:186} INFO - Started process (PID=11522) to work on /home/ubuntu/airflow/dags/zillowanalytics.py
[2025-04-05T14:08:43.531+0000] {processor.py:914} INFO - Processing file /home/ubuntu/airflow/dags/zillowanalytics.py for tasks to queue
[2025-04-05T14:08:43.533+0000] {logging_mixin.py:190} INFO - [2025-04-05T14:08:43.532+0000] {dagbag.py:588} INFO - Filling up the DagBag from /home/ubuntu/airflow/dags/zillowanalytics.py
[2025-04-05T14:08:43.543+0000] {processor.py:925} INFO - DAG(s) 'zillow_analytics' retrieved from /home/ubuntu/airflow/dags/zillowanalytics.py
[2025-04-05T14:08:43.638+0000] {logging_mixin.py:190} INFO - [2025-04-05T14:08:43.638+0000] {dag.py:3239} INFO - Sync 1 DAGs
[2025-04-05T14:08:43.652+0000] {logging_mixin.py:190} INFO - [2025-04-05T14:08:43.652+0000] {dag.py:4180} INFO - Setting next_dagrun for zillow_analytics to 2025-04-05 00:00:00+00:00, run_after=2025-04-06 00:00:00+00:00
[2025-04-05T14:08:43.673+0000] {processor.py:208} INFO - Processing /home/ubuntu/airflow/dags/zillowanalytics.py took 0.152 seconds
[2025-04-05T14:09:13.765+0000] {processor.py:186} INFO - Started process (PID=11525) to work on /home/ubuntu/airflow/dags/zillowanalytics.py
[2025-04-05T14:09:13.767+0000] {processor.py:914} INFO - Processing file /home/ubuntu/airflow/dags/zillowanalytics.py for tasks to queue
[2025-04-05T14:09:13.768+0000] {logging_mixin.py:190} INFO - [2025-04-05T14:09:13.768+0000] {dagbag.py:588} INFO - Filling up the DagBag from /home/ubuntu/airflow/dags/zillowanalytics.py
[2025-04-05T14:09:13.779+0000] {processor.py:925} INFO - DAG(s) 'zillow_analytics' retrieved from /home/ubuntu/airflow/dags/zillowanalytics.py
[2025-04-05T14:09:13.870+0000] {logging_mixin.py:190} INFO - [2025-04-05T14:09:13.870+0000] {dag.py:3239} INFO - Sync 1 DAGs
[2025-04-05T14:09:13.884+0000] {logging_mixin.py:190} INFO - [2025-04-05T14:09:13.884+0000] {dag.py:4180} INFO - Setting next_dagrun for zillow_analytics to 2025-04-05 00:00:00+00:00, run_after=2025-04-06 00:00:00+00:00
[2025-04-05T14:09:13.906+0000] {processor.py:208} INFO - Processing /home/ubuntu/airflow/dags/zillowanalytics.py took 0.148 seconds
[2025-04-05T14:09:44.005+0000] {processor.py:186} INFO - Started process (PID=11526) to work on /home/ubuntu/airflow/dags/zillowanalytics.py
[2025-04-05T14:09:44.006+0000] {processor.py:914} INFO - Processing file /home/ubuntu/airflow/dags/zillowanalytics.py for tasks to queue
[2025-04-05T14:09:44.007+0000] {logging_mixin.py:190} INFO - [2025-04-05T14:09:44.006+0000] {dagbag.py:588} INFO - Filling up the DagBag from /home/ubuntu/airflow/dags/zillowanalytics.py
[2025-04-05T14:09:44.019+0000] {processor.py:925} INFO - DAG(s) 'zillow_analytics' retrieved from /home/ubuntu/airflow/dags/zillowanalytics.py
[2025-04-05T14:09:44.112+0000] {logging_mixin.py:190} INFO - [2025-04-05T14:09:44.112+0000] {dag.py:3239} INFO - Sync 1 DAGs
[2025-04-05T14:09:44.126+0000] {logging_mixin.py:190} INFO - [2025-04-05T14:09:44.125+0000] {dag.py:4180} INFO - Setting next_dagrun for zillow_analytics to 2025-04-05 00:00:00+00:00, run_after=2025-04-06 00:00:00+00:00
[2025-04-05T14:09:44.147+0000] {processor.py:208} INFO - Processing /home/ubuntu/airflow/dags/zillowanalytics.py took 0.149 seconds
[2025-04-05T14:10:14.252+0000] {processor.py:186} INFO - Started process (PID=11531) to work on /home/ubuntu/airflow/dags/zillowanalytics.py
[2025-04-05T14:10:14.253+0000] {processor.py:914} INFO - Processing file /home/ubuntu/airflow/dags/zillowanalytics.py for tasks to queue
[2025-04-05T14:10:14.255+0000] {logging_mixin.py:190} INFO - [2025-04-05T14:10:14.255+0000] {dagbag.py:588} INFO - Filling up the DagBag from /home/ubuntu/airflow/dags/zillowanalytics.py
[2025-04-05T14:10:14.266+0000] {processor.py:925} INFO - DAG(s) 'zillow_analytics' retrieved from /home/ubuntu/airflow/dags/zillowanalytics.py
[2025-04-05T14:10:14.359+0000] {logging_mixin.py:190} INFO - [2025-04-05T14:10:14.359+0000] {dag.py:3239} INFO - Sync 1 DAGs
[2025-04-05T14:10:14.374+0000] {logging_mixin.py:190} INFO - [2025-04-05T14:10:14.374+0000] {dag.py:4180} INFO - Setting next_dagrun for zillow_analytics to 2025-04-05 00:00:00+00:00, run_after=2025-04-06 00:00:00+00:00
[2025-04-05T14:10:14.395+0000] {processor.py:208} INFO - Processing /home/ubuntu/airflow/dags/zillowanalytics.py took 0.151 seconds
[2025-04-05T14:10:44.495+0000] {processor.py:186} INFO - Started process (PID=11532) to work on /home/ubuntu/airflow/dags/zillowanalytics.py
[2025-04-05T14:10:44.497+0000] {processor.py:914} INFO - Processing file /home/ubuntu/airflow/dags/zillowanalytics.py for tasks to queue
[2025-04-05T14:10:44.499+0000] {logging_mixin.py:190} INFO - [2025-04-05T14:10:44.497+0000] {dagbag.py:588} INFO - Filling up the DagBag from /home/ubuntu/airflow/dags/zillowanalytics.py
[2025-04-05T14:10:44.509+0000] {processor.py:925} INFO - DAG(s) 'zillow_analytics' retrieved from /home/ubuntu/airflow/dags/zillowanalytics.py
[2025-04-05T14:10:44.601+0000] {logging_mixin.py:190} INFO - [2025-04-05T14:10:44.601+0000] {dag.py:3239} INFO - Sync 1 DAGs
[2025-04-05T14:10:44.615+0000] {logging_mixin.py:190} INFO - [2025-04-05T14:10:44.615+0000] {dag.py:4180} INFO - Setting next_dagrun for zillow_analytics to 2025-04-05 00:00:00+00:00, run_after=2025-04-06 00:00:00+00:00
[2025-04-05T14:10:44.638+0000] {processor.py:208} INFO - Processing /home/ubuntu/airflow/dags/zillowanalytics.py took 0.150 seconds
[2025-04-05T14:11:14.734+0000] {processor.py:186} INFO - Started process (PID=11533) to work on /home/ubuntu/airflow/dags/zillowanalytics.py
[2025-04-05T14:11:14.735+0000] {processor.py:914} INFO - Processing file /home/ubuntu/airflow/dags/zillowanalytics.py for tasks to queue
[2025-04-05T14:11:14.736+0000] {logging_mixin.py:190} INFO - [2025-04-05T14:11:14.736+0000] {dagbag.py:588} INFO - Filling up the DagBag from /home/ubuntu/airflow/dags/zillowanalytics.py
[2025-04-05T14:11:14.747+0000] {processor.py:925} INFO - DAG(s) 'zillow_analytics' retrieved from /home/ubuntu/airflow/dags/zillowanalytics.py
[2025-04-05T14:11:14.838+0000] {logging_mixin.py:190} INFO - [2025-04-05T14:11:14.838+0000] {dag.py:3239} INFO - Sync 1 DAGs
[2025-04-05T14:11:14.854+0000] {logging_mixin.py:190} INFO - [2025-04-05T14:11:14.854+0000] {dag.py:4180} INFO - Setting next_dagrun for zillow_analytics to 2025-04-05 00:00:00+00:00, run_after=2025-04-06 00:00:00+00:00
[2025-04-05T14:11:14.875+0000] {processor.py:208} INFO - Processing /home/ubuntu/airflow/dags/zillowanalytics.py took 0.149 seconds
[2025-04-05T14:11:45.001+0000] {processor.py:186} INFO - Started process (PID=11534) to work on /home/ubuntu/airflow/dags/zillowanalytics.py
[2025-04-05T14:11:45.003+0000] {processor.py:914} INFO - Processing file /home/ubuntu/airflow/dags/zillowanalytics.py for tasks to queue
[2025-04-05T14:11:45.004+0000] {logging_mixin.py:190} INFO - [2025-04-05T14:11:45.003+0000] {dagbag.py:588} INFO - Filling up the DagBag from /home/ubuntu/airflow/dags/zillowanalytics.py
[2025-04-05T14:11:45.015+0000] {processor.py:925} INFO - DAG(s) 'zillow_analytics' retrieved from /home/ubuntu/airflow/dags/zillowanalytics.py
[2025-04-05T14:11:45.108+0000] {logging_mixin.py:190} INFO - [2025-04-05T14:11:45.107+0000] {dag.py:3239} INFO - Sync 1 DAGs
[2025-04-05T14:11:45.123+0000] {logging_mixin.py:190} INFO - [2025-04-05T14:11:45.123+0000] {dag.py:4180} INFO - Setting next_dagrun for zillow_analytics to 2025-04-05 00:00:00+00:00, run_after=2025-04-06 00:00:00+00:00
[2025-04-05T14:11:45.146+0000] {processor.py:208} INFO - Processing /home/ubuntu/airflow/dags/zillowanalytics.py took 0.152 seconds
[2025-04-05T14:12:15.269+0000] {processor.py:186} INFO - Started process (PID=11536) to work on /home/ubuntu/airflow/dags/zillowanalytics.py
[2025-04-05T14:12:15.270+0000] {processor.py:914} INFO - Processing file /home/ubuntu/airflow/dags/zillowanalytics.py for tasks to queue
[2025-04-05T14:12:15.271+0000] {logging_mixin.py:190} INFO - [2025-04-05T14:12:15.271+0000] {dagbag.py:588} INFO - Filling up the DagBag from /home/ubuntu/airflow/dags/zillowanalytics.py
[2025-04-05T14:12:15.283+0000] {processor.py:925} INFO - DAG(s) 'zillow_analytics' retrieved from /home/ubuntu/airflow/dags/zillowanalytics.py
[2025-04-05T14:12:15.377+0000] {logging_mixin.py:190} INFO - [2025-04-05T14:12:15.376+0000] {dag.py:3239} INFO - Sync 1 DAGs
[2025-04-05T14:12:15.391+0000] {logging_mixin.py:190} INFO - [2025-04-05T14:12:15.391+0000] {dag.py:4180} INFO - Setting next_dagrun for zillow_analytics to 2025-04-05 00:00:00+00:00, run_after=2025-04-06 00:00:00+00:00
[2025-04-05T14:12:15.412+0000] {processor.py:208} INFO - Processing /home/ubuntu/airflow/dags/zillowanalytics.py took 0.150 seconds
[2025-04-05T14:12:45.536+0000] {processor.py:186} INFO - Started process (PID=11537) to work on /home/ubuntu/airflow/dags/zillowanalytics.py
[2025-04-05T14:12:45.538+0000] {processor.py:914} INFO - Processing file /home/ubuntu/airflow/dags/zillowanalytics.py for tasks to queue
[2025-04-05T14:12:45.539+0000] {logging_mixin.py:190} INFO - [2025-04-05T14:12:45.538+0000] {dagbag.py:588} INFO - Filling up the DagBag from /home/ubuntu/airflow/dags/zillowanalytics.py
[2025-04-05T14:12:45.550+0000] {processor.py:925} INFO - DAG(s) 'zillow_analytics' retrieved from /home/ubuntu/airflow/dags/zillowanalytics.py
[2025-04-05T14:12:45.643+0000] {logging_mixin.py:190} INFO - [2025-04-05T14:12:45.643+0000] {dag.py:3239} INFO - Sync 1 DAGs
[2025-04-05T14:12:45.658+0000] {logging_mixin.py:190} INFO - [2025-04-05T14:12:45.658+0000] {dag.py:4180} INFO - Setting next_dagrun for zillow_analytics to 2025-04-05 00:00:00+00:00, run_after=2025-04-06 00:00:00+00:00
[2025-04-05T14:12:45.678+0000] {processor.py:208} INFO - Processing /home/ubuntu/airflow/dags/zillowanalytics.py took 0.149 seconds
[2025-04-05T14:13:15.789+0000] {processor.py:186} INFO - Started process (PID=11538) to work on /home/ubuntu/airflow/dags/zillowanalytics.py
[2025-04-05T14:13:15.790+0000] {processor.py:914} INFO - Processing file /home/ubuntu/airflow/dags/zillowanalytics.py for tasks to queue
[2025-04-05T14:13:15.792+0000] {logging_mixin.py:190} INFO - [2025-04-05T14:13:15.791+0000] {dagbag.py:588} INFO - Filling up the DagBag from /home/ubuntu/airflow/dags/zillowanalytics.py
[2025-04-05T14:13:15.803+0000] {processor.py:925} INFO - DAG(s) 'zillow_analytics' retrieved from /home/ubuntu/airflow/dags/zillowanalytics.py
[2025-04-05T14:13:15.894+0000] {logging_mixin.py:190} INFO - [2025-04-05T14:13:15.894+0000] {dag.py:3239} INFO - Sync 1 DAGs
[2025-04-05T14:13:15.907+0000] {logging_mixin.py:190} INFO - [2025-04-05T14:13:15.907+0000] {dag.py:4180} INFO - Setting next_dagrun for zillow_analytics to 2025-04-05 00:00:00+00:00, run_after=2025-04-06 00:00:00+00:00
[2025-04-05T14:13:15.928+0000] {processor.py:208} INFO - Processing /home/ubuntu/airflow/dags/zillowanalytics.py took 0.146 seconds
[2025-04-05T14:13:46.025+0000] {processor.py:186} INFO - Started process (PID=11563) to work on /home/ubuntu/airflow/dags/zillowanalytics.py
[2025-04-05T14:13:46.027+0000] {processor.py:914} INFO - Processing file /home/ubuntu/airflow/dags/zillowanalytics.py for tasks to queue
[2025-04-05T14:13:46.028+0000] {logging_mixin.py:190} INFO - [2025-04-05T14:13:46.027+0000] {dagbag.py:588} INFO - Filling up the DagBag from /home/ubuntu/airflow/dags/zillowanalytics.py
[2025-04-05T14:13:46.039+0000] {processor.py:925} INFO - DAG(s) 'zillow_analytics' retrieved from /home/ubuntu/airflow/dags/zillowanalytics.py
[2025-04-05T14:13:46.131+0000] {logging_mixin.py:190} INFO - [2025-04-05T14:13:46.131+0000] {dag.py:3239} INFO - Sync 1 DAGs
[2025-04-05T14:13:46.145+0000] {logging_mixin.py:190} INFO - [2025-04-05T14:13:46.145+0000] {dag.py:4180} INFO - Setting next_dagrun for zillow_analytics to 2025-04-05 00:00:00+00:00, run_after=2025-04-06 00:00:00+00:00
[2025-04-05T14:13:46.166+0000] {processor.py:208} INFO - Processing /home/ubuntu/airflow/dags/zillowanalytics.py took 0.147 seconds
[2025-04-05T14:14:16.270+0000] {processor.py:186} INFO - Started process (PID=11564) to work on /home/ubuntu/airflow/dags/zillowanalytics.py
[2025-04-05T14:14:16.271+0000] {processor.py:914} INFO - Processing file /home/ubuntu/airflow/dags/zillowanalytics.py for tasks to queue
[2025-04-05T14:14:16.273+0000] {logging_mixin.py:190} INFO - [2025-04-05T14:14:16.273+0000] {dagbag.py:588} INFO - Filling up the DagBag from /home/ubuntu/airflow/dags/zillowanalytics.py
[2025-04-05T14:14:16.284+0000] {processor.py:925} INFO - DAG(s) 'zillow_analytics' retrieved from /home/ubuntu/airflow/dags/zillowanalytics.py
[2025-04-05T14:14:16.376+0000] {logging_mixin.py:190} INFO - [2025-04-05T14:14:16.376+0000] {dag.py:3239} INFO - Sync 1 DAGs
[2025-04-05T14:14:16.390+0000] {logging_mixin.py:190} INFO - [2025-04-05T14:14:16.390+0000] {dag.py:4180} INFO - Setting next_dagrun for zillow_analytics to 2025-04-05 00:00:00+00:00, run_after=2025-04-06 00:00:00+00:00
[2025-04-05T14:14:16.412+0000] {processor.py:208} INFO - Processing /home/ubuntu/airflow/dags/zillowanalytics.py took 0.149 seconds
[2025-04-05T14:14:46.515+0000] {processor.py:186} INFO - Started process (PID=11565) to work on /home/ubuntu/airflow/dags/zillowanalytics.py
[2025-04-05T14:14:46.516+0000] {processor.py:914} INFO - Processing file /home/ubuntu/airflow/dags/zillowanalytics.py for tasks to queue
[2025-04-05T14:14:46.517+0000] {logging_mixin.py:190} INFO - [2025-04-05T14:14:46.517+0000] {dagbag.py:588} INFO - Filling up the DagBag from /home/ubuntu/airflow/dags/zillowanalytics.py
[2025-04-05T14:14:46.528+0000] {processor.py:925} INFO - DAG(s) 'zillow_analytics' retrieved from /home/ubuntu/airflow/dags/zillowanalytics.py
[2025-04-05T14:14:46.618+0000] {logging_mixin.py:190} INFO - [2025-04-05T14:14:46.618+0000] {dag.py:3239} INFO - Sync 1 DAGs
[2025-04-05T14:14:46.633+0000] {logging_mixin.py:190} INFO - [2025-04-05T14:14:46.633+0000] {dag.py:4180} INFO - Setting next_dagrun for zillow_analytics to 2025-04-05 00:00:00+00:00, run_after=2025-04-06 00:00:00+00:00
[2025-04-05T14:14:46.781+0000] {processor.py:208} INFO - Processing /home/ubuntu/airflow/dags/zillowanalytics.py took 0.274 seconds
[2025-04-05T14:15:16.885+0000] {processor.py:186} INFO - Started process (PID=11572) to work on /home/ubuntu/airflow/dags/zillowanalytics.py
[2025-04-05T14:15:16.887+0000] {processor.py:914} INFO - Processing file /home/ubuntu/airflow/dags/zillowanalytics.py for tasks to queue
[2025-04-05T14:15:16.888+0000] {logging_mixin.py:190} INFO - [2025-04-05T14:15:16.888+0000] {dagbag.py:588} INFO - Filling up the DagBag from /home/ubuntu/airflow/dags/zillowanalytics.py
[2025-04-05T14:15:16.899+0000] {processor.py:925} INFO - DAG(s) 'zillow_analytics' retrieved from /home/ubuntu/airflow/dags/zillowanalytics.py
[2025-04-05T14:15:16.992+0000] {logging_mixin.py:190} INFO - [2025-04-05T14:15:16.992+0000] {dag.py:3239} INFO - Sync 1 DAGs
[2025-04-05T14:15:17.009+0000] {logging_mixin.py:190} INFO - [2025-04-05T14:15:17.009+0000] {dag.py:4180} INFO - Setting next_dagrun for zillow_analytics to 2025-04-05 00:00:00+00:00, run_after=2025-04-06 00:00:00+00:00
[2025-04-05T14:15:17.030+0000] {processor.py:208} INFO - Processing /home/ubuntu/airflow/dags/zillowanalytics.py took 0.152 seconds
[2025-04-05T14:15:47.153+0000] {processor.py:186} INFO - Started process (PID=11573) to work on /home/ubuntu/airflow/dags/zillowanalytics.py
[2025-04-05T14:15:47.154+0000] {processor.py:914} INFO - Processing file /home/ubuntu/airflow/dags/zillowanalytics.py for tasks to queue
[2025-04-05T14:15:47.156+0000] {logging_mixin.py:190} INFO - [2025-04-05T14:15:47.155+0000] {dagbag.py:588} INFO - Filling up the DagBag from /home/ubuntu/airflow/dags/zillowanalytics.py
[2025-04-05T14:15:47.167+0000] {processor.py:925} INFO - DAG(s) 'zillow_analytics' retrieved from /home/ubuntu/airflow/dags/zillowanalytics.py
[2025-04-05T14:15:47.260+0000] {logging_mixin.py:190} INFO - [2025-04-05T14:15:47.260+0000] {dag.py:3239} INFO - Sync 1 DAGs
[2025-04-05T14:15:47.274+0000] {logging_mixin.py:190} INFO - [2025-04-05T14:15:47.274+0000] {dag.py:4180} INFO - Setting next_dagrun for zillow_analytics to 2025-04-05 00:00:00+00:00, run_after=2025-04-06 00:00:00+00:00
[2025-04-05T14:15:47.295+0000] {processor.py:208} INFO - Processing /home/ubuntu/airflow/dags/zillowanalytics.py took 0.150 seconds
[2025-04-05T14:16:17.419+0000] {processor.py:186} INFO - Started process (PID=11574) to work on /home/ubuntu/airflow/dags/zillowanalytics.py
[2025-04-05T14:16:17.420+0000] {processor.py:914} INFO - Processing file /home/ubuntu/airflow/dags/zillowanalytics.py for tasks to queue
[2025-04-05T14:16:17.422+0000] {logging_mixin.py:190} INFO - [2025-04-05T14:16:17.422+0000] {dagbag.py:588} INFO - Filling up the DagBag from /home/ubuntu/airflow/dags/zillowanalytics.py
[2025-04-05T14:16:17.433+0000] {processor.py:925} INFO - DAG(s) 'zillow_analytics' retrieved from /home/ubuntu/airflow/dags/zillowanalytics.py
[2025-04-05T14:16:17.525+0000] {logging_mixin.py:190} INFO - [2025-04-05T14:16:17.525+0000] {dag.py:3239} INFO - Sync 1 DAGs
[2025-04-05T14:16:17.540+0000] {logging_mixin.py:190} INFO - [2025-04-05T14:16:17.539+0000] {dag.py:4180} INFO - Setting next_dagrun for zillow_analytics to 2025-04-05 00:00:00+00:00, run_after=2025-04-06 00:00:00+00:00
[2025-04-05T14:16:17.559+0000] {processor.py:208} INFO - Processing /home/ubuntu/airflow/dags/zillowanalytics.py took 0.146 seconds
[2025-04-05T14:16:47.690+0000] {processor.py:186} INFO - Started process (PID=11575) to work on /home/ubuntu/airflow/dags/zillowanalytics.py
[2025-04-05T14:16:47.691+0000] {processor.py:914} INFO - Processing file /home/ubuntu/airflow/dags/zillowanalytics.py for tasks to queue
[2025-04-05T14:16:47.692+0000] {logging_mixin.py:190} INFO - [2025-04-05T14:16:47.692+0000] {dagbag.py:588} INFO - Filling up the DagBag from /home/ubuntu/airflow/dags/zillowanalytics.py
[2025-04-05T14:16:47.703+0000] {processor.py:925} INFO - DAG(s) 'zillow_analytics' retrieved from /home/ubuntu/airflow/dags/zillowanalytics.py
[2025-04-05T14:16:47.795+0000] {logging_mixin.py:190} INFO - [2025-04-05T14:16:47.795+0000] {dag.py:3239} INFO - Sync 1 DAGs
[2025-04-05T14:16:47.809+0000] {logging_mixin.py:190} INFO - [2025-04-05T14:16:47.809+0000] {dag.py:4180} INFO - Setting next_dagrun for zillow_analytics to 2025-04-05 00:00:00+00:00, run_after=2025-04-06 00:00:00+00:00
[2025-04-05T14:16:47.828+0000] {processor.py:208} INFO - Processing /home/ubuntu/airflow/dags/zillowanalytics.py took 0.146 seconds
[2025-04-05T14:17:17.952+0000] {processor.py:186} INFO - Started process (PID=11679) to work on /home/ubuntu/airflow/dags/zillowanalytics.py
[2025-04-05T14:17:17.953+0000] {processor.py:914} INFO - Processing file /home/ubuntu/airflow/dags/zillowanalytics.py for tasks to queue
[2025-04-05T14:17:17.954+0000] {logging_mixin.py:190} INFO - [2025-04-05T14:17:17.954+0000] {dagbag.py:588} INFO - Filling up the DagBag from /home/ubuntu/airflow/dags/zillowanalytics.py
[2025-04-05T14:17:17.965+0000] {processor.py:925} INFO - DAG(s) 'zillow_analytics' retrieved from /home/ubuntu/airflow/dags/zillowanalytics.py
[2025-04-05T14:17:18.058+0000] {logging_mixin.py:190} INFO - [2025-04-05T14:17:18.058+0000] {dag.py:3239} INFO - Sync 1 DAGs
[2025-04-05T14:17:18.072+0000] {logging_mixin.py:190} INFO - [2025-04-05T14:17:18.072+0000] {dag.py:4180} INFO - Setting next_dagrun for zillow_analytics to 2025-04-05 00:00:00+00:00, run_after=2025-04-06 00:00:00+00:00
[2025-04-05T14:17:18.093+0000] {processor.py:208} INFO - Processing /home/ubuntu/airflow/dags/zillowanalytics.py took 0.147 seconds
[2025-04-05T14:17:48.220+0000] {processor.py:186} INFO - Started process (PID=11724) to work on /home/ubuntu/airflow/dags/zillowanalytics.py
[2025-04-05T14:17:48.223+0000] {processor.py:914} INFO - Processing file /home/ubuntu/airflow/dags/zillowanalytics.py for tasks to queue
[2025-04-05T14:17:48.223+0000] {logging_mixin.py:190} INFO - [2025-04-05T14:17:48.223+0000] {dagbag.py:588} INFO - Filling up the DagBag from /home/ubuntu/airflow/dags/zillowanalytics.py
[2025-04-05T14:17:48.234+0000] {processor.py:925} INFO - DAG(s) 'zillow_analytics' retrieved from /home/ubuntu/airflow/dags/zillowanalytics.py
[2025-04-05T14:17:48.327+0000] {logging_mixin.py:190} INFO - [2025-04-05T14:17:48.327+0000] {dag.py:3239} INFO - Sync 1 DAGs
[2025-04-05T14:17:48.342+0000] {logging_mixin.py:190} INFO - [2025-04-05T14:17:48.342+0000] {dag.py:4180} INFO - Setting next_dagrun for zillow_analytics to 2025-04-05 00:00:00+00:00, run_after=2025-04-06 00:00:00+00:00
[2025-04-05T14:17:48.362+0000] {processor.py:208} INFO - Processing /home/ubuntu/airflow/dags/zillowanalytics.py took 0.148 seconds
[2025-04-05T14:18:18.488+0000] {processor.py:186} INFO - Started process (PID=11726) to work on /home/ubuntu/airflow/dags/zillowanalytics.py
[2025-04-05T14:18:18.488+0000] {processor.py:914} INFO - Processing file /home/ubuntu/airflow/dags/zillowanalytics.py for tasks to queue
[2025-04-05T14:18:18.489+0000] {logging_mixin.py:190} INFO - [2025-04-05T14:18:18.489+0000] {dagbag.py:588} INFO - Filling up the DagBag from /home/ubuntu/airflow/dags/zillowanalytics.py
[2025-04-05T14:18:18.500+0000] {processor.py:925} INFO - DAG(s) 'zillow_analytics' retrieved from /home/ubuntu/airflow/dags/zillowanalytics.py
[2025-04-05T14:18:18.594+0000] {logging_mixin.py:190} INFO - [2025-04-05T14:18:18.594+0000] {dag.py:3239} INFO - Sync 1 DAGs
[2025-04-05T14:18:18.608+0000] {logging_mixin.py:190} INFO - [2025-04-05T14:18:18.608+0000] {dag.py:4180} INFO - Setting next_dagrun for zillow_analytics to 2025-04-05 00:00:00+00:00, run_after=2025-04-06 00:00:00+00:00
[2025-04-05T14:18:18.632+0000] {processor.py:208} INFO - Processing /home/ubuntu/airflow/dags/zillowanalytics.py took 0.151 seconds
[2025-04-05T14:18:48.755+0000] {processor.py:186} INFO - Started process (PID=11728) to work on /home/ubuntu/airflow/dags/zillowanalytics.py
[2025-04-05T14:18:48.757+0000] {processor.py:914} INFO - Processing file /home/ubuntu/airflow/dags/zillowanalytics.py for tasks to queue
[2025-04-05T14:18:48.758+0000] {logging_mixin.py:190} INFO - [2025-04-05T14:18:48.757+0000] {dagbag.py:588} INFO - Filling up the DagBag from /home/ubuntu/airflow/dags/zillowanalytics.py
[2025-04-05T14:18:48.769+0000] {processor.py:925} INFO - DAG(s) 'zillow_analytics' retrieved from /home/ubuntu/airflow/dags/zillowanalytics.py
[2025-04-05T14:18:48.861+0000] {logging_mixin.py:190} INFO - [2025-04-05T14:18:48.861+0000] {dag.py:3239} INFO - Sync 1 DAGs
[2025-04-05T14:18:48.877+0000] {logging_mixin.py:190} INFO - [2025-04-05T14:18:48.877+0000] {dag.py:4180} INFO - Setting next_dagrun for zillow_analytics to 2025-04-05 00:00:00+00:00, run_after=2025-04-06 00:00:00+00:00
[2025-04-05T14:18:49.037+0000] {processor.py:208} INFO - Processing /home/ubuntu/airflow/dags/zillowanalytics.py took 0.289 seconds
[2025-04-05T14:19:19.126+0000] {processor.py:186} INFO - Started process (PID=11769) to work on /home/ubuntu/airflow/dags/zillowanalytics.py
[2025-04-05T14:19:19.127+0000] {processor.py:914} INFO - Processing file /home/ubuntu/airflow/dags/zillowanalytics.py for tasks to queue
[2025-04-05T14:19:19.129+0000] {logging_mixin.py:190} INFO - [2025-04-05T14:19:19.128+0000] {dagbag.py:588} INFO - Filling up the DagBag from /home/ubuntu/airflow/dags/zillowanalytics.py
[2025-04-05T14:19:19.139+0000] {processor.py:925} INFO - DAG(s) 'zillow_analytics' retrieved from /home/ubuntu/airflow/dags/zillowanalytics.py
[2025-04-05T14:19:19.231+0000] {logging_mixin.py:190} INFO - [2025-04-05T14:19:19.230+0000] {dag.py:3239} INFO - Sync 1 DAGs
[2025-04-05T14:19:19.246+0000] {logging_mixin.py:190} INFO - [2025-04-05T14:19:19.246+0000] {dag.py:4180} INFO - Setting next_dagrun for zillow_analytics to 2025-04-05 00:00:00+00:00, run_after=2025-04-06 00:00:00+00:00
[2025-04-05T14:19:19.266+0000] {processor.py:208} INFO - Processing /home/ubuntu/airflow/dags/zillowanalytics.py took 0.147 seconds
[2025-04-05T14:19:49.395+0000] {processor.py:186} INFO - Started process (PID=11820) to work on /home/ubuntu/airflow/dags/zillowanalytics.py
[2025-04-05T14:19:49.396+0000] {processor.py:914} INFO - Processing file /home/ubuntu/airflow/dags/zillowanalytics.py for tasks to queue
[2025-04-05T14:19:49.398+0000] {logging_mixin.py:190} INFO - [2025-04-05T14:19:49.397+0000] {dagbag.py:588} INFO - Filling up the DagBag from /home/ubuntu/airflow/dags/zillowanalytics.py
[2025-04-05T14:19:49.409+0000] {processor.py:925} INFO - DAG(s) 'zillow_analytics' retrieved from /home/ubuntu/airflow/dags/zillowanalytics.py
[2025-04-05T14:19:49.503+0000] {logging_mixin.py:190} INFO - [2025-04-05T14:19:49.503+0000] {dag.py:3239} INFO - Sync 1 DAGs
[2025-04-05T14:19:49.518+0000] {logging_mixin.py:190} INFO - [2025-04-05T14:19:49.517+0000] {dag.py:4180} INFO - Setting next_dagrun for zillow_analytics to 2025-04-05 00:00:00+00:00, run_after=2025-04-06 00:00:00+00:00
[2025-04-05T14:19:49.539+0000] {processor.py:208} INFO - Processing /home/ubuntu/airflow/dags/zillowanalytics.py took 0.151 seconds
[2025-04-05T14:20:19.662+0000] {processor.py:186} INFO - Started process (PID=11883) to work on /home/ubuntu/airflow/dags/zillowanalytics.py
[2025-04-05T14:20:19.663+0000] {processor.py:914} INFO - Processing file /home/ubuntu/airflow/dags/zillowanalytics.py for tasks to queue
[2025-04-05T14:20:19.665+0000] {logging_mixin.py:190} INFO - [2025-04-05T14:20:19.664+0000] {dagbag.py:588} INFO - Filling up the DagBag from /home/ubuntu/airflow/dags/zillowanalytics.py
[2025-04-05T14:20:19.676+0000] {processor.py:925} INFO - DAG(s) 'zillow_analytics' retrieved from /home/ubuntu/airflow/dags/zillowanalytics.py
[2025-04-05T14:20:19.771+0000] {logging_mixin.py:190} INFO - [2025-04-05T14:20:19.770+0000] {dag.py:3239} INFO - Sync 1 DAGs
[2025-04-05T14:20:19.785+0000] {logging_mixin.py:190} INFO - [2025-04-05T14:20:19.784+0000] {dag.py:4180} INFO - Setting next_dagrun for zillow_analytics to 2025-04-05 00:00:00+00:00, run_after=2025-04-06 00:00:00+00:00
[2025-04-05T14:20:19.805+0000] {processor.py:208} INFO - Processing /home/ubuntu/airflow/dags/zillowanalytics.py took 0.150 seconds
[2025-04-05T14:20:49.931+0000] {processor.py:186} INFO - Started process (PID=11905) to work on /home/ubuntu/airflow/dags/zillowanalytics.py
[2025-04-05T14:20:49.933+0000] {processor.py:914} INFO - Processing file /home/ubuntu/airflow/dags/zillowanalytics.py for tasks to queue
[2025-04-05T14:20:49.934+0000] {logging_mixin.py:190} INFO - [2025-04-05T14:20:49.934+0000] {dagbag.py:588} INFO - Filling up the DagBag from /home/ubuntu/airflow/dags/zillowanalytics.py
[2025-04-05T14:20:49.945+0000] {processor.py:925} INFO - DAG(s) 'zillow_analytics' retrieved from /home/ubuntu/airflow/dags/zillowanalytics.py
[2025-04-05T14:20:50.041+0000] {logging_mixin.py:190} INFO - [2025-04-05T14:20:50.040+0000] {dag.py:3239} INFO - Sync 1 DAGs
[2025-04-05T14:20:50.054+0000] {logging_mixin.py:190} INFO - [2025-04-05T14:20:50.054+0000] {dag.py:4180} INFO - Setting next_dagrun for zillow_analytics to 2025-04-05 00:00:00+00:00, run_after=2025-04-06 00:00:00+00:00
[2025-04-05T14:20:50.075+0000] {processor.py:208} INFO - Processing /home/ubuntu/airflow/dags/zillowanalytics.py took 0.151 seconds
[2025-04-05T14:21:20.197+0000] {processor.py:186} INFO - Started process (PID=11943) to work on /home/ubuntu/airflow/dags/zillowanalytics.py
[2025-04-05T14:21:20.198+0000] {processor.py:914} INFO - Processing file /home/ubuntu/airflow/dags/zillowanalytics.py for tasks to queue
[2025-04-05T14:21:20.200+0000] {logging_mixin.py:190} INFO - [2025-04-05T14:21:20.200+0000] {dagbag.py:588} INFO - Filling up the DagBag from /home/ubuntu/airflow/dags/zillowanalytics.py
[2025-04-05T14:21:20.211+0000] {processor.py:925} INFO - DAG(s) 'zillow_analytics' retrieved from /home/ubuntu/airflow/dags/zillowanalytics.py
[2025-04-05T14:21:20.303+0000] {logging_mixin.py:190} INFO - [2025-04-05T14:21:20.303+0000] {dag.py:3239} INFO - Sync 1 DAGs
[2025-04-05T14:21:20.316+0000] {logging_mixin.py:190} INFO - [2025-04-05T14:21:20.316+0000] {dag.py:4180} INFO - Setting next_dagrun for zillow_analytics to 2025-04-05 00:00:00+00:00, run_after=2025-04-06 00:00:00+00:00
[2025-04-05T14:21:20.337+0000] {processor.py:208} INFO - Processing /home/ubuntu/airflow/dags/zillowanalytics.py took 0.147 seconds
[2025-04-05T14:21:50.467+0000] {processor.py:186} INFO - Started process (PID=12009) to work on /home/ubuntu/airflow/dags/zillowanalytics.py
[2025-04-05T14:21:50.469+0000] {processor.py:914} INFO - Processing file /home/ubuntu/airflow/dags/zillowanalytics.py for tasks to queue
[2025-04-05T14:21:50.470+0000] {logging_mixin.py:190} INFO - [2025-04-05T14:21:50.469+0000] {dagbag.py:588} INFO - Filling up the DagBag from /home/ubuntu/airflow/dags/zillowanalytics.py
[2025-04-05T14:21:50.485+0000] {processor.py:925} INFO - DAG(s) 'zillow_analytics' retrieved from /home/ubuntu/airflow/dags/zillowanalytics.py
[2025-04-05T14:21:50.580+0000] {logging_mixin.py:190} INFO - [2025-04-05T14:21:50.580+0000] {dag.py:3239} INFO - Sync 1 DAGs
[2025-04-05T14:21:50.599+0000] {logging_mixin.py:190} INFO - [2025-04-05T14:21:50.599+0000] {dag.py:4180} INFO - Setting next_dagrun for zillow_analytics to 2025-04-05 00:00:00+00:00, run_after=2025-04-06 00:00:00+00:00
[2025-04-05T14:21:50.621+0000] {processor.py:208} INFO - Processing /home/ubuntu/airflow/dags/zillowanalytics.py took 0.160 seconds
